run_file,tag,step,wall_time,value,type
events.out.tfevents.1776098432.e18ce739cf4e.13621.0,train/loss,5,1776098684.0504987,1.6406192779541016,scalar
events.out.tfevents.1776098432.e18ce739cf4e.13621.0,train/loss,10,1776098923.690003,1.6206985712051392,scalar
events.out.tfevents.1776098432.e18ce739cf4e.13621.0,train/loss,15,1776099184.9257777,1.4988855123519897,scalar
events.out.tfevents.1776098432.e18ce739cf4e.13621.0,train/loss,20,1776099414.756414,1.2539007663726807,scalar
events.out.tfevents.1776098432.e18ce739cf4e.13621.0,train/loss,25,1776099699.9859462,0.9375253915786743,scalar
events.out.tfevents.1776098432.e18ce739cf4e.13621.0,train/loss,30,1776099954.7651286,0.6729114055633545,scalar
events.out.tfevents.1776098432.e18ce739cf4e.13621.0,train/loss,35,1776100251.215209,0.4835592806339264,scalar
events.out.tfevents.1776098432.e18ce739cf4e.13621.0,train/loss,40,1776100493.0024402,0.4147025942802429,scalar
events.out.tfevents.1776098432.e18ce739cf4e.13621.0,train/loss,45,1776100775.8367655,0.38280725479125977,scalar
events.out.tfevents.1776098432.e18ce739cf4e.13621.0,train/loss,50,1776101006.9144711,0.3515433669090271,scalar
events.out.tfevents.1776098432.e18ce739cf4e.13621.0,train/loss,55,1776101286.0887191,0.32302528619766235,scalar
events.out.tfevents.1776098432.e18ce739cf4e.13621.0,train/loss,60,1776101527.6700401,0.3107858896255493,scalar
events.out.tfevents.1776098432.e18ce739cf4e.13621.0,train/loss,65,1776101785.5293028,0.30234044790267944,scalar
events.out.tfevents.1776098432.e18ce739cf4e.13621.0,train/loss,70,1776102024.0901747,0.2989158034324646,scalar
events.out.tfevents.1776098432.e18ce739cf4e.13621.0,train/loss,75,1776102311.5174577,0.2932172417640686,scalar
events.out.tfevents.1776098432.e18ce739cf4e.13621.0,train/loss,80,1776102562.6897583,0.2890586256980896,scalar
events.out.tfevents.1776098432.e18ce739cf4e.13621.0,train/loss,85,1776102827.107624,0.2757018506526947,scalar
events.out.tfevents.1776098432.e18ce739cf4e.13621.0,train/loss,90,1776103084.8204262,0.2814694941043854,scalar
events.out.tfevents.1776098432.e18ce739cf4e.13621.0,train/loss,95,1776103339.1536317,0.2761979401111603,scalar
events.out.tfevents.1776098432.e18ce739cf4e.13621.0,train/loss,100,1776103579.7435992,0.27257418632507324,scalar
events.out.tfevents.1776098432.e18ce739cf4e.13621.0,train/loss,105,1776103858.9680595,0.2635973393917084,scalar
events.out.tfevents.1776098432.e18ce739cf4e.13621.0,train/loss,110,1776104090.2692285,0.2686315178871155,scalar
events.out.tfevents.1776098432.e18ce739cf4e.13621.0,train/loss,115,1776104407.4864073,0.2659898102283478,scalar
events.out.tfevents.1776098432.e18ce739cf4e.13621.0,train/loss,120,1776104650.7269468,0.26395565271377563,scalar
events.out.tfevents.1776098432.e18ce739cf4e.13621.0,train/loss,125,1776104968.92442,0.25835150480270386,scalar
events.out.tfevents.1776098432.e18ce739cf4e.13621.0,train/loss,130,1776105207.1049817,0.26022401452064514,scalar
events.out.tfevents.1776098432.e18ce739cf4e.13621.0,train/loss,135,1776105478.2980664,0.25715577602386475,scalar
events.out.tfevents.1776098432.e18ce739cf4e.13621.0,train/loss,140,1776105700.7649727,0.26141834259033203,scalar
events.out.tfevents.1776098432.e18ce739cf4e.13621.0,train/loss,145,1776105997.0605223,0.24596619606018066,scalar
events.out.tfevents.1776098432.e18ce739cf4e.13621.0,train/loss,150,1776106239.4956996,0.2563636004924774,scalar
events.out.tfevents.1776098432.e18ce739cf4e.13621.0,train/loss,155,1776106496.8233025,0.2524147927761078,scalar
events.out.tfevents.1776098432.e18ce739cf4e.13621.0,train/loss,160,1776106736.497482,0.2497386932373047,scalar
events.out.tfevents.1776098432.e18ce739cf4e.13621.0,train/loss,165,1776106991.318399,0.25057917833328247,scalar
events.out.tfevents.1776098432.e18ce739cf4e.13621.0,train/loss,170,1776107222.5134547,0.2454223930835724,scalar
events.out.tfevents.1776098432.e18ce739cf4e.13621.0,train/loss,175,1776107481.0359747,0.24590294063091278,scalar
events.out.tfevents.1776098432.e18ce739cf4e.13621.0,train/loss,180,1776107725.284376,0.24958088994026184,scalar
events.out.tfevents.1776098432.e18ce739cf4e.13621.0,train/loss,185,1776107995.141243,0.24898651242256165,scalar
events.out.tfevents.1776098432.e18ce739cf4e.13621.0,train/loss,190,1776108219.6839035,0.2394120991230011,scalar
events.out.tfevents.1776098432.e18ce739cf4e.13621.0,train/loss,195,1776108479.6311452,0.23995228111743927,scalar
events.out.tfevents.1776098432.e18ce739cf4e.13621.0,train/loss,200,1776108713.404127,0.24671027064323425,scalar
events.out.tfevents.1776098432.e18ce739cf4e.13621.0,train/loss,205,1776109006.446551,0.25000661611557007,scalar
events.out.tfevents.1776098432.e18ce739cf4e.13621.0,train/loss,210,1776109244.3095694,0.2392359972000122,scalar
events.out.tfevents.1776098432.e18ce739cf4e.13621.0,train/loss,215,1776109509.854186,0.24462608993053436,scalar
events.out.tfevents.1776098432.e18ce739cf4e.13621.0,train/loss,220,1776109746.7019646,0.24007610976696014,scalar
events.out.tfevents.1776098432.e18ce739cf4e.13621.0,train/loss,225,1776110012.2331302,0.24209105968475342,scalar
events.out.tfevents.1776098432.e18ce739cf4e.13621.0,train/loss,230,1776110245.5425699,0.24576136469841003,scalar
events.out.tfevents.1776098432.e18ce739cf4e.13621.0,train/loss,235,1776110505.6805573,0.24434880912303925,scalar
events.out.tfevents.1776098432.e18ce739cf4e.13621.0,train/loss,240,1776110750.9554756,0.24727125465869904,scalar
events.out.tfevents.1776098432.e18ce739cf4e.13621.0,train/loss,245,1776111014.8874242,0.24551594257354736,scalar
events.out.tfevents.1776098432.e18ce739cf4e.13621.0,train/loss,250,1776111247.8318377,0.2430587112903595,scalar
events.out.tfevents.1776098432.e18ce739cf4e.13621.0,train/loss,255,1776111505.8083944,0.23975296318531036,scalar
events.out.tfevents.1776098432.e18ce739cf4e.13621.0,train/loss,260,1776111748.7424574,0.24081678688526154,scalar
events.out.tfevents.1776098432.e18ce739cf4e.13621.0,train/loss,265,1776112027.0638258,0.24142463505268097,scalar
events.out.tfevents.1776098432.e18ce739cf4e.13621.0,train/loss,270,1776112265.2239783,0.24187278747558594,scalar
events.out.tfevents.1776098432.e18ce739cf4e.13621.0,train/loss,275,1776112526.9699094,0.23872920870780945,scalar
events.out.tfevents.1776098432.e18ce739cf4e.13621.0,train/loss,280,1776112774.7302177,0.23232972621917725,scalar
events.out.tfevents.1776098432.e18ce739cf4e.13621.0,train/loss,285,1776113039.7424393,0.23633988201618195,scalar
events.out.tfevents.1776098432.e18ce739cf4e.13621.0,train/loss,290,1776113277.302272,0.2470627725124359,scalar
events.out.tfevents.1776098432.e18ce739cf4e.13621.0,train/loss,295,1776113549.5830123,0.23830878734588623,scalar
events.out.tfevents.1776098432.e18ce739cf4e.13621.0,train/loss,300,1776113789.9375892,0.23242464661598206,scalar
events.out.tfevents.1776098432.e18ce739cf4e.13621.0,train/loss,305,1776114074.4596689,0.23414242267608643,scalar
events.out.tfevents.1776098432.e18ce739cf4e.13621.0,train/loss,310,1776114314.2218683,0.2464217245578766,scalar
events.out.tfevents.1776098432.e18ce739cf4e.13621.0,train/loss,315,1776114570.745441,0.23938405513763428,scalar
events.out.tfevents.1776098432.e18ce739cf4e.13621.0,train/loss,320,1776114803.524066,0.23652024567127228,scalar
events.out.tfevents.1776098432.e18ce739cf4e.13621.0,train/loss,325,1776115058.3087823,0.23378732800483704,scalar
events.out.tfevents.1776098432.e18ce739cf4e.13621.0,train/loss,330,1776115287.8900428,0.23744463920593262,scalar
events.out.tfevents.1776098432.e18ce739cf4e.13621.0,train/loss,335,1776115550.1857584,0.23793351650238037,scalar
events.out.tfevents.1776098432.e18ce739cf4e.13621.0,train/loss,340,1776115810.0744758,0.23797735571861267,scalar
events.out.tfevents.1776098432.e18ce739cf4e.13621.0,train/loss,345,1776116069.7716193,0.23773261904716492,scalar
events.out.tfevents.1776098432.e18ce739cf4e.13621.0,train/loss,350,1776116304.8310459,0.2272077351808548,scalar
events.out.tfevents.1776098432.e18ce739cf4e.13621.0,train/loss,355,1776116601.7208045,0.23466937243938446,scalar
events.out.tfevents.1776098432.e18ce739cf4e.13621.0,train/loss,360,1776116839.7070138,0.23495498299598694,scalar
events.out.tfevents.1776098432.e18ce739cf4e.13621.0,train/loss,365,1776117098.2824507,0.23457494378089905,scalar
events.out.tfevents.1776098432.e18ce739cf4e.13621.0,train/loss,370,1776117342.4172835,0.23500652611255646,scalar
events.out.tfevents.1776098432.e18ce739cf4e.13621.0,train/loss,375,1776117607.0773475,0.22999396920204163,scalar
events.out.tfevents.1776098432.e18ce739cf4e.13621.0,train/loss,380,1776117838.6318045,0.23268385231494904,scalar
events.out.tfevents.1776098432.e18ce739cf4e.13621.0,train/loss,385,1776118098.003565,0.2345304936170578,scalar
events.out.tfevents.1776098432.e18ce739cf4e.13621.0,train/loss,390,1776118324.5019758,0.23224762082099915,scalar
events.out.tfevents.1776098432.e18ce739cf4e.13621.0,train/loss,395,1776118606.1825113,0.23043842613697052,scalar
events.out.tfevents.1776098432.e18ce739cf4e.13621.0,train/loss,400,1776118838.174381,0.2343977391719818,scalar
events.out.tfevents.1776098432.e18ce739cf4e.13621.0,train/loss,405,1776119121.4834125,0.23079617321491241,scalar
events.out.tfevents.1776098432.e18ce739cf4e.13621.0,train/loss,410,1776119354.938794,0.23412485420703888,scalar
events.out.tfevents.1776098432.e18ce739cf4e.13621.0,train/loss,415,1776119602.756595,0.22923310101032257,scalar
events.out.tfevents.1776098432.e18ce739cf4e.13621.0,train/loss,420,1776119836.6526816,0.23350122570991516,scalar
events.out.tfevents.1776098432.e18ce739cf4e.13621.0,train/loss,425,1776120091.1022143,0.22371701896190643,scalar
events.out.tfevents.1776098432.e18ce739cf4e.13621.0,train/loss,430,1776120321.0867481,0.23239652812480927,scalar
events.out.tfevents.1776098432.e18ce739cf4e.13621.0,train/loss,435,1776120585.1814377,0.23605084419250488,scalar
events.out.tfevents.1776098432.e18ce739cf4e.13621.0,train/loss,440,1776120813.4807918,0.23125827312469482,scalar
events.out.tfevents.1776098432.e18ce739cf4e.13621.0,train/loss,445,1776121079.8425598,0.2312207669019699,scalar
events.out.tfevents.1776098432.e18ce739cf4e.13621.0,train/loss,450,1776121326.689615,0.2360697239637375,scalar
events.out.tfevents.1776098432.e18ce739cf4e.13621.0,train/loss,455,1776121632.2417421,0.2344658076763153,scalar
events.out.tfevents.1776098432.e18ce739cf4e.13621.0,train/loss,460,1776121868.031742,0.2301095724105835,scalar
events.out.tfevents.1776098432.e18ce739cf4e.13621.0,train/loss,465,1776122156.6491184,0.2270824909210205,scalar
events.out.tfevents.1776098432.e18ce739cf4e.13621.0,train/loss,470,1776122397.5064564,0.22957353293895721,scalar
events.out.tfevents.1776098432.e18ce739cf4e.13621.0,train/loss,475,1776122674.3628657,0.23052899539470673,scalar
events.out.tfevents.1776098432.e18ce739cf4e.13621.0,train/loss,480,1776122907.6777935,0.22350814938545227,scalar
events.out.tfevents.1776098432.e18ce739cf4e.13621.0,train/loss,485,1776123164.1895833,0.22655844688415527,scalar
events.out.tfevents.1776098432.e18ce739cf4e.13621.0,train/loss,490,1776123404.4827006,0.2253912389278412,scalar
events.out.tfevents.1776098432.e18ce739cf4e.13621.0,train/loss,495,1776123661.7046695,0.22627811133861542,scalar
events.out.tfevents.1776098432.e18ce739cf4e.13621.0,train/loss,500,1776123916.9320314,0.22621361911296844,scalar
events.out.tfevents.1776098432.e18ce739cf4e.13621.0,train/loss,505,1776124167.4650147,0.22679626941680908,scalar
events.out.tfevents.1776098432.e18ce739cf4e.13621.0,train/loss,510,1776124412.7521677,0.22806505858898163,scalar
events.out.tfevents.1776098432.e18ce739cf4e.13621.0,train/loss,515,1776124683.3615165,0.23152749240398407,scalar
events.out.tfevents.1776098432.e18ce739cf4e.13621.0,train/loss,520,1776124924.5492802,0.23895061016082764,scalar
events.out.tfevents.1776098432.e18ce739cf4e.13621.0,train/loss,525,1776125191.8496351,0.23070570826530457,scalar
events.out.tfevents.1776098432.e18ce739cf4e.13621.0,train/loss,530,1776125433.560692,0.22543928027153015,scalar
events.out.tfevents.1776098432.e18ce739cf4e.13621.0,train/loss,535,1776125704.6265407,0.22228868305683136,scalar
events.out.tfevents.1776098432.e18ce739cf4e.13621.0,train/loss,540,1776125941.38282,0.23243169486522675,scalar
events.out.tfevents.1776098432.e18ce739cf4e.13621.0,train/loss,545,1776126219.68346,0.22656980156898499,scalar
events.out.tfevents.1776098432.e18ce739cf4e.13621.0,train/loss,550,1776126466.9732175,0.23408333957195282,scalar
events.out.tfevents.1776098432.e18ce739cf4e.13621.0,train/loss,555,1776126731.0250287,0.2208367884159088,scalar
events.out.tfevents.1776098432.e18ce739cf4e.13621.0,train/loss,560,1776126993.6405385,0.2241199016571045,scalar
events.out.tfevents.1776098432.e18ce739cf4e.13621.0,train/loss,565,1776127252.3977551,0.22103171050548553,scalar
events.out.tfevents.1776098432.e18ce739cf4e.13621.0,train/loss,570,1776127477.1598823,0.2261379212141037,scalar
events.out.tfevents.1776098432.e18ce739cf4e.13621.0,train/loss,575,1776127745.8512328,0.22039350867271423,scalar
events.out.tfevents.1776098432.e18ce739cf4e.13621.0,train/loss,580,1776127988.980152,0.22177746891975403,scalar
events.out.tfevents.1776098432.e18ce739cf4e.13621.0,train/loss,585,1776128245.1673121,0.22808167338371277,scalar
events.out.tfevents.1776098432.e18ce739cf4e.13621.0,train/loss,590,1776128481.8413732,0.2207624614238739,scalar
events.out.tfevents.1776098432.e18ce739cf4e.13621.0,train/loss,595,1776128746.9722319,0.21962478756904602,scalar
events.out.tfevents.1776098432.e18ce739cf4e.13621.0,train/loss,600,1776128987.6178539,0.21508565545082092,scalar
events.out.tfevents.1776098432.e18ce739cf4e.13621.0,train/loss,605,1776129264.330266,0.22967910766601562,scalar
events.out.tfevents.1776098432.e18ce739cf4e.13621.0,train/loss,610,1776129512.296883,0.22267386317253113,scalar
events.out.tfevents.1776098432.e18ce739cf4e.13621.0,train/loss,615,1776129795.6770089,0.21965403854846954,scalar
events.out.tfevents.1776098432.e18ce739cf4e.13621.0,train/loss,620,1776130044.299223,0.22370406985282898,scalar
events.out.tfevents.1776098432.e18ce739cf4e.13621.0,train/loss,625,1776130301.7017422,0.22550681233406067,scalar
events.out.tfevents.1776098432.e18ce739cf4e.13621.0,train/loss,630,1776130550.048571,0.219869464635849,scalar
events.out.tfevents.1776098432.e18ce739cf4e.13621.0,train/loss,635,1776130805.2277067,0.21726563572883606,scalar
events.out.tfevents.1776098432.e18ce739cf4e.13621.0,train/loss,640,1776131053.715586,0.22123034298419952,scalar
events.out.tfevents.1776098432.e18ce739cf4e.13621.0,train/loss,645,1776131311.0037277,0.21937713027000427,scalar
events.out.tfevents.1776098432.e18ce739cf4e.13621.0,train/loss,650,1776131554.3336842,0.22256167232990265,scalar
events.out.tfevents.1776098432.e18ce739cf4e.13621.0,train/loss,655,1776131816.285682,0.22392885386943817,scalar
events.out.tfevents.1776098432.e18ce739cf4e.13621.0,train/loss,660,1776132064.9200244,0.22721286118030548,scalar
events.out.tfevents.1776098432.e18ce739cf4e.13621.0,train/loss,665,1776132313.3746269,0.2222755402326584,scalar
events.out.tfevents.1776098432.e18ce739cf4e.13621.0,train/loss,670,1776132553.148702,0.21661129593849182,scalar
events.out.tfevents.1776098432.e18ce739cf4e.13621.0,train/loss,675,1776132802.64128,0.2185564488172531,scalar
events.out.tfevents.1776098432.e18ce739cf4e.13621.0,train/loss,680,1776133045.8844295,0.21688611805438995,scalar
events.out.tfevents.1776098432.e18ce739cf4e.13621.0,train/loss,685,1776133317.1080325,0.22559110820293427,scalar
events.out.tfevents.1776098432.e18ce739cf4e.13621.0,train/loss,690,1776133548.5069962,0.22437214851379395,scalar
events.out.tfevents.1776098432.e18ce739cf4e.13621.0,train/loss,695,1776133821.2742379,0.22013382613658905,scalar
events.out.tfevents.1776098432.e18ce739cf4e.13621.0,train/loss,700,1776134066.191864,0.22188730537891388,scalar
events.out.tfevents.1776098432.e18ce739cf4e.13621.0,train/loss,705,1776134363.8375046,0.22617647051811218,scalar
events.out.tfevents.1776098432.e18ce739cf4e.13621.0,train/loss,710,1776134608.8139122,0.22105319797992706,scalar
events.out.tfevents.1776098432.e18ce739cf4e.13621.0,train/loss,715,1776134866.8529468,0.2203882485628128,scalar
events.out.tfevents.1776098432.e18ce739cf4e.13621.0,train/loss,720,1776135106.814341,0.22651664912700653,scalar
events.out.tfevents.1776098432.e18ce739cf4e.13621.0,train/loss,725,1776135363.0062704,0.2135007679462433,scalar
events.out.tfevents.1776098432.e18ce739cf4e.13621.0,train/loss,730,1776135589.2800999,0.21313521265983582,scalar
events.out.tfevents.1776098432.e18ce739cf4e.13621.0,train/loss,735,1776135862.8363953,0.2167169600725174,scalar
events.out.tfevents.1776098432.e18ce739cf4e.13621.0,train/loss,740,1776136101.161417,0.21892330050468445,scalar
events.out.tfevents.1776098432.e18ce739cf4e.13621.0,train/loss,745,1776136363.370315,0.22206147015094757,scalar
events.out.tfevents.1776098432.e18ce739cf4e.13621.0,train/loss,750,1776136602.288377,0.21292328834533691,scalar
events.out.tfevents.1776098432.e18ce739cf4e.13621.0,train/loss,755,1776136866.771348,0.22270861268043518,scalar
events.out.tfevents.1776098432.e18ce739cf4e.13621.0,train/loss,760,1776137110.4146655,0.2183929681777954,scalar
events.out.tfevents.1776098432.e18ce739cf4e.13621.0,train/loss,765,1776137378.4380426,0.2133830040693283,scalar
events.out.tfevents.1776098432.e18ce739cf4e.13621.0,train/loss,770,1776137609.8665688,0.2202785313129425,scalar
events.out.tfevents.1776098432.e18ce739cf4e.13621.0,train/loss,775,1776137866.091689,0.21814973652362823,scalar
events.out.tfevents.1776098432.e18ce739cf4e.13621.0,train/loss,780,1776138144.5912733,0.21280892193317413,scalar
events.out.tfevents.1776098432.e18ce739cf4e.13621.0,train/loss,785,1776138415.4374259,0.21942193806171417,scalar
events.out.tfevents.1776098432.e18ce739cf4e.13621.0,train/loss,790,1776138646.6393626,0.2241925448179245,scalar
events.out.tfevents.1776098432.e18ce739cf4e.13621.0,train/loss,795,1776138906.881389,0.22359606623649597,scalar
events.out.tfevents.1776098432.e18ce739cf4e.13621.0,train/loss,800,1776139137.1348147,0.2192869484424591,scalar
events.out.tfevents.1776098432.e18ce739cf4e.13621.0,train/loss,805,1776139423.3894415,0.21974769234657288,scalar
events.out.tfevents.1776098432.e18ce739cf4e.13621.0,train/loss,810,1776139661.6680489,0.22076907753944397,scalar
events.out.tfevents.1776098432.e18ce739cf4e.13621.0,train/loss,815,1776139909.5321324,0.2178625762462616,scalar
events.out.tfevents.1776098432.e18ce739cf4e.13621.0,train/loss,820,1776140170.2860665,0.21817167103290558,scalar
events.out.tfevents.1776098432.e18ce739cf4e.13621.0,train/loss,825,1776140432.6946065,0.2168075293302536,scalar
events.out.tfevents.1776098432.e18ce739cf4e.13621.0,train/loss,830,1776140683.8492806,0.21196958422660828,scalar
events.out.tfevents.1776098432.e18ce739cf4e.13621.0,train/loss,835,1776140981.3866575,0.21949951350688934,scalar
events.out.tfevents.1776098432.e18ce739cf4e.13621.0,train/loss,840,1776141228.3916616,0.22616712749004364,scalar
events.out.tfevents.1776098432.e18ce739cf4e.13621.0,train/loss,845,1776141497.9587736,0.2175520956516266,scalar
events.out.tfevents.1776098432.e18ce739cf4e.13621.0,train/loss,850,1776141726.240256,0.21703843772411346,scalar
events.out.tfevents.1776098432.e18ce739cf4e.13621.0,train/loss,855,1776142047.5383968,0.21571287512779236,scalar
events.out.tfevents.1776098432.e18ce739cf4e.13621.0,train/loss,860,1776142277.7186399,0.21690645813941956,scalar
events.out.tfevents.1776098432.e18ce739cf4e.13621.0,train/loss,865,1776142534.0721035,0.21764197945594788,scalar
events.out.tfevents.1776098432.e18ce739cf4e.13621.0,train/loss,870,1776142757.864904,0.21872445940971375,scalar
events.out.tfevents.1776098432.e18ce739cf4e.13621.0,train/loss,875,1776143009.5389378,0.21489615738391876,scalar
events.out.tfevents.1776098432.e18ce739cf4e.13621.0,train/loss,880,1776143250.912447,0.2179221361875534,scalar
events.out.tfevents.1776098432.e18ce739cf4e.13621.0,train/loss,885,1776143534.616761,0.218502476811409,scalar
events.out.tfevents.1776098432.e18ce739cf4e.13621.0,train/loss,890,1776143786.2936404,0.21557164192199707,scalar
events.out.tfevents.1776098432.e18ce739cf4e.13621.0,train/loss,895,1776144055.0222907,0.21382060647010803,scalar
events.out.tfevents.1776098432.e18ce739cf4e.13621.0,train/loss,900,1776144296.2500496,0.21473491191864014,scalar
events.out.tfevents.1776098432.e18ce739cf4e.13621.0,train/loss,905,1776144567.8132052,0.21664531528949738,scalar
events.out.tfevents.1776098432.e18ce739cf4e.13621.0,train/loss,910,1776144810.2346177,0.21828126907348633,scalar
events.out.tfevents.1776098432.e18ce739cf4e.13621.0,train/loss,915,1776145078.9344482,0.21375253796577454,scalar
events.out.tfevents.1776098432.e18ce739cf4e.13621.0,train/loss,920,1776145330.6674392,0.2198096513748169,scalar
events.out.tfevents.1776098432.e18ce739cf4e.13621.0,train/loss,925,1776145591.8577778,0.22003710269927979,scalar
events.out.tfevents.1776098432.e18ce739cf4e.13621.0,train/loss,930,1776145834.4793108,0.2135942429304123,scalar
events.out.tfevents.1776098432.e18ce739cf4e.13621.0,train/loss,935,1776146105.1101713,0.21671125292778015,scalar
events.out.tfevents.1776098432.e18ce739cf4e.13621.0,train/loss,940,1776146351.5741053,0.21622535586357117,scalar
events.out.tfevents.1776098432.e18ce739cf4e.13621.0,train/loss,945,1776146630.1905012,0.217708557844162,scalar
events.out.tfevents.1776098432.e18ce739cf4e.13621.0,train/loss,950,1776146885.1189313,0.22024953365325928,scalar
events.out.tfevents.1776098432.e18ce739cf4e.13621.0,train/loss,955,1776147148.4880586,0.2134665995836258,scalar
events.out.tfevents.1776098432.e18ce739cf4e.13621.0,train/loss,960,1776147370.862521,0.2142053097486496,scalar
events.out.tfevents.1776098432.e18ce739cf4e.13621.0,train/loss,965,1776147632.7343335,0.21326705813407898,scalar
events.out.tfevents.1776098432.e18ce739cf4e.13621.0,train/loss,970,1776147891.221448,0.21534354984760284,scalar
events.out.tfevents.1776098432.e18ce739cf4e.13621.0,train/loss,975,1776148156.2639372,0.2154230773448944,scalar
events.out.tfevents.1776098432.e18ce739cf4e.13621.0,train/loss,980,1776148387.0091195,0.2188781201839447,scalar
events.out.tfevents.1776098432.e18ce739cf4e.13621.0,train/loss,985,1776148660.2821264,0.21280555427074432,scalar
events.out.tfevents.1776098432.e18ce739cf4e.13621.0,train/loss,990,1776148893.7311296,0.2138182669878006,scalar
events.out.tfevents.1776098432.e18ce739cf4e.13621.0,train/loss,995,1776149142.9775724,0.21656100451946259,scalar
events.out.tfevents.1776098432.e18ce739cf4e.13621.0,train/loss,1000,1776149384.5079281,0.2139551192522049,scalar
events.out.tfevents.1776098432.e18ce739cf4e.13621.0,train/loss,1005,1776149649.4326184,0.21866603195667267,scalar
events.out.tfevents.1776098432.e18ce739cf4e.13621.0,train/loss,1010,1776149887.8394592,0.21252676844596863,scalar
events.out.tfevents.1776098432.e18ce739cf4e.13621.0,train/loss,1015,1776150155.7891665,0.21482586860656738,scalar
events.out.tfevents.1776098432.e18ce739cf4e.13621.0,train/loss,1020,1776150412.5558174,0.2136133909225464,scalar
events.out.tfevents.1776098432.e18ce739cf4e.13621.0,train/loss,1025,1776150676.4254942,0.2154707908630371,scalar
events.out.tfevents.1776098432.e18ce739cf4e.13621.0,train/loss,1030,1776150928.7013462,0.21774418652057648,scalar
events.out.tfevents.1776098432.e18ce739cf4e.13621.0,train/loss,1035,1776151202.2463915,0.2170337438583374,scalar
events.out.tfevents.1776098432.e18ce739cf4e.13621.0,train/loss,1040,1776151455.6171834,0.2165190875530243,scalar
events.out.tfevents.1776098432.e18ce739cf4e.13621.0,train/loss,1045,1776151716.5728097,0.21405863761901855,scalar
events.out.tfevents.1776098432.e18ce739cf4e.13621.0,train/loss,1050,1776151964.663257,0.21085326373577118,scalar
events.out.tfevents.1776098432.e18ce739cf4e.13621.0,train/loss,1055,1776152233.059075,0.2148619145154953,scalar
events.out.tfevents.1776098432.e18ce739cf4e.13621.0,train/loss,1060,1776152458.363427,0.21218907833099365,scalar
events.out.tfevents.1776098432.e18ce739cf4e.13621.0,train/loss,1065,1776152757.526384,0.2158157080411911,scalar
events.out.tfevents.1776098432.e18ce739cf4e.13621.0,train/loss,1070,1776152994.0768025,0.22246940433979034,scalar
events.out.tfevents.1776098432.e18ce739cf4e.13621.0,train/loss,1075,1776153248.2335684,0.2159641534090042,scalar
events.out.tfevents.1776098432.e18ce739cf4e.13621.0,train/loss,1080,1776153488.2798648,0.21253332495689392,scalar
events.out.tfevents.1776098432.e18ce739cf4e.13621.0,train/loss,1085,1776153749.2182033,0.20939850807189941,scalar
events.out.tfevents.1776098432.e18ce739cf4e.13621.0,train/loss,1090,1776154001.8400142,0.2134164273738861,scalar
events.out.tfevents.1776098432.e18ce739cf4e.13621.0,train/loss,1095,1776154274.3238156,0.21572978794574738,scalar
events.out.tfevents.1776098432.e18ce739cf4e.13621.0,train/loss,1100,1776154519.1075277,0.21207471191883087,scalar
events.out.tfevents.1776098432.e18ce739cf4e.13621.0,train/loss,1105,1776154782.4194872,0.2120244801044464,scalar
events.out.tfevents.1776098432.e18ce739cf4e.13621.0,train/loss,1110,1776155020.7341032,0.2140209972858429,scalar
events.out.tfevents.1776098432.e18ce739cf4e.13621.0,train/loss,1115,1776155308.2399979,0.2087622880935669,scalar
events.out.tfevents.1776098432.e18ce739cf4e.13621.0,train/loss,1120,1776155572.7081313,0.2085648775100708,scalar
events.out.tfevents.1776098432.e18ce739cf4e.13621.0,train/loss,1125,1776155837.3527737,0.21035149693489075,scalar
events.out.tfevents.1776098432.e18ce739cf4e.13621.0,train/loss,1130,1776156080.4764738,0.21100115776062012,scalar
events.out.tfevents.1776098432.e18ce739cf4e.13621.0,train/loss,1135,1776156355.6550765,0.21611638367176056,scalar
events.out.tfevents.1776098432.e18ce739cf4e.13621.0,train/loss,1140,1776156598.3886745,0.20827949047088623,scalar
events.out.tfevents.1776098432.e18ce739cf4e.13621.0,train/loss,1145,1776156861.667272,0.2118747979402542,scalar
events.out.tfevents.1776098432.e18ce739cf4e.13621.0,train/loss,1150,1776157103.2935376,0.21589362621307373,scalar
events.out.tfevents.1776098432.e18ce739cf4e.13621.0,train/loss,1155,1776157365.2143826,0.20770633220672607,scalar
events.out.tfevents.1776098432.e18ce739cf4e.13621.0,train/loss,1160,1776157621.1113029,0.210991770029068,scalar
events.out.tfevents.1776098432.e18ce739cf4e.13621.0,train/loss,1165,1776157876.2591357,0.2120210826396942,scalar
events.out.tfevents.1776098432.e18ce739cf4e.13621.0,train/loss,1170,1776158111.31575,0.20503506064414978,scalar
events.out.tfevents.1776098432.e18ce739cf4e.13621.0,train/grad_norm,5,1776098684.050548,0.232421875,scalar
events.out.tfevents.1776098432.e18ce739cf4e.13621.0,train/grad_norm,10,1776098923.6900487,0.224609375,scalar
events.out.tfevents.1776098432.e18ce739cf4e.13621.0,train/grad_norm,15,1776099184.9258306,0.2041015625,scalar
events.out.tfevents.1776098432.e18ce739cf4e.13621.0,train/grad_norm,20,1776099414.7564573,0.166015625,scalar
events.out.tfevents.1776098432.e18ce739cf4e.13621.0,train/grad_norm,25,1776099699.985992,0.6015625,scalar
events.out.tfevents.1776098432.e18ce739cf4e.13621.0,train/grad_norm,30,1776099954.7651732,0.10546875,scalar
events.out.tfevents.1776098432.e18ce739cf4e.13621.0,train/grad_norm,35,1776100251.2152522,0.04833984375,scalar
events.out.tfevents.1776098432.e18ce739cf4e.13621.0,train/grad_norm,40,1776100493.002485,0.034912109375,scalar
events.out.tfevents.1776098432.e18ce739cf4e.13621.0,train/grad_norm,45,1776100775.8368084,0.04931640625,scalar
events.out.tfevents.1776098432.e18ce739cf4e.13621.0,train/grad_norm,50,1776101006.9145293,0.0380859375,scalar
events.out.tfevents.1776098432.e18ce739cf4e.13621.0,train/grad_norm,55,1776101286.0887635,0.0264892578125,scalar
events.out.tfevents.1776098432.e18ce739cf4e.13621.0,train/grad_norm,60,1776101527.6700976,0.023681640625,scalar
events.out.tfevents.1776098432.e18ce739cf4e.13621.0,train/grad_norm,65,1776101785.5293458,0.0260009765625,scalar
events.out.tfevents.1776098432.e18ce739cf4e.13621.0,train/grad_norm,70,1776102024.0902178,0.0286865234375,scalar
events.out.tfevents.1776098432.e18ce739cf4e.13621.0,train/grad_norm,75,1776102311.5175002,0.0286865234375,scalar
events.out.tfevents.1776098432.e18ce739cf4e.13621.0,train/grad_norm,80,1776102562.6898096,0.039794921875,scalar
events.out.tfevents.1776098432.e18ce739cf4e.13621.0,train/grad_norm,85,1776102827.1076736,0.025146484375,scalar
events.out.tfevents.1776098432.e18ce739cf4e.13621.0,train/grad_norm,90,1776103084.8204691,0.0213623046875,scalar
events.out.tfevents.1776098432.e18ce739cf4e.13621.0,train/grad_norm,95,1776103339.1536834,0.031982421875,scalar
events.out.tfevents.1776098432.e18ce739cf4e.13621.0,train/grad_norm,100,1776103579.7436447,0.028076171875,scalar
events.out.tfevents.1776098432.e18ce739cf4e.13621.0,train/grad_norm,105,1776103858.968118,0.0311279296875,scalar
events.out.tfevents.1776098432.e18ce739cf4e.13621.0,train/grad_norm,110,1776104090.269272,0.02734375,scalar
events.out.tfevents.1776098432.e18ce739cf4e.13621.0,train/grad_norm,115,1776104407.4864583,0.0224609375,scalar
events.out.tfevents.1776098432.e18ce739cf4e.13621.0,train/grad_norm,120,1776104650.7269928,0.0220947265625,scalar
events.out.tfevents.1776098432.e18ce739cf4e.13621.0,train/grad_norm,125,1776104968.9244633,0.024169921875,scalar
events.out.tfevents.1776098432.e18ce739cf4e.13621.0,train/grad_norm,130,1776105207.1050274,0.0220947265625,scalar
events.out.tfevents.1776098432.e18ce739cf4e.13621.0,train/grad_norm,135,1776105478.2981324,0.02734375,scalar
events.out.tfevents.1776098432.e18ce739cf4e.13621.0,train/grad_norm,140,1776105700.7650235,0.01953125,scalar
events.out.tfevents.1776098432.e18ce739cf4e.13621.0,train/grad_norm,145,1776105997.060567,0.0225830078125,scalar
events.out.tfevents.1776098432.e18ce739cf4e.13621.0,train/grad_norm,150,1776106239.495743,0.024658203125,scalar
events.out.tfevents.1776098432.e18ce739cf4e.13621.0,train/grad_norm,155,1776106496.8233447,0.0213623046875,scalar
events.out.tfevents.1776098432.e18ce739cf4e.13621.0,train/grad_norm,160,1776106736.4975293,0.024169921875,scalar
events.out.tfevents.1776098432.e18ce739cf4e.13621.0,train/grad_norm,165,1776106991.3184402,0.0238037109375,scalar
events.out.tfevents.1776098432.e18ce739cf4e.13621.0,train/grad_norm,170,1776107222.513499,0.0264892578125,scalar
events.out.tfevents.1776098432.e18ce739cf4e.13621.0,train/grad_norm,175,1776107481.0360222,0.021484375,scalar
events.out.tfevents.1776098432.e18ce739cf4e.13621.0,train/grad_norm,180,1776107725.2844222,0.023193359375,scalar
events.out.tfevents.1776098432.e18ce739cf4e.13621.0,train/grad_norm,185,1776107995.1412876,0.03076171875,scalar
events.out.tfevents.1776098432.e18ce739cf4e.13621.0,train/grad_norm,190,1776108219.6839497,0.0296630859375,scalar
events.out.tfevents.1776098432.e18ce739cf4e.13621.0,train/grad_norm,195,1776108479.6311886,0.027587890625,scalar
events.out.tfevents.1776098432.e18ce739cf4e.13621.0,train/grad_norm,200,1776108713.4041722,0.0302734375,scalar
events.out.tfevents.1776098432.e18ce739cf4e.13621.0,train/grad_norm,205,1776109006.4466102,0.0242919921875,scalar
events.out.tfevents.1776098432.e18ce739cf4e.13621.0,train/grad_norm,210,1776109244.3096125,0.0294189453125,scalar
events.out.tfevents.1776098432.e18ce739cf4e.13621.0,train/grad_norm,215,1776109509.854229,0.0242919921875,scalar
events.out.tfevents.1776098432.e18ce739cf4e.13621.0,train/grad_norm,220,1776109746.7020092,0.024169921875,scalar
events.out.tfevents.1776098432.e18ce739cf4e.13621.0,train/grad_norm,225,1776110012.2331727,0.027099609375,scalar
events.out.tfevents.1776098432.e18ce739cf4e.13621.0,train/grad_norm,230,1776110245.5426145,0.03759765625,scalar
events.out.tfevents.1776098432.e18ce739cf4e.13621.0,train/grad_norm,235,1776110505.6806002,0.0264892578125,scalar
events.out.tfevents.1776098432.e18ce739cf4e.13621.0,train/grad_norm,240,1776110750.9555187,0.033935546875,scalar
events.out.tfevents.1776098432.e18ce739cf4e.13621.0,train/grad_norm,245,1776111014.8874688,0.0242919921875,scalar
events.out.tfevents.1776098432.e18ce739cf4e.13621.0,train/grad_norm,250,1776111247.8318818,0.035888671875,scalar
events.out.tfevents.1776098432.e18ce739cf4e.13621.0,train/grad_norm,255,1776111505.8084393,0.02294921875,scalar
events.out.tfevents.1776098432.e18ce739cf4e.13621.0,train/grad_norm,260,1776111748.742501,0.036376953125,scalar
events.out.tfevents.1776098432.e18ce739cf4e.13621.0,train/grad_norm,265,1776112027.0638812,0.032958984375,scalar
events.out.tfevents.1776098432.e18ce739cf4e.13621.0,train/grad_norm,270,1776112265.224023,0.028076171875,scalar
events.out.tfevents.1776098432.e18ce739cf4e.13621.0,train/grad_norm,275,1776112526.9699535,0.034423828125,scalar
events.out.tfevents.1776098432.e18ce739cf4e.13621.0,train/grad_norm,280,1776112774.7302608,0.029052734375,scalar
events.out.tfevents.1776098432.e18ce739cf4e.13621.0,train/grad_norm,285,1776113039.742483,0.033447265625,scalar
events.out.tfevents.1776098432.e18ce739cf4e.13621.0,train/grad_norm,290,1776113277.302319,0.033935546875,scalar
events.out.tfevents.1776098432.e18ce739cf4e.13621.0,train/grad_norm,295,1776113549.5830548,0.022216796875,scalar
events.out.tfevents.1776098432.e18ce739cf4e.13621.0,train/grad_norm,300,1776113789.9376328,0.02685546875,scalar
events.out.tfevents.1776098432.e18ce739cf4e.13621.0,train/grad_norm,305,1776114074.459713,0.033447265625,scalar
events.out.tfevents.1776098432.e18ce739cf4e.13621.0,train/grad_norm,310,1776114314.2219148,0.0223388671875,scalar
events.out.tfevents.1776098432.e18ce739cf4e.13621.0,train/grad_norm,315,1776114570.7454844,0.02978515625,scalar
events.out.tfevents.1776098432.e18ce739cf4e.13621.0,train/grad_norm,320,1776114803.524122,0.02880859375,scalar
events.out.tfevents.1776098432.e18ce739cf4e.13621.0,train/grad_norm,325,1776115058.3088245,0.02490234375,scalar
events.out.tfevents.1776098432.e18ce739cf4e.13621.0,train/grad_norm,330,1776115287.8901,0.031494140625,scalar
events.out.tfevents.1776098432.e18ce739cf4e.13621.0,train/grad_norm,335,1776115550.1857998,0.0291748046875,scalar
events.out.tfevents.1776098432.e18ce739cf4e.13621.0,train/grad_norm,340,1776115810.0745215,0.0322265625,scalar
events.out.tfevents.1776098432.e18ce739cf4e.13621.0,train/grad_norm,345,1776116069.7716665,0.0308837890625,scalar
events.out.tfevents.1776098432.e18ce739cf4e.13621.0,train/grad_norm,350,1776116304.8311143,0.033203125,scalar
events.out.tfevents.1776098432.e18ce739cf4e.13621.0,train/grad_norm,355,1776116601.720851,0.029541015625,scalar
events.out.tfevents.1776098432.e18ce739cf4e.13621.0,train/grad_norm,360,1776116839.7070606,0.031982421875,scalar
events.out.tfevents.1776098432.e18ce739cf4e.13621.0,train/grad_norm,365,1776117098.2824926,0.03955078125,scalar
events.out.tfevents.1776098432.e18ce739cf4e.13621.0,train/grad_norm,370,1776117342.4173281,0.03369140625,scalar
events.out.tfevents.1776098432.e18ce739cf4e.13621.0,train/grad_norm,375,1776117607.0773904,0.03076171875,scalar
events.out.tfevents.1776098432.e18ce739cf4e.13621.0,train/grad_norm,380,1776117838.6318512,0.037109375,scalar
events.out.tfevents.1776098432.e18ce739cf4e.13621.0,train/grad_norm,385,1776118098.0036116,0.036376953125,scalar
events.out.tfevents.1776098432.e18ce739cf4e.13621.0,train/grad_norm,390,1776118324.5020208,0.0308837890625,scalar
events.out.tfevents.1776098432.e18ce739cf4e.13621.0,train/grad_norm,395,1776118606.1825569,0.0213623046875,scalar
events.out.tfevents.1776098432.e18ce739cf4e.13621.0,train/grad_norm,400,1776118838.1744256,0.0322265625,scalar
events.out.tfevents.1776098432.e18ce739cf4e.13621.0,train/grad_norm,405,1776119121.4834557,0.026123046875,scalar
events.out.tfevents.1776098432.e18ce739cf4e.13621.0,train/grad_norm,410,1776119354.9388418,0.023193359375,scalar
events.out.tfevents.1776098432.e18ce739cf4e.13621.0,train/grad_norm,415,1776119602.7566576,0.02490234375,scalar
events.out.tfevents.1776098432.e18ce739cf4e.13621.0,train/grad_norm,420,1776119836.6527283,0.0255126953125,scalar
events.out.tfevents.1776098432.e18ce739cf4e.13621.0,train/grad_norm,425,1776120091.102258,0.030029296875,scalar
events.out.tfevents.1776098432.e18ce739cf4e.13621.0,train/grad_norm,430,1776120321.0867963,0.037353515625,scalar
events.out.tfevents.1776098432.e18ce739cf4e.13621.0,train/grad_norm,435,1776120585.1814976,0.040283203125,scalar
events.out.tfevents.1776098432.e18ce739cf4e.13621.0,train/grad_norm,440,1776120813.480835,0.037841796875,scalar
events.out.tfevents.1776098432.e18ce739cf4e.13621.0,train/grad_norm,445,1776121079.8426032,0.0223388671875,scalar
events.out.tfevents.1776098432.e18ce739cf4e.13621.0,train/grad_norm,450,1776121326.6896672,0.0255126953125,scalar
events.out.tfevents.1776098432.e18ce739cf4e.13621.0,train/grad_norm,455,1776121632.2417963,0.024169921875,scalar
events.out.tfevents.1776098432.e18ce739cf4e.13621.0,train/grad_norm,460,1776121868.0317857,0.038818359375,scalar
events.out.tfevents.1776098432.e18ce739cf4e.13621.0,train/grad_norm,465,1776122156.649169,0.031982421875,scalar
events.out.tfevents.1776098432.e18ce739cf4e.13621.0,train/grad_norm,470,1776122397.506502,0.0322265625,scalar
events.out.tfevents.1776098432.e18ce739cf4e.13621.0,train/grad_norm,475,1776122674.3629117,0.026123046875,scalar
events.out.tfevents.1776098432.e18ce739cf4e.13621.0,train/grad_norm,480,1776122907.6778421,0.038818359375,scalar
events.out.tfevents.1776098432.e18ce739cf4e.13621.0,train/grad_norm,485,1776123164.18963,0.027587890625,scalar
events.out.tfevents.1776098432.e18ce739cf4e.13621.0,train/grad_norm,490,1776123404.4827492,0.0306396484375,scalar
events.out.tfevents.1776098432.e18ce739cf4e.13621.0,train/grad_norm,495,1776123661.7047155,0.036376953125,scalar
events.out.tfevents.1776098432.e18ce739cf4e.13621.0,train/grad_norm,500,1776123916.9320986,0.031494140625,scalar
events.out.tfevents.1776098432.e18ce739cf4e.13621.0,train/grad_norm,505,1776124167.4650607,0.029541015625,scalar
events.out.tfevents.1776098432.e18ce739cf4e.13621.0,train/grad_norm,510,1776124412.75221,0.035400390625,scalar
events.out.tfevents.1776098432.e18ce739cf4e.13621.0,train/grad_norm,515,1776124683.3615642,0.031982421875,scalar
events.out.tfevents.1776098432.e18ce739cf4e.13621.0,train/grad_norm,520,1776124924.549329,0.0244140625,scalar
events.out.tfevents.1776098432.e18ce739cf4e.13621.0,train/grad_norm,525,1776125191.8496807,0.028076171875,scalar
events.out.tfevents.1776098432.e18ce739cf4e.13621.0,train/grad_norm,530,1776125433.560739,0.0291748046875,scalar
events.out.tfevents.1776098432.e18ce739cf4e.13621.0,train/grad_norm,535,1776125704.6265836,0.029052734375,scalar
events.out.tfevents.1776098432.e18ce739cf4e.13621.0,train/grad_norm,540,1776125941.3828647,0.0303955078125,scalar
events.out.tfevents.1776098432.e18ce739cf4e.13621.0,train/grad_norm,545,1776126219.6835046,0.0255126953125,scalar
events.out.tfevents.1776098432.e18ce739cf4e.13621.0,train/grad_norm,550,1776126466.9732628,0.031982421875,scalar
events.out.tfevents.1776098432.e18ce739cf4e.13621.0,train/grad_norm,555,1776126731.025073,0.0262451171875,scalar
events.out.tfevents.1776098432.e18ce739cf4e.13621.0,train/grad_norm,560,1776126993.6405814,0.03125,scalar
events.out.tfevents.1776098432.e18ce739cf4e.13621.0,train/grad_norm,565,1776127252.3977966,0.029541015625,scalar
events.out.tfevents.1776098432.e18ce739cf4e.13621.0,train/grad_norm,570,1776127477.1599274,0.02978515625,scalar
events.out.tfevents.1776098432.e18ce739cf4e.13621.0,train/grad_norm,575,1776127745.8512747,0.031005859375,scalar
events.out.tfevents.1776098432.e18ce739cf4e.13621.0,train/grad_norm,580,1776127988.980194,0.036865234375,scalar
events.out.tfevents.1776098432.e18ce739cf4e.13621.0,train/grad_norm,585,1776128245.1673589,0.02587890625,scalar
events.out.tfevents.1776098432.e18ce739cf4e.13621.0,train/grad_norm,590,1776128481.8414173,0.0301513671875,scalar
events.out.tfevents.1776098432.e18ce739cf4e.13621.0,train/grad_norm,595,1776128746.9722762,0.02587890625,scalar
events.out.tfevents.1776098432.e18ce739cf4e.13621.0,train/grad_norm,600,1776128987.6179051,0.024658203125,scalar
events.out.tfevents.1776098432.e18ce739cf4e.13621.0,train/grad_norm,605,1776129264.3303068,0.026123046875,scalar
events.out.tfevents.1776098432.e18ce739cf4e.13621.0,train/grad_norm,610,1776129512.296928,0.0289306640625,scalar
events.out.tfevents.1776098432.e18ce739cf4e.13621.0,train/grad_norm,615,1776129795.677058,0.03173828125,scalar
events.out.tfevents.1776098432.e18ce739cf4e.13621.0,train/grad_norm,620,1776130044.2992666,0.038330078125,scalar
events.out.tfevents.1776098432.e18ce739cf4e.13621.0,train/grad_norm,625,1776130301.7017875,0.02783203125,scalar
events.out.tfevents.1776098432.e18ce739cf4e.13621.0,train/grad_norm,630,1776130550.048615,0.031494140625,scalar
events.out.tfevents.1776098432.e18ce739cf4e.13621.0,train/grad_norm,635,1776130805.22775,0.02294921875,scalar
events.out.tfevents.1776098432.e18ce739cf4e.13621.0,train/grad_norm,640,1776131053.7156303,0.025634765625,scalar
events.out.tfevents.1776098432.e18ce739cf4e.13621.0,train/grad_norm,645,1776131311.0037796,0.0262451171875,scalar
events.out.tfevents.1776098432.e18ce739cf4e.13621.0,train/grad_norm,650,1776131554.3337276,0.0283203125,scalar
events.out.tfevents.1776098432.e18ce739cf4e.13621.0,train/grad_norm,655,1776131816.2857296,0.03076171875,scalar
events.out.tfevents.1776098432.e18ce739cf4e.13621.0,train/grad_norm,660,1776132064.920067,0.0279541015625,scalar
events.out.tfevents.1776098432.e18ce739cf4e.13621.0,train/grad_norm,665,1776132313.3746803,0.0341796875,scalar
events.out.tfevents.1776098432.e18ce739cf4e.13621.0,train/grad_norm,670,1776132553.1487525,0.024658203125,scalar
events.out.tfevents.1776098432.e18ce739cf4e.13621.0,train/grad_norm,675,1776132802.6413221,0.02783203125,scalar
events.out.tfevents.1776098432.e18ce739cf4e.13621.0,train/grad_norm,680,1776133045.8844812,0.031982421875,scalar
events.out.tfevents.1776098432.e18ce739cf4e.13621.0,train/grad_norm,685,1776133317.1080773,0.05908203125,scalar
events.out.tfevents.1776098432.e18ce739cf4e.13621.0,train/grad_norm,690,1776133548.5070424,0.033935546875,scalar
events.out.tfevents.1776098432.e18ce739cf4e.13621.0,train/grad_norm,695,1776133821.2742827,0.04736328125,scalar
events.out.tfevents.1776098432.e18ce739cf4e.13621.0,train/grad_norm,700,1776134066.1919115,0.045654296875,scalar
events.out.tfevents.1776098432.e18ce739cf4e.13621.0,train/grad_norm,705,1776134363.8375487,0.0341796875,scalar
events.out.tfevents.1776098432.e18ce739cf4e.13621.0,train/grad_norm,710,1776134608.8139565,0.0274658203125,scalar
events.out.tfevents.1776098432.e18ce739cf4e.13621.0,train/grad_norm,715,1776134866.8529935,0.02880859375,scalar
events.out.tfevents.1776098432.e18ce739cf4e.13621.0,train/grad_norm,720,1776135106.8143852,0.0302734375,scalar
events.out.tfevents.1776098432.e18ce739cf4e.13621.0,train/grad_norm,725,1776135363.006314,0.0257568359375,scalar
events.out.tfevents.1776098432.e18ce739cf4e.13621.0,train/grad_norm,730,1776135589.2801442,0.03466796875,scalar
events.out.tfevents.1776098432.e18ce739cf4e.13621.0,train/grad_norm,735,1776135862.8364391,0.03173828125,scalar
events.out.tfevents.1776098432.e18ce739cf4e.13621.0,train/grad_norm,740,1776136101.1614592,0.028564453125,scalar
events.out.tfevents.1776098432.e18ce739cf4e.13621.0,train/grad_norm,745,1776136363.3703573,0.02685546875,scalar
events.out.tfevents.1776098432.e18ce739cf4e.13621.0,train/grad_norm,750,1776136602.2884243,0.03271484375,scalar
events.out.tfevents.1776098432.e18ce739cf4e.13621.0,train/grad_norm,755,1776136866.7713912,0.0260009765625,scalar
events.out.tfevents.1776098432.e18ce739cf4e.13621.0,train/grad_norm,760,1776137110.414716,0.031494140625,scalar
events.out.tfevents.1776098432.e18ce739cf4e.13621.0,train/grad_norm,765,1776137378.438097,0.03125,scalar
events.out.tfevents.1776098432.e18ce739cf4e.13621.0,train/grad_norm,770,1776137609.8666203,0.0296630859375,scalar
events.out.tfevents.1776098432.e18ce739cf4e.13621.0,train/grad_norm,775,1776137866.091733,0.03759765625,scalar
events.out.tfevents.1776098432.e18ce739cf4e.13621.0,train/grad_norm,780,1776138144.5913138,0.0269775390625,scalar
events.out.tfevents.1776098432.e18ce739cf4e.13621.0,train/grad_norm,785,1776138415.4374692,0.029541015625,scalar
events.out.tfevents.1776098432.e18ce739cf4e.13621.0,train/grad_norm,790,1776138646.6394064,0.03466796875,scalar
events.out.tfevents.1776098432.e18ce739cf4e.13621.0,train/grad_norm,795,1776138906.8814325,0.0283203125,scalar
events.out.tfevents.1776098432.e18ce739cf4e.13621.0,train/grad_norm,800,1776139137.1348586,0.0281982421875,scalar
events.out.tfevents.1776098432.e18ce739cf4e.13621.0,train/grad_norm,805,1776139423.3894851,0.02734375,scalar
events.out.tfevents.1776098432.e18ce739cf4e.13621.0,train/grad_norm,810,1776139661.6681185,0.025146484375,scalar
events.out.tfevents.1776098432.e18ce739cf4e.13621.0,train/grad_norm,815,1776139909.5321796,0.025634765625,scalar
events.out.tfevents.1776098432.e18ce739cf4e.13621.0,train/grad_norm,820,1776140170.286126,0.032958984375,scalar
events.out.tfevents.1776098432.e18ce739cf4e.13621.0,train/grad_norm,825,1776140432.6946583,0.02392578125,scalar
events.out.tfevents.1776098432.e18ce739cf4e.13621.0,train/grad_norm,830,1776140683.849323,0.0311279296875,scalar
events.out.tfevents.1776098432.e18ce739cf4e.13621.0,train/grad_norm,835,1776140981.3867023,0.02587890625,scalar
events.out.tfevents.1776098432.e18ce739cf4e.13621.0,train/grad_norm,840,1776141228.3917072,0.0302734375,scalar
events.out.tfevents.1776098432.e18ce739cf4e.13621.0,train/grad_norm,845,1776141497.9588172,0.026611328125,scalar
events.out.tfevents.1776098432.e18ce739cf4e.13621.0,train/grad_norm,850,1776141726.2402954,0.02783203125,scalar
events.out.tfevents.1776098432.e18ce739cf4e.13621.0,train/grad_norm,855,1776142047.5384398,0.0341796875,scalar
events.out.tfevents.1776098432.e18ce739cf4e.13621.0,train/grad_norm,860,1776142277.7186856,0.0269775390625,scalar
events.out.tfevents.1776098432.e18ce739cf4e.13621.0,train/grad_norm,865,1776142534.072157,0.025390625,scalar
events.out.tfevents.1776098432.e18ce739cf4e.13621.0,train/grad_norm,870,1776142757.8649466,0.031494140625,scalar
events.out.tfevents.1776098432.e18ce739cf4e.13621.0,train/grad_norm,875,1776143009.5389829,0.0262451171875,scalar
events.out.tfevents.1776098432.e18ce739cf4e.13621.0,train/grad_norm,880,1776143250.9124901,0.0281982421875,scalar
events.out.tfevents.1776098432.e18ce739cf4e.13621.0,train/grad_norm,885,1776143534.6168046,0.03515625,scalar
events.out.tfevents.1776098432.e18ce739cf4e.13621.0,train/grad_norm,890,1776143786.293696,0.0302734375,scalar
events.out.tfevents.1776098432.e18ce739cf4e.13621.0,train/grad_norm,895,1776144055.0223331,0.037353515625,scalar
events.out.tfevents.1776098432.e18ce739cf4e.13621.0,train/grad_norm,900,1776144296.250105,0.027099609375,scalar
events.out.tfevents.1776098432.e18ce739cf4e.13621.0,train/grad_norm,905,1776144567.81325,0.0311279296875,scalar
events.out.tfevents.1776098432.e18ce739cf4e.13621.0,train/grad_norm,910,1776144810.2605138,0.041748046875,scalar
events.out.tfevents.1776098432.e18ce739cf4e.13621.0,train/grad_norm,915,1776145078.9345062,0.036376953125,scalar
events.out.tfevents.1776098432.e18ce739cf4e.13621.0,train/grad_norm,920,1776145330.6674824,0.03369140625,scalar
events.out.tfevents.1776098432.e18ce739cf4e.13621.0,train/grad_norm,925,1776145591.8578207,0.030517578125,scalar
events.out.tfevents.1776098432.e18ce739cf4e.13621.0,train/grad_norm,930,1776145834.4793532,0.0294189453125,scalar
events.out.tfevents.1776098432.e18ce739cf4e.13621.0,train/grad_norm,935,1776146105.1102202,0.0279541015625,scalar
events.out.tfevents.1776098432.e18ce739cf4e.13621.0,train/grad_norm,940,1776146351.5741487,0.031494140625,scalar
events.out.tfevents.1776098432.e18ce739cf4e.13621.0,train/grad_norm,945,1776146630.1905444,0.03173828125,scalar
events.out.tfevents.1776098432.e18ce739cf4e.13621.0,train/grad_norm,950,1776146885.1189744,0.0341796875,scalar
events.out.tfevents.1776098432.e18ce739cf4e.13621.0,train/grad_norm,955,1776147148.4881284,0.0269775390625,scalar
events.out.tfevents.1776098432.e18ce739cf4e.13621.0,train/grad_norm,960,1776147370.8625648,0.03173828125,scalar
events.out.tfevents.1776098432.e18ce739cf4e.13621.0,train/grad_norm,965,1776147632.734391,0.02978515625,scalar
events.out.tfevents.1776098432.e18ce739cf4e.13621.0,train/grad_norm,970,1776147891.2214923,0.036376953125,scalar
events.out.tfevents.1776098432.e18ce739cf4e.13621.0,train/grad_norm,975,1776148156.2639809,0.0478515625,scalar
events.out.tfevents.1776098432.e18ce739cf4e.13621.0,train/grad_norm,980,1776148387.0091815,0.0216064453125,scalar
events.out.tfevents.1776098432.e18ce739cf4e.13621.0,train/grad_norm,985,1776148660.2821715,0.032470703125,scalar
events.out.tfevents.1776098432.e18ce739cf4e.13621.0,train/grad_norm,990,1776148893.7311764,0.043212890625,scalar
events.out.tfevents.1776098432.e18ce739cf4e.13621.0,train/grad_norm,995,1776149142.9776268,0.0260009765625,scalar
events.out.tfevents.1776098432.e18ce739cf4e.13621.0,train/grad_norm,1000,1776149384.5079732,0.032470703125,scalar
events.out.tfevents.1776098432.e18ce739cf4e.13621.0,train/grad_norm,1005,1776149649.4326677,0.0230712890625,scalar
events.out.tfevents.1776098432.e18ce739cf4e.13621.0,train/grad_norm,1010,1776149887.8395061,0.026611328125,scalar
events.out.tfevents.1776098432.e18ce739cf4e.13621.0,train/grad_norm,1015,1776150155.7892141,0.036865234375,scalar
events.out.tfevents.1776098432.e18ce739cf4e.13621.0,train/grad_norm,1020,1776150412.5558665,0.02978515625,scalar
events.out.tfevents.1776098432.e18ce739cf4e.13621.0,train/grad_norm,1025,1776150676.4255397,0.0240478515625,scalar
events.out.tfevents.1776098432.e18ce739cf4e.13621.0,train/grad_norm,1030,1776150928.7013881,0.0341796875,scalar
events.out.tfevents.1776098432.e18ce739cf4e.13621.0,train/grad_norm,1035,1776151202.2464342,0.04931640625,scalar
events.out.tfevents.1776098432.e18ce739cf4e.13621.0,train/grad_norm,1040,1776151455.6172307,0.043212890625,scalar
events.out.tfevents.1776098432.e18ce739cf4e.13621.0,train/grad_norm,1045,1776151716.572854,0.0322265625,scalar
events.out.tfevents.1776098432.e18ce739cf4e.13621.0,train/grad_norm,1050,1776151964.663298,0.0263671875,scalar
events.out.tfevents.1776098432.e18ce739cf4e.13621.0,train/grad_norm,1055,1776152233.059129,0.03369140625,scalar
events.out.tfevents.1776098432.e18ce739cf4e.13621.0,train/grad_norm,1060,1776152458.36347,0.034912109375,scalar
events.out.tfevents.1776098432.e18ce739cf4e.13621.0,train/grad_norm,1065,1776152757.5264473,0.026123046875,scalar
events.out.tfevents.1776098432.e18ce739cf4e.13621.0,train/grad_norm,1070,1776152994.0768561,0.031982421875,scalar
events.out.tfevents.1776098432.e18ce739cf4e.13621.0,train/grad_norm,1075,1776153248.233613,0.024169921875,scalar
events.out.tfevents.1776098432.e18ce739cf4e.13621.0,train/grad_norm,1080,1776153488.2799084,0.03369140625,scalar
events.out.tfevents.1776098432.e18ce739cf4e.13621.0,train/grad_norm,1085,1776153749.218251,0.035400390625,scalar
events.out.tfevents.1776098432.e18ce739cf4e.13621.0,train/grad_norm,1090,1776154001.8400645,0.029052734375,scalar
events.out.tfevents.1776098432.e18ce739cf4e.13621.0,train/grad_norm,1095,1776154274.3238597,0.03125,scalar
events.out.tfevents.1776098432.e18ce739cf4e.13621.0,train/grad_norm,1100,1776154519.1075706,0.04541015625,scalar
events.out.tfevents.1776098432.e18ce739cf4e.13621.0,train/grad_norm,1105,1776154782.4195302,0.0245361328125,scalar
events.out.tfevents.1776098432.e18ce739cf4e.13621.0,train/grad_norm,1110,1776155020.7341597,0.0274658203125,scalar
events.out.tfevents.1776098432.e18ce739cf4e.13621.0,train/grad_norm,1115,1776155308.2400424,0.03271484375,scalar
events.out.tfevents.1776098432.e18ce739cf4e.13621.0,train/grad_norm,1120,1776155572.708172,0.029296875,scalar
events.out.tfevents.1776098432.e18ce739cf4e.13621.0,train/grad_norm,1125,1776155837.352816,0.031494140625,scalar
events.out.tfevents.1776098432.e18ce739cf4e.13621.0,train/grad_norm,1130,1776156080.4765182,0.02734375,scalar
events.out.tfevents.1776098432.e18ce739cf4e.13621.0,train/grad_norm,1135,1776156355.6551557,0.032470703125,scalar
events.out.tfevents.1776098432.e18ce739cf4e.13621.0,train/grad_norm,1140,1776156598.3887353,0.0277099609375,scalar
events.out.tfevents.1776098432.e18ce739cf4e.13621.0,train/grad_norm,1145,1776156861.667315,0.035400390625,scalar
events.out.tfevents.1776098432.e18ce739cf4e.13621.0,train/grad_norm,1150,1776157103.2935812,0.02392578125,scalar
events.out.tfevents.1776098432.e18ce739cf4e.13621.0,train/grad_norm,1155,1776157365.2144256,0.0244140625,scalar
events.out.tfevents.1776098432.e18ce739cf4e.13621.0,train/grad_norm,1160,1776157621.1113474,0.029296875,scalar
events.out.tfevents.1776098432.e18ce739cf4e.13621.0,train/grad_norm,1165,1776157876.259178,0.0250244140625,scalar
events.out.tfevents.1776098432.e18ce739cf4e.13621.0,train/grad_norm,1170,1776158111.3158221,0.022216796875,scalar
events.out.tfevents.1776098432.e18ce739cf4e.13621.0,train/learning_rate,5,1776098684.0505655,8.510638508596458e-06,scalar
events.out.tfevents.1776098432.e18ce739cf4e.13621.0,train/learning_rate,10,1776098923.6900647,1.914893618959468e-05,scalar
events.out.tfevents.1776098432.e18ce739cf4e.13621.0,train/learning_rate,15,1776099184.9258547,2.97872338705929e-05,scalar
events.out.tfevents.1776098432.e18ce739cf4e.13621.0,train/learning_rate,20,1776099414.7564726,4.0425533370580524e-05,scalar
events.out.tfevents.1776098432.e18ce739cf4e.13621.0,train/learning_rate,25,1776099699.9860077,5.1063831051578745e-05,scalar
events.out.tfevents.1776098432.e18ce739cf4e.13621.0,train/learning_rate,30,1776099954.76519,6.170212873257697e-05,scalar
events.out.tfevents.1776098432.e18ce739cf4e.13621.0,train/learning_rate,35,1776100251.2152686,7.234042277559638e-05,scalar
events.out.tfevents.1776098432.e18ce739cf4e.13621.0,train/learning_rate,40,1776100493.002499,8.297872409457341e-05,scalar
events.out.tfevents.1776098432.e18ce739cf4e.13621.0,train/learning_rate,45,1776100775.8368235,9.361701813759282e-05,scalar
events.out.tfevents.1776098432.e18ce739cf4e.13621.0,train/learning_rate,50,1776101006.9145458,9.98670220724307e-05,scalar
events.out.tfevents.1776098432.e18ce739cf4e.13621.0,train/learning_rate,55,1776101286.088779,9.953457629308105e-05,scalar
events.out.tfevents.1776098432.e18ce739cf4e.13621.0,train/learning_rate,60,1776101527.670115,9.920213051373139e-05,scalar
events.out.tfevents.1776098432.e18ce739cf4e.13621.0,train/learning_rate,65,1776101785.5293617,9.886967745842412e-05,scalar
events.out.tfevents.1776098432.e18ce739cf4e.13621.0,train/learning_rate,70,1776102024.0902328,9.853723167907447e-05,scalar
events.out.tfevents.1776098432.e18ce739cf4e.13621.0,train/learning_rate,75,1776102311.5175152,9.820478589972481e-05,scalar
events.out.tfevents.1776098432.e18ce739cf4e.13621.0,train/learning_rate,80,1776102562.6898339,9.787234012037516e-05,scalar
events.out.tfevents.1776098432.e18ce739cf4e.13621.0,train/learning_rate,85,1776102827.1076903,9.75398943410255e-05,scalar
events.out.tfevents.1776098432.e18ce739cf4e.13621.0,train/learning_rate,90,1776103084.8204846,9.720744856167585e-05,scalar
events.out.tfevents.1776098432.e18ce739cf4e.13621.0,train/learning_rate,95,1776103339.1536996,9.687500278232619e-05,scalar
events.out.tfevents.1776098432.e18ce739cf4e.13621.0,train/learning_rate,100,1776103579.7436607,9.654254972701892e-05,scalar
events.out.tfevents.1776098432.e18ce739cf4e.13621.0,train/learning_rate,105,1776103858.9681337,9.621010394766927e-05,scalar
events.out.tfevents.1776098432.e18ce739cf4e.13621.0,train/learning_rate,110,1776104090.2692873,9.587765816831961e-05,scalar
events.out.tfevents.1776098432.e18ce739cf4e.13621.0,train/learning_rate,115,1776104407.4864805,9.554521238896996e-05,scalar
events.out.tfevents.1776098432.e18ce739cf4e.13621.0,train/learning_rate,120,1776104650.7270083,9.52127666096203e-05,scalar
events.out.tfevents.1776098432.e18ce739cf4e.13621.0,train/learning_rate,125,1776104968.9244783,9.488032083027065e-05,scalar
events.out.tfevents.1776098432.e18ce739cf4e.13621.0,train/learning_rate,130,1776105207.1050432,9.454787505092099e-05,scalar
events.out.tfevents.1776098432.e18ce739cf4e.13621.0,train/learning_rate,135,1776105478.2981558,9.421542199561372e-05,scalar
events.out.tfevents.1776098432.e18ce739cf4e.13621.0,train/learning_rate,140,1776105700.765047,9.388297621626407e-05,scalar
events.out.tfevents.1776098432.e18ce739cf4e.13621.0,train/learning_rate,145,1776105997.060582,9.355053043691441e-05,scalar
events.out.tfevents.1776098432.e18ce739cf4e.13621.0,train/learning_rate,150,1776106239.4957583,9.321808465756476e-05,scalar
events.out.tfevents.1776098432.e18ce739cf4e.13621.0,train/learning_rate,155,1776106496.82336,9.28856388782151e-05,scalar
events.out.tfevents.1776098432.e18ce739cf4e.13621.0,train/learning_rate,160,1776106736.4975448,9.255319309886545e-05,scalar
events.out.tfevents.1776098432.e18ce739cf4e.13621.0,train/learning_rate,165,1776106991.3184555,9.22207473195158e-05,scalar
events.out.tfevents.1776098432.e18ce739cf4e.13621.0,train/learning_rate,170,1776107222.5135138,9.188829426420853e-05,scalar
events.out.tfevents.1776098432.e18ce739cf4e.13621.0,train/learning_rate,175,1776107481.036038,9.155584848485887e-05,scalar
events.out.tfevents.1776098432.e18ce739cf4e.13621.0,train/learning_rate,180,1776107725.2844381,9.122340270550922e-05,scalar
events.out.tfevents.1776098432.e18ce739cf4e.13621.0,train/learning_rate,185,1776107995.1413057,9.089095692615956e-05,scalar
events.out.tfevents.1776098432.e18ce739cf4e.13621.0,train/learning_rate,190,1776108219.6839657,9.05585111468099e-05,scalar
events.out.tfevents.1776098432.e18ce739cf4e.13621.0,train/learning_rate,195,1776108479.631204,9.022606536746025e-05,scalar
events.out.tfevents.1776098432.e18ce739cf4e.13621.0,train/learning_rate,200,1776108713.404188,8.98936195881106e-05,scalar
events.out.tfevents.1776098432.e18ce739cf4e.13621.0,train/learning_rate,205,1776109006.4466276,8.956117380876094e-05,scalar
events.out.tfevents.1776098432.e18ce739cf4e.13621.0,train/learning_rate,210,1776109244.3096275,8.922872075345367e-05,scalar
events.out.tfevents.1776098432.e18ce739cf4e.13621.0,train/learning_rate,215,1776109509.854245,8.889627497410402e-05,scalar
events.out.tfevents.1776098432.e18ce739cf4e.13621.0,train/learning_rate,220,1776109746.7020247,8.856382919475436e-05,scalar
events.out.tfevents.1776098432.e18ce739cf4e.13621.0,train/learning_rate,225,1776110012.2331889,8.823138341540471e-05,scalar
events.out.tfevents.1776098432.e18ce739cf4e.13621.0,train/learning_rate,230,1776110245.5426297,8.789893763605505e-05,scalar
events.out.tfevents.1776098432.e18ce739cf4e.13621.0,train/learning_rate,235,1776110505.6806154,8.75664918567054e-05,scalar
events.out.tfevents.1776098432.e18ce739cf4e.13621.0,train/learning_rate,240,1776110750.9555335,8.723404607735574e-05,scalar
events.out.tfevents.1776098432.e18ce739cf4e.13621.0,train/learning_rate,245,1776111014.8874838,8.690159302204847e-05,scalar
events.out.tfevents.1776098432.e18ce739cf4e.13621.0,train/learning_rate,250,1776111247.8318973,8.656914724269882e-05,scalar
events.out.tfevents.1776098432.e18ce739cf4e.13621.0,train/learning_rate,255,1776111505.8084552,8.623670146334916e-05,scalar
events.out.tfevents.1776098432.e18ce739cf4e.13621.0,train/learning_rate,260,1776111748.7425163,8.590425568399951e-05,scalar
events.out.tfevents.1776098432.e18ce739cf4e.13621.0,train/learning_rate,265,1776112027.0638974,8.557180990464985e-05,scalar
events.out.tfevents.1776098432.e18ce739cf4e.13621.0,train/learning_rate,270,1776112265.2240386,8.52393641253002e-05,scalar
events.out.tfevents.1776098432.e18ce739cf4e.13621.0,train/learning_rate,275,1776112526.9699686,8.490691834595054e-05,scalar
events.out.tfevents.1776098432.e18ce739cf4e.13621.0,train/learning_rate,280,1776112774.7302756,8.457446529064327e-05,scalar
events.out.tfevents.1776098432.e18ce739cf4e.13621.0,train/learning_rate,285,1776113039.7424974,8.424201951129362e-05,scalar
events.out.tfevents.1776098432.e18ce739cf4e.13621.0,train/learning_rate,290,1776113277.3023367,8.390957373194396e-05,scalar
events.out.tfevents.1776098432.e18ce739cf4e.13621.0,train/learning_rate,295,1776113549.5830703,8.357712795259431e-05,scalar
events.out.tfevents.1776098432.e18ce739cf4e.13621.0,train/learning_rate,300,1776113789.9376478,8.324468217324466e-05,scalar
events.out.tfevents.1776098432.e18ce739cf4e.13621.0,train/learning_rate,305,1776114074.4597282,8.2912236393895e-05,scalar
events.out.tfevents.1776098432.e18ce739cf4e.13621.0,train/learning_rate,310,1776114314.2219303,8.257979061454535e-05,scalar
events.out.tfevents.1776098432.e18ce739cf4e.13621.0,train/learning_rate,315,1776114570.745499,8.224733755923808e-05,scalar
events.out.tfevents.1776098432.e18ce739cf4e.13621.0,train/learning_rate,320,1776114803.5241368,8.191489177988842e-05,scalar
events.out.tfevents.1776098432.e18ce739cf4e.13621.0,train/learning_rate,325,1776115058.308846,8.158244600053877e-05,scalar
events.out.tfevents.1776098432.e18ce739cf4e.13621.0,train/learning_rate,330,1776115287.8901165,8.125000022118911e-05,scalar
events.out.tfevents.1776098432.e18ce739cf4e.13621.0,train/learning_rate,335,1776115550.1858153,8.091755444183946e-05,scalar
events.out.tfevents.1776098432.e18ce739cf4e.13621.0,train/learning_rate,340,1776115810.0745378,8.05851086624898e-05,scalar
events.out.tfevents.1776098432.e18ce739cf4e.13621.0,train/learning_rate,345,1776116069.7716818,8.025266288314015e-05,scalar
events.out.tfevents.1776098432.e18ce739cf4e.13621.0,train/learning_rate,350,1776116304.8311317,7.992020982783288e-05,scalar
events.out.tfevents.1776098432.e18ce739cf4e.13621.0,train/learning_rate,355,1776116601.720866,7.958776404848322e-05,scalar
events.out.tfevents.1776098432.e18ce739cf4e.13621.0,train/learning_rate,360,1776116839.707076,7.925531826913357e-05,scalar
events.out.tfevents.1776098432.e18ce739cf4e.13621.0,train/learning_rate,365,1776117098.282509,7.892287248978391e-05,scalar
events.out.tfevents.1776098432.e18ce739cf4e.13621.0,train/learning_rate,370,1776117342.4173439,7.859042671043426e-05,scalar
events.out.tfevents.1776098432.e18ce739cf4e.13621.0,train/learning_rate,375,1776117607.077405,7.82579809310846e-05,scalar
events.out.tfevents.1776098432.e18ce739cf4e.13621.0,train/learning_rate,380,1776117838.631868,7.792553515173495e-05,scalar
events.out.tfevents.1776098432.e18ce739cf4e.13621.0,train/learning_rate,385,1776118098.003627,7.759308209642768e-05,scalar
events.out.tfevents.1776098432.e18ce739cf4e.13621.0,train/learning_rate,390,1776118324.5020373,7.726063631707802e-05,scalar
events.out.tfevents.1776098432.e18ce739cf4e.13621.0,train/learning_rate,395,1776118606.1825721,7.692819053772837e-05,scalar
events.out.tfevents.1776098432.e18ce739cf4e.13621.0,train/learning_rate,400,1776118838.1744401,7.659574475837871e-05,scalar
events.out.tfevents.1776098432.e18ce739cf4e.13621.0,train/learning_rate,405,1776119121.4834707,7.626329897902906e-05,scalar
events.out.tfevents.1776098432.e18ce739cf4e.13621.0,train/learning_rate,410,1776119354.9388573,7.59308531996794e-05,scalar
events.out.tfevents.1776098432.e18ce739cf4e.13621.0,train/learning_rate,415,1776119602.7566786,7.559840742032975e-05,scalar
events.out.tfevents.1776098432.e18ce739cf4e.13621.0,train/learning_rate,420,1776119836.652744,7.526595436502248e-05,scalar
events.out.tfevents.1776098432.e18ce739cf4e.13621.0,train/learning_rate,425,1776120091.1022735,7.493350858567283e-05,scalar
events.out.tfevents.1776098432.e18ce739cf4e.13621.0,train/learning_rate,430,1776120321.086811,7.460106280632317e-05,scalar
events.out.tfevents.1776098432.e18ce739cf4e.13621.0,train/learning_rate,435,1776120585.1815226,7.426861702697352e-05,scalar
events.out.tfevents.1776098432.e18ce739cf4e.13621.0,train/learning_rate,440,1776120813.4808495,7.393617124762386e-05,scalar
events.out.tfevents.1776098432.e18ce739cf4e.13621.0,train/learning_rate,445,1776121079.8426185,7.36037254682742e-05,scalar
events.out.tfevents.1776098432.e18ce739cf4e.13621.0,train/learning_rate,450,1776121326.689686,7.327127968892455e-05,scalar
events.out.tfevents.1776098432.e18ce739cf4e.13621.0,train/learning_rate,455,1776121632.2418199,7.293882663361728e-05,scalar
events.out.tfevents.1776098432.e18ce739cf4e.13621.0,train/learning_rate,460,1776121868.0318007,7.260638085426763e-05,scalar
events.out.tfevents.1776098432.e18ce739cf4e.13621.0,train/learning_rate,465,1776122156.6491847,7.227393507491797e-05,scalar
events.out.tfevents.1776098432.e18ce739cf4e.13621.0,train/learning_rate,470,1776122397.5065174,7.194148929556832e-05,scalar
events.out.tfevents.1776098432.e18ce739cf4e.13621.0,train/learning_rate,475,1776122674.3629277,7.160904351621866e-05,scalar
events.out.tfevents.1776098432.e18ce739cf4e.13621.0,train/learning_rate,480,1776122907.6778593,7.127659773686901e-05,scalar
events.out.tfevents.1776098432.e18ce739cf4e.13621.0,train/learning_rate,485,1776123164.1896532,7.094415195751935e-05,scalar
events.out.tfevents.1776098432.e18ce739cf4e.13621.0,train/learning_rate,490,1776123404.4827647,7.061169890221208e-05,scalar
events.out.tfevents.1776098432.e18ce739cf4e.13621.0,train/learning_rate,495,1776123661.7047305,7.027925312286243e-05,scalar
events.out.tfevents.1776098432.e18ce739cf4e.13621.0,train/learning_rate,500,1776123916.9321265,6.994680734351277e-05,scalar
events.out.tfevents.1776098432.e18ce739cf4e.13621.0,train/learning_rate,505,1776124167.4650757,6.961436156416312e-05,scalar
events.out.tfevents.1776098432.e18ce739cf4e.13621.0,train/learning_rate,510,1776124412.7522254,6.928191578481346e-05,scalar
events.out.tfevents.1776098432.e18ce739cf4e.13621.0,train/learning_rate,515,1776124683.3615818,6.894947000546381e-05,scalar
events.out.tfevents.1776098432.e18ce739cf4e.13621.0,train/learning_rate,520,1776124924.5493526,6.861702422611415e-05,scalar
events.out.tfevents.1776098432.e18ce739cf4e.13621.0,train/learning_rate,525,1776125191.849696,6.828457117080688e-05,scalar
events.out.tfevents.1776098432.e18ce739cf4e.13621.0,train/learning_rate,530,1776125433.5607538,6.795212539145723e-05,scalar
events.out.tfevents.1776098432.e18ce739cf4e.13621.0,train/learning_rate,535,1776125704.6265988,6.761967961210757e-05,scalar
events.out.tfevents.1776098432.e18ce739cf4e.13621.0,train/learning_rate,540,1776125941.3828802,6.728723383275792e-05,scalar
events.out.tfevents.1776098432.e18ce739cf4e.13621.0,train/learning_rate,545,1776126219.6835196,6.695478805340827e-05,scalar
events.out.tfevents.1776098432.e18ce739cf4e.13621.0,train/learning_rate,550,1776126466.9732778,6.662234227405861e-05,scalar
events.out.tfevents.1776098432.e18ce739cf4e.13621.0,train/learning_rate,555,1776126731.0251,6.628989649470896e-05,scalar
events.out.tfevents.1776098432.e18ce739cf4e.13621.0,train/learning_rate,560,1776126993.6405964,6.595744343940169e-05,scalar
events.out.tfevents.1776098432.e18ce739cf4e.13621.0,train/learning_rate,565,1776127252.397811,6.562499766005203e-05,scalar
events.out.tfevents.1776098432.e18ce739cf4e.13621.0,train/learning_rate,570,1776127477.1599429,6.529255188070238e-05,scalar
events.out.tfevents.1776098432.e18ce739cf4e.13621.0,train/learning_rate,575,1776127745.8512895,6.496010610135272e-05,scalar
events.out.tfevents.1776098432.e18ce739cf4e.13621.0,train/learning_rate,580,1776127988.9802089,6.462766032200307e-05,scalar
events.out.tfevents.1776098432.e18ce739cf4e.13621.0,train/learning_rate,585,1776128245.1673741,6.429521454265341e-05,scalar
events.out.tfevents.1776098432.e18ce739cf4e.13621.0,train/learning_rate,590,1776128481.8414323,6.396276876330376e-05,scalar
events.out.tfevents.1776098432.e18ce739cf4e.13621.0,train/learning_rate,595,1776128746.9722924,6.363031570799649e-05,scalar
events.out.tfevents.1776098432.e18ce739cf4e.13621.0,train/learning_rate,600,1776128987.6179216,6.329786992864683e-05,scalar
events.out.tfevents.1776098432.e18ce739cf4e.13621.0,train/learning_rate,605,1776129264.3303227,6.296542414929718e-05,scalar
events.out.tfevents.1776098432.e18ce739cf4e.13621.0,train/learning_rate,610,1776129512.296943,6.263297836994752e-05,scalar
events.out.tfevents.1776098432.e18ce739cf4e.13621.0,train/learning_rate,615,1776129795.677074,6.230053259059787e-05,scalar
events.out.tfevents.1776098432.e18ce739cf4e.13621.0,train/learning_rate,620,1776130044.299282,6.196808681124821e-05,scalar
events.out.tfevents.1776098432.e18ce739cf4e.13621.0,train/learning_rate,625,1776130301.7018032,6.163564103189856e-05,scalar
events.out.tfevents.1776098432.e18ce739cf4e.13621.0,train/learning_rate,630,1776130550.0486302,6.130318797659129e-05,scalar
events.out.tfevents.1776098432.e18ce739cf4e.13621.0,train/learning_rate,635,1776130805.227766,6.097074583522044e-05,scalar
events.out.tfevents.1776098432.e18ce739cf4e.13621.0,train/learning_rate,640,1776131053.715646,6.063829641789198e-05,scalar
events.out.tfevents.1776098432.e18ce739cf4e.13621.0,train/learning_rate,645,1776131311.003802,6.0305850638542324e-05,scalar
events.out.tfevents.1776098432.e18ce739cf4e.13621.0,train/learning_rate,650,1776131554.3337429,5.997340485919267e-05,scalar
events.out.tfevents.1776098432.e18ce739cf4e.13621.0,train/learning_rate,655,1776131816.2857451,5.9640959079843014e-05,scalar
events.out.tfevents.1776098432.e18ce739cf4e.13621.0,train/learning_rate,660,1776132064.920082,5.930850966251455e-05,scalar
events.out.tfevents.1776098432.e18ce739cf4e.13621.0,train/learning_rate,665,1776132313.3746965,5.89760638831649e-05,scalar
events.out.tfevents.1776098432.e18ce739cf4e.13621.0,train/learning_rate,670,1776132553.1487687,5.864361810381524e-05,scalar
events.out.tfevents.1776098432.e18ce739cf4e.13621.0,train/learning_rate,675,1776132802.641337,5.831116868648678e-05,scalar
events.out.tfevents.1776098432.e18ce739cf4e.13621.0,train/learning_rate,680,1776133045.8845043,5.7978722907137126e-05,scalar
events.out.tfevents.1776098432.e18ce739cf4e.13621.0,train/learning_rate,685,1776133317.1081045,5.764627712778747e-05,scalar
events.out.tfevents.1776098432.e18ce739cf4e.13621.0,train/learning_rate,690,1776133548.5070574,5.7313831348437816e-05,scalar
events.out.tfevents.1776098432.e18ce739cf4e.13621.0,train/learning_rate,695,1776133821.2742977,5.6981381931109354e-05,scalar
events.out.tfevents.1776098432.e18ce739cf4e.13621.0,train/learning_rate,700,1776134066.1919267,5.66489361517597e-05,scalar
events.out.tfevents.1776098432.e18ce739cf4e.13621.0,train/learning_rate,705,1776134363.837564,5.6316490372410044e-05,scalar
events.out.tfevents.1776098432.e18ce739cf4e.13621.0,train/learning_rate,710,1776134608.813972,5.598404095508158e-05,scalar
events.out.tfevents.1776098432.e18ce739cf4e.13621.0,train/learning_rate,715,1776134866.8530092,5.565159517573193e-05,scalar
events.out.tfevents.1776098432.e18ce739cf4e.13621.0,train/learning_rate,720,1776135106.8144004,5.531914939638227e-05,scalar
events.out.tfevents.1776098432.e18ce739cf4e.13621.0,train/learning_rate,725,1776135363.0063295,5.498670361703262e-05,scalar
events.out.tfevents.1776098432.e18ce739cf4e.13621.0,train/learning_rate,730,1776135589.2801597,5.4654254199704155e-05,scalar
events.out.tfevents.1776098432.e18ce739cf4e.13621.0,train/learning_rate,735,1776135862.8364546,5.43218084203545e-05,scalar
events.out.tfevents.1776098432.e18ce739cf4e.13621.0,train/learning_rate,740,1776136101.161474,5.3989362641004845e-05,scalar
events.out.tfevents.1776098432.e18ce739cf4e.13621.0,train/learning_rate,745,1776136363.3703725,5.3656913223676383e-05,scalar
events.out.tfevents.1776098432.e18ce739cf4e.13621.0,train/learning_rate,750,1776136602.2884398,5.332446744432673e-05,scalar
events.out.tfevents.1776098432.e18ce739cf4e.13621.0,train/learning_rate,755,1776136866.7714064,5.2992021664977074e-05,scalar
events.out.tfevents.1776098432.e18ce739cf4e.13621.0,train/learning_rate,760,1776137110.4147308,5.265957588562742e-05,scalar
events.out.tfevents.1776098432.e18ce739cf4e.13621.0,train/learning_rate,765,1776137378.4381144,5.232712646829896e-05,scalar
events.out.tfevents.1776098432.e18ce739cf4e.13621.0,train/learning_rate,770,1776137609.8666363,5.19946806889493e-05,scalar
events.out.tfevents.1776098432.e18ce739cf4e.13621.0,train/learning_rate,775,1776137866.0917482,5.166223490959965e-05,scalar
events.out.tfevents.1776098432.e18ce739cf4e.13621.0,train/learning_rate,780,1776138144.591329,5.1329785492271185e-05,scalar
events.out.tfevents.1776098432.e18ce739cf4e.13621.0,train/learning_rate,785,1776138415.4374835,5.099733971292153e-05,scalar
events.out.tfevents.1776098432.e18ce739cf4e.13621.0,train/learning_rate,790,1776138646.6394215,5.0664893933571875e-05,scalar
events.out.tfevents.1776098432.e18ce739cf4e.13621.0,train/learning_rate,795,1776138906.8814485,5.033244815422222e-05,scalar
events.out.tfevents.1776098432.e18ce739cf4e.13621.0,train/learning_rate,800,1776139137.1348736,4.999999873689376e-05,scalar
events.out.tfevents.1776098432.e18ce739cf4e.13621.0,train/learning_rate,805,1776139423.3895,4.96675529575441e-05,scalar
events.out.tfevents.1776098432.e18ce739cf4e.13621.0,train/learning_rate,810,1776139661.6681411,4.933510717819445e-05,scalar
events.out.tfevents.1776098432.e18ce739cf4e.13621.0,train/learning_rate,815,1776139909.5321956,4.9002657760865986e-05,scalar
events.out.tfevents.1776098432.e18ce739cf4e.13621.0,train/learning_rate,820,1776140170.2861419,4.867021198151633e-05,scalar
events.out.tfevents.1776098432.e18ce739cf4e.13621.0,train/learning_rate,825,1776140432.694674,4.8337766202166677e-05,scalar
events.out.tfevents.1776098432.e18ce739cf4e.13621.0,train/learning_rate,830,1776140683.8493388,4.800532042281702e-05,scalar
events.out.tfevents.1776098432.e18ce739cf4e.13621.0,train/learning_rate,835,1776140981.3867176,4.767287100548856e-05,scalar
events.out.tfevents.1776098432.e18ce739cf4e.13621.0,train/learning_rate,840,1776141228.3917227,4.7340425226138905e-05,scalar
events.out.tfevents.1776098432.e18ce739cf4e.13621.0,train/learning_rate,845,1776141497.9588327,4.700797944678925e-05,scalar
events.out.tfevents.1776098432.e18ce739cf4e.13621.0,train/learning_rate,850,1776141726.2403114,4.6675533667439595e-05,scalar
events.out.tfevents.1776098432.e18ce739cf4e.13621.0,train/learning_rate,855,1776142047.538455,4.634308425011113e-05,scalar
events.out.tfevents.1776098432.e18ce739cf4e.13621.0,train/learning_rate,860,1776142277.718702,4.601063847076148e-05,scalar
events.out.tfevents.1776098432.e18ce739cf4e.13621.0,train/learning_rate,865,1776142534.072174,4.567819269141182e-05,scalar
events.out.tfevents.1776098432.e18ce739cf4e.13621.0,train/learning_rate,870,1776142757.8649628,4.534574327408336e-05,scalar
events.out.tfevents.1776098432.e18ce739cf4e.13621.0,train/learning_rate,875,1776143009.5389988,4.5013297494733706e-05,scalar
events.out.tfevents.1776098432.e18ce739cf4e.13621.0,train/learning_rate,880,1776143250.9125054,4.468085171538405e-05,scalar
events.out.tfevents.1776098432.e18ce739cf4e.13621.0,train/learning_rate,885,1776143534.6168199,4.4348405936034396e-05,scalar
events.out.tfevents.1776098432.e18ce739cf4e.13621.0,train/learning_rate,890,1776143786.2937176,4.4015956518705934e-05,scalar
events.out.tfevents.1776098432.e18ce739cf4e.13621.0,train/learning_rate,895,1776144055.022348,4.368351073935628e-05,scalar
events.out.tfevents.1776098432.e18ce739cf4e.13621.0,train/learning_rate,900,1776144296.2501206,4.3351064960006624e-05,scalar
events.out.tfevents.1776098432.e18ce739cf4e.13621.0,train/learning_rate,905,1776144567.8132656,4.301861554267816e-05,scalar
events.out.tfevents.1776098432.e18ce739cf4e.13621.0,train/learning_rate,910,1776144810.2605548,4.268616976332851e-05,scalar
events.out.tfevents.1776098432.e18ce739cf4e.13621.0,train/learning_rate,915,1776145078.9345222,4.235372398397885e-05,scalar
events.out.tfevents.1776098432.e18ce739cf4e.13621.0,train/learning_rate,920,1776145330.6674986,4.20212782046292e-05,scalar
events.out.tfevents.1776098432.e18ce739cf4e.13621.0,train/learning_rate,925,1776145591.8578362,4.1688828787300736e-05,scalar
events.out.tfevents.1776098432.e18ce739cf4e.13621.0,train/learning_rate,930,1776145834.479369,4.135638300795108e-05,scalar
events.out.tfevents.1776098432.e18ce739cf4e.13621.0,train/learning_rate,935,1776146105.1102357,4.1023937228601426e-05,scalar
events.out.tfevents.1776098432.e18ce739cf4e.13621.0,train/learning_rate,940,1776146351.5741646,4.0691487811272964e-05,scalar
events.out.tfevents.1776098432.e18ce739cf4e.13621.0,train/learning_rate,945,1776146630.1905591,4.035904203192331e-05,scalar
events.out.tfevents.1776098432.e18ce739cf4e.13621.0,train/learning_rate,950,1776146885.1189902,4.0026596252573654e-05,scalar
events.out.tfevents.1776098432.e18ce739cf4e.13621.0,train/learning_rate,955,1776147148.4881513,3.9694150473224e-05,scalar
events.out.tfevents.1776098432.e18ce739cf4e.13621.0,train/learning_rate,960,1776147370.86258,3.936170105589554e-05,scalar
events.out.tfevents.1776098432.e18ce739cf4e.13621.0,train/learning_rate,965,1776147632.7344072,3.902925527654588e-05,scalar
events.out.tfevents.1776098432.e18ce739cf4e.13621.0,train/learning_rate,970,1776147891.2215073,3.869680949719623e-05,scalar
events.out.tfevents.1776098432.e18ce739cf4e.13621.0,train/learning_rate,975,1776148156.2639956,3.8364360079867765e-05,scalar
events.out.tfevents.1776098432.e18ce739cf4e.13621.0,train/learning_rate,980,1776148387.009203,3.803191430051811e-05,scalar
events.out.tfevents.1776098432.e18ce739cf4e.13621.0,train/learning_rate,985,1776148660.2821865,3.7699468521168455e-05,scalar
events.out.tfevents.1776098432.e18ce739cf4e.13621.0,train/learning_rate,990,1776148893.731192,3.73670227418188e-05,scalar
events.out.tfevents.1776098432.e18ce739cf4e.13621.0,train/learning_rate,995,1776149142.9776502,3.703457332449034e-05,scalar
events.out.tfevents.1776098432.e18ce739cf4e.13621.0,train/learning_rate,1000,1776149384.5079877,3.6702127545140684e-05,scalar
events.out.tfevents.1776098432.e18ce739cf4e.13621.0,train/learning_rate,1005,1776149649.432683,3.636968176579103e-05,scalar
events.out.tfevents.1776098432.e18ce739cf4e.13621.0,train/learning_rate,1010,1776149887.8395224,3.603723234846257e-05,scalar
events.out.tfevents.1776098432.e18ce739cf4e.13621.0,train/learning_rate,1015,1776150155.78923,3.570478656911291e-05,scalar
events.out.tfevents.1776098432.e18ce739cf4e.13621.0,train/learning_rate,1020,1776150412.5558896,3.537234078976326e-05,scalar
events.out.tfevents.1776098432.e18ce739cf4e.13621.0,train/learning_rate,1025,1776150676.4255555,3.50398950104136e-05,scalar
events.out.tfevents.1776098432.e18ce739cf4e.13621.0,train/learning_rate,1030,1776150928.7014031,3.470744559308514e-05,scalar
events.out.tfevents.1776098432.e18ce739cf4e.13621.0,train/learning_rate,1035,1776151202.2464502,3.4374999813735485e-05,scalar
events.out.tfevents.1776098432.e18ce739cf4e.13621.0,train/learning_rate,1040,1776151455.6172528,3.404255403438583e-05,scalar
events.out.tfevents.1776098432.e18ce739cf4e.13621.0,train/learning_rate,1045,1776151716.572869,3.371010461705737e-05,scalar
events.out.tfevents.1776098432.e18ce739cf4e.13621.0,train/learning_rate,1050,1776151964.663313,3.337765883770771e-05,scalar
events.out.tfevents.1776098432.e18ce739cf4e.13621.0,train/learning_rate,1055,1776152233.0591514,3.304521305835806e-05,scalar
events.out.tfevents.1776098432.e18ce739cf4e.13621.0,train/learning_rate,1060,1776152458.3634858,3.2712767279008403e-05,scalar
events.out.tfevents.1776098432.e18ce739cf4e.13621.0,train/learning_rate,1065,1776152757.526465,3.238031786167994e-05,scalar
events.out.tfevents.1776098432.e18ce739cf4e.13621.0,train/learning_rate,1070,1776152994.0768795,3.2047872082330287e-05,scalar
events.out.tfevents.1776098432.e18ce739cf4e.13621.0,train/learning_rate,1075,1776153248.233629,3.171542630298063e-05,scalar
events.out.tfevents.1776098432.e18ce739cf4e.13621.0,train/learning_rate,1080,1776153488.2799227,3.138298052363098e-05,scalar
events.out.tfevents.1776098432.e18ce739cf4e.13621.0,train/learning_rate,1085,1776153749.218267,3.1050531106302515e-05,scalar
events.out.tfevents.1776098432.e18ce739cf4e.13621.0,train/learning_rate,1090,1776154001.8401036,3.071808532695286e-05,scalar
events.out.tfevents.1776098432.e18ce739cf4e.13621.0,train/learning_rate,1095,1776154274.3238742,3.03856377286138e-05,scalar
events.out.tfevents.1776098432.e18ce739cf4e.13621.0,train/learning_rate,1100,1776154519.107586,3.0053191949264146e-05,scalar
events.out.tfevents.1776098432.e18ce739cf4e.13621.0,train/learning_rate,1105,1776154782.4195452,2.9720744350925088e-05,scalar
events.out.tfevents.1776098432.e18ce739cf4e.13621.0,train/learning_rate,1110,1776155020.7341762,2.9388298571575433e-05,scalar
events.out.tfevents.1776098432.e18ce739cf4e.13621.0,train/learning_rate,1115,1776155308.2400572,2.9055850973236375e-05,scalar
events.out.tfevents.1776098432.e18ce739cf4e.13621.0,train/learning_rate,1120,1776155572.708188,2.8723403374897316e-05,scalar
events.out.tfevents.1776098432.e18ce739cf4e.13621.0,train/learning_rate,1125,1776155837.3528318,2.839095759554766e-05,scalar
events.out.tfevents.1776098432.e18ce739cf4e.13621.0,train/learning_rate,1130,1776156080.476533,2.8058509997208603e-05,scalar
events.out.tfevents.1776098432.e18ce739cf4e.13621.0,train/learning_rate,1135,1776156355.6551805,2.7726064217858948e-05,scalar
events.out.tfevents.1776098432.e18ce739cf4e.13621.0,train/learning_rate,1140,1776156598.388759,2.739361661951989e-05,scalar
events.out.tfevents.1776098432.e18ce739cf4e.13621.0,train/learning_rate,1145,1776156861.66733,2.7061170840170234e-05,scalar
events.out.tfevents.1776098432.e18ce739cf4e.13621.0,train/learning_rate,1150,1776157103.2935963,2.6728723241831176e-05,scalar
events.out.tfevents.1776098432.e18ce739cf4e.13621.0,train/learning_rate,1155,1776157365.214441,2.639627746248152e-05,scalar
events.out.tfevents.1776098432.e18ce739cf4e.13621.0,train/learning_rate,1160,1776157621.1113625,2.6063829864142463e-05,scalar
events.out.tfevents.1776098432.e18ce739cf4e.13621.0,train/learning_rate,1165,1776157876.2591932,2.5731382265803404e-05,scalar
events.out.tfevents.1776098432.e18ce739cf4e.13621.0,train/learning_rate,1170,1776158111.3158486,2.539893648645375e-05,scalar
events.out.tfevents.1776098432.e18ce739cf4e.13621.0,train/entropy,5,1776098684.0505788,1.1623338460922241,scalar
events.out.tfevents.1776098432.e18ce739cf4e.13621.0,train/entropy,10,1776098923.6900768,1.1737148761749268,scalar
events.out.tfevents.1776098432.e18ce739cf4e.13621.0,train/entropy,15,1776099184.9258752,1.2245714664459229,scalar
events.out.tfevents.1776098432.e18ce739cf4e.13621.0,train/entropy,20,1776099414.7564855,1.384678602218628,scalar
events.out.tfevents.1776098432.e18ce739cf4e.13621.0,train/entropy,25,1776099699.9860206,1.610479474067688,scalar
events.out.tfevents.1776098432.e18ce739cf4e.13621.0,train/entropy,30,1776099954.7652032,1.7818843126296997,scalar
events.out.tfevents.1776098432.e18ce739cf4e.13621.0,train/entropy,35,1776100251.215282,1.7520833015441895,scalar
events.out.tfevents.1776098432.e18ce739cf4e.13621.0,train/entropy,40,1776100493.0025115,1.6909849643707275,scalar
events.out.tfevents.1776098432.e18ce739cf4e.13621.0,train/entropy,45,1776100775.8368363,1.5499156713485718,scalar
events.out.tfevents.1776098432.e18ce739cf4e.13621.0,train/entropy,50,1776101006.9145591,1.318005084991455,scalar
events.out.tfevents.1776098432.e18ce739cf4e.13621.0,train/entropy,55,1776101286.0887914,1.045411467552185,scalar
events.out.tfevents.1776098432.e18ce739cf4e.13621.0,train/entropy,60,1776101527.6701307,0.8149693012237549,scalar
events.out.tfevents.1776098432.e18ce739cf4e.13621.0,train/entropy,65,1776101785.5293748,0.6976763606071472,scalar
events.out.tfevents.1776098432.e18ce739cf4e.13621.0,train/entropy,70,1776102024.090245,0.6309497356414795,scalar
events.out.tfevents.1776098432.e18ce739cf4e.13621.0,train/entropy,75,1776102311.517528,0.6111263632774353,scalar
events.out.tfevents.1776098432.e18ce739cf4e.13621.0,train/entropy,80,1776102562.6898525,0.5861196517944336,scalar
events.out.tfevents.1776098432.e18ce739cf4e.13621.0,train/entropy,85,1776102827.1077034,0.5692647695541382,scalar
events.out.tfevents.1776098432.e18ce739cf4e.13621.0,train/entropy,90,1776103084.8204966,0.5734052062034607,scalar
events.out.tfevents.1776098432.e18ce739cf4e.13621.0,train/entropy,95,1776103339.1537118,0.5670884847640991,scalar
events.out.tfevents.1776098432.e18ce739cf4e.13621.0,train/entropy,100,1776103579.7436738,0.5685855150222778,scalar
events.out.tfevents.1776098432.e18ce739cf4e.13621.0,train/entropy,105,1776103858.968146,0.5531032085418701,scalar
events.out.tfevents.1776098432.e18ce739cf4e.13621.0,train/entropy,110,1776104090.2692997,0.5614197254180908,scalar
events.out.tfevents.1776098432.e18ce739cf4e.13621.0,train/entropy,115,1776104407.4864964,0.5745972394943237,scalar
events.out.tfevents.1776098432.e18ce739cf4e.13621.0,train/entropy,120,1776104650.727021,0.5665814280509949,scalar
events.out.tfevents.1776098432.e18ce739cf4e.13621.0,train/entropy,125,1776104968.9244907,0.5654895901679993,scalar
events.out.tfevents.1776098432.e18ce739cf4e.13621.0,train/entropy,130,1776105207.1050558,0.5611521601676941,scalar
events.out.tfevents.1776098432.e18ce739cf4e.13621.0,train/entropy,135,1776105478.298176,0.5698508024215698,scalar
events.out.tfevents.1776098432.e18ce739cf4e.13621.0,train/entropy,140,1776105700.7650645,0.56497722864151,scalar
events.out.tfevents.1776098432.e18ce739cf4e.13621.0,train/entropy,145,1776105997.0605943,0.5595569610595703,scalar
events.out.tfevents.1776098432.e18ce739cf4e.13621.0,train/entropy,150,1776106239.4957714,0.5625532865524292,scalar
events.out.tfevents.1776098432.e18ce739cf4e.13621.0,train/entropy,155,1776106496.8233724,0.5611369609832764,scalar
events.out.tfevents.1776098432.e18ce739cf4e.13621.0,train/entropy,160,1776106736.4975572,0.5578912496566772,scalar
events.out.tfevents.1776098432.e18ce739cf4e.13621.0,train/entropy,165,1776106991.3184683,0.560049295425415,scalar
events.out.tfevents.1776098432.e18ce739cf4e.13621.0,train/entropy,170,1776107222.513526,0.5525371432304382,scalar
events.out.tfevents.1776098432.e18ce739cf4e.13621.0,train/entropy,175,1776107481.0360498,0.5588215589523315,scalar
events.out.tfevents.1776098432.e18ce739cf4e.13621.0,train/entropy,180,1776107725.2844503,0.560092031955719,scalar
events.out.tfevents.1776098432.e18ce739cf4e.13621.0,train/entropy,185,1776107995.1413205,0.5672547221183777,scalar
events.out.tfevents.1776098432.e18ce739cf4e.13621.0,train/entropy,190,1776108219.6839788,0.558395504951477,scalar
events.out.tfevents.1776098432.e18ce739cf4e.13621.0,train/entropy,195,1776108479.631216,0.5602279901504517,scalar
events.out.tfevents.1776098432.e18ce739cf4e.13621.0,train/entropy,200,1776108713.4042,0.5675959587097168,scalar
events.out.tfevents.1776098432.e18ce739cf4e.13621.0,train/entropy,205,1776109006.4466429,0.5609990358352661,scalar
events.out.tfevents.1776098432.e18ce739cf4e.13621.0,train/entropy,210,1776109244.3096395,0.5596226453781128,scalar
events.out.tfevents.1776098432.e18ce739cf4e.13621.0,train/entropy,215,1776109509.8542573,0.5589473843574524,scalar
events.out.tfevents.1776098432.e18ce739cf4e.13621.0,train/entropy,220,1776109746.7020373,0.5569875240325928,scalar
events.out.tfevents.1776098432.e18ce739cf4e.13621.0,train/entropy,225,1776110012.2332017,0.555433988571167,scalar
events.out.tfevents.1776098432.e18ce739cf4e.13621.0,train/entropy,230,1776110245.5426424,0.5528581142425537,scalar
events.out.tfevents.1776098432.e18ce739cf4e.13621.0,train/entropy,235,1776110505.680628,0.5459527373313904,scalar
events.out.tfevents.1776098432.e18ce739cf4e.13621.0,train/entropy,240,1776110750.955547,0.5519613027572632,scalar
events.out.tfevents.1776098432.e18ce739cf4e.13621.0,train/entropy,245,1776111014.887496,0.5533202290534973,scalar
events.out.tfevents.1776098432.e18ce739cf4e.13621.0,train/entropy,250,1776111247.8319097,0.5577677488327026,scalar
events.out.tfevents.1776098432.e18ce739cf4e.13621.0,train/entropy,255,1776111505.8084679,0.5499352216720581,scalar
events.out.tfevents.1776098432.e18ce739cf4e.13621.0,train/entropy,260,1776111748.742529,0.5495245456695557,scalar
events.out.tfevents.1776098432.e18ce739cf4e.13621.0,train/entropy,265,1776112027.0639098,0.5641643404960632,scalar
events.out.tfevents.1776098432.e18ce739cf4e.13621.0,train/entropy,270,1776112265.2240512,0.5586138963699341,scalar
events.out.tfevents.1776098432.e18ce739cf4e.13621.0,train/entropy,275,1776112526.969981,0.5456430912017822,scalar
events.out.tfevents.1776098432.e18ce739cf4e.13621.0,train/entropy,280,1776112774.730288,0.5367386341094971,scalar
events.out.tfevents.1776098432.e18ce739cf4e.13621.0,train/entropy,285,1776113039.7425098,0.5306375026702881,scalar
events.out.tfevents.1776098432.e18ce739cf4e.13621.0,train/entropy,290,1776113277.3023515,0.5545836687088013,scalar
events.out.tfevents.1776098432.e18ce739cf4e.13621.0,train/entropy,295,1776113549.5830827,0.5336666107177734,scalar
events.out.tfevents.1776098432.e18ce739cf4e.13621.0,train/entropy,300,1776113789.9376607,0.517231822013855,scalar
events.out.tfevents.1776098432.e18ce739cf4e.13621.0,train/entropy,305,1776114074.4597406,0.5193517804145813,scalar
events.out.tfevents.1776098432.e18ce739cf4e.13621.0,train/entropy,310,1776114314.221943,0.5222728848457336,scalar
events.out.tfevents.1776098432.e18ce739cf4e.13621.0,train/entropy,315,1776114570.745511,0.5213536024093628,scalar
events.out.tfevents.1776098432.e18ce739cf4e.13621.0,train/entropy,320,1776114803.524148,0.5143840909004211,scalar
events.out.tfevents.1776098432.e18ce739cf4e.13621.0,train/entropy,325,1776115058.3088582,0.5108848214149475,scalar
events.out.tfevents.1776098432.e18ce739cf4e.13621.0,train/entropy,330,1776115287.8901289,0.5099149942398071,scalar
events.out.tfevents.1776098432.e18ce739cf4e.13621.0,train/entropy,335,1776115550.1858277,0.5110753178596497,scalar
events.out.tfevents.1776098432.e18ce739cf4e.13621.0,train/entropy,340,1776115810.0745509,0.5110130906105042,scalar
events.out.tfevents.1776098432.e18ce739cf4e.13621.0,train/entropy,345,1776116069.7716954,0.5070145726203918,scalar
events.out.tfevents.1776098432.e18ce739cf4e.13621.0,train/entropy,350,1776116304.8311436,0.5004009008407593,scalar
events.out.tfevents.1776098432.e18ce739cf4e.13621.0,train/entropy,355,1776116601.720879,0.4923058748245239,scalar
events.out.tfevents.1776098432.e18ce739cf4e.13621.0,train/entropy,360,1776116839.707107,0.5035831332206726,scalar
events.out.tfevents.1776098432.e18ce739cf4e.13621.0,train/entropy,365,1776117098.282522,0.4949119985103607,scalar
events.out.tfevents.1776098432.e18ce739cf4e.13621.0,train/entropy,370,1776117342.4173567,0.4988240897655487,scalar
events.out.tfevents.1776098432.e18ce739cf4e.13621.0,train/entropy,375,1776117607.077417,0.49380770325660706,scalar
events.out.tfevents.1776098432.e18ce739cf4e.13621.0,train/entropy,380,1776117838.6318808,0.5034936666488647,scalar
events.out.tfevents.1776098432.e18ce739cf4e.13621.0,train/entropy,385,1776118098.003647,0.5151097774505615,scalar
events.out.tfevents.1776098432.e18ce739cf4e.13621.0,train/entropy,390,1776118324.5020502,0.5224549770355225,scalar
events.out.tfevents.1776098432.e18ce739cf4e.13621.0,train/entropy,395,1776118606.182584,0.516112744808197,scalar
events.out.tfevents.1776098432.e18ce739cf4e.13621.0,train/entropy,400,1776118838.1744525,0.5155269503593445,scalar
events.out.tfevents.1776098432.e18ce739cf4e.13621.0,train/entropy,405,1776119121.483483,0.5104219913482666,scalar
events.out.tfevents.1776098432.e18ce739cf4e.13621.0,train/entropy,410,1776119354.9388697,0.5077950358390808,scalar
events.out.tfevents.1776098432.e18ce739cf4e.13621.0,train/entropy,415,1776119602.7566917,0.5034868121147156,scalar
events.out.tfevents.1776098432.e18ce739cf4e.13621.0,train/entropy,420,1776119836.6527567,0.5176715850830078,scalar
events.out.tfevents.1776098432.e18ce739cf4e.13621.0,train/entropy,425,1776120091.1022868,0.4983830451965332,scalar
events.out.tfevents.1776098432.e18ce739cf4e.13621.0,train/entropy,430,1776120321.0868235,0.5008876919746399,scalar
events.out.tfevents.1776098432.e18ce739cf4e.13621.0,train/entropy,435,1776120585.181542,0.5119554996490479,scalar
events.out.tfevents.1776098432.e18ce739cf4e.13621.0,train/entropy,440,1776120813.4808612,0.5116056799888611,scalar
events.out.tfevents.1776098432.e18ce739cf4e.13621.0,train/entropy,445,1776121079.842631,0.5040465593338013,scalar
events.out.tfevents.1776098432.e18ce739cf4e.13621.0,train/entropy,450,1776121326.689698,0.5090987086296082,scalar
events.out.tfevents.1776098432.e18ce739cf4e.13621.0,train/entropy,455,1776121632.2418392,0.5018351078033447,scalar
events.out.tfevents.1776098432.e18ce739cf4e.13621.0,train/entropy,460,1776121868.0318127,0.49821117520332336,scalar
events.out.tfevents.1776098432.e18ce739cf4e.13621.0,train/entropy,465,1776122156.6491973,0.49225664138793945,scalar
events.out.tfevents.1776098432.e18ce739cf4e.13621.0,train/entropy,470,1776122397.5065303,0.4951305687427521,scalar
events.out.tfevents.1776098432.e18ce739cf4e.13621.0,train/entropy,475,1776122674.3629396,0.49377936124801636,scalar
events.out.tfevents.1776098432.e18ce739cf4e.13621.0,train/entropy,480,1776122907.677874,0.4995676577091217,scalar
events.out.tfevents.1776098432.e18ce739cf4e.13621.0,train/entropy,485,1776123164.1896656,0.5006430745124817,scalar
events.out.tfevents.1776098432.e18ce739cf4e.13621.0,train/entropy,490,1776123404.4827774,0.5009734630584717,scalar
events.out.tfevents.1776098432.e18ce739cf4e.13621.0,train/entropy,495,1776123661.704743,0.5024796724319458,scalar
events.out.tfevents.1776098432.e18ce739cf4e.13621.0,train/entropy,500,1776123916.9321425,0.4910043179988861,scalar
events.out.tfevents.1776098432.e18ce739cf4e.13621.0,train/entropy,505,1776124167.4651036,0.5032753348350525,scalar
events.out.tfevents.1776098432.e18ce739cf4e.13621.0,train/entropy,510,1776124412.7522378,0.5091804265975952,scalar
events.out.tfevents.1776098432.e18ce739cf4e.13621.0,train/entropy,515,1776124683.3615973,0.5100347995758057,scalar
events.out.tfevents.1776098432.e18ce739cf4e.13621.0,train/entropy,520,1776124924.5493681,0.5074378252029419,scalar
events.out.tfevents.1776098432.e18ce739cf4e.13621.0,train/entropy,525,1776125191.8497088,0.5138423442840576,scalar
events.out.tfevents.1776098432.e18ce739cf4e.13621.0,train/entropy,530,1776125433.5607665,0.5062867999076843,scalar
events.out.tfevents.1776098432.e18ce739cf4e.13621.0,train/entropy,535,1776125704.6266122,0.4971439838409424,scalar
events.out.tfevents.1776098432.e18ce739cf4e.13621.0,train/entropy,540,1776125941.382893,0.5090364813804626,scalar
events.out.tfevents.1776098432.e18ce739cf4e.13621.0,train/entropy,545,1776126219.6835315,0.4912683963775635,scalar
events.out.tfevents.1776098432.e18ce739cf4e.13621.0,train/entropy,550,1776126466.97329,0.49791792035102844,scalar
events.out.tfevents.1776098432.e18ce739cf4e.13621.0,train/entropy,555,1776126731.0251133,0.4925074875354767,scalar
events.out.tfevents.1776098432.e18ce739cf4e.13621.0,train/entropy,560,1776126993.640609,0.4857114553451538,scalar
events.out.tfevents.1776098432.e18ce739cf4e.13621.0,train/entropy,565,1776127252.3978238,0.4845028221607208,scalar
events.out.tfevents.1776098432.e18ce739cf4e.13621.0,train/entropy,570,1776127477.159956,0.49584972858428955,scalar
events.out.tfevents.1776098432.e18ce739cf4e.13621.0,train/entropy,575,1776127745.8513021,0.49778780341148376,scalar
events.out.tfevents.1776098432.e18ce739cf4e.13621.0,train/entropy,580,1776127988.9802215,0.4911409914493561,scalar
events.out.tfevents.1776098432.e18ce739cf4e.13621.0,train/entropy,585,1776128245.1673865,0.499194860458374,scalar
events.out.tfevents.1776098432.e18ce739cf4e.13621.0,train/entropy,590,1776128481.841445,0.4982353746891022,scalar
events.out.tfevents.1776098432.e18ce739cf4e.13621.0,train/entropy,595,1776128746.9723048,0.48700377345085144,scalar
events.out.tfevents.1776098432.e18ce739cf4e.13621.0,train/entropy,600,1776128987.6179347,0.48099571466445923,scalar
events.out.tfevents.1776098432.e18ce739cf4e.13621.0,train/entropy,605,1776129264.3303354,0.5030435919761658,scalar
events.out.tfevents.1776098432.e18ce739cf4e.13621.0,train/entropy,610,1776129512.296955,0.474905401468277,scalar
events.out.tfevents.1776098432.e18ce739cf4e.13621.0,train/entropy,615,1776129795.6770997,0.48572373390197754,scalar
events.out.tfevents.1776098432.e18ce739cf4e.13621.0,train/entropy,620,1776130044.2992947,0.48416221141815186,scalar
events.out.tfevents.1776098432.e18ce739cf4e.13621.0,train/entropy,625,1776130301.7018156,0.49560633301734924,scalar
events.out.tfevents.1776098432.e18ce739cf4e.13621.0,train/entropy,630,1776130550.048643,0.482735812664032,scalar
events.out.tfevents.1776098432.e18ce739cf4e.13621.0,train/entropy,635,1776130805.22778,0.48383399844169617,scalar
events.out.tfevents.1776098432.e18ce739cf4e.13621.0,train/entropy,640,1776131053.7156584,0.4852777123451233,scalar
events.out.tfevents.1776098432.e18ce739cf4e.13621.0,train/entropy,645,1776131311.003822,0.4960288405418396,scalar
events.out.tfevents.1776098432.e18ce739cf4e.13621.0,train/entropy,650,1776131554.3337553,0.4904206693172455,scalar
events.out.tfevents.1776098432.e18ce739cf4e.13621.0,train/entropy,655,1776131816.285757,0.4871385991573334,scalar
events.out.tfevents.1776098432.e18ce739cf4e.13621.0,train/entropy,660,1776132064.9201076,0.48633623123168945,scalar
events.out.tfevents.1776098432.e18ce739cf4e.13621.0,train/entropy,665,1776132313.3747087,0.4728560447692871,scalar
events.out.tfevents.1776098432.e18ce739cf4e.13621.0,train/entropy,670,1776132553.1487818,0.45886385440826416,scalar
events.out.tfevents.1776098432.e18ce739cf4e.13621.0,train/entropy,675,1776132802.6413486,0.46461358666419983,scalar
events.out.tfevents.1776098432.e18ce739cf4e.13621.0,train/entropy,680,1776133045.8845203,0.46447426080703735,scalar
events.out.tfevents.1776098432.e18ce739cf4e.13621.0,train/entropy,685,1776133317.1081183,0.48391810059547424,scalar
events.out.tfevents.1776098432.e18ce739cf4e.13621.0,train/entropy,690,1776133548.5070705,0.4791492223739624,scalar
events.out.tfevents.1776098432.e18ce739cf4e.13621.0,train/entropy,695,1776133821.2743104,0.4871581494808197,scalar
events.out.tfevents.1776098432.e18ce739cf4e.13621.0,train/entropy,700,1776134066.191939,0.487395703792572,scalar
events.out.tfevents.1776098432.e18ce739cf4e.13621.0,train/entropy,705,1776134363.8375762,0.49141788482666016,scalar
events.out.tfevents.1776098432.e18ce739cf4e.13621.0,train/entropy,710,1776134608.8139849,0.49088913202285767,scalar
events.out.tfevents.1776098432.e18ce739cf4e.13621.0,train/entropy,715,1776134866.8530219,0.4885447025299072,scalar
events.out.tfevents.1776098432.e18ce739cf4e.13621.0,train/entropy,720,1776135106.8144128,0.4942580759525299,scalar
events.out.tfevents.1776098432.e18ce739cf4e.13621.0,train/entropy,725,1776135363.006342,0.4814937710762024,scalar
events.out.tfevents.1776098432.e18ce739cf4e.13621.0,train/entropy,730,1776135589.2801719,0.48409053683280945,scalar
events.out.tfevents.1776098432.e18ce739cf4e.13621.0,train/entropy,735,1776135862.8364673,0.4813441038131714,scalar
events.out.tfevents.1776098432.e18ce739cf4e.13621.0,train/entropy,740,1776136101.1614866,0.48051393032073975,scalar
events.out.tfevents.1776098432.e18ce739cf4e.13621.0,train/entropy,745,1776136363.3703852,0.4838387072086334,scalar
events.out.tfevents.1776098432.e18ce739cf4e.13621.0,train/entropy,750,1776136602.2884526,0.4776912331581116,scalar
events.out.tfevents.1776098432.e18ce739cf4e.13621.0,train/entropy,755,1776136866.7714186,0.4832054674625397,scalar
events.out.tfevents.1776098432.e18ce739cf4e.13621.0,train/entropy,760,1776137110.414743,0.48631563782691956,scalar
events.out.tfevents.1776098432.e18ce739cf4e.13621.0,train/entropy,765,1776137378.4381268,0.4799162447452545,scalar
events.out.tfevents.1776098432.e18ce739cf4e.13621.0,train/entropy,770,1776137609.866649,0.4883916676044464,scalar
events.out.tfevents.1776098432.e18ce739cf4e.13621.0,train/entropy,775,1776137866.0917604,0.4858587384223938,scalar
events.out.tfevents.1776098432.e18ce739cf4e.13621.0,train/entropy,780,1776138144.5913413,0.47393685579299927,scalar
events.out.tfevents.1776098432.e18ce739cf4e.13621.0,train/entropy,785,1776138415.437496,0.483163446187973,scalar
events.out.tfevents.1776098432.e18ce739cf4e.13621.0,train/entropy,790,1776138646.6394348,0.4898117184638977,scalar
events.out.tfevents.1776098432.e18ce739cf4e.13621.0,train/entropy,795,1776138906.881461,0.49170559644699097,scalar
events.out.tfevents.1776098432.e18ce739cf4e.13621.0,train/entropy,800,1776139137.1348858,0.5022535920143127,scalar
events.out.tfevents.1776098432.e18ce739cf4e.13621.0,train/entropy,805,1776139423.3895118,0.486579567193985,scalar
events.out.tfevents.1776098432.e18ce739cf4e.13621.0,train/entropy,810,1776139661.6681547,0.49441009759902954,scalar
events.out.tfevents.1776098432.e18ce739cf4e.13621.0,train/entropy,815,1776139909.5322087,0.49015873670578003,scalar
events.out.tfevents.1776098432.e18ce739cf4e.13621.0,train/entropy,820,1776140170.2861545,0.4782972037792206,scalar
events.out.tfevents.1776098432.e18ce739cf4e.13621.0,train/entropy,825,1776140432.6946864,0.47104862332344055,scalar
events.out.tfevents.1776098432.e18ce739cf4e.13621.0,train/entropy,830,1776140683.8493516,0.4616936147212982,scalar
events.out.tfevents.1776098432.e18ce739cf4e.13621.0,train/entropy,835,1776140981.3867295,0.4872397184371948,scalar
events.out.tfevents.1776098432.e18ce739cf4e.13621.0,train/entropy,840,1776141228.3917363,0.4931691586971283,scalar
events.out.tfevents.1776098432.e18ce739cf4e.13621.0,train/entropy,845,1776141497.9588456,0.4878234267234802,scalar
events.out.tfevents.1776098432.e18ce739cf4e.13621.0,train/entropy,850,1776141726.240324,0.48690474033355713,scalar
events.out.tfevents.1776098432.e18ce739cf4e.13621.0,train/entropy,855,1776142047.5384676,0.4919375777244568,scalar
events.out.tfevents.1776098432.e18ce739cf4e.13621.0,train/entropy,860,1776142277.718715,0.4925799071788788,scalar
events.out.tfevents.1776098432.e18ce739cf4e.13621.0,train/entropy,865,1776142534.0721881,0.48276346921920776,scalar
events.out.tfevents.1776098432.e18ce739cf4e.13621.0,train/entropy,870,1776142757.864976,0.4821219742298126,scalar
events.out.tfevents.1776098432.e18ce739cf4e.13621.0,train/entropy,875,1776143009.5390124,0.47586432099342346,scalar
events.out.tfevents.1776098432.e18ce739cf4e.13621.0,train/entropy,880,1776143250.9125185,0.4764776825904846,scalar
events.out.tfevents.1776098432.e18ce739cf4e.13621.0,train/entropy,885,1776143534.616833,0.47213447093963623,scalar
events.out.tfevents.1776098432.e18ce739cf4e.13621.0,train/entropy,890,1776143786.293736,0.4701641798019409,scalar
events.out.tfevents.1776098432.e18ce739cf4e.13621.0,train/entropy,895,1776144055.0223596,0.474258154630661,scalar
events.out.tfevents.1776098432.e18ce739cf4e.13621.0,train/entropy,900,1776144296.2501328,0.47032827138900757,scalar
events.out.tfevents.1776098432.e18ce739cf4e.13621.0,train/entropy,905,1776144567.813278,0.4653376340866089,scalar
events.out.tfevents.1776098432.e18ce739cf4e.13621.0,train/entropy,910,1776144810.2605698,0.46605417132377625,scalar
events.out.tfevents.1776098432.e18ce739cf4e.13621.0,train/entropy,915,1776145078.9345355,0.46444761753082275,scalar
events.out.tfevents.1776098432.e18ce739cf4e.13621.0,train/entropy,920,1776145330.6675115,0.4690931737422943,scalar
events.out.tfevents.1776098432.e18ce739cf4e.13621.0,train/entropy,925,1776145591.857849,0.47838109731674194,scalar
events.out.tfevents.1776098432.e18ce739cf4e.13621.0,train/entropy,930,1776145834.479382,0.4696148931980133,scalar
events.out.tfevents.1776098432.e18ce739cf4e.13621.0,train/entropy,935,1776146105.1102486,0.47855308651924133,scalar
events.out.tfevents.1776098432.e18ce739cf4e.13621.0,train/entropy,940,1776146351.5741777,0.479192852973938,scalar
events.out.tfevents.1776098432.e18ce739cf4e.13621.0,train/entropy,945,1776146630.1905718,0.48799610137939453,scalar
events.out.tfevents.1776098432.e18ce739cf4e.13621.0,train/entropy,950,1776146885.1190035,0.48726534843444824,scalar
events.out.tfevents.1776098432.e18ce739cf4e.13621.0,train/entropy,955,1776147148.488165,0.4901295602321625,scalar
events.out.tfevents.1776098432.e18ce739cf4e.13621.0,train/entropy,960,1776147370.8625922,0.48539552092552185,scalar
events.out.tfevents.1776098432.e18ce739cf4e.13621.0,train/entropy,965,1776147632.7344198,0.47525835037231445,scalar
events.out.tfevents.1776098432.e18ce739cf4e.13621.0,train/entropy,970,1776147891.2215195,0.47960054874420166,scalar
events.out.tfevents.1776098432.e18ce739cf4e.13621.0,train/entropy,975,1776148156.2640076,0.48111534118652344,scalar
events.out.tfevents.1776098432.e18ce739cf4e.13621.0,train/entropy,980,1776148387.0092168,0.4861510097980499,scalar
events.out.tfevents.1776098432.e18ce739cf4e.13621.0,train/entropy,985,1776148660.2821994,0.4808717966079712,scalar
events.out.tfevents.1776098432.e18ce739cf4e.13621.0,train/entropy,990,1776148893.7312055,0.474609911441803,scalar
events.out.tfevents.1776098432.e18ce739cf4e.13621.0,train/entropy,995,1776149142.9776697,0.4771803021430969,scalar
events.out.tfevents.1776098432.e18ce739cf4e.13621.0,train/entropy,1000,1776149384.508,0.4771478772163391,scalar
events.out.tfevents.1776098432.e18ce739cf4e.13621.0,train/entropy,1005,1776149649.4326954,0.48066163063049316,scalar
events.out.tfevents.1776098432.e18ce739cf4e.13621.0,train/entropy,1010,1776149887.8395348,0.46563756465911865,scalar
events.out.tfevents.1776098432.e18ce739cf4e.13621.0,train/entropy,1015,1776150155.789242,0.4717836081981659,scalar
events.out.tfevents.1776098432.e18ce739cf4e.13621.0,train/entropy,1020,1776150412.5559068,0.46454089879989624,scalar
events.out.tfevents.1776098432.e18ce739cf4e.13621.0,train/entropy,1025,1776150676.4255686,0.46779149770736694,scalar
events.out.tfevents.1776098432.e18ce739cf4e.13621.0,train/entropy,1030,1776150928.701416,0.47476938366889954,scalar
events.out.tfevents.1776098432.e18ce739cf4e.13621.0,train/entropy,1035,1776151202.246463,0.4695800840854645,scalar
events.out.tfevents.1776098432.e18ce739cf4e.13621.0,train/entropy,1040,1776151455.6172717,0.47229498624801636,scalar
events.out.tfevents.1776098432.e18ce739cf4e.13621.0,train/entropy,1045,1776151716.572881,0.4638872742652893,scalar
events.out.tfevents.1776098432.e18ce739cf4e.13621.0,train/entropy,1050,1776151964.6633258,0.4686124920845032,scalar
events.out.tfevents.1776098432.e18ce739cf4e.13621.0,train/entropy,1055,1776152233.0591705,0.4712015390396118,scalar
events.out.tfevents.1776098432.e18ce739cf4e.13621.0,train/entropy,1060,1776152458.3634982,0.4692001938819885,scalar
events.out.tfevents.1776098432.e18ce739cf4e.13621.0,train/entropy,1065,1776152757.5264783,0.46976029872894287,scalar
events.out.tfevents.1776098432.e18ce739cf4e.13621.0,train/entropy,1070,1776152994.0768967,0.46583113074302673,scalar
events.out.tfevents.1776098432.e18ce739cf4e.13621.0,train/entropy,1075,1776153248.2336485,0.4629324972629547,scalar
events.out.tfevents.1776098432.e18ce739cf4e.13621.0,train/entropy,1080,1776153488.2799351,0.4583127498626709,scalar
events.out.tfevents.1776098432.e18ce739cf4e.13621.0,train/entropy,1085,1776153749.2182791,0.4519367516040802,scalar
events.out.tfevents.1776098432.e18ce739cf4e.13621.0,train/entropy,1090,1776154001.840126,0.45476454496383667,scalar
events.out.tfevents.1776098432.e18ce739cf4e.13621.0,train/entropy,1095,1776154274.3238873,0.45932623744010925,scalar
events.out.tfevents.1776098432.e18ce739cf4e.13621.0,train/entropy,1100,1776154519.107598,0.45480671525001526,scalar
events.out.tfevents.1776098432.e18ce739cf4e.13621.0,train/entropy,1105,1776154782.4195578,0.458894819021225,scalar
events.out.tfevents.1776098432.e18ce739cf4e.13621.0,train/entropy,1110,1776155020.7341888,0.46733155846595764,scalar
events.out.tfevents.1776098432.e18ce739cf4e.13621.0,train/entropy,1115,1776155308.2400696,0.4615783095359802,scalar
events.out.tfevents.1776098432.e18ce739cf4e.13621.0,train/entropy,1120,1776155572.7082005,0.4550149142742157,scalar
events.out.tfevents.1776098432.e18ce739cf4e.13621.0,train/entropy,1125,1776155837.3528442,0.459587961435318,scalar
events.out.tfevents.1776098432.e18ce739cf4e.13621.0,train/entropy,1130,1776156080.4765453,0.4562743008136749,scalar
events.out.tfevents.1776098432.e18ce739cf4e.13621.0,train/entropy,1135,1776156355.655196,0.4590432345867157,scalar
events.out.tfevents.1776098432.e18ce739cf4e.13621.0,train/entropy,1140,1776156598.3887773,0.45591405034065247,scalar
events.out.tfevents.1776098432.e18ce739cf4e.13621.0,train/entropy,1145,1776156861.6673422,0.4542355537414551,scalar
events.out.tfevents.1776098432.e18ce739cf4e.13621.0,train/entropy,1150,1776157103.2936082,0.4592529535293579,scalar
events.out.tfevents.1776098432.e18ce739cf4e.13621.0,train/entropy,1155,1776157365.2144537,0.45523908734321594,scalar
events.out.tfevents.1776098432.e18ce739cf4e.13621.0,train/entropy,1160,1776157621.111375,0.45788291096687317,scalar
events.out.tfevents.1776098432.e18ce739cf4e.13621.0,train/entropy,1165,1776157876.259205,0.465223491191864,scalar
events.out.tfevents.1776098432.e18ce739cf4e.13621.0,train/entropy,1170,1776158111.3158677,0.46473830938339233,scalar
events.out.tfevents.1776098432.e18ce739cf4e.13621.0,train/num_tokens,5,1776098684.0505917,137198.0,scalar
events.out.tfevents.1776098432.e18ce739cf4e.13621.0,train/num_tokens,10,1776098923.6901107,274388.0,scalar
events.out.tfevents.1776098432.e18ce739cf4e.13621.0,train/num_tokens,15,1776099184.9258916,411573.0,scalar
events.out.tfevents.1776098432.e18ce739cf4e.13621.0,train/num_tokens,20,1776099414.7564967,548761.0,scalar
events.out.tfevents.1776098432.e18ce739cf4e.13621.0,train/num_tokens,25,1776099699.9860325,685951.0,scalar
events.out.tfevents.1776098432.e18ce739cf4e.13621.0,train/num_tokens,30,1776099954.7652152,823136.0,scalar
events.out.tfevents.1776098432.e18ce739cf4e.13621.0,train/num_tokens,35,1776100251.2152934,960336.0,scalar
events.out.tfevents.1776098432.e18ce739cf4e.13621.0,train/num_tokens,40,1776100493.0025232,1097538.0,scalar
events.out.tfevents.1776098432.e18ce739cf4e.13621.0,train/num_tokens,45,1776100775.8368475,1234728.0,scalar
events.out.tfevents.1776098432.e18ce739cf4e.13621.0,train/num_tokens,50,1776101006.914571,1371918.0,scalar
events.out.tfevents.1776098432.e18ce739cf4e.13621.0,train/num_tokens,55,1776101286.0888028,1509104.0,scalar
events.out.tfevents.1776098432.e18ce739cf4e.13621.0,train/num_tokens,60,1776101527.6701427,1646311.0,scalar
events.out.tfevents.1776098432.e18ce739cf4e.13621.0,train/num_tokens,65,1776101785.529386,1783493.0,scalar
events.out.tfevents.1776098432.e18ce739cf4e.13621.0,train/num_tokens,70,1776102024.0902565,1920683.0,scalar
events.out.tfevents.1776098432.e18ce739cf4e.13621.0,train/num_tokens,75,1776102311.5175397,2057884.0,scalar
events.out.tfevents.1776098432.e18ce739cf4e.13621.0,train/num_tokens,80,1776102562.6898644,2195076.0,scalar
events.out.tfevents.1776098432.e18ce739cf4e.13621.0,train/num_tokens,85,1776102827.1077154,2332277.0,scalar
events.out.tfevents.1776098432.e18ce739cf4e.13621.0,train/num_tokens,90,1776103084.8205078,2469467.0,scalar
events.out.tfevents.1776098432.e18ce739cf4e.13621.0,train/num_tokens,95,1776103339.1537237,2606663.0,scalar
events.out.tfevents.1776098432.e18ce739cf4e.13621.0,train/num_tokens,100,1776103579.743685,2743860.0,scalar
events.out.tfevents.1776098432.e18ce739cf4e.13621.0,train/num_tokens,105,1776103858.9681578,2881066.0,scalar
events.out.tfevents.1776098432.e18ce739cf4e.13621.0,train/num_tokens,110,1776104090.269311,3018266.0,scalar
events.out.tfevents.1776098432.e18ce739cf4e.13621.0,train/num_tokens,115,1776104407.4865084,3155460.0,scalar
events.out.tfevents.1776098432.e18ce739cf4e.13621.0,train/num_tokens,120,1776104650.727033,3292649.0,scalar
events.out.tfevents.1776098432.e18ce739cf4e.13621.0,train/num_tokens,125,1776104968.9245021,3429848.0,scalar
events.out.tfevents.1776098432.e18ce739cf4e.13621.0,train/num_tokens,130,1776105207.1050675,3567055.0,scalar
events.out.tfevents.1776098432.e18ce739cf4e.13621.0,train/num_tokens,135,1776105478.298188,3704259.0,scalar
events.out.tfevents.1776098432.e18ce739cf4e.13621.0,train/num_tokens,140,1776105700.7650764,3841461.0,scalar
events.out.tfevents.1776098432.e18ce739cf4e.13621.0,train/num_tokens,145,1776105997.0606055,3978659.0,scalar
events.out.tfevents.1776098432.e18ce739cf4e.13621.0,train/num_tokens,150,1776106239.495783,4115856.0,scalar
events.out.tfevents.1776098432.e18ce739cf4e.13621.0,train/num_tokens,155,1776106496.823384,4253047.0,scalar
events.out.tfevents.1776098432.e18ce739cf4e.13621.0,train/num_tokens,160,1776106736.497569,4390242.0,scalar
events.out.tfevents.1776098432.e18ce739cf4e.13621.0,train/num_tokens,165,1776106991.3184793,4527440.0,scalar
events.out.tfevents.1776098432.e18ce739cf4e.13621.0,train/num_tokens,170,1776107222.5135367,4664648.0,scalar
events.out.tfevents.1776098432.e18ce739cf4e.13621.0,train/num_tokens,175,1776107481.0360606,4801847.0,scalar
events.out.tfevents.1776098432.e18ce739cf4e.13621.0,train/num_tokens,180,1776107725.2844613,4939040.0,scalar
events.out.tfevents.1776098432.e18ce739cf4e.13621.0,train/num_tokens,185,1776107995.141334,5076233.0,scalar
events.out.tfevents.1776098432.e18ce739cf4e.13621.0,train/num_tokens,190,1776108219.6839905,5213438.0,scalar
events.out.tfevents.1776098432.e18ce739cf4e.13621.0,train/num_tokens,195,1776108479.6312268,5350647.0,scalar
events.out.tfevents.1776098432.e18ce739cf4e.13621.0,train/num_tokens,200,1776108713.404212,5487838.0,scalar
events.out.tfevents.1776098432.e18ce739cf4e.13621.0,train/num_tokens,205,1776109006.446657,5625035.0,scalar
events.out.tfevents.1776098432.e18ce739cf4e.13621.0,train/num_tokens,210,1776109244.3096507,5762224.0,scalar
events.out.tfevents.1776098432.e18ce739cf4e.13621.0,train/num_tokens,215,1776109509.8542683,5899408.0,scalar
events.out.tfevents.1776098432.e18ce739cf4e.13621.0,train/num_tokens,220,1776109746.7020488,6036613.0,scalar
events.out.tfevents.1776098432.e18ce739cf4e.13621.0,train/num_tokens,225,1776110012.2332132,6173808.0,scalar
events.out.tfevents.1776098432.e18ce739cf4e.13621.0,train/num_tokens,230,1776110245.542654,6310999.0,scalar
events.out.tfevents.1776098432.e18ce739cf4e.13621.0,train/num_tokens,235,1776110505.6806388,6448197.0,scalar
events.out.tfevents.1776098432.e18ce739cf4e.13621.0,train/num_tokens,240,1776110750.9555585,6585381.0,scalar
events.out.tfevents.1776098432.e18ce739cf4e.13621.0,train/num_tokens,245,1776111014.8875074,6722573.0,scalar
events.out.tfevents.1776098432.e18ce739cf4e.13621.0,train/num_tokens,250,1776111247.8319209,6859758.0,scalar
events.out.tfevents.1776098432.e18ce739cf4e.13621.0,train/num_tokens,255,1776111505.80848,6996954.0,scalar
events.out.tfevents.1776098432.e18ce739cf4e.13621.0,train/num_tokens,260,1776111748.7425404,7134162.0,scalar
events.out.tfevents.1776098432.e18ce739cf4e.13621.0,train/num_tokens,265,1776112027.0639212,7271352.0,scalar
events.out.tfevents.1776098432.e18ce739cf4e.13621.0,train/num_tokens,270,1776112265.2240624,7408552.0,scalar
events.out.tfevents.1776098432.e18ce739cf4e.13621.0,train/num_tokens,275,1776112526.9699924,7545750.0,scalar
events.out.tfevents.1776098432.e18ce739cf4e.13621.0,train/num_tokens,280,1776112774.7303,7682953.0,scalar
events.out.tfevents.1776098432.e18ce739cf4e.13621.0,train/num_tokens,285,1776113039.7425213,7820155.0,scalar
events.out.tfevents.1776098432.e18ce739cf4e.13621.0,train/num_tokens,290,1776113277.3023655,7957347.0,scalar
events.out.tfevents.1776098432.e18ce739cf4e.13621.0,train/num_tokens,295,1776113549.583106,8094541.0,scalar
events.out.tfevents.1776098432.e18ce739cf4e.13621.0,train/num_tokens,300,1776113789.9376726,8231737.0,scalar
events.out.tfevents.1776098432.e18ce739cf4e.13621.0,train/num_tokens,305,1776114074.4597526,8368925.0,scalar
events.out.tfevents.1776098432.e18ce739cf4e.13621.0,train/num_tokens,310,1776114314.2219539,8506119.0,scalar
events.out.tfevents.1776098432.e18ce739cf4e.13621.0,train/num_tokens,315,1776114570.7455227,8643323.0,scalar
events.out.tfevents.1776098432.e18ce739cf4e.13621.0,train/num_tokens,320,1776114803.524159,8780516.0,scalar
events.out.tfevents.1776098432.e18ce739cf4e.13621.0,train/num_tokens,325,1776115058.3088684,8917716.0,scalar
events.out.tfevents.1776098432.e18ce739cf4e.13621.0,train/num_tokens,330,1776115287.8901408,9054915.0,scalar
events.out.tfevents.1776098432.e18ce739cf4e.13621.0,train/num_tokens,335,1776115550.185839,9192111.0,scalar
events.out.tfevents.1776098432.e18ce739cf4e.13621.0,train/num_tokens,340,1776115810.0745623,9329318.0,scalar
events.out.tfevents.1776098432.e18ce739cf4e.13621.0,train/num_tokens,345,1776116069.7717068,9466515.0,scalar
events.out.tfevents.1776098432.e18ce739cf4e.13621.0,train/num_tokens,350,1776116304.8311553,9603713.0,scalar
events.out.tfevents.1776098432.e18ce739cf4e.13621.0,train/num_tokens,355,1776116601.7208905,9740912.0,scalar
events.out.tfevents.1776098432.e18ce739cf4e.13621.0,train/num_tokens,360,1776116839.707128,9878090.0,scalar
events.out.tfevents.1776098432.e18ce739cf4e.13621.0,train/num_tokens,365,1776117098.2825336,10015292.0,scalar
events.out.tfevents.1776098432.e18ce739cf4e.13621.0,train/num_tokens,370,1776117342.4173691,10152493.0,scalar
events.out.tfevents.1776098432.e18ce739cf4e.13621.0,train/num_tokens,375,1776117607.0774276,10289691.0,scalar
events.out.tfevents.1776098432.e18ce739cf4e.13621.0,train/num_tokens,380,1776117838.631892,10426889.0,scalar
events.out.tfevents.1776098432.e18ce739cf4e.13621.0,train/num_tokens,385,1776118098.003658,10564089.0,scalar
events.out.tfevents.1776098432.e18ce739cf4e.13621.0,train/num_tokens,390,1776118324.5020618,10701282.0,scalar
events.out.tfevents.1776098432.e18ce739cf4e.13621.0,train/num_tokens,395,1776118606.1825953,10838475.0,scalar
events.out.tfevents.1776098432.e18ce739cf4e.13621.0,train/num_tokens,400,1776118838.1744635,10975661.0,scalar
events.out.tfevents.1776098432.e18ce739cf4e.13621.0,train/num_tokens,405,1776119121.4834957,11112865.0,scalar
events.out.tfevents.1776098432.e18ce739cf4e.13621.0,train/num_tokens,410,1776119354.9388804,11250069.0,scalar
events.out.tfevents.1776098432.e18ce739cf4e.13621.0,train/num_tokens,415,1776119602.7567034,11387269.0,scalar
events.out.tfevents.1776098432.e18ce739cf4e.13621.0,train/num_tokens,420,1776119836.6527689,11524459.0,scalar
events.out.tfevents.1776098432.e18ce739cf4e.13621.0,train/num_tokens,425,1776120091.1022987,11661656.0,scalar
events.out.tfevents.1776098432.e18ce739cf4e.13621.0,train/num_tokens,430,1776120321.0868351,11798859.0,scalar
events.out.tfevents.1776098432.e18ce739cf4e.13621.0,train/num_tokens,435,1776120585.1815588,11936055.0,scalar
events.out.tfevents.1776098432.e18ce739cf4e.13621.0,train/num_tokens,440,1776120813.4808729,12073261.0,scalar
events.out.tfevents.1776098432.e18ce739cf4e.13621.0,train/num_tokens,445,1776121079.8426418,12210460.0,scalar
events.out.tfevents.1776098432.e18ce739cf4e.13621.0,train/num_tokens,450,1776121326.6897094,12347659.0,scalar
events.out.tfevents.1776098432.e18ce739cf4e.13621.0,train/num_tokens,455,1776121632.241851,12484836.0,scalar
events.out.tfevents.1776098432.e18ce739cf4e.13621.0,train/num_tokens,460,1776121868.031824,12622033.0,scalar
events.out.tfevents.1776098432.e18ce739cf4e.13621.0,train/num_tokens,465,1776122156.6492095,12759231.0,scalar
events.out.tfevents.1776098432.e18ce739cf4e.13621.0,train/num_tokens,470,1776122397.5065417,12896426.0,scalar
events.out.tfevents.1776098432.e18ce739cf4e.13621.0,train/num_tokens,475,1776122674.3629515,13033618.0,scalar
events.out.tfevents.1776098432.e18ce739cf4e.13621.0,train/num_tokens,480,1776122907.677893,13170810.0,scalar
events.out.tfevents.1776098432.e18ce739cf4e.13621.0,train/num_tokens,485,1776123164.189677,13308003.0,scalar
events.out.tfevents.1776098432.e18ce739cf4e.13621.0,train/num_tokens,490,1776123404.4827888,13445208.0,scalar
events.out.tfevents.1776098432.e18ce739cf4e.13621.0,train/num_tokens,495,1776123661.704754,13582407.0,scalar
events.out.tfevents.1776098432.e18ce739cf4e.13621.0,train/num_tokens,500,1776123916.9321544,13719601.0,scalar
events.out.tfevents.1776098432.e18ce739cf4e.13621.0,train/num_tokens,505,1776124167.4651232,13856795.0,scalar
events.out.tfevents.1776098432.e18ce739cf4e.13621.0,train/num_tokens,510,1776124412.7522485,13993994.0,scalar
events.out.tfevents.1776098432.e18ce739cf4e.13621.0,train/num_tokens,515,1776124683.3616116,14131189.0,scalar
events.out.tfevents.1776098432.e18ce739cf4e.13621.0,train/num_tokens,520,1776124924.54938,14247807.0,scalar
events.out.tfevents.1776098432.e18ce739cf4e.13621.0,train/num_tokens,525,1776125191.8497212,14385006.0,scalar
events.out.tfevents.1776098432.e18ce739cf4e.13621.0,train/num_tokens,530,1776125433.560778,14522196.0,scalar
events.out.tfevents.1776098432.e18ce739cf4e.13621.0,train/num_tokens,535,1776125704.6266243,14659393.0,scalar
events.out.tfevents.1776098432.e18ce739cf4e.13621.0,train/num_tokens,540,1776125941.3829045,14796589.0,scalar
events.out.tfevents.1776098432.e18ce739cf4e.13621.0,train/num_tokens,545,1776126219.6835427,14933773.0,scalar
events.out.tfevents.1776098432.e18ce739cf4e.13621.0,train/num_tokens,550,1776126466.9733021,15070971.0,scalar
events.out.tfevents.1776098432.e18ce739cf4e.13621.0,train/num_tokens,555,1776126731.0251248,15208164.0,scalar
events.out.tfevents.1776098432.e18ce739cf4e.13621.0,train/num_tokens,560,1776126993.64062,15345363.0,scalar
events.out.tfevents.1776098432.e18ce739cf4e.13621.0,train/num_tokens,565,1776127252.3978353,15482557.0,scalar
events.out.tfevents.1776098432.e18ce739cf4e.13621.0,train/num_tokens,570,1776127477.1599672,15619740.0,scalar
events.out.tfevents.1776098432.e18ce739cf4e.13621.0,train/num_tokens,575,1776127745.8513134,15756941.0,scalar
events.out.tfevents.1776098432.e18ce739cf4e.13621.0,train/num_tokens,580,1776127988.9802325,15894142.0,scalar
events.out.tfevents.1776098432.e18ce739cf4e.13621.0,train/num_tokens,585,1776128245.1673987,16031327.0,scalar
events.out.tfevents.1776098432.e18ce739cf4e.13621.0,train/num_tokens,590,1776128481.8414562,16168518.0,scalar
events.out.tfevents.1776098432.e18ce739cf4e.13621.0,train/num_tokens,595,1776128746.972317,16305714.0,scalar
events.out.tfevents.1776098432.e18ce739cf4e.13621.0,train/num_tokens,600,1776128987.617946,16442926.0,scalar
events.out.tfevents.1776098432.e18ce739cf4e.13621.0,train/num_tokens,605,1776129264.3303468,16580114.0,scalar
events.out.tfevents.1776098432.e18ce739cf4e.13621.0,train/num_tokens,610,1776129512.2969658,16717312.0,scalar
events.out.tfevents.1776098432.e18ce739cf4e.13621.0,train/num_tokens,615,1776129795.6771126,16854510.0,scalar
events.out.tfevents.1776098432.e18ce739cf4e.13621.0,train/num_tokens,620,1776130044.299306,16991710.0,scalar
events.out.tfevents.1776098432.e18ce739cf4e.13621.0,train/num_tokens,625,1776130301.7018268,17128900.0,scalar
events.out.tfevents.1776098432.e18ce739cf4e.13621.0,train/num_tokens,630,1776130550.048662,17266094.0,scalar
events.out.tfevents.1776098432.e18ce739cf4e.13621.0,train/num_tokens,635,1776130805.227792,17403304.0,scalar
events.out.tfevents.1776098432.e18ce739cf4e.13621.0,train/num_tokens,640,1776131053.7156773,17540496.0,scalar
events.out.tfevents.1776098432.e18ce739cf4e.13621.0,train/num_tokens,645,1776131311.0038364,17677692.0,scalar
events.out.tfevents.1776098432.e18ce739cf4e.13621.0,train/num_tokens,650,1776131554.3337662,17814892.0,scalar
events.out.tfevents.1776098432.e18ce739cf4e.13621.0,train/num_tokens,655,1776131816.285768,17952084.0,scalar
events.out.tfevents.1776098432.e18ce739cf4e.13621.0,train/num_tokens,660,1776132064.9201188,18089280.0,scalar
events.out.tfevents.1776098432.e18ce739cf4e.13621.0,train/num_tokens,665,1776132313.3747203,18226492.0,scalar
events.out.tfevents.1776098432.e18ce739cf4e.13621.0,train/num_tokens,670,1776132553.148794,18363692.0,scalar
events.out.tfevents.1776098432.e18ce739cf4e.13621.0,train/num_tokens,675,1776132802.6413596,18500886.0,scalar
events.out.tfevents.1776098432.e18ce739cf4e.13621.0,train/num_tokens,680,1776133045.8845317,18638088.0,scalar
events.out.tfevents.1776098432.e18ce739cf4e.13621.0,train/num_tokens,685,1776133317.1081295,18775280.0,scalar
events.out.tfevents.1776098432.e18ce739cf4e.13621.0,train/num_tokens,690,1776133548.5070817,18912476.0,scalar
events.out.tfevents.1776098432.e18ce739cf4e.13621.0,train/num_tokens,695,1776133821.2743213,19049664.0,scalar
events.out.tfevents.1776098432.e18ce739cf4e.13621.0,train/num_tokens,700,1776134066.1919506,19186864.0,scalar
events.out.tfevents.1776098432.e18ce739cf4e.13621.0,train/num_tokens,705,1776134363.837587,19324068.0,scalar
events.out.tfevents.1776098432.e18ce739cf4e.13621.0,train/num_tokens,710,1776134608.813996,19461260.0,scalar
events.out.tfevents.1776098432.e18ce739cf4e.13621.0,train/num_tokens,715,1776134866.8530335,19598444.0,scalar
events.out.tfevents.1776098432.e18ce739cf4e.13621.0,train/num_tokens,720,1776135106.8144245,19735640.0,scalar
events.out.tfevents.1776098432.e18ce739cf4e.13621.0,train/num_tokens,725,1776135363.0063531,19872840.0,scalar
events.out.tfevents.1776098432.e18ce739cf4e.13621.0,train/num_tokens,730,1776135589.280183,20010044.0,scalar
events.out.tfevents.1776098432.e18ce739cf4e.13621.0,train/num_tokens,735,1776135862.8364787,20147240.0,scalar
events.out.tfevents.1776098432.e18ce739cf4e.13621.0,train/num_tokens,740,1776136101.1614976,20284432.0,scalar
events.out.tfevents.1776098432.e18ce739cf4e.13621.0,train/num_tokens,745,1776136363.3703966,20421628.0,scalar
events.out.tfevents.1776098432.e18ce739cf4e.13621.0,train/num_tokens,750,1776136602.2884643,20558832.0,scalar
events.out.tfevents.1776098432.e18ce739cf4e.13621.0,train/num_tokens,755,1776136866.7714298,20696034.0,scalar
events.out.tfevents.1776098432.e18ce739cf4e.13621.0,train/num_tokens,760,1776137110.4147546,20833224.0,scalar
events.out.tfevents.1776098432.e18ce739cf4e.13621.0,train/num_tokens,765,1776137378.4381385,20970424.0,scalar
events.out.tfevents.1776098432.e18ce739cf4e.13621.0,train/num_tokens,770,1776137609.8666599,21107604.0,scalar
events.out.tfevents.1776098432.e18ce739cf4e.13621.0,train/num_tokens,775,1776137866.0917718,21244796.0,scalar
events.out.tfevents.1776098432.e18ce739cf4e.13621.0,train/num_tokens,780,1776138144.5913525,21381992.0,scalar
events.out.tfevents.1776098432.e18ce739cf4e.13621.0,train/num_tokens,785,1776138415.4375076,21519184.0,scalar
events.out.tfevents.1776098432.e18ce739cf4e.13621.0,train/num_tokens,790,1776138646.6394465,21656368.0,scalar
events.out.tfevents.1776098432.e18ce739cf4e.13621.0,train/num_tokens,795,1776138906.8814728,21793556.0,scalar
events.out.tfevents.1776098432.e18ce739cf4e.13621.0,train/num_tokens,800,1776139137.1349037,21930752.0,scalar
events.out.tfevents.1776098432.e18ce739cf4e.13621.0,train/num_tokens,805,1776139423.389523,22067952.0,scalar
events.out.tfevents.1776098432.e18ce739cf4e.13621.0,train/num_tokens,810,1776139661.6681664,22205148.0,scalar
events.out.tfevents.1776098432.e18ce739cf4e.13621.0,train/num_tokens,815,1776139909.53222,22342346.0,scalar
events.out.tfevents.1776098432.e18ce739cf4e.13621.0,train/num_tokens,820,1776140170.2861662,22479534.0,scalar
events.out.tfevents.1776098432.e18ce739cf4e.13621.0,train/num_tokens,825,1776140432.6946983,22616736.0,scalar
events.out.tfevents.1776098432.e18ce739cf4e.13621.0,train/num_tokens,830,1776140683.8493638,22753940.0,scalar
events.out.tfevents.1776098432.e18ce739cf4e.13621.0,train/num_tokens,835,1776140981.3867404,22891134.0,scalar
events.out.tfevents.1776098432.e18ce739cf4e.13621.0,train/num_tokens,840,1776141228.3917475,23028316.0,scalar
events.out.tfevents.1776098432.e18ce739cf4e.13621.0,train/num_tokens,845,1776141497.9588573,23165512.0,scalar
events.out.tfevents.1776098432.e18ce739cf4e.13621.0,train/num_tokens,850,1776141726.2403355,23302708.0,scalar
events.out.tfevents.1776098432.e18ce739cf4e.13621.0,train/num_tokens,855,1776142047.538479,23439914.0,scalar
events.out.tfevents.1776098432.e18ce739cf4e.13621.0,train/num_tokens,860,1776142277.7187262,23577118.0,scalar
events.out.tfevents.1776098432.e18ce739cf4e.13621.0,train/num_tokens,865,1776142534.0721996,23714312.0,scalar
events.out.tfevents.1776098432.e18ce739cf4e.13621.0,train/num_tokens,870,1776142757.8649871,23851510.0,scalar
events.out.tfevents.1776098432.e18ce739cf4e.13621.0,train/num_tokens,875,1776143009.5390236,23988704.0,scalar
events.out.tfevents.1776098432.e18ce739cf4e.13621.0,train/num_tokens,880,1776143250.91253,24125896.0,scalar
events.out.tfevents.1776098432.e18ce739cf4e.13621.0,train/num_tokens,885,1776143534.6168447,24263104.0,scalar
events.out.tfevents.1776098432.e18ce739cf4e.13621.0,train/num_tokens,890,1776143786.2937534,24400300.0,scalar
events.out.tfevents.1776098432.e18ce739cf4e.13621.0,train/num_tokens,895,1776144055.0223696,24537512.0,scalar
events.out.tfevents.1776098432.e18ce739cf4e.13621.0,train/num_tokens,900,1776144296.2501438,24674712.0,scalar
events.out.tfevents.1776098432.e18ce739cf4e.13621.0,train/num_tokens,905,1776144567.8132892,24811900.0,scalar
events.out.tfevents.1776098432.e18ce739cf4e.13621.0,train/num_tokens,910,1776144810.2605822,24949088.0,scalar
events.out.tfevents.1776098432.e18ce739cf4e.13621.0,train/num_tokens,915,1776145078.9345508,25086284.0,scalar
events.out.tfevents.1776098432.e18ce739cf4e.13621.0,train/num_tokens,920,1776145330.6675231,25223484.0,scalar
events.out.tfevents.1776098432.e18ce739cf4e.13621.0,train/num_tokens,925,1776145591.85786,25360662.0,scalar
events.out.tfevents.1776098432.e18ce739cf4e.13621.0,train/num_tokens,930,1776145834.4793937,25497856.0,scalar
events.out.tfevents.1776098432.e18ce739cf4e.13621.0,train/num_tokens,935,1776146105.11026,25635052.0,scalar
events.out.tfevents.1776098432.e18ce739cf4e.13621.0,train/num_tokens,940,1776146351.5741894,25772264.0,scalar
events.out.tfevents.1776098432.e18ce739cf4e.13621.0,train/num_tokens,945,1776146630.1905894,25909460.0,scalar
events.out.tfevents.1776098432.e18ce739cf4e.13621.0,train/num_tokens,950,1776146885.1190152,26046656.0,scalar
events.out.tfevents.1776098432.e18ce739cf4e.13621.0,train/num_tokens,955,1776147148.4881759,26183856.0,scalar
events.out.tfevents.1776098432.e18ce739cf4e.13621.0,train/num_tokens,960,1776147370.8626037,26321048.0,scalar
events.out.tfevents.1776098432.e18ce739cf4e.13621.0,train/num_tokens,965,1776147632.7344375,26458248.0,scalar
events.out.tfevents.1776098432.e18ce739cf4e.13621.0,train/num_tokens,970,1776147891.2215304,26595438.0,scalar
events.out.tfevents.1776098432.e18ce739cf4e.13621.0,train/num_tokens,975,1776148156.2640185,26732632.0,scalar
events.out.tfevents.1776098432.e18ce739cf4e.13621.0,train/num_tokens,980,1776148387.0092287,26869812.0,scalar
events.out.tfevents.1776098432.e18ce739cf4e.13621.0,train/num_tokens,985,1776148660.282211,27007008.0,scalar
events.out.tfevents.1776098432.e18ce739cf4e.13621.0,train/num_tokens,990,1776148893.7312174,27144200.0,scalar
events.out.tfevents.1776098432.e18ce739cf4e.13621.0,train/num_tokens,995,1776149142.9776852,27281400.0,scalar
events.out.tfevents.1776098432.e18ce739cf4e.13621.0,train/num_tokens,1000,1776149384.508011,27418604.0,scalar
events.out.tfevents.1776098432.e18ce739cf4e.13621.0,train/num_tokens,1005,1776149649.4327075,27555796.0,scalar
events.out.tfevents.1776098432.e18ce739cf4e.13621.0,train/num_tokens,1010,1776149887.8395467,27692984.0,scalar
events.out.tfevents.1776098432.e18ce739cf4e.13621.0,train/num_tokens,1015,1776150155.7892528,27830186.0,scalar
events.out.tfevents.1776098432.e18ce739cf4e.13621.0,train/num_tokens,1020,1776150412.5559187,27967390.0,scalar
events.out.tfevents.1776098432.e18ce739cf4e.13621.0,train/num_tokens,1025,1776150676.42558,28104596.0,scalar
events.out.tfevents.1776098432.e18ce739cf4e.13621.0,train/num_tokens,1030,1776150928.7014272,28241790.0,scalar
events.out.tfevents.1776098432.e18ce739cf4e.13621.0,train/num_tokens,1035,1776151202.2464743,28358410.0,scalar
events.out.tfevents.1776098432.e18ce739cf4e.13621.0,train/num_tokens,1040,1776151455.6172838,28495608.0,scalar
events.out.tfevents.1776098432.e18ce739cf4e.13621.0,train/num_tokens,1045,1776151716.5728915,28632798.0,scalar
events.out.tfevents.1776098432.e18ce739cf4e.13621.0,train/num_tokens,1050,1776151964.6633368,28769992.0,scalar
events.out.tfevents.1776098432.e18ce739cf4e.13621.0,train/num_tokens,1055,1776152233.0591877,28907186.0,scalar
events.out.tfevents.1776098432.e18ce739cf4e.13621.0,train/num_tokens,1060,1776152458.3635101,29044376.0,scalar
events.out.tfevents.1776098432.e18ce739cf4e.13621.0,train/num_tokens,1065,1776152757.5264907,29181564.0,scalar
events.out.tfevents.1776098432.e18ce739cf4e.13621.0,train/num_tokens,1070,1776152994.0769098,29318756.0,scalar
events.out.tfevents.1776098432.e18ce739cf4e.13621.0,train/num_tokens,1075,1776153248.23366,29455952.0,scalar
events.out.tfevents.1776098432.e18ce739cf4e.13621.0,train/num_tokens,1080,1776153488.2799463,29593148.0,scalar
events.out.tfevents.1776098432.e18ce739cf4e.13621.0,train/num_tokens,1085,1776153749.2182908,29730336.0,scalar
events.out.tfevents.1776098432.e18ce739cf4e.13621.0,train/num_tokens,1090,1776154001.8401418,29867540.0,scalar
events.out.tfevents.1776098432.e18ce739cf4e.13621.0,train/num_tokens,1095,1776154274.3238988,30004740.0,scalar
events.out.tfevents.1776098432.e18ce739cf4e.13621.0,train/num_tokens,1100,1776154519.107609,30141930.0,scalar
events.out.tfevents.1776098432.e18ce739cf4e.13621.0,train/num_tokens,1105,1776154782.4195693,30279118.0,scalar
events.out.tfevents.1776098432.e18ce739cf4e.13621.0,train/num_tokens,1110,1776155020.7342002,30416308.0,scalar
events.out.tfevents.1776098432.e18ce739cf4e.13621.0,train/num_tokens,1115,1776155308.24008,30553504.0,scalar
events.out.tfevents.1776098432.e18ce739cf4e.13621.0,train/num_tokens,1120,1776155572.7082114,30690702.0,scalar
events.out.tfevents.1776098432.e18ce739cf4e.13621.0,train/num_tokens,1125,1776155837.352856,30827896.0,scalar
events.out.tfevents.1776098432.e18ce739cf4e.13621.0,train/num_tokens,1130,1776156080.476557,30965100.0,scalar
events.out.tfevents.1776098432.e18ce739cf4e.13621.0,train/num_tokens,1135,1776156355.6552079,31102294.0,scalar
events.out.tfevents.1776098432.e18ce739cf4e.13621.0,train/num_tokens,1140,1776156598.3887928,31239498.0,scalar
events.out.tfevents.1776098432.e18ce739cf4e.13621.0,train/num_tokens,1145,1776156861.6673539,31376696.0,scalar
events.out.tfevents.1776098432.e18ce739cf4e.13621.0,train/num_tokens,1150,1776157103.2936194,31513892.0,scalar
events.out.tfevents.1776098432.e18ce739cf4e.13621.0,train/num_tokens,1155,1776157365.2144656,31651084.0,scalar
events.out.tfevents.1776098432.e18ce739cf4e.13621.0,train/num_tokens,1160,1776157621.1113863,31788282.0,scalar
events.out.tfevents.1776098432.e18ce739cf4e.13621.0,train/num_tokens,1165,1776157876.2592163,31925474.0,scalar
events.out.tfevents.1776098432.e18ce739cf4e.13621.0,train/num_tokens,1170,1776158111.315885,32062664.0,scalar
events.out.tfevents.1776098432.e18ce739cf4e.13621.0,train/mean_token_accuracy,5,1776098684.0506032,0.6290434002876282,scalar
events.out.tfevents.1776098432.e18ce739cf4e.13621.0,train/mean_token_accuracy,10,1776098923.6901312,0.6290879249572754,scalar
events.out.tfevents.1776098432.e18ce739cf4e.13621.0,train/mean_token_accuracy,15,1776099184.925904,0.6424149870872498,scalar
events.out.tfevents.1776098432.e18ce739cf4e.13621.0,train/mean_token_accuracy,20,1776099414.7565072,0.675198495388031,scalar
events.out.tfevents.1776098432.e18ce739cf4e.13621.0,train/mean_token_accuracy,25,1776099699.9860435,0.7440816164016724,scalar
events.out.tfevents.1776098432.e18ce739cf4e.13621.0,train/mean_token_accuracy,30,1776099954.7652268,0.8070778250694275,scalar
events.out.tfevents.1776098432.e18ce739cf4e.13621.0,train/mean_token_accuracy,35,1776100251.2153046,0.8473188281059265,scalar
events.out.tfevents.1776098432.e18ce739cf4e.13621.0,train/mean_token_accuracy,40,1776100493.0025346,0.8623966574668884,scalar
events.out.tfevents.1776098432.e18ce739cf4e.13621.0,train/mean_token_accuracy,45,1776100775.8368585,0.8690854907035828,scalar
events.out.tfevents.1776098432.e18ce739cf4e.13621.0,train/mean_token_accuracy,50,1776101006.9145818,0.8736288547515869,scalar
events.out.tfevents.1776098432.e18ce739cf4e.13621.0,train/mean_token_accuracy,55,1776101286.088814,0.8777927756309509,scalar
events.out.tfevents.1776098432.e18ce739cf4e.13621.0,train/mean_token_accuracy,60,1776101527.670154,0.8797407746315002,scalar
events.out.tfevents.1776098432.e18ce739cf4e.13621.0,train/mean_token_accuracy,65,1776101785.529397,0.8818025588989258,scalar
events.out.tfevents.1776098432.e18ce739cf4e.13621.0,train/mean_token_accuracy,70,1776102024.0902672,0.8831276893615723,scalar
events.out.tfevents.1776098432.e18ce739cf4e.13621.0,train/mean_token_accuracy,75,1776102311.5175512,0.885204017162323,scalar
events.out.tfevents.1776098432.e18ce739cf4e.13621.0,train/mean_token_accuracy,80,1776102562.6898751,0.8848720192909241,scalar
events.out.tfevents.1776098432.e18ce739cf4e.13621.0,train/mean_token_accuracy,85,1776102827.107726,0.8906054496765137,scalar
events.out.tfevents.1776098432.e18ce739cf4e.13621.0,train/mean_token_accuracy,90,1776103084.8205185,0.8890609741210938,scalar
events.out.tfevents.1776098432.e18ce739cf4e.13621.0,train/mean_token_accuracy,95,1776103339.1537344,0.8902565836906433,scalar
events.out.tfevents.1776098432.e18ce739cf4e.13621.0,train/mean_token_accuracy,100,1776103579.743696,0.8918414115905762,scalar
events.out.tfevents.1776098432.e18ce739cf4e.13621.0,train/mean_token_accuracy,105,1776103858.9681685,0.8934994339942932,scalar
events.out.tfevents.1776098432.e18ce739cf4e.13621.0,train/mean_token_accuracy,110,1776104090.2693217,0.893159031867981,scalar
events.out.tfevents.1776098432.e18ce739cf4e.13621.0,train/mean_token_accuracy,115,1776104407.486522,0.8940402269363403,scalar
events.out.tfevents.1776098432.e18ce739cf4e.13621.0,train/mean_token_accuracy,120,1776104650.7270443,0.8937944173812866,scalar
events.out.tfevents.1776098432.e18ce739cf4e.13621.0,train/mean_token_accuracy,125,1776104968.9245126,0.8962449431419373,scalar
events.out.tfevents.1776098432.e18ce739cf4e.13621.0,train/mean_token_accuracy,130,1776105207.1050785,0.8949076533317566,scalar
events.out.tfevents.1776098432.e18ce739cf4e.13621.0,train/mean_token_accuracy,135,1776105478.298199,0.8954359889030457,scalar
events.out.tfevents.1776098432.e18ce739cf4e.13621.0,train/mean_token_accuracy,140,1776105700.7650995,0.895548939704895,scalar
events.out.tfevents.1776098432.e18ce739cf4e.13621.0,train/mean_token_accuracy,145,1776105997.060616,0.9010617136955261,scalar
events.out.tfevents.1776098432.e18ce739cf4e.13621.0,train/mean_token_accuracy,150,1776106239.495794,0.8960157036781311,scalar
events.out.tfevents.1776098432.e18ce739cf4e.13621.0,train/mean_token_accuracy,155,1776106496.823395,0.898561418056488,scalar
events.out.tfevents.1776098432.e18ce739cf4e.13621.0,train/mean_token_accuracy,160,1776106736.4975796,0.8996380567550659,scalar
events.out.tfevents.1776098432.e18ce739cf4e.13621.0,train/mean_token_accuracy,165,1776106991.3184905,0.8984758257865906,scalar
events.out.tfevents.1776098432.e18ce739cf4e.13621.0,train/mean_token_accuracy,170,1776107222.5135474,0.9014548659324646,scalar
events.out.tfevents.1776098432.e18ce739cf4e.13621.0,train/mean_token_accuracy,175,1776107481.0360708,0.9007675647735596,scalar
events.out.tfevents.1776098432.e18ce739cf4e.13621.0,train/mean_token_accuracy,180,1776107725.2844713,0.9002106785774231,scalar
events.out.tfevents.1776098432.e18ce739cf4e.13621.0,train/mean_token_accuracy,185,1776107995.1413472,0.8991879224777222,scalar
events.out.tfevents.1776098432.e18ce739cf4e.13621.0,train/mean_token_accuracy,190,1776108219.684001,0.9035062193870544,scalar
events.out.tfevents.1776098432.e18ce739cf4e.13621.0,train/mean_token_accuracy,195,1776108479.6312373,0.9023115038871765,scalar
events.out.tfevents.1776098432.e18ce739cf4e.13621.0,train/mean_token_accuracy,200,1776108713.404223,0.9002397656440735,scalar
events.out.tfevents.1776098432.e18ce739cf4e.13621.0,train/mean_token_accuracy,205,1776109006.4466705,0.8995763659477234,scalar
events.out.tfevents.1776098432.e18ce739cf4e.13621.0,train/mean_token_accuracy,210,1776109244.3096616,0.9034783840179443,scalar
events.out.tfevents.1776098432.e18ce739cf4e.13621.0,train/mean_token_accuracy,215,1776109509.8542793,0.9017960429191589,scalar
events.out.tfevents.1776098432.e18ce739cf4e.13621.0,train/mean_token_accuracy,220,1776109746.7020597,0.9022138118743896,scalar
events.out.tfevents.1776098432.e18ce739cf4e.13621.0,train/mean_token_accuracy,225,1776110012.2332237,0.9023472666740417,scalar
events.out.tfevents.1776098432.e18ce739cf4e.13621.0,train/mean_token_accuracy,230,1776110245.5426655,0.9004158973693848,scalar
events.out.tfevents.1776098432.e18ce739cf4e.13621.0,train/mean_token_accuracy,235,1776110505.6806498,0.9009872674942017,scalar
events.out.tfevents.1776098432.e18ce739cf4e.13621.0,train/mean_token_accuracy,240,1776110750.9555697,0.9002854228019714,scalar
events.out.tfevents.1776098432.e18ce739cf4e.13621.0,train/mean_token_accuracy,245,1776111014.8875182,0.9015346169471741,scalar
events.out.tfevents.1776098432.e18ce739cf4e.13621.0,train/mean_token_accuracy,250,1776111247.831932,0.9016719460487366,scalar
events.out.tfevents.1776098432.e18ce739cf4e.13621.0,train/mean_token_accuracy,255,1776111505.808491,0.9022971391677856,scalar
events.out.tfevents.1776098432.e18ce739cf4e.13621.0,train/mean_token_accuracy,260,1776111748.742551,0.9032806158065796,scalar
events.out.tfevents.1776098432.e18ce739cf4e.13621.0,train/mean_token_accuracy,265,1776112027.0639317,0.901405930519104,scalar
events.out.tfevents.1776098432.e18ce739cf4e.13621.0,train/mean_token_accuracy,270,1776112265.2240736,0.9011250734329224,scalar
events.out.tfevents.1776098432.e18ce739cf4e.13621.0,train/mean_token_accuracy,275,1776112526.970003,0.9027379155158997,scalar
events.out.tfevents.1776098432.e18ce739cf4e.13621.0,train/mean_token_accuracy,280,1776112774.730311,0.9049636721611023,scalar
events.out.tfevents.1776098432.e18ce739cf4e.13621.0,train/mean_token_accuracy,285,1776113039.7425325,0.9037542343139648,scalar
events.out.tfevents.1776098432.e18ce739cf4e.13621.0,train/mean_token_accuracy,290,1776113277.302379,0.8998551964759827,scalar
events.out.tfevents.1776098432.e18ce739cf4e.13621.0,train/mean_token_accuracy,295,1776113549.5831168,0.9026928544044495,scalar
events.out.tfevents.1776098432.e18ce739cf4e.13621.0,train/mean_token_accuracy,300,1776113789.9376843,0.9052042365074158,scalar
events.out.tfevents.1776098432.e18ce739cf4e.13621.0,train/mean_token_accuracy,305,1776114074.4597638,0.9035940170288086,scalar
events.out.tfevents.1776098432.e18ce739cf4e.13621.0,train/mean_token_accuracy,310,1776114314.2219648,0.9002945423126221,scalar
events.out.tfevents.1776098432.e18ce739cf4e.13621.0,train/mean_token_accuracy,315,1776114570.7455337,0.9037152528762817,scalar
events.out.tfevents.1776098432.e18ce739cf4e.13621.0,train/mean_token_accuracy,320,1776114803.52417,0.9042758345603943,scalar
events.out.tfevents.1776098432.e18ce739cf4e.13621.0,train/mean_token_accuracy,325,1776115058.3088791,0.904815673828125,scalar
events.out.tfevents.1776098432.e18ce739cf4e.13621.0,train/mean_token_accuracy,330,1776115287.8901517,0.9025518298149109,scalar
events.out.tfevents.1776098432.e18ce739cf4e.13621.0,train/mean_token_accuracy,335,1776115550.1858501,0.9028316140174866,scalar
events.out.tfevents.1776098432.e18ce739cf4e.13621.0,train/mean_token_accuracy,340,1776115810.0745795,0.9031224250793457,scalar
events.out.tfevents.1776098432.e18ce739cf4e.13621.0,train/mean_token_accuracy,345,1776116069.7717173,0.9035194516181946,scalar
events.out.tfevents.1776098432.e18ce739cf4e.13621.0,train/mean_token_accuracy,350,1776116304.8311665,0.9070640206336975,scalar
events.out.tfevents.1776098432.e18ce739cf4e.13621.0,train/mean_token_accuracy,355,1776116601.7209017,0.9041586518287659,scalar
events.out.tfevents.1776098432.e18ce739cf4e.13621.0,train/mean_token_accuracy,360,1776116839.7071407,0.904732346534729,scalar
events.out.tfevents.1776098432.e18ce739cf4e.13621.0,train/mean_token_accuracy,365,1776117098.2825444,0.9041708707809448,scalar
events.out.tfevents.1776098432.e18ce739cf4e.13621.0,train/mean_token_accuracy,370,1776117342.4173803,0.9036915302276611,scalar
events.out.tfevents.1776098432.e18ce739cf4e.13621.0,train/mean_token_accuracy,375,1776117607.0774379,0.9060430526733398,scalar
events.out.tfevents.1776098432.e18ce739cf4e.13621.0,train/mean_token_accuracy,380,1776117838.6319036,0.9047927260398865,scalar
events.out.tfevents.1776098432.e18ce739cf4e.13621.0,train/mean_token_accuracy,385,1776118098.0036683,0.9043776392936707,scalar
events.out.tfevents.1776098432.e18ce739cf4e.13621.0,train/mean_token_accuracy,390,1776118324.502073,0.9054538607597351,scalar
events.out.tfevents.1776098432.e18ce739cf4e.13621.0,train/mean_token_accuracy,395,1776118606.182606,0.9054966568946838,scalar
events.out.tfevents.1776098432.e18ce739cf4e.13621.0,train/mean_token_accuracy,400,1776118838.1744738,0.9040818214416504,scalar
events.out.tfevents.1776098432.e18ce739cf4e.13621.0,train/mean_token_accuracy,405,1776119121.4835062,0.9057164788246155,scalar
events.out.tfevents.1776098432.e18ce739cf4e.13621.0,train/mean_token_accuracy,410,1776119354.938892,0.9044121503829956,scalar
events.out.tfevents.1776098432.e18ce739cf4e.13621.0,train/mean_token_accuracy,415,1776119602.7567146,0.9065032005310059,scalar
events.out.tfevents.1776098432.e18ce739cf4e.13621.0,train/mean_token_accuracy,420,1776119836.65278,0.9052647352218628,scalar
events.out.tfevents.1776098432.e18ce739cf4e.13621.0,train/mean_token_accuracy,425,1776120091.10231,0.9082207083702087,scalar
events.out.tfevents.1776098432.e18ce739cf4e.13621.0,train/mean_token_accuracy,430,1776120321.0868459,0.9046095609664917,scalar
events.out.tfevents.1776098432.e18ce739cf4e.13621.0,train/mean_token_accuracy,435,1776120585.1815705,0.903600811958313,scalar
events.out.tfevents.1776098432.e18ce739cf4e.13621.0,train/mean_token_accuracy,440,1776120813.4808848,0.9055296182632446,scalar
events.out.tfevents.1776098432.e18ce739cf4e.13621.0,train/mean_token_accuracy,445,1776121079.842652,0.90577232837677,scalar
events.out.tfevents.1776098432.e18ce739cf4e.13621.0,train/mean_token_accuracy,450,1776121326.6897206,0.9029979109764099,scalar
events.out.tfevents.1776098432.e18ce739cf4e.13621.0,train/mean_token_accuracy,455,1776121632.241862,0.9050834774971008,scalar
events.out.tfevents.1776098432.e18ce739cf4e.13621.0,train/mean_token_accuracy,460,1776121868.031835,0.9053336381912231,scalar
events.out.tfevents.1776098432.e18ce739cf4e.13621.0,train/mean_token_accuracy,465,1776122156.6492255,0.9073045253753662,scalar
events.out.tfevents.1776098432.e18ce739cf4e.13621.0,train/mean_token_accuracy,470,1776122397.5065525,0.906154215335846,scalar
events.out.tfevents.1776098432.e18ce739cf4e.13621.0,train/mean_token_accuracy,475,1776122674.3629627,0.9058713912963867,scalar
events.out.tfevents.1776098432.e18ce739cf4e.13621.0,train/mean_token_accuracy,480,1776122907.677907,0.9079667925834656,scalar
events.out.tfevents.1776098432.e18ce739cf4e.13621.0,train/mean_token_accuracy,485,1776123164.1896877,0.9071328639984131,scalar
events.out.tfevents.1776098432.e18ce739cf4e.13621.0,train/mean_token_accuracy,490,1776123404.4828002,0.9068220257759094,scalar
events.out.tfevents.1776098432.e18ce739cf4e.13621.0,train/mean_token_accuracy,495,1776123661.7047656,0.9067736268043518,scalar
events.out.tfevents.1776098432.e18ce739cf4e.13621.0,train/mean_token_accuracy,500,1776123916.932166,0.9072265625,scalar
events.out.tfevents.1776098432.e18ce739cf4e.13621.0,train/mean_token_accuracy,505,1776124167.4651363,0.9074547290802002,scalar
events.out.tfevents.1776098432.e18ce739cf4e.13621.0,train/mean_token_accuracy,510,1776124412.7522588,0.9066804051399231,scalar
events.out.tfevents.1776098432.e18ce739cf4e.13621.0,train/mean_token_accuracy,515,1776124683.3616245,0.9055072069168091,scalar
events.out.tfevents.1776098432.e18ce739cf4e.13621.0,train/mean_token_accuracy,520,1776124924.549391,0.9061319828033447,scalar
events.out.tfevents.1776098432.e18ce739cf4e.13621.0,train/mean_token_accuracy,525,1776125191.849732,0.9048862457275391,scalar
events.out.tfevents.1776098432.e18ce739cf4e.13621.0,train/mean_token_accuracy,530,1776125433.5607884,0.9078711867332458,scalar
events.out.tfevents.1776098432.e18ce739cf4e.13621.0,train/mean_token_accuracy,535,1776125704.6266358,0.9082300066947937,scalar
events.out.tfevents.1776098432.e18ce739cf4e.13621.0,train/mean_token_accuracy,540,1776125941.3829155,0.9051553010940552,scalar
events.out.tfevents.1776098432.e18ce739cf4e.13621.0,train/mean_token_accuracy,545,1776126219.6835537,0.9072182178497314,scalar
events.out.tfevents.1776098432.e18ce739cf4e.13621.0,train/mean_token_accuracy,550,1776126466.9733126,0.9046045541763306,scalar
events.out.tfevents.1776098432.e18ce739cf4e.13621.0,train/mean_token_accuracy,555,1776126731.0251353,0.9086458683013916,scalar
events.out.tfevents.1776098432.e18ce739cf4e.13621.0,train/mean_token_accuracy,560,1776126993.64063,0.9090051054954529,scalar
events.out.tfevents.1776098432.e18ce739cf4e.13621.0,train/mean_token_accuracy,565,1776127252.397846,0.9094920754432678,scalar
events.out.tfevents.1776098432.e18ce739cf4e.13621.0,train/mean_token_accuracy,570,1776127477.159978,0.90779048204422,scalar
events.out.tfevents.1776098432.e18ce739cf4e.13621.0,train/mean_token_accuracy,575,1776127745.8513243,0.9095407724380493,scalar
events.out.tfevents.1776098432.e18ce739cf4e.13621.0,train/mean_token_accuracy,580,1776127988.9802432,0.9091840982437134,scalar
events.out.tfevents.1776098432.e18ce739cf4e.13621.0,train/mean_token_accuracy,585,1776128245.1674094,0.9074785709381104,scalar
events.out.tfevents.1776098432.e18ce739cf4e.13621.0,train/mean_token_accuracy,590,1776128481.8414667,0.9106221199035645,scalar
events.out.tfevents.1776098432.e18ce739cf4e.13621.0,train/mean_token_accuracy,595,1776128746.9723294,0.9101490378379822,scalar
events.out.tfevents.1776098432.e18ce739cf4e.13621.0,train/mean_token_accuracy,600,1776128987.6179566,0.9114565849304199,scalar
events.out.tfevents.1776098432.e18ce739cf4e.13621.0,train/mean_token_accuracy,605,1776129264.330358,0.9059386253356934,scalar
events.out.tfevents.1776098432.e18ce739cf4e.13621.0,train/mean_token_accuracy,610,1776129512.2969763,0.9094842076301575,scalar
events.out.tfevents.1776098432.e18ce739cf4e.13621.0,train/mean_token_accuracy,615,1776129795.6771238,0.909785270690918,scalar
events.out.tfevents.1776098432.e18ce739cf4e.13621.0,train/mean_token_accuracy,620,1776130044.2993162,0.9080262184143066,scalar
events.out.tfevents.1776098432.e18ce739cf4e.13621.0,train/mean_token_accuracy,625,1776130301.7018378,0.9073908925056458,scalar
events.out.tfevents.1776098432.e18ce739cf4e.13621.0,train/mean_token_accuracy,630,1776130550.0486727,0.9087613821029663,scalar
events.out.tfevents.1776098432.e18ce739cf4e.13621.0,train/mean_token_accuracy,635,1776130805.2278032,0.910921573638916,scalar
events.out.tfevents.1776098432.e18ce739cf4e.13621.0,train/mean_token_accuracy,640,1776131053.7156885,0.9094564914703369,scalar
events.out.tfevents.1776098432.e18ce739cf4e.13621.0,train/mean_token_accuracy,645,1776131311.0038476,0.9106176495552063,scalar
events.out.tfevents.1776098432.e18ce739cf4e.13621.0,train/mean_token_accuracy,650,1776131554.3337762,0.9081512093544006,scalar
events.out.tfevents.1776098432.e18ce739cf4e.13621.0,train/mean_token_accuracy,655,1776131816.2857783,0.9086077213287354,scalar
events.out.tfevents.1776098432.e18ce739cf4e.13621.0,train/mean_token_accuracy,660,1776132064.9201293,0.9071180820465088,scalar
events.out.tfevents.1776098432.e18ce739cf4e.13621.0,train/mean_token_accuracy,665,1776132313.3747313,0.9085798263549805,scalar
events.out.tfevents.1776098432.e18ce739cf4e.13621.0,train/mean_token_accuracy,670,1776132553.148805,0.9108813405036926,scalar
events.out.tfevents.1776098432.e18ce739cf4e.13621.0,train/mean_token_accuracy,675,1776132802.64137,0.9108660817146301,scalar
events.out.tfevents.1776098432.e18ce739cf4e.13621.0,train/mean_token_accuracy,680,1776133045.8845425,0.9107802510261536,scalar
events.out.tfevents.1776098432.e18ce739cf4e.13621.0,train/mean_token_accuracy,685,1776133317.1081402,0.9075698852539062,scalar
events.out.tfevents.1776098432.e18ce739cf4e.13621.0,train/mean_token_accuracy,690,1776133548.5071084,0.9077845811843872,scalar
events.out.tfevents.1776098432.e18ce739cf4e.13621.0,train/mean_token_accuracy,695,1776133821.2743328,0.9105565547943115,scalar
events.out.tfevents.1776098432.e18ce739cf4e.13621.0,train/mean_token_accuracy,700,1776134066.1919613,0.9094676971435547,scalar
events.out.tfevents.1776098432.e18ce739cf4e.13621.0,train/mean_token_accuracy,705,1776134363.8375976,0.9066122174263,scalar
events.out.tfevents.1776098432.e18ce739cf4e.13621.0,train/mean_token_accuracy,710,1776134608.8140066,0.9103740453720093,scalar
events.out.tfevents.1776098432.e18ce739cf4e.13621.0,train/mean_token_accuracy,715,1776134866.8530445,0.9095870852470398,scalar
events.out.tfevents.1776098432.e18ce739cf4e.13621.0,train/mean_token_accuracy,720,1776135106.8144355,0.9085365533828735,scalar
events.out.tfevents.1776098432.e18ce739cf4e.13621.0,train/mean_token_accuracy,725,1776135363.0063639,0.912018358707428,scalar
events.out.tfevents.1776098432.e18ce739cf4e.13621.0,train/mean_token_accuracy,730,1776135589.2801945,0.912022590637207,scalar
events.out.tfevents.1776098432.e18ce739cf4e.13621.0,train/mean_token_accuracy,735,1776135862.8364894,0.9120529294013977,scalar
events.out.tfevents.1776098432.e18ce739cf4e.13621.0,train/mean_token_accuracy,740,1776136101.1615088,0.910783588886261,scalar
events.out.tfevents.1776098432.e18ce739cf4e.13621.0,train/mean_token_accuracy,745,1776136363.3704073,0.908189594745636,scalar
events.out.tfevents.1776098432.e18ce739cf4e.13621.0,train/mean_token_accuracy,750,1776136602.288476,0.9123044013977051,scalar
events.out.tfevents.1776098432.e18ce739cf4e.13621.0,train/mean_token_accuracy,755,1776136866.7714407,0.9093945622444153,scalar
events.out.tfevents.1776098432.e18ce739cf4e.13621.0,train/mean_token_accuracy,760,1776137110.4147658,0.9104378819465637,scalar
events.out.tfevents.1776098432.e18ce739cf4e.13621.0,train/mean_token_accuracy,765,1776137378.4381495,0.9124335646629333,scalar
events.out.tfevents.1776098432.e18ce739cf4e.13621.0,train/mean_token_accuracy,770,1776137609.8666704,0.9096018671989441,scalar
events.out.tfevents.1776098432.e18ce739cf4e.13621.0,train/mean_token_accuracy,775,1776137866.0917833,0.9104689359664917,scalar
events.out.tfevents.1776098432.e18ce739cf4e.13621.0,train/mean_token_accuracy,780,1776138144.5913634,0.9134035706520081,scalar
events.out.tfevents.1776098432.e18ce739cf4e.13621.0,train/mean_token_accuracy,785,1776138415.4375184,0.9106155037879944,scalar
events.out.tfevents.1776098432.e18ce739cf4e.13621.0,train/mean_token_accuracy,790,1776138646.6394572,0.9084627032279968,scalar
events.out.tfevents.1776098432.e18ce739cf4e.13621.0,train/mean_token_accuracy,795,1776138906.881484,0.9087417125701904,scalar
events.out.tfevents.1776098432.e18ce739cf4e.13621.0,train/mean_token_accuracy,800,1776139137.1349144,0.9101402759552002,scalar
events.out.tfevents.1776098432.e18ce739cf4e.13621.0,train/mean_token_accuracy,805,1776139423.3895338,0.909058153629303,scalar
events.out.tfevents.1776098432.e18ce739cf4e.13621.0,train/mean_token_accuracy,810,1776139661.6681776,0.9097324013710022,scalar
events.out.tfevents.1776098432.e18ce739cf4e.13621.0,train/mean_token_accuracy,815,1776139909.5322306,0.9101916551589966,scalar
events.out.tfevents.1776098432.e18ce739cf4e.13621.0,train/mean_token_accuracy,820,1776140170.286178,0.91010981798172,scalar
events.out.tfevents.1776098432.e18ce739cf4e.13621.0,train/mean_token_accuracy,825,1776140432.694709,0.910580575466156,scalar
events.out.tfevents.1776098432.e18ce739cf4e.13621.0,train/mean_token_accuracy,830,1776140683.849375,0.9125751256942749,scalar
events.out.tfevents.1776098432.e18ce739cf4e.13621.0,train/mean_token_accuracy,835,1776140981.3867512,0.9096057415008545,scalar
events.out.tfevents.1776098432.e18ce739cf4e.13621.0,train/mean_token_accuracy,840,1776141228.3917584,0.9073097705841064,scalar
events.out.tfevents.1776098432.e18ce739cf4e.13621.0,train/mean_token_accuracy,845,1776141497.9588687,0.9105352163314819,scalar
events.out.tfevents.1776098432.e18ce739cf4e.13621.0,train/mean_token_accuracy,850,1776141726.2403462,0.9108774662017822,scalar
events.out.tfevents.1776098432.e18ce739cf4e.13621.0,train/mean_token_accuracy,855,1776142047.53849,0.9109119772911072,scalar
events.out.tfevents.1776098432.e18ce739cf4e.13621.0,train/mean_token_accuracy,860,1776142277.718737,0.9111068844795227,scalar
events.out.tfevents.1776098432.e18ce739cf4e.13621.0,train/mean_token_accuracy,865,1776142534.0722113,0.9102414846420288,scalar
events.out.tfevents.1776098432.e18ce739cf4e.13621.0,train/mean_token_accuracy,870,1776142757.8649979,0.9102768301963806,scalar
events.out.tfevents.1776098432.e18ce739cf4e.13621.0,train/mean_token_accuracy,875,1776143009.5390344,0.9109599590301514,scalar
events.out.tfevents.1776098432.e18ce739cf4e.13621.0,train/mean_token_accuracy,880,1776143250.9125412,0.9103135466575623,scalar
events.out.tfevents.1776098432.e18ce739cf4e.13621.0,train/mean_token_accuracy,885,1776143534.616856,0.9100549817085266,scalar
events.out.tfevents.1776098432.e18ce739cf4e.13621.0,train/mean_token_accuracy,890,1776143786.2937706,0.9115445613861084,scalar
events.out.tfevents.1776098432.e18ce739cf4e.13621.0,train/mean_token_accuracy,895,1776144055.0223796,0.912165641784668,scalar
events.out.tfevents.1776098432.e18ce739cf4e.13621.0,train/mean_token_accuracy,900,1776144296.2501552,0.9118534922599792,scalar
events.out.tfevents.1776098432.e18ce739cf4e.13621.0,train/mean_token_accuracy,905,1776144567.8133,0.911057710647583,scalar
events.out.tfevents.1776098432.e18ce739cf4e.13621.0,train/mean_token_accuracy,910,1776144810.2605934,0.9101837277412415,scalar
events.out.tfevents.1776098432.e18ce739cf4e.13621.0,train/mean_token_accuracy,915,1776145078.9345622,0.912734866142273,scalar
events.out.tfevents.1776098432.e18ce739cf4e.13621.0,train/mean_token_accuracy,920,1776145330.6675339,0.9087443351745605,scalar
events.out.tfevents.1776098432.e18ce739cf4e.13621.0,train/mean_token_accuracy,925,1776145591.857871,0.9102991223335266,scalar
events.out.tfevents.1776098432.e18ce739cf4e.13621.0,train/mean_token_accuracy,930,1776145834.4794064,0.9124307632446289,scalar
events.out.tfevents.1776098432.e18ce739cf4e.13621.0,train/mean_token_accuracy,935,1776146105.110271,0.9112944006919861,scalar
events.out.tfevents.1776098432.e18ce739cf4e.13621.0,train/mean_token_accuracy,940,1776146351.5742004,0.9109262824058533,scalar
events.out.tfevents.1776098432.e18ce739cf4e.13621.0,train/mean_token_accuracy,945,1776146630.190601,0.9102855920791626,scalar
events.out.tfevents.1776098432.e18ce739cf4e.13621.0,train/mean_token_accuracy,950,1776146885.1190262,0.9103284478187561,scalar
events.out.tfevents.1776098432.e18ce739cf4e.13621.0,train/mean_token_accuracy,955,1776147148.4881868,0.9125629663467407,scalar
events.out.tfevents.1776098432.e18ce739cf4e.13621.0,train/mean_token_accuracy,960,1776147370.8626142,0.9113858342170715,scalar
events.out.tfevents.1776098432.e18ce739cf4e.13621.0,train/mean_token_accuracy,965,1776147632.734472,0.9127896428108215,scalar
events.out.tfevents.1776098432.e18ce739cf4e.13621.0,train/mean_token_accuracy,970,1776147891.2215405,0.9110309481620789,scalar
events.out.tfevents.1776098432.e18ce739cf4e.13621.0,train/mean_token_accuracy,975,1776148156.2640283,0.911711573600769,scalar
events.out.tfevents.1776098432.e18ce739cf4e.13621.0,train/mean_token_accuracy,980,1776148387.0092404,0.909360945224762,scalar
events.out.tfevents.1776098432.e18ce739cf4e.13621.0,train/mean_token_accuracy,985,1776148660.2822225,0.9119933843612671,scalar
events.out.tfevents.1776098432.e18ce739cf4e.13621.0,train/mean_token_accuracy,990,1776148893.7312286,0.9123330116271973,scalar
events.out.tfevents.1776098432.e18ce739cf4e.13621.0,train/mean_token_accuracy,995,1776149142.9777024,0.9110815525054932,scalar
events.out.tfevents.1776098432.e18ce739cf4e.13621.0,train/mean_token_accuracy,1000,1776149384.5080223,0.9117720723152161,scalar
events.out.tfevents.1776098432.e18ce739cf4e.13621.0,train/mean_token_accuracy,1005,1776149649.4327188,0.9100847244262695,scalar
events.out.tfevents.1776098432.e18ce739cf4e.13621.0,train/mean_token_accuracy,1010,1776149887.8395572,0.9123268127441406,scalar
events.out.tfevents.1776098432.e18ce739cf4e.13621.0,train/mean_token_accuracy,1015,1776150155.789264,0.9116469025611877,scalar
events.out.tfevents.1776098432.e18ce739cf4e.13621.0,train/mean_token_accuracy,1020,1776150412.5559292,0.9113903641700745,scalar
events.out.tfevents.1776098432.e18ce739cf4e.13621.0,train/mean_token_accuracy,1025,1776150676.4255912,0.9114117622375488,scalar
events.out.tfevents.1776098432.e18ce739cf4e.13621.0,train/mean_token_accuracy,1030,1776150928.701438,0.910740315914154,scalar
events.out.tfevents.1776098432.e18ce739cf4e.13621.0,train/mean_token_accuracy,1035,1776151202.246485,0.9122173190116882,scalar
events.out.tfevents.1776098432.e18ce739cf4e.13621.0,train/mean_token_accuracy,1040,1776151455.617295,0.9116315841674805,scalar
events.out.tfevents.1776098432.e18ce739cf4e.13621.0,train/mean_token_accuracy,1045,1776151716.5729015,0.9125120043754578,scalar
events.out.tfevents.1776098432.e18ce739cf4e.13621.0,train/mean_token_accuracy,1050,1776151964.6633472,0.9132741689682007,scalar
events.out.tfevents.1776098432.e18ce739cf4e.13621.0,train/mean_token_accuracy,1055,1776152233.0592048,0.9116291403770447,scalar
events.out.tfevents.1776098432.e18ce739cf4e.13621.0,train/mean_token_accuracy,1060,1776152458.363521,0.9124385714530945,scalar
events.out.tfevents.1776098432.e18ce739cf4e.13621.0,train/mean_token_accuracy,1065,1776152757.5265026,0.9112775325775146,scalar
events.out.tfevents.1776098432.e18ce739cf4e.13621.0,train/mean_token_accuracy,1070,1776152994.0769224,0.9087408781051636,scalar
events.out.tfevents.1776098432.e18ce739cf4e.13621.0,train/mean_token_accuracy,1075,1776153248.2336705,0.911128044128418,scalar
events.out.tfevents.1776098432.e18ce739cf4e.13621.0,train/mean_token_accuracy,1080,1776153488.2799573,0.9124022722244263,scalar
events.out.tfevents.1776098432.e18ce739cf4e.13621.0,train/mean_token_accuracy,1085,1776153749.218302,0.913307785987854,scalar
events.out.tfevents.1776098432.e18ce739cf4e.13621.0,train/mean_token_accuracy,1090,1776154001.8401537,0.9121279716491699,scalar
events.out.tfevents.1776098432.e18ce739cf4e.13621.0,train/mean_token_accuracy,1095,1776154274.3239093,0.9120288491249084,scalar
events.out.tfevents.1776098432.e18ce739cf4e.13621.0,train/mean_token_accuracy,1100,1776154519.1076202,0.9124888777732849,scalar
events.out.tfevents.1776098432.e18ce739cf4e.13621.0,train/mean_token_accuracy,1105,1776154782.41958,0.9123802185058594,scalar
events.out.tfevents.1776098432.e18ce739cf4e.13621.0,train/mean_token_accuracy,1110,1776155020.734211,0.9114042520523071,scalar
events.out.tfevents.1776098432.e18ce739cf4e.13621.0,train/mean_token_accuracy,1115,1776155308.2401142,0.9139370322227478,scalar
events.out.tfevents.1776098432.e18ce739cf4e.13621.0,train/mean_token_accuracy,1120,1776155572.708222,0.9139143824577332,scalar
events.out.tfevents.1776098432.e18ce739cf4e.13621.0,train/mean_token_accuracy,1125,1776155837.3528664,0.9133266806602478,scalar
events.out.tfevents.1776098432.e18ce739cf4e.13621.0,train/mean_token_accuracy,1130,1776156080.476568,0.9136505722999573,scalar
events.out.tfevents.1776098432.e18ce739cf4e.13621.0,train/mean_token_accuracy,1135,1776156355.6552188,0.9114920496940613,scalar
events.out.tfevents.1776098432.e18ce739cf4e.13621.0,train/mean_token_accuracy,1140,1776156598.388812,0.9145980477333069,scalar
events.out.tfevents.1776098432.e18ce739cf4e.13621.0,train/mean_token_accuracy,1145,1776156861.667365,0.91277676820755,scalar
events.out.tfevents.1776098432.e18ce739cf4e.13621.0,train/mean_token_accuracy,1150,1776157103.2936375,0.9109514951705933,scalar
events.out.tfevents.1776098432.e18ce739cf4e.13621.0,train/mean_token_accuracy,1155,1776157365.2144768,0.9143267273902893,scalar
events.out.tfevents.1776098432.e18ce739cf4e.13621.0,train/mean_token_accuracy,1160,1776157621.1113977,0.9123619794845581,scalar
events.out.tfevents.1776098432.e18ce739cf4e.13621.0,train/mean_token_accuracy,1165,1776157876.259227,0.9122306108474731,scalar
events.out.tfevents.1776098432.e18ce739cf4e.13621.0,train/mean_token_accuracy,1170,1776158111.3159032,0.9152416586875916,scalar
events.out.tfevents.1776098432.e18ce739cf4e.13621.0,train/epoch,5,1776098684.050614,0.009685230441391468,scalar
events.out.tfevents.1776098432.e18ce739cf4e.13621.0,train/epoch,10,1776098923.6901462,0.019370460882782936,scalar
events.out.tfevents.1776098432.e18ce739cf4e.13621.0,train/epoch,10,1776098949.1880758,0.019370460882782936,scalar
events.out.tfevents.1776098432.e18ce739cf4e.13621.0,train/epoch,15,1776099184.9259157,0.02905569039285183,scalar
events.out.tfevents.1776098432.e18ce739cf4e.13621.0,train/epoch,20,1776099414.756518,0.03874092176556587,scalar
events.out.tfevents.1776098432.e18ce739cf4e.13621.0,train/epoch,20,1776099440.7614553,0.03874092176556587,scalar
events.out.tfevents.1776098432.e18ce739cf4e.13621.0,train/epoch,25,1776099699.9860542,0.048426151275634766,scalar
events.out.tfevents.1776098432.e18ce739cf4e.13621.0,train/epoch,30,1776099954.765239,0.05811138078570366,scalar
events.out.tfevents.1776098432.e18ce739cf4e.13621.0,train/epoch,30,1776099992.225671,0.05811138078570366,scalar
events.out.tfevents.1776098432.e18ce739cf4e.13621.0,train/epoch,35,1776100251.215315,0.06779661029577255,scalar
events.out.tfevents.1776098432.e18ce739cf4e.13621.0,train/epoch,40,1776100493.002545,0.07748184353113174,scalar
events.out.tfevents.1776098432.e18ce739cf4e.13621.0,train/epoch,40,1776100518.875864,0.07748184353113174,scalar
events.out.tfevents.1776098432.e18ce739cf4e.13621.0,train/epoch,45,1776100775.836869,0.08716706931591034,scalar
events.out.tfevents.1776098432.e18ce739cf4e.13621.0,train/epoch,50,1776101006.9145925,0.09685230255126953,scalar
events.out.tfevents.1776098432.e18ce739cf4e.13621.0,train/epoch,50,1776101032.7179198,0.09685230255126953,scalar
events.out.tfevents.1776098432.e18ce739cf4e.13621.0,train/epoch,55,1776101286.0888247,0.10653752833604813,scalar
events.out.tfevents.1776098432.e18ce739cf4e.13621.0,train/epoch,60,1776101527.6701648,0.11622276157140732,scalar
events.out.tfevents.1776098432.e18ce739cf4e.13621.0,train/epoch,60,1776101553.2964284,0.11622276157140732,scalar
events.out.tfevents.1776098432.e18ce739cf4e.13621.0,train/epoch,65,1776101785.5294073,0.1259079873561859,scalar
events.out.tfevents.1776098432.e18ce739cf4e.13621.0,train/epoch,70,1776102024.090278,0.1355932205915451,scalar
events.out.tfevents.1776098432.e18ce739cf4e.13621.0,train/epoch,70,1776102050.5515141,0.1355932205915451,scalar
events.out.tfevents.1776098432.e18ce739cf4e.13621.0,train/epoch,75,1776102311.5175624,0.1452784538269043,scalar
events.out.tfevents.1776098432.e18ce739cf4e.13621.0,train/epoch,80,1776102562.6898875,0.1549636870622635,scalar
events.out.tfevents.1776098432.e18ce739cf4e.13621.0,train/epoch,80,1776102589.0435078,0.1549636870622635,scalar
events.out.tfevents.1776098432.e18ce739cf4e.13621.0,train/epoch,85,1776102827.107737,0.1646489053964615,scalar
events.out.tfevents.1776098432.e18ce739cf4e.13621.0,train/epoch,90,1776103084.8205287,0.17433413863182068,scalar
events.out.tfevents.1776098432.e18ce739cf4e.13621.0,train/epoch,90,1776103110.5899508,0.17433413863182068,scalar
events.out.tfevents.1776098432.e18ce739cf4e.13621.0,train/epoch,95,1776103339.153745,0.18401937186717987,scalar
events.out.tfevents.1776098432.e18ce739cf4e.13621.0,train/epoch,100,1776103579.7437065,0.19370460510253906,scalar
events.out.tfevents.1776098432.e18ce739cf4e.13621.0,train/epoch,100,1776103605.5221958,0.19370460510253906,scalar
events.out.tfevents.1776098432.e18ce739cf4e.13621.0,train/epoch,105,1776103858.968179,0.20338982343673706,scalar
events.out.tfevents.1776098432.e18ce739cf4e.13621.0,train/epoch,110,1776104090.2693322,0.21307505667209625,scalar
events.out.tfevents.1776098432.e18ce739cf4e.13621.0,train/epoch,110,1776104162.343897,0.21307505667209625,scalar
events.out.tfevents.1776098432.e18ce739cf4e.13621.0,train/epoch,115,1776104407.4865327,0.22276028990745544,scalar
events.out.tfevents.1776098432.e18ce739cf4e.13621.0,train/epoch,120,1776104650.7270548,0.23244552314281464,scalar
events.out.tfevents.1776098432.e18ce739cf4e.13621.0,train/epoch,120,1776104677.0608265,0.23244552314281464,scalar
events.out.tfevents.1776098432.e18ce739cf4e.13621.0,train/epoch,125,1776104968.924523,0.24213075637817383,scalar
events.out.tfevents.1776098432.e18ce739cf4e.13621.0,train/epoch,130,1776105207.1051052,0.2518159747123718,scalar
events.out.tfevents.1776098432.e18ce739cf4e.13621.0,train/epoch,130,1776105233.0161428,0.2518159747123718,scalar
events.out.tfevents.1776098432.e18ce739cf4e.13621.0,train/epoch,135,1776105478.2982092,0.2615012228488922,scalar
events.out.tfevents.1776098432.e18ce739cf4e.13621.0,train/epoch,140,1776105700.765112,0.2711864411830902,scalar
events.out.tfevents.1776098432.e18ce739cf4e.13621.0,train/epoch,140,1776105726.8905785,0.2711864411830902,scalar
events.out.tfevents.1776098432.e18ce739cf4e.13621.0,train/epoch,145,1776105997.0606265,0.2808716595172882,scalar
events.out.tfevents.1776098432.e18ce739cf4e.13621.0,train/epoch,150,1776106239.495805,0.2905569076538086,scalar
events.out.tfevents.1776098432.e18ce739cf4e.13621.0,train/epoch,150,1776106266.729203,0.2905569076538086,scalar
events.out.tfevents.1776098432.e18ce739cf4e.13621.0,train/epoch,155,1776106496.8234062,0.3002421259880066,scalar
events.out.tfevents.1776098432.e18ce739cf4e.13621.0,train/epoch,160,1776106736.49759,0.309927374124527,scalar
events.out.tfevents.1776098432.e18ce739cf4e.13621.0,train/epoch,160,1776106762.1443584,0.309927374124527,scalar
events.out.tfevents.1776098432.e18ce739cf4e.13621.0,train/epoch,165,1776106991.3185017,0.319612592458725,scalar
events.out.tfevents.1776098432.e18ce739cf4e.13621.0,train/epoch,170,1776107222.5135584,0.329297810792923,scalar
events.out.tfevents.1776098432.e18ce739cf4e.13621.0,train/epoch,170,1776107248.2618673,0.329297810792923,scalar
events.out.tfevents.1776098432.e18ce739cf4e.13621.0,train/epoch,175,1776107481.0360806,0.33898305892944336,scalar
events.out.tfevents.1776098432.e18ce739cf4e.13621.0,train/epoch,180,1776107725.284481,0.34866827726364136,scalar
events.out.tfevents.1776098432.e18ce739cf4e.13621.0,train/epoch,180,1776107752.7005756,0.34866827726364136,scalar
events.out.tfevents.1776098432.e18ce739cf4e.13621.0,train/epoch,185,1776107995.1413603,0.35835352540016174,scalar
events.out.tfevents.1776098432.e18ce739cf4e.13621.0,train/epoch,190,1776108219.684012,0.36803874373435974,scalar
events.out.tfevents.1776098432.e18ce739cf4e.13621.0,train/epoch,190,1776108245.502278,0.36803874373435974,scalar
events.out.tfevents.1776098432.e18ce739cf4e.13621.0,train/epoch,195,1776108479.6312473,0.37772396206855774,scalar
events.out.tfevents.1776098432.e18ce739cf4e.13621.0,train/epoch,200,1776108713.404234,0.3874092102050781,scalar
events.out.tfevents.1776098432.e18ce739cf4e.13621.0,train/epoch,200,1776108739.156061,0.3874092102050781,scalar
events.out.tfevents.1776098432.e18ce739cf4e.13621.0,train/epoch,205,1776109006.4466834,0.3970944285392761,scalar
events.out.tfevents.1776098432.e18ce739cf4e.13621.0,train/epoch,210,1776109244.309672,0.4067796468734741,scalar
events.out.tfevents.1776098432.e18ce739cf4e.13621.0,train/epoch,210,1776109270.0240402,0.4067796468734741,scalar
events.out.tfevents.1776098432.e18ce739cf4e.13621.0,train/epoch,215,1776109509.85429,0.4164648950099945,scalar
events.out.tfevents.1776098432.e18ce739cf4e.13621.0,train/epoch,220,1776109746.702071,0.4261501133441925,scalar
events.out.tfevents.1776098432.e18ce739cf4e.13621.0,train/epoch,220,1776109772.3773541,0.4261501133441925,scalar
events.out.tfevents.1776098432.e18ce739cf4e.13621.0,train/epoch,225,1776110012.2332342,0.4358353614807129,scalar
events.out.tfevents.1776098432.e18ce739cf4e.13621.0,train/epoch,230,1776110245.5426767,0.4455205798149109,scalar
events.out.tfevents.1776098432.e18ce739cf4e.13621.0,train/epoch,230,1776110271.873833,0.4455205798149109,scalar
events.out.tfevents.1776098432.e18ce739cf4e.13621.0,train/epoch,235,1776110505.6806602,0.4552057981491089,scalar
events.out.tfevents.1776098432.e18ce739cf4e.13621.0,train/epoch,240,1776110750.9555802,0.4648910462856293,scalar
events.out.tfevents.1776098432.e18ce739cf4e.13621.0,train/epoch,240,1776110776.7878668,0.4648910462856293,scalar
events.out.tfevents.1776098432.e18ce739cf4e.13621.0,train/epoch,245,1776111014.887529,0.47457626461982727,scalar
events.out.tfevents.1776098432.e18ce739cf4e.13621.0,train/epoch,250,1776111247.8319428,0.48426151275634766,scalar
events.out.tfevents.1776098432.e18ce739cf4e.13621.0,train/epoch,250,1776111273.4492433,0.48426151275634766,scalar
events.out.tfevents.1776098432.e18ce739cf4e.13621.0,train/epoch,255,1776111505.8085017,0.49394673109054565,scalar
events.out.tfevents.1776098432.e18ce739cf4e.13621.0,train/epoch,260,1776111748.7425613,0.5036319494247437,scalar
events.out.tfevents.1776098432.e18ce739cf4e.13621.0,train/epoch,260,1776111785.9431956,0.5036319494247437,scalar
events.out.tfevents.1776098432.e18ce739cf4e.13621.0,train/epoch,265,1776112027.063942,0.5133171677589417,scalar
events.out.tfevents.1776098432.e18ce739cf4e.13621.0,train/epoch,270,1776112265.224085,0.5230024456977844,scalar
events.out.tfevents.1776098432.e18ce739cf4e.13621.0,train/epoch,270,1776112290.8567007,0.5230024456977844,scalar
events.out.tfevents.1776098432.e18ce739cf4e.13621.0,train/epoch,275,1776112526.9700139,0.5326876640319824,scalar
events.out.tfevents.1776098432.e18ce739cf4e.13621.0,train/epoch,280,1776112774.7303214,0.5423728823661804,scalar
events.out.tfevents.1776098432.e18ce739cf4e.13621.0,train/epoch,280,1776112800.3171988,0.5423728823661804,scalar
events.out.tfevents.1776098432.e18ce739cf4e.13621.0,train/epoch,285,1776113039.7425435,0.5520581007003784,scalar
events.out.tfevents.1776098432.e18ce739cf4e.13621.0,train/epoch,290,1776113277.3023922,0.5617433190345764,scalar
events.out.tfevents.1776098432.e18ce739cf4e.13621.0,train/epoch,290,1776113303.6088974,0.5617433190345764,scalar
events.out.tfevents.1776098432.e18ce739cf4e.13621.0,train/epoch,295,1776113549.5831275,0.5714285969734192,scalar
events.out.tfevents.1776098432.e18ce739cf4e.13621.0,train/epoch,300,1776113789.9376955,0.5811138153076172,scalar
events.out.tfevents.1776098432.e18ce739cf4e.13621.0,train/epoch,300,1776113819.1123693,0.5811138153076172,scalar
events.out.tfevents.1776098432.e18ce739cf4e.13621.0,train/epoch,305,1776114074.4597743,0.5907990336418152,scalar
events.out.tfevents.1776098432.e18ce739cf4e.13621.0,train/epoch,310,1776114314.2219753,0.6004842519760132,scalar
events.out.tfevents.1776098432.e18ce739cf4e.13621.0,train/epoch,310,1776114339.8926134,0.6004842519760132,scalar
events.out.tfevents.1776098432.e18ce739cf4e.13621.0,train/epoch,315,1776114570.7455437,0.6101694703102112,scalar
events.out.tfevents.1776098432.e18ce739cf4e.13621.0,train/epoch,320,1776114803.5241804,0.619854748249054,scalar
events.out.tfevents.1776098432.e18ce739cf4e.13621.0,train/epoch,320,1776114829.2640378,0.619854748249054,scalar
events.out.tfevents.1776098432.e18ce739cf4e.13621.0,train/epoch,325,1776115058.3088908,0.629539966583252,scalar
events.out.tfevents.1776098432.e18ce739cf4e.13621.0,train/epoch,330,1776115287.8901618,0.63922518491745,scalar
events.out.tfevents.1776098432.e18ce739cf4e.13621.0,train/epoch,330,1776115313.5279453,0.63922518491745,scalar
events.out.tfevents.1776098432.e18ce739cf4e.13621.0,train/epoch,335,1776115550.1858673,0.648910403251648,scalar
events.out.tfevents.1776098432.e18ce739cf4e.13621.0,train/epoch,340,1776115810.0745914,0.658595621585846,scalar
events.out.tfevents.1776098432.e18ce739cf4e.13621.0,train/epoch,340,1776115835.6172822,0.658595621585846,scalar
events.out.tfevents.1776098432.e18ce739cf4e.13621.0,train/epoch,345,1776116069.7717283,0.6682808995246887,scalar
events.out.tfevents.1776098432.e18ce739cf4e.13621.0,train/epoch,350,1776116304.8311775,0.6779661178588867,scalar
events.out.tfevents.1776098432.e18ce739cf4e.13621.0,train/epoch,350,1776116330.7089074,0.6779661178588867,scalar
events.out.tfevents.1776098432.e18ce739cf4e.13621.0,train/epoch,355,1776116601.7209122,0.6876513361930847,scalar
events.out.tfevents.1776098432.e18ce739cf4e.13621.0,train/epoch,360,1776116839.7071514,0.6973365545272827,scalar
events.out.tfevents.1776098432.e18ce739cf4e.13621.0,train/epoch,360,1776116865.5751693,0.6973365545272827,scalar
events.out.tfevents.1776098432.e18ce739cf4e.13621.0,train/epoch,365,1776117098.2825556,0.7070217728614807,scalar
events.out.tfevents.1776098432.e18ce739cf4e.13621.0,train/epoch,370,1776117342.417391,0.7167070508003235,scalar
events.out.tfevents.1776098432.e18ce739cf4e.13621.0,train/epoch,370,1776117368.179966,0.7167070508003235,scalar
events.out.tfevents.1776098432.e18ce739cf4e.13621.0,train/epoch,375,1776117607.0774486,0.7263922691345215,scalar
events.out.tfevents.1776098432.e18ce739cf4e.13621.0,train/epoch,380,1776117838.6319141,0.7360774874687195,scalar
events.out.tfevents.1776098432.e18ce739cf4e.13621.0,train/epoch,380,1776117864.426847,0.7360774874687195,scalar
events.out.tfevents.1776098432.e18ce739cf4e.13621.0,train/epoch,385,1776118098.0036788,0.7457627058029175,scalar
events.out.tfevents.1776098432.e18ce739cf4e.13621.0,train/epoch,390,1776118324.502084,0.7554479241371155,scalar
events.out.tfevents.1776098432.e18ce739cf4e.13621.0,train/epoch,390,1776118350.0937657,0.7554479241371155,scalar
events.out.tfevents.1776098432.e18ce739cf4e.13621.0,train/epoch,395,1776118606.182617,0.7651331424713135,scalar
events.out.tfevents.1776098432.e18ce739cf4e.13621.0,train/epoch,400,1776118838.1744978,0.7748184204101562,scalar
events.out.tfevents.1776098432.e18ce739cf4e.13621.0,train/epoch,400,1776118863.8430848,0.7748184204101562,scalar
events.out.tfevents.1776098432.e18ce739cf4e.13621.0,train/epoch,405,1776119121.4835165,0.7845036387443542,scalar
events.out.tfevents.1776098432.e18ce739cf4e.13621.0,train/epoch,410,1776119354.9389029,0.7941888570785522,scalar
events.out.tfevents.1776098432.e18ce739cf4e.13621.0,train/epoch,410,1776119380.5812771,0.7941888570785522,scalar
events.out.tfevents.1776098432.e18ce739cf4e.13621.0,train/epoch,415,1776119602.7567258,0.8038740754127502,scalar
events.out.tfevents.1776098432.e18ce739cf4e.13621.0,train/epoch,420,1776119836.6527908,0.8135592937469482,scalar
events.out.tfevents.1776098432.e18ce739cf4e.13621.0,train/epoch,420,1776119862.2811353,0.8135592937469482,scalar
events.out.tfevents.1776098432.e18ce739cf4e.13621.0,train/epoch,425,1776120091.1023207,0.823244571685791,scalar
events.out.tfevents.1776098432.e18ce739cf4e.13621.0,train/epoch,430,1776120321.0868564,0.832929790019989,scalar
events.out.tfevents.1776098432.e18ce739cf4e.13621.0,train/epoch,430,1776120347.5638201,0.832929790019989,scalar
events.out.tfevents.1776098432.e18ce739cf4e.13621.0,train/epoch,435,1776120585.1815815,0.842615008354187,scalar
events.out.tfevents.1776098432.e18ce739cf4e.13621.0,train/epoch,440,1776120813.4808958,0.852300226688385,scalar
events.out.tfevents.1776098432.e18ce739cf4e.13621.0,train/epoch,440,1776120839.090313,0.852300226688385,scalar
events.out.tfevents.1776098432.e18ce739cf4e.13621.0,train/epoch,445,1776121079.8426616,0.861985445022583,scalar
events.out.tfevents.1776098432.e18ce739cf4e.13621.0,train/epoch,450,1776121326.689731,0.8716707229614258,scalar
events.out.tfevents.1776098432.e18ce739cf4e.13621.0,train/epoch,450,1776121363.8312802,0.8716707229614258,scalar
events.out.tfevents.1776098432.e18ce739cf4e.13621.0,train/epoch,455,1776121632.2418728,0.8813559412956238,scalar
events.out.tfevents.1776098432.e18ce739cf4e.13621.0,train/epoch,460,1776121868.0318453,0.8910411596298218,scalar
events.out.tfevents.1776098432.e18ce739cf4e.13621.0,train/epoch,460,1776121893.6069129,0.8910411596298218,scalar
events.out.tfevents.1776098432.e18ce739cf4e.13621.0,train/epoch,465,1776122156.6492417,0.9007263779640198,scalar
events.out.tfevents.1776098432.e18ce739cf4e.13621.0,train/epoch,470,1776122397.5065634,0.9104115962982178,scalar
events.out.tfevents.1776098432.e18ce739cf4e.13621.0,train/epoch,470,1776122423.3051076,0.9104115962982178,scalar
events.out.tfevents.1776098432.e18ce739cf4e.13621.0,train/epoch,475,1776122674.362973,0.9200968742370605,scalar
events.out.tfevents.1776098432.e18ce739cf4e.13621.0,train/epoch,480,1776122907.67792,0.9297820925712585,scalar
events.out.tfevents.1776098432.e18ce739cf4e.13621.0,train/epoch,480,1776122933.257058,0.9297820925712585,scalar
events.out.tfevents.1776098432.e18ce739cf4e.13621.0,train/epoch,485,1776123164.1896996,0.9394673109054565,scalar
events.out.tfevents.1776098432.e18ce739cf4e.13621.0,train/epoch,490,1776123404.482811,0.9491525292396545,scalar
events.out.tfevents.1776098432.e18ce739cf4e.13621.0,train/epoch,490,1776123430.1054072,0.9491525292396545,scalar
events.out.tfevents.1776098432.e18ce739cf4e.13621.0,train/epoch,495,1776123661.7047756,0.9588377475738525,scalar
events.out.tfevents.1776098432.e18ce739cf4e.13621.0,train/epoch,500,1776123916.932177,0.9685230255126953,scalar
events.out.tfevents.1776098432.e18ce739cf4e.13621.0,train/epoch,500,1776123942.4292707,0.9685230255126953,scalar
events.out.tfevents.1776098432.e18ce739cf4e.13621.0,train/epoch,505,1776124167.4651465,0.9782082438468933,scalar
events.out.tfevents.1776098432.e18ce739cf4e.13621.0,train/epoch,510,1776124412.7522688,0.9878934621810913,scalar
events.out.tfevents.1776098432.e18ce739cf4e.13621.0,train/epoch,510,1776124443.444449,0.9878934621810913,scalar
events.out.tfevents.1776098432.e18ce739cf4e.13621.0,train/epoch,515,1776124683.3616416,0.9975786805152893,scalar
events.out.tfevents.1776098432.e18ce739cf4e.13621.0,train/epoch,520,1776124924.5494013,1.005811095237732,scalar
events.out.tfevents.1776098432.e18ce739cf4e.13621.0,train/epoch,520,1776124950.3435469,1.005811095237732,scalar
events.out.tfevents.1776098432.e18ce739cf4e.13621.0,train/epoch,525,1776125191.8497422,1.0154963731765747,scalar
events.out.tfevents.1776098432.e18ce739cf4e.13621.0,train/epoch,530,1776125433.560799,1.0251816511154175,scalar
events.out.tfevents.1776098432.e18ce739cf4e.13621.0,train/epoch,530,1776125462.4289534,1.0251816511154175,scalar
events.out.tfevents.1776098432.e18ce739cf4e.13621.0,train/epoch,535,1776125704.6266468,1.0348668098449707,scalar
events.out.tfevents.1776098432.e18ce739cf4e.13621.0,train/epoch,540,1776125941.382927,1.0445520877838135,scalar
events.out.tfevents.1776098432.e18ce739cf4e.13621.0,train/epoch,540,1776125967.1072037,1.0445520877838135,scalar
events.out.tfevents.1776098432.e18ce739cf4e.13621.0,train/epoch,545,1776126219.6835647,1.0542372465133667,scalar
events.out.tfevents.1776098432.e18ce739cf4e.13621.0,train/epoch,550,1776126466.973323,1.0639225244522095,scalar
events.out.tfevents.1776098432.e18ce739cf4e.13621.0,train/epoch,550,1776126492.7420003,1.0639225244522095,scalar
events.out.tfevents.1776098432.e18ce739cf4e.13621.0,train/epoch,555,1776126731.0251458,1.0736078023910522,scalar
events.out.tfevents.1776098432.e18ce739cf4e.13621.0,train/epoch,560,1776126993.64064,1.0832929611206055,scalar
events.out.tfevents.1776098432.e18ce739cf4e.13621.0,train/epoch,560,1776127019.980611,1.0832929611206055,scalar
events.out.tfevents.1776098432.e18ce739cf4e.13621.0,train/epoch,565,1776127252.3978565,1.0929782390594482,scalar
events.out.tfevents.1776098432.e18ce739cf4e.13621.0,train/epoch,570,1776127477.1599882,1.1026633977890015,scalar
events.out.tfevents.1776098432.e18ce739cf4e.13621.0,train/epoch,570,1776127503.4247506,1.1026633977890015,scalar
events.out.tfevents.1776098432.e18ce739cf4e.13621.0,train/epoch,575,1776127745.8513353,1.1123486757278442,scalar
events.out.tfevents.1776098432.e18ce739cf4e.13621.0,train/epoch,580,1776127988.9802535,1.122033953666687,scalar
events.out.tfevents.1776098432.e18ce739cf4e.13621.0,train/epoch,580,1776128014.720144,1.122033953666687,scalar
events.out.tfevents.1776098432.e18ce739cf4e.13621.0,train/epoch,585,1776128245.1674204,1.1317191123962402,scalar
events.out.tfevents.1776098432.e18ce739cf4e.13621.0,train/epoch,590,1776128481.8414772,1.141404390335083,scalar
events.out.tfevents.1776098432.e18ce739cf4e.13621.0,train/epoch,590,1776128508.3177454,1.141404390335083,scalar
events.out.tfevents.1776098432.e18ce739cf4e.13621.0,train/epoch,595,1776128746.97234,1.1510895490646362,scalar
events.out.tfevents.1776098432.e18ce739cf4e.13621.0,train/epoch,600,1776128987.617967,1.160774827003479,scalar
events.out.tfevents.1776098432.e18ce739cf4e.13621.0,train/epoch,600,1776129013.3019128,1.160774827003479,scalar
events.out.tfevents.1776098432.e18ce739cf4e.13621.0,train/epoch,605,1776129264.3303688,1.1704601049423218,scalar
events.out.tfevents.1776098432.e18ce739cf4e.13621.0,train/epoch,610,1776129512.2969866,1.180145263671875,scalar
events.out.tfevents.1776098432.e18ce739cf4e.13621.0,train/epoch,610,1776129538.0657032,1.180145263671875,scalar
events.out.tfevents.1776098432.e18ce739cf4e.13621.0,train/epoch,615,1776129795.6771345,1.1898305416107178,scalar
events.out.tfevents.1776098432.e18ce739cf4e.13621.0,train/epoch,620,1776130044.299326,1.199515700340271,scalar
events.out.tfevents.1776098432.e18ce739cf4e.13621.0,train/epoch,620,1776130069.9107516,1.199515700340271,scalar
events.out.tfevents.1776098432.e18ce739cf4e.13621.0,train/epoch,625,1776130301.701849,1.2092009782791138,scalar
events.out.tfevents.1776098432.e18ce739cf4e.13621.0,train/epoch,630,1776130550.0486832,1.2188862562179565,scalar
events.out.tfevents.1776098432.e18ce739cf4e.13621.0,train/epoch,630,1776130575.666626,1.2188862562179565,scalar
events.out.tfevents.1776098432.e18ce739cf4e.13621.0,train/epoch,635,1776130805.227814,1.2285714149475098,scalar
events.out.tfevents.1776098432.e18ce739cf4e.13621.0,train/epoch,640,1776131053.7156994,1.2382566928863525,scalar
events.out.tfevents.1776098432.e18ce739cf4e.13621.0,train/epoch,640,1776131079.4554317,1.2382566928863525,scalar
events.out.tfevents.1776098432.e18ce739cf4e.13621.0,train/epoch,645,1776131311.0038588,1.2479418516159058,scalar
events.out.tfevents.1776098432.e18ce739cf4e.13621.0,train/epoch,650,1776131554.3337858,1.2576271295547485,scalar
events.out.tfevents.1776098432.e18ce739cf4e.13621.0,train/epoch,650,1776131580.829842,1.2576271295547485,scalar
events.out.tfevents.1776098432.e18ce739cf4e.13621.0,train/epoch,655,1776131816.2857876,1.2673124074935913,scalar
events.out.tfevents.1776098432.e18ce739cf4e.13621.0,train/epoch,660,1776132064.9201393,1.2769975662231445,scalar
events.out.tfevents.1776098432.e18ce739cf4e.13621.0,train/epoch,660,1776132090.4728584,1.2769975662231445,scalar
events.out.tfevents.1776098432.e18ce739cf4e.13621.0,train/epoch,665,1776132313.374742,1.2866828441619873,scalar
events.out.tfevents.1776098432.e18ce739cf4e.13621.0,train/epoch,670,1776132553.1488152,1.2963680028915405,scalar
events.out.tfevents.1776098432.e18ce739cf4e.13621.0,train/epoch,670,1776132578.8387818,1.2963680028915405,scalar
events.out.tfevents.1776098432.e18ce739cf4e.13621.0,train/epoch,675,1776132802.6413805,1.3060532808303833,scalar
events.out.tfevents.1776098432.e18ce739cf4e.13621.0,train/epoch,680,1776133045.884553,1.3157384395599365,scalar
events.out.tfevents.1776098432.e18ce739cf4e.13621.0,train/epoch,680,1776133071.6104414,1.3157384395599365,scalar
events.out.tfevents.1776098432.e18ce739cf4e.13621.0,train/epoch,685,1776133317.1081505,1.3254237174987793,scalar
events.out.tfevents.1776098432.e18ce739cf4e.13621.0,train/epoch,690,1776133548.5071197,1.335108995437622,scalar
events.out.tfevents.1776098432.e18ce739cf4e.13621.0,train/epoch,690,1776133574.2890623,1.335108995437622,scalar
events.out.tfevents.1776098432.e18ce739cf4e.13621.0,train/epoch,695,1776133821.274343,1.3447941541671753,scalar
events.out.tfevents.1776098432.e18ce739cf4e.13621.0,train/epoch,700,1776134066.1919723,1.354479432106018,scalar
events.out.tfevents.1776098432.e18ce739cf4e.13621.0,train/epoch,700,1776134099.68573,1.354479432106018,scalar
events.out.tfevents.1776098432.e18ce739cf4e.13621.0,train/epoch,705,1776134363.8376074,1.3641645908355713,scalar
events.out.tfevents.1776098432.e18ce739cf4e.13621.0,train/epoch,710,1776134608.814017,1.373849868774414,scalar
events.out.tfevents.1776098432.e18ce739cf4e.13621.0,train/epoch,710,1776134634.5346024,1.373849868774414,scalar
events.out.tfevents.1776098432.e18ce739cf4e.13621.0,train/epoch,715,1776134866.853055,1.3835351467132568,scalar
events.out.tfevents.1776098432.e18ce739cf4e.13621.0,train/epoch,720,1776135106.8144464,1.39322030544281,scalar
events.out.tfevents.1776098432.e18ce739cf4e.13621.0,train/epoch,720,1776135132.5177634,1.39322030544281,scalar
events.out.tfevents.1776098432.e18ce739cf4e.13621.0,train/epoch,725,1776135363.0063748,1.4029055833816528,scalar
events.out.tfevents.1776098432.e18ce739cf4e.13621.0,train/epoch,730,1776135589.2802052,1.412590742111206,scalar
events.out.tfevents.1776098432.e18ce739cf4e.13621.0,train/epoch,730,1776135615.2197003,1.412590742111206,scalar
events.out.tfevents.1776098432.e18ce739cf4e.13621.0,train/epoch,735,1776135862.8364997,1.4222760200500488,scalar
events.out.tfevents.1776098432.e18ce739cf4e.13621.0,train/epoch,740,1776136101.1615195,1.4319612979888916,scalar
events.out.tfevents.1776098432.e18ce739cf4e.13621.0,train/epoch,740,1776136126.7044117,1.4319612979888916,scalar
events.out.tfevents.1776098432.e18ce739cf4e.13621.0,train/epoch,745,1776136363.3704178,1.4416464567184448,scalar
events.out.tfevents.1776098432.e18ce739cf4e.13621.0,train/epoch,750,1776136602.288487,1.4513317346572876,scalar
events.out.tfevents.1776098432.e18ce739cf4e.13621.0,train/epoch,750,1776136628.1692748,1.4513317346572876,scalar
events.out.tfevents.1776098432.e18ce739cf4e.13621.0,train/epoch,755,1776136866.7714503,1.4610168933868408,scalar
events.out.tfevents.1776098432.e18ce739cf4e.13621.0,train/epoch,760,1776137110.4147763,1.4707021713256836,scalar
events.out.tfevents.1776098432.e18ce739cf4e.13621.0,train/epoch,760,1776137136.2087593,1.4707021713256836,scalar
events.out.tfevents.1776098432.e18ce739cf4e.13621.0,train/epoch,765,1776137378.43816,1.4803874492645264,scalar
events.out.tfevents.1776098432.e18ce739cf4e.13621.0,train/epoch,770,1776137609.8666801,1.4900726079940796,scalar
events.out.tfevents.1776098432.e18ce739cf4e.13621.0,train/epoch,770,1776137635.5727746,1.4900726079940796,scalar
events.out.tfevents.1776098432.e18ce739cf4e.13621.0,train/epoch,775,1776137866.091794,1.4997578859329224,scalar
events.out.tfevents.1776098432.e18ce739cf4e.13621.0,train/epoch,780,1776138144.591374,1.5094430446624756,scalar
events.out.tfevents.1776098432.e18ce739cf4e.13621.0,train/epoch,780,1776138171.761334,1.5094430446624756,scalar
events.out.tfevents.1776098432.e18ce739cf4e.13621.0,train/epoch,785,1776138415.437529,1.5191283226013184,scalar
events.out.tfevents.1776098432.e18ce739cf4e.13621.0,train/epoch,790,1776138646.6394677,1.5288136005401611,scalar
events.out.tfevents.1776098432.e18ce739cf4e.13621.0,train/epoch,790,1776138672.393256,1.5288136005401611,scalar
events.out.tfevents.1776098432.e18ce739cf4e.13621.0,train/epoch,795,1776138906.881495,1.5384987592697144,scalar
events.out.tfevents.1776098432.e18ce739cf4e.13621.0,train/epoch,800,1776139137.1349247,1.5481840372085571,scalar
events.out.tfevents.1776098432.e18ce739cf4e.13621.0,train/epoch,800,1776139162.791711,1.5481840372085571,scalar
events.out.tfevents.1776098432.e18ce739cf4e.13621.0,train/epoch,805,1776139423.389544,1.5578691959381104,scalar
events.out.tfevents.1776098432.e18ce739cf4e.13621.0,train/epoch,810,1776139661.6681883,1.5675544738769531,scalar
events.out.tfevents.1776098432.e18ce739cf4e.13621.0,train/epoch,810,1776139687.2786875,1.5675544738769531,scalar
events.out.tfevents.1776098432.e18ce739cf4e.13621.0,train/epoch,815,1776139909.5322425,1.577239751815796,scalar
events.out.tfevents.1776098432.e18ce739cf4e.13621.0,train/epoch,820,1776140170.2861888,1.5869249105453491,scalar
events.out.tfevents.1776098432.e18ce739cf4e.13621.0,train/epoch,820,1776140195.9945526,1.5869249105453491,scalar
events.out.tfevents.1776098432.e18ce739cf4e.13621.0,train/epoch,825,1776140432.69472,1.596610188484192,scalar
events.out.tfevents.1776098432.e18ce739cf4e.13621.0,train/epoch,830,1776140683.849386,1.6062953472137451,scalar
events.out.tfevents.1776098432.e18ce739cf4e.13621.0,train/epoch,830,1776140709.7088225,1.6062953472137451,scalar
events.out.tfevents.1776098432.e18ce739cf4e.13621.0,train/epoch,835,1776140981.3867614,1.615980625152588,scalar
events.out.tfevents.1776098432.e18ce739cf4e.13621.0,train/epoch,840,1776141228.3917692,1.6256659030914307,scalar
events.out.tfevents.1776098432.e18ce739cf4e.13621.0,train/epoch,840,1776141254.2667208,1.6256659030914307,scalar
events.out.tfevents.1776098432.e18ce739cf4e.13621.0,train/epoch,845,1776141497.9588792,1.6353510618209839,scalar
events.out.tfevents.1776098432.e18ce739cf4e.13621.0,train/epoch,850,1776141726.240357,1.6450363397598267,scalar
events.out.tfevents.1776098432.e18ce739cf4e.13621.0,train/epoch,850,1776141751.942849,1.6450363397598267,scalar
events.out.tfevents.1776098432.e18ce739cf4e.13621.0,train/epoch,855,1776142047.5385003,1.6547214984893799,scalar
events.out.tfevents.1776098432.e18ce739cf4e.13621.0,train/epoch,860,1776142277.718748,1.6644067764282227,scalar
events.out.tfevents.1776098432.e18ce739cf4e.13621.0,train/epoch,860,1776142303.3258862,1.6644067764282227,scalar
events.out.tfevents.1776098432.e18ce739cf4e.13621.0,train/epoch,865,1776142534.0722225,1.6740920543670654,scalar
events.out.tfevents.1776098432.e18ce739cf4e.13621.0,train/epoch,870,1776142757.8650084,1.6837772130966187,scalar
events.out.tfevents.1776098432.e18ce739cf4e.13621.0,train/epoch,870,1776142783.4761205,1.6837772130966187,scalar
events.out.tfevents.1776098432.e18ce739cf4e.13621.0,train/epoch,875,1776143009.5390449,1.6934624910354614,scalar
events.out.tfevents.1776098432.e18ce739cf4e.13621.0,train/epoch,880,1776143250.9125519,1.7031476497650146,scalar
events.out.tfevents.1776098432.e18ce739cf4e.13621.0,train/epoch,880,1776143294.703235,1.7031476497650146,scalar
events.out.tfevents.1776098432.e18ce739cf4e.13621.0,train/epoch,885,1776143534.6168668,1.7128329277038574,scalar
events.out.tfevents.1776098432.e18ce739cf4e.13621.0,train/epoch,890,1776143786.2937865,1.7225182056427002,scalar
events.out.tfevents.1776098432.e18ce739cf4e.13621.0,train/epoch,890,1776143812.0069983,1.7225182056427002,scalar
events.out.tfevents.1776098432.e18ce739cf4e.13621.0,train/epoch,895,1776144055.022389,1.7322033643722534,scalar
events.out.tfevents.1776098432.e18ce739cf4e.13621.0,train/epoch,900,1776144296.2501657,1.7418886423110962,scalar
events.out.tfevents.1776098432.e18ce739cf4e.13621.0,train/epoch,900,1776144321.9662392,1.7418886423110962,scalar
events.out.tfevents.1776098432.e18ce739cf4e.13621.0,train/epoch,905,1776144567.8133106,1.7515738010406494,scalar
events.out.tfevents.1776098432.e18ce739cf4e.13621.0,train/epoch,910,1776144810.2606041,1.7612590789794922,scalar
events.out.tfevents.1776098432.e18ce739cf4e.13621.0,train/epoch,910,1776144836.7423067,1.7612590789794922,scalar
events.out.tfevents.1776098432.e18ce739cf4e.13621.0,train/epoch,915,1776145078.9345732,1.770944356918335,scalar
events.out.tfevents.1776098432.e18ce739cf4e.13621.0,train/epoch,920,1776145330.6675441,1.7806295156478882,scalar
events.out.tfevents.1776098432.e18ce739cf4e.13621.0,train/epoch,920,1776145356.3560746,1.7806295156478882,scalar
events.out.tfevents.1776098432.e18ce739cf4e.13621.0,train/epoch,925,1776145591.8578815,1.790314793586731,scalar
events.out.tfevents.1776098432.e18ce739cf4e.13621.0,train/epoch,930,1776145834.479417,1.7999999523162842,scalar
events.out.tfevents.1776098432.e18ce739cf4e.13621.0,train/epoch,930,1776145860.132716,1.7999999523162842,scalar
events.out.tfevents.1776098432.e18ce739cf4e.13621.0,train/epoch,935,1776146105.1102817,1.809685230255127,scalar
events.out.tfevents.1776098432.e18ce739cf4e.13621.0,train/epoch,940,1776146351.5742111,1.8193705081939697,scalar
events.out.tfevents.1776098432.e18ce739cf4e.13621.0,train/epoch,940,1776146377.2109225,1.8193705081939697,scalar
events.out.tfevents.1776098432.e18ce739cf4e.13621.0,train/epoch,945,1776146630.1906116,1.829055666923523,scalar
events.out.tfevents.1776098432.e18ce739cf4e.13621.0,train/epoch,950,1776146885.1190367,1.8387409448623657,scalar
events.out.tfevents.1776098432.e18ce739cf4e.13621.0,train/epoch,950,1776146910.7680442,1.8387409448623657,scalar
events.out.tfevents.1776098432.e18ce739cf4e.13621.0,train/epoch,955,1776147148.4881973,1.848426103591919,scalar
events.out.tfevents.1776098432.e18ce739cf4e.13621.0,train/epoch,960,1776147370.862632,1.8581113815307617,scalar
events.out.tfevents.1776098432.e18ce739cf4e.13621.0,train/epoch,960,1776147396.4928977,1.8581113815307617,scalar
events.out.tfevents.1776098432.e18ce739cf4e.13621.0,train/epoch,965,1776147632.7344892,1.8677966594696045,scalar
events.out.tfevents.1776098432.e18ce739cf4e.13621.0,train/epoch,970,1776147891.2215502,1.8774818181991577,scalar
events.out.tfevents.1776098432.e18ce739cf4e.13621.0,train/epoch,970,1776147916.9848835,1.8774818181991577,scalar
events.out.tfevents.1776098432.e18ce739cf4e.13621.0,train/epoch,975,1776148156.264038,1.8871670961380005,scalar
events.out.tfevents.1776098432.e18ce739cf4e.13621.0,train/epoch,980,1776148387.009251,1.8968522548675537,scalar
events.out.tfevents.1776098432.e18ce739cf4e.13621.0,train/epoch,980,1776148412.979468,1.8968522548675537,scalar
events.out.tfevents.1776098432.e18ce739cf4e.13621.0,train/epoch,985,1776148660.2822332,1.9065375328063965,scalar
events.out.tfevents.1776098432.e18ce739cf4e.13621.0,train/epoch,990,1776148893.7312398,1.9162228107452393,scalar
events.out.tfevents.1776098432.e18ce739cf4e.13621.0,train/epoch,990,1776148919.384547,1.9162228107452393,scalar
events.out.tfevents.1776098432.e18ce739cf4e.13621.0,train/epoch,995,1776149142.977718,1.9259079694747925,scalar
events.out.tfevents.1776098432.e18ce739cf4e.13621.0,train/epoch,1000,1776149384.5080328,1.9355932474136353,scalar
events.out.tfevents.1776098432.e18ce739cf4e.13621.0,train/epoch,1000,1776149410.2203195,1.9355932474136353,scalar
events.out.tfevents.1776098432.e18ce739cf4e.13621.0,train/epoch,1005,1776149649.4327295,1.9452784061431885,scalar
events.out.tfevents.1776098432.e18ce739cf4e.13621.0,train/epoch,1010,1776149887.8395684,1.9549636840820312,scalar
events.out.tfevents.1776098432.e18ce739cf4e.13621.0,train/epoch,1010,1776149913.4932423,1.9549636840820312,scalar
events.out.tfevents.1776098432.e18ce739cf4e.13621.0,train/epoch,1015,1776150155.7892745,1.964648962020874,scalar
events.out.tfevents.1776098432.e18ce739cf4e.13621.0,train/epoch,1020,1776150412.55594,1.9743341207504272,scalar
events.out.tfevents.1776098432.e18ce739cf4e.13621.0,train/epoch,1020,1776150438.1757383,1.9743341207504272,scalar
events.out.tfevents.1776098432.e18ce739cf4e.13621.0,train/epoch,1025,1776150676.425602,1.98401939868927,scalar
events.out.tfevents.1776098432.e18ce739cf4e.13621.0,train/epoch,1030,1776150928.7014482,1.9937045574188232,scalar
events.out.tfevents.1776098432.e18ce739cf4e.13621.0,train/epoch,1030,1776150954.5146809,1.9937045574188232,scalar
events.out.tfevents.1776098432.e18ce739cf4e.13621.0,train/epoch,1035,1776151202.246496,2.0019371509552,scalar
events.out.tfevents.1776098432.e18ce739cf4e.13621.0,train/epoch,1040,1776151455.6173065,2.011622190475464,scalar
events.out.tfevents.1776098432.e18ce739cf4e.13621.0,train/epoch,1040,1776151481.2122958,2.011622190475464,scalar
events.out.tfevents.1776098432.e18ce739cf4e.13621.0,train/epoch,1045,1776151716.5729108,2.0213074684143066,scalar
events.out.tfevents.1776098432.e18ce739cf4e.13621.0,train/epoch,1050,1776151964.6633577,2.0309927463531494,scalar
events.out.tfevents.1776098432.e18ce739cf4e.13621.0,train/epoch,1050,1776151996.7152731,2.0309927463531494,scalar
events.out.tfevents.1776098432.e18ce739cf4e.13621.0,train/epoch,1055,1776152233.059223,2.040678024291992,scalar
events.out.tfevents.1776098432.e18ce739cf4e.13621.0,train/epoch,1060,1776152458.3635323,2.050363302230835,scalar
events.out.tfevents.1776098432.e18ce739cf4e.13621.0,train/epoch,1060,1776152495.8583937,2.050363302230835,scalar
events.out.tfevents.1776098432.e18ce739cf4e.13621.0,train/epoch,1065,1776152757.5265136,2.0600483417510986,scalar
events.out.tfevents.1776098432.e18ce739cf4e.13621.0,train/epoch,1070,1776152994.0769331,2.0697336196899414,scalar
events.out.tfevents.1776098432.e18ce739cf4e.13621.0,train/epoch,1070,1776153020.289022,2.0697336196899414,scalar
events.out.tfevents.1776098432.e18ce739cf4e.13621.0,train/epoch,1075,1776153248.2336812,2.079418897628784,scalar
events.out.tfevents.1776098432.e18ce739cf4e.13621.0,train/epoch,1080,1776153488.279968,2.089104175567627,scalar
events.out.tfevents.1776098432.e18ce739cf4e.13621.0,train/epoch,1080,1776153513.8960137,2.089104175567627,scalar
events.out.tfevents.1776098432.e18ce739cf4e.13621.0,train/epoch,1085,1776153749.218313,2.0987894535064697,scalar
events.out.tfevents.1776098432.e18ce739cf4e.13621.0,train/epoch,1090,1776154001.8401654,2.1084744930267334,scalar
events.out.tfevents.1776098432.e18ce739cf4e.13621.0,train/epoch,1090,1776154028.3718958,2.1084744930267334,scalar
events.out.tfevents.1776098432.e18ce739cf4e.13621.0,train/epoch,1095,1776154274.3239222,2.118159770965576,scalar
events.out.tfevents.1776098432.e18ce739cf4e.13621.0,train/epoch,1100,1776154519.1076307,2.127845048904419,scalar
events.out.tfevents.1776098432.e18ce739cf4e.13621.0,train/epoch,1100,1776154544.846605,2.127845048904419,scalar
events.out.tfevents.1776098432.e18ce739cf4e.13621.0,train/epoch,1105,1776154782.4195907,2.1375303268432617,scalar
events.out.tfevents.1776098432.e18ce739cf4e.13621.0,train/epoch,1110,1776155020.734222,2.1472156047821045,scalar
events.out.tfevents.1776098432.e18ce739cf4e.13621.0,train/epoch,1110,1776155046.868505,2.1472156047821045,scalar
events.out.tfevents.1776098432.e18ce739cf4e.13621.0,train/epoch,1115,1776155308.2401316,2.156900644302368,scalar
events.out.tfevents.1776098432.e18ce739cf4e.13621.0,train/epoch,1120,1776155572.7082322,2.166585922241211,scalar
events.out.tfevents.1776098432.e18ce739cf4e.13621.0,train/epoch,1120,1776155598.4597251,2.166585922241211,scalar
events.out.tfevents.1776098432.e18ce739cf4e.13621.0,train/epoch,1125,1776155837.3528767,2.1762712001800537,scalar
events.out.tfevents.1776098432.e18ce739cf4e.13621.0,train/epoch,1130,1776156080.4765794,2.1859564781188965,scalar
events.out.tfevents.1776098432.e18ce739cf4e.13621.0,train/epoch,1130,1776156108.9868598,2.1859564781188965,scalar
events.out.tfevents.1776098432.e18ce739cf4e.13621.0,train/epoch,1135,1776156355.65523,2.1956417560577393,scalar
events.out.tfevents.1776098432.e18ce739cf4e.13621.0,train/epoch,1140,1776156598.3888302,2.205326795578003,scalar
events.out.tfevents.1776098432.e18ce739cf4e.13621.0,train/epoch,1140,1776156624.0609198,2.205326795578003,scalar
events.out.tfevents.1776098432.e18ce739cf4e.13621.0,train/epoch,1145,1776156861.6673758,2.2150120735168457,scalar
events.out.tfevents.1776098432.e18ce739cf4e.13621.0,train/epoch,1150,1776157103.2936478,2.2246973514556885,scalar
events.out.tfevents.1776098432.e18ce739cf4e.13621.0,train/epoch,1150,1776157128.8986077,2.2246973514556885,scalar
events.out.tfevents.1776098432.e18ce739cf4e.13621.0,train/epoch,1155,1776157365.2145007,2.2343826293945312,scalar
events.out.tfevents.1776098432.e18ce739cf4e.13621.0,train/epoch,1160,1776157621.1114085,2.244067907333374,scalar
events.out.tfevents.1776098432.e18ce739cf4e.13621.0,train/epoch,1160,1776157646.718305,2.244067907333374,scalar
events.out.tfevents.1776098432.e18ce739cf4e.13621.0,train/epoch,1165,1776157876.259238,2.2537529468536377,scalar
events.out.tfevents.1776098432.e18ce739cf4e.13621.0,train/epoch,1170,1776158111.315921,2.2634382247924805,scalar
events.out.tfevents.1776098432.e18ce739cf4e.13621.0,train/epoch,1170,1776158137.8995817,2.2634382247924805,scalar
events.out.tfevents.1776098432.e18ce739cf4e.13621.0,eval/loss,10,1776098949.187964,1.567651629447937,scalar
events.out.tfevents.1776098432.e18ce739cf4e.13621.0,eval/loss,20,1776099440.761343,1.061995506286621,scalar
events.out.tfevents.1776098432.e18ce739cf4e.13621.0,eval/loss,30,1776099992.2255487,0.5467585921287537,scalar
events.out.tfevents.1776098432.e18ce739cf4e.13621.0,eval/loss,40,1776100518.8757498,0.4001016318798065,scalar
events.out.tfevents.1776098432.e18ce739cf4e.13621.0,eval/loss,50,1776101032.717789,0.33946025371551514,scalar
events.out.tfevents.1776098432.e18ce739cf4e.13621.0,eval/loss,60,1776101553.2963126,0.31353455781936646,scalar
events.out.tfevents.1776098432.e18ce739cf4e.13621.0,eval/loss,70,1776102050.5513978,0.2998676002025604,scalar
events.out.tfevents.1776098432.e18ce739cf4e.13621.0,eval/loss,80,1776102589.0433903,0.29085150361061096,scalar
events.out.tfevents.1776098432.e18ce739cf4e.13621.0,eval/loss,90,1776103110.5898304,0.2838154733181,scalar
events.out.tfevents.1776098432.e18ce739cf4e.13621.0,eval/loss,100,1776103605.5220697,0.2792244851589203,scalar
events.out.tfevents.1776098432.e18ce739cf4e.13621.0,eval/loss,110,1776104162.343783,0.27438896894454956,scalar
events.out.tfevents.1776098432.e18ce739cf4e.13621.0,eval/loss,120,1776104677.0607128,0.2703249454498291,scalar
events.out.tfevents.1776098432.e18ce739cf4e.13621.0,eval/loss,130,1776105233.0159907,0.2686484754085541,scalar
events.out.tfevents.1776098432.e18ce739cf4e.13621.0,eval/loss,140,1776105726.8904397,0.26563307642936707,scalar
events.out.tfevents.1776098432.e18ce739cf4e.13621.0,eval/loss,150,1776106266.729072,0.2623269259929657,scalar
events.out.tfevents.1776098432.e18ce739cf4e.13621.0,eval/loss,160,1776106762.1442506,0.2608228027820587,scalar
events.out.tfevents.1776098432.e18ce739cf4e.13621.0,eval/loss,170,1776107248.2617486,0.2583770453929901,scalar
events.out.tfevents.1776098432.e18ce739cf4e.13621.0,eval/loss,180,1776107752.700432,0.2578466236591339,scalar
events.out.tfevents.1776098432.e18ce739cf4e.13621.0,eval/loss,190,1776108245.502158,0.2549450993537903,scalar
events.out.tfevents.1776098432.e18ce739cf4e.13621.0,eval/loss,200,1776108739.1559472,0.2540300786495209,scalar
events.out.tfevents.1776098432.e18ce739cf4e.13621.0,eval/loss,210,1776109270.0239258,0.2535949945449829,scalar
events.out.tfevents.1776098432.e18ce739cf4e.13621.0,eval/loss,220,1776109772.377235,0.2518770396709442,scalar
events.out.tfevents.1776098432.e18ce739cf4e.13621.0,eval/loss,230,1776110271.873718,0.25002041459083557,scalar
events.out.tfevents.1776098432.e18ce739cf4e.13621.0,eval/loss,240,1776110776.7877564,0.24956923723220825,scalar
events.out.tfevents.1776098432.e18ce739cf4e.13621.0,eval/loss,250,1776111273.4491103,0.24900946021080017,scalar
events.out.tfevents.1776098432.e18ce739cf4e.13621.0,eval/loss,260,1776111785.9430594,0.24863678216934204,scalar
events.out.tfevents.1776098432.e18ce739cf4e.13621.0,eval/loss,270,1776112290.85658,0.24565717577934265,scalar
events.out.tfevents.1776098432.e18ce739cf4e.13621.0,eval/loss,280,1776112800.3170767,0.24618278443813324,scalar
events.out.tfevents.1776098432.e18ce739cf4e.13621.0,eval/loss,290,1776113303.6087809,0.2446899563074112,scalar
events.out.tfevents.1776098432.e18ce739cf4e.13621.0,eval/loss,300,1776113819.1122603,0.24391745030879974,scalar
events.out.tfevents.1776098432.e18ce739cf4e.13621.0,eval/loss,310,1776114339.8924992,0.24558891355991364,scalar
events.out.tfevents.1776098432.e18ce739cf4e.13621.0,eval/loss,320,1776114829.2639246,0.2421504557132721,scalar
events.out.tfevents.1776098432.e18ce739cf4e.13621.0,eval/loss,330,1776115313.5278337,0.24256329238414764,scalar
events.out.tfevents.1776098432.e18ce739cf4e.13621.0,eval/loss,340,1776115835.6171722,0.24034179747104645,scalar
events.out.tfevents.1776098432.e18ce739cf4e.13621.0,eval/loss,350,1776116330.708786,0.23997049033641815,scalar
events.out.tfevents.1776098432.e18ce739cf4e.13621.0,eval/loss,360,1776116865.5750427,0.24066638946533203,scalar
events.out.tfevents.1776098432.e18ce739cf4e.13621.0,eval/loss,370,1776117368.1797903,0.23933739960193634,scalar
events.out.tfevents.1776098432.e18ce739cf4e.13621.0,eval/loss,380,1776117864.426735,0.23828940093517303,scalar
events.out.tfevents.1776098432.e18ce739cf4e.13621.0,eval/loss,390,1776118350.0936496,0.23876355588436127,scalar
events.out.tfevents.1776098432.e18ce739cf4e.13621.0,eval/loss,400,1776118863.8429492,0.2377019077539444,scalar
events.out.tfevents.1776098432.e18ce739cf4e.13621.0,eval/loss,410,1776119380.5811703,0.2376975119113922,scalar
events.out.tfevents.1776098432.e18ce739cf4e.13621.0,eval/loss,420,1776119862.281005,0.239244744181633,scalar
events.out.tfevents.1776098432.e18ce739cf4e.13621.0,eval/loss,430,1776120347.563707,0.23814725875854492,scalar
events.out.tfevents.1776098432.e18ce739cf4e.13621.0,eval/loss,440,1776120839.0902054,0.23681025207042694,scalar
events.out.tfevents.1776098432.e18ce739cf4e.13621.0,eval/loss,450,1776121363.831165,0.23627306520938873,scalar
events.out.tfevents.1776098432.e18ce739cf4e.13621.0,eval/loss,460,1776121893.6068003,0.23447445034980774,scalar
events.out.tfevents.1776098432.e18ce739cf4e.13621.0,eval/loss,470,1776122423.304977,0.23421119153499603,scalar
events.out.tfevents.1776098432.e18ce739cf4e.13621.0,eval/loss,480,1776122933.2569454,0.2344377636909485,scalar
events.out.tfevents.1776098432.e18ce739cf4e.13621.0,eval/loss,490,1776123430.105296,0.23376521468162537,scalar
events.out.tfevents.1776098432.e18ce739cf4e.13621.0,eval/loss,500,1776123942.429162,0.23301109671592712,scalar
events.out.tfevents.1776098432.e18ce739cf4e.13621.0,eval/loss,510,1776124443.4443357,0.2326316386461258,scalar
events.out.tfevents.1776098432.e18ce739cf4e.13621.0,eval/loss,520,1776124950.343438,0.23411405086517334,scalar
events.out.tfevents.1776098432.e18ce739cf4e.13621.0,eval/loss,530,1776125462.4288397,0.23397478461265564,scalar
events.out.tfevents.1776098432.e18ce739cf4e.13621.0,eval/loss,540,1776125967.107079,0.23166580498218536,scalar
events.out.tfevents.1776098432.e18ce739cf4e.13621.0,eval/loss,550,1776126492.7418678,0.23214924335479736,scalar
events.out.tfevents.1776098432.e18ce739cf4e.13621.0,eval/loss,560,1776127019.980496,0.23099149763584137,scalar
events.out.tfevents.1776098432.e18ce739cf4e.13621.0,eval/loss,570,1776127503.4246,0.23121269047260284,scalar
events.out.tfevents.1776098432.e18ce739cf4e.13621.0,eval/loss,580,1776128014.7200036,0.23037897050380707,scalar
events.out.tfevents.1776098432.e18ce739cf4e.13621.0,eval/loss,590,1776128508.317635,0.22913062572479248,scalar
events.out.tfevents.1776098432.e18ce739cf4e.13621.0,eval/loss,600,1776129013.3018017,0.23082399368286133,scalar
events.out.tfevents.1776098432.e18ce739cf4e.13621.0,eval/loss,610,1776129538.0655951,0.2293548583984375,scalar
events.out.tfevents.1776098432.e18ce739cf4e.13621.0,eval/loss,620,1776130069.9106307,0.22963130474090576,scalar
events.out.tfevents.1776098432.e18ce739cf4e.13621.0,eval/loss,630,1776130575.666519,0.2289406657218933,scalar
events.out.tfevents.1776098432.e18ce739cf4e.13621.0,eval/loss,640,1776131079.4553263,0.23120087385177612,scalar
events.out.tfevents.1776098432.e18ce739cf4e.13621.0,eval/loss,650,1776131580.8297284,0.22816699743270874,scalar
events.out.tfevents.1776098432.e18ce739cf4e.13621.0,eval/loss,660,1776132090.4727445,0.2285369485616684,scalar
events.out.tfevents.1776098432.e18ce739cf4e.13621.0,eval/loss,670,1776132578.8386645,0.2284756600856781,scalar
events.out.tfevents.1776098432.e18ce739cf4e.13621.0,eval/loss,680,1776133071.6103067,0.22809921205043793,scalar
events.out.tfevents.1776098432.e18ce739cf4e.13621.0,eval/loss,690,1776133574.2889504,0.22785153985023499,scalar
events.out.tfevents.1776098432.e18ce739cf4e.13621.0,eval/loss,700,1776134099.6856105,0.22790341079235077,scalar
events.out.tfevents.1776098432.e18ce739cf4e.13621.0,eval/loss,710,1776134634.5344758,0.22641636431217194,scalar
events.out.tfevents.1776098432.e18ce739cf4e.13621.0,eval/loss,720,1776135132.51764,0.22672857344150543,scalar
events.out.tfevents.1776098432.e18ce739cf4e.13621.0,eval/loss,730,1776135615.2195835,0.22644667327404022,scalar
events.out.tfevents.1776098432.e18ce739cf4e.13621.0,eval/loss,740,1776136126.7043023,0.22544051706790924,scalar
events.out.tfevents.1776098432.e18ce739cf4e.13621.0,eval/loss,750,1776136628.1691616,0.22526954114437103,scalar
events.out.tfevents.1776098432.e18ce739cf4e.13621.0,eval/loss,760,1776137136.2086463,0.22559696435928345,scalar
events.out.tfevents.1776098432.e18ce739cf4e.13621.0,eval/loss,770,1776137635.572661,0.22477352619171143,scalar
events.out.tfevents.1776098432.e18ce739cf4e.13621.0,eval/loss,780,1776138171.7612262,0.2250761091709137,scalar
events.out.tfevents.1776098432.e18ce739cf4e.13621.0,eval/loss,790,1776138672.3931394,0.2261132448911667,scalar
events.out.tfevents.1776098432.e18ce739cf4e.13621.0,eval/loss,800,1776139162.7915921,0.22665424644947052,scalar
events.out.tfevents.1776098432.e18ce739cf4e.13621.0,eval/loss,810,1776139687.2785776,0.2260415405035019,scalar
events.out.tfevents.1776098432.e18ce739cf4e.13621.0,eval/loss,820,1776140195.9944017,0.2229384481906891,scalar
events.out.tfevents.1776098432.e18ce739cf4e.13621.0,eval/loss,830,1776140709.708688,0.22282837331295013,scalar
events.out.tfevents.1776098432.e18ce739cf4e.13621.0,eval/loss,840,1776141254.2666075,0.22313323616981506,scalar
events.out.tfevents.1776098432.e18ce739cf4e.13621.0,eval/loss,850,1776141751.9427412,0.22520801424980164,scalar
events.out.tfevents.1776098432.e18ce739cf4e.13621.0,eval/loss,860,1776142303.3257735,0.2236781120300293,scalar
events.out.tfevents.1776098432.e18ce739cf4e.13621.0,eval/loss,870,1776142783.4759948,0.22275474667549133,scalar
events.out.tfevents.1776098432.e18ce739cf4e.13621.0,eval/loss,880,1776143294.7031028,0.22329242527484894,scalar
events.out.tfevents.1776098432.e18ce739cf4e.13621.0,eval/loss,890,1776143812.0068634,0.2231617420911789,scalar
events.out.tfevents.1776098432.e18ce739cf4e.13621.0,eval/loss,900,1776144321.9661272,0.22250616550445557,scalar
events.out.tfevents.1776098432.e18ce739cf4e.13621.0,eval/loss,910,1776144836.7421641,0.22187118232250214,scalar
events.out.tfevents.1776098432.e18ce739cf4e.13621.0,eval/loss,920,1776145356.3559644,0.22270402312278748,scalar
events.out.tfevents.1776098432.e18ce739cf4e.13621.0,eval/loss,930,1776145860.1325989,0.22240348160266876,scalar
events.out.tfevents.1776098432.e18ce739cf4e.13621.0,eval/loss,940,1776146377.2108064,0.2213679701089859,scalar
events.out.tfevents.1776098432.e18ce739cf4e.13621.0,eval/loss,950,1776146910.7679355,0.2222958356142044,scalar
events.out.tfevents.1776098432.e18ce739cf4e.13621.0,eval/loss,960,1776147396.4927568,0.22094184160232544,scalar
events.out.tfevents.1776098432.e18ce739cf4e.13621.0,eval/loss,970,1776147916.9847746,0.2217239886522293,scalar
events.out.tfevents.1776098432.e18ce739cf4e.13621.0,eval/loss,980,1776148412.9793532,0.22158363461494446,scalar
events.out.tfevents.1776098432.e18ce739cf4e.13621.0,eval/loss,990,1776148919.3843713,0.2211465835571289,scalar
events.out.tfevents.1776098432.e18ce739cf4e.13621.0,eval/loss,1000,1776149410.2202113,0.22015957534313202,scalar
events.out.tfevents.1776098432.e18ce739cf4e.13621.0,eval/loss,1010,1776149913.4931076,0.2208748608827591,scalar
events.out.tfevents.1776098432.e18ce739cf4e.13621.0,eval/loss,1020,1776150438.1756303,0.2192831188440323,scalar
events.out.tfevents.1776098432.e18ce739cf4e.13621.0,eval/loss,1030,1776150954.5145671,0.21969234943389893,scalar
events.out.tfevents.1776098432.e18ce739cf4e.13621.0,eval/loss,1040,1776151481.21216,0.22097861766815186,scalar
events.out.tfevents.1776098432.e18ce739cf4e.13621.0,eval/loss,1050,1776151996.7151644,0.21917229890823364,scalar
events.out.tfevents.1776098432.e18ce739cf4e.13621.0,eval/loss,1060,1776152495.858283,0.2196163535118103,scalar
events.out.tfevents.1776098432.e18ce739cf4e.13621.0,eval/loss,1070,1776153020.2889075,0.21849048137664795,scalar
events.out.tfevents.1776098432.e18ce739cf4e.13621.0,eval/loss,1080,1776153513.8958588,0.22057229280471802,scalar
events.out.tfevents.1776098432.e18ce739cf4e.13621.0,eval/loss,1090,1776154028.371746,0.2204378843307495,scalar
events.out.tfevents.1776098432.e18ce739cf4e.13621.0,eval/loss,1100,1776154544.846439,0.21958066523075104,scalar
events.out.tfevents.1776098432.e18ce739cf4e.13621.0,eval/loss,1110,1776155046.8683927,0.2192898988723755,scalar
events.out.tfevents.1776098432.e18ce739cf4e.13621.0,eval/loss,1120,1776155598.4596047,0.2200327068567276,scalar
events.out.tfevents.1776098432.e18ce739cf4e.13621.0,eval/loss,1130,1776156108.9867496,0.21883748471736908,scalar
events.out.tfevents.1776098432.e18ce739cf4e.13621.0,eval/loss,1140,1776156624.0608094,0.21837294101715088,scalar
events.out.tfevents.1776098432.e18ce739cf4e.13621.0,eval/loss,1150,1776157128.8984919,0.21837833523750305,scalar
events.out.tfevents.1776098432.e18ce739cf4e.13621.0,eval/loss,1160,1776157646.7181919,0.21813209354877472,scalar
events.out.tfevents.1776098432.e18ce739cf4e.13621.0,eval/loss,1170,1776158137.8994658,0.2177577018737793,scalar
events.out.tfevents.1776098432.e18ce739cf4e.13621.0,eval/runtime,10,1776098949.1880026,25.49530029296875,scalar
events.out.tfevents.1776098432.e18ce739cf4e.13621.0,eval/runtime,20,1776099440.7613842,26.002500534057617,scalar
events.out.tfevents.1776098432.e18ce739cf4e.13621.0,eval/runtime,30,1776099992.225591,37.457801818847656,scalar
events.out.tfevents.1776098432.e18ce739cf4e.13621.0,eval/runtime,40,1776100518.8757927,25.870800018310547,scalar
events.out.tfevents.1776098432.e18ce739cf4e.13621.0,eval/runtime,50,1776101032.71785,25.800600051879883,scalar
events.out.tfevents.1776098432.e18ce739cf4e.13621.0,eval/runtime,60,1776101553.2963564,25.62380027770996,scalar
events.out.tfevents.1776098432.e18ce739cf4e.13621.0,eval/runtime,70,1776102050.5514395,26.458599090576172,scalar
events.out.tfevents.1776098432.e18ce739cf4e.13621.0,eval/runtime,80,1776102589.0434341,26.35070037841797,scalar
events.out.tfevents.1776098432.e18ce739cf4e.13621.0,eval/runtime,90,1776103110.5898705,25.76689910888672,scalar
events.out.tfevents.1776098432.e18ce739cf4e.13621.0,eval/runtime,100,1776103605.5221224,25.77589988708496,scalar
events.out.tfevents.1776098432.e18ce739cf4e.13621.0,eval/runtime,110,1776104162.3438218,72.07209777832031,scalar
events.out.tfevents.1776098432.e18ce739cf4e.13621.0,eval/runtime,120,1776104677.0607522,26.331100463867188,scalar
events.out.tfevents.1776098432.e18ce739cf4e.13621.0,eval/runtime,130,1776105233.0160348,25.908300399780273,scalar
events.out.tfevents.1776098432.e18ce739cf4e.13621.0,eval/runtime,140,1776105726.8904865,26.122900009155273,scalar
events.out.tfevents.1776098432.e18ce739cf4e.13621.0,eval/runtime,150,1776106266.7291336,27.23080062866211,scalar
events.out.tfevents.1776098432.e18ce739cf4e.13621.0,eval/runtime,160,1776106762.1442919,25.64419937133789,scalar
events.out.tfevents.1776098432.e18ce739cf4e.13621.0,eval/runtime,170,1776107248.2617953,25.745800018310547,scalar
events.out.tfevents.1776098432.e18ce739cf4e.13621.0,eval/runtime,180,1776107752.7004807,27.41349983215332,scalar
events.out.tfevents.1776098432.e18ce739cf4e.13621.0,eval/runtime,190,1776108245.502205,25.81559944152832,scalar
events.out.tfevents.1776098432.e18ce739cf4e.13621.0,eval/runtime,200,1776108739.1559885,25.749300003051758,scalar
events.out.tfevents.1776098432.e18ce739cf4e.13621.0,eval/runtime,210,1776109270.0239677,25.71179962158203,scalar
events.out.tfevents.1776098432.e18ce739cf4e.13621.0,eval/runtime,220,1776109772.3772788,25.672800064086914,scalar
events.out.tfevents.1776098432.e18ce739cf4e.13621.0,eval/runtime,230,1776110271.8737571,26.328500747680664,scalar
events.out.tfevents.1776098432.e18ce739cf4e.13621.0,eval/runtime,240,1776110776.7877965,25.829700469970703,scalar
events.out.tfevents.1776098432.e18ce739cf4e.13621.0,eval/runtime,250,1776111273.4491684,25.61479949951172,scalar
events.out.tfevents.1776098432.e18ce739cf4e.13621.0,eval/runtime,260,1776111785.943123,37.19810104370117,scalar
events.out.tfevents.1776098432.e18ce739cf4e.13621.0,eval/runtime,270,1776112290.856627,25.629899978637695,scalar
events.out.tfevents.1776098432.e18ce739cf4e.13621.0,eval/runtime,280,1776112800.3171313,25.584299087524414,scalar
events.out.tfevents.1776098432.e18ce739cf4e.13621.0,eval/runtime,290,1776113303.6088233,26.304000854492188,scalar
events.out.tfevents.1776098432.e18ce739cf4e.13621.0,eval/runtime,300,1776113819.1122994,29.172100067138672,scalar
events.out.tfevents.1776098432.e18ce739cf4e.13621.0,eval/runtime,310,1776114339.8925436,25.668100357055664,scalar
events.out.tfevents.1776098432.e18ce739cf4e.13621.0,eval/runtime,320,1776114829.263964,25.737300872802734,scalar
events.out.tfevents.1776098432.e18ce739cf4e.13621.0,eval/runtime,330,1776115313.5278723,25.635099411010742,scalar
events.out.tfevents.1776098432.e18ce739cf4e.13621.0,eval/runtime,340,1776115835.6172104,25.540000915527344,scalar
events.out.tfevents.1776098432.e18ce739cf4e.13621.0,eval/runtime,350,1776116330.7088256,25.875200271606445,scalar
events.out.tfevents.1776098432.e18ce739cf4e.13621.0,eval/runtime,360,1776116865.575084,25.86549949645996,scalar
events.out.tfevents.1776098432.e18ce739cf4e.13621.0,eval/runtime,370,1776117368.1798477,25.759899139404297,scalar
events.out.tfevents.1776098432.e18ce739cf4e.13621.0,eval/runtime,380,1776117864.4267747,25.792299270629883,scalar
events.out.tfevents.1776098432.e18ce739cf4e.13621.0,eval/runtime,390,1776118350.093693,25.58919906616211,scalar
events.out.tfevents.1776098432.e18ce739cf4e.13621.0,eval/runtime,400,1776118863.8430073,25.666000366210938,scalar
events.out.tfevents.1776098432.e18ce739cf4e.13621.0,eval/runtime,410,1776119380.5812094,25.639799118041992,scalar
events.out.tfevents.1776098432.e18ce739cf4e.13621.0,eval/runtime,420,1776119862.281047,25.625699996948242,scalar
events.out.tfevents.1776098432.e18ce739cf4e.13621.0,eval/runtime,430,1776120347.563748,26.47439956665039,scalar
events.out.tfevents.1776098432.e18ce739cf4e.13621.0,eval/runtime,440,1776120839.0902443,25.60689926147461,scalar
events.out.tfevents.1776098432.e18ce739cf4e.13621.0,eval/runtime,450,1776121363.8312056,37.13869857788086,scalar
events.out.tfevents.1776098432.e18ce739cf4e.13621.0,eval/runtime,460,1776121893.60684,25.572500228881836,scalar
events.out.tfevents.1776098432.e18ce739cf4e.13621.0,eval/runtime,470,1776122423.305017,25.795799255371094,scalar
events.out.tfevents.1776098432.e18ce739cf4e.13621.0,eval/runtime,480,1776122933.256986,25.576499938964844,scalar
events.out.tfevents.1776098432.e18ce739cf4e.13621.0,eval/runtime,490,1776123430.1053364,25.6200008392334,scalar
events.out.tfevents.1776098432.e18ce739cf4e.13621.0,eval/runtime,500,1776123942.4292006,25.494600296020508,scalar
events.out.tfevents.1776098432.e18ce739cf4e.13621.0,eval/runtime,510,1776124443.4443796,30.689699172973633,scalar
events.out.tfevents.1776098432.e18ce739cf4e.13621.0,eval/runtime,520,1776124950.3434775,25.791500091552734,scalar
events.out.tfevents.1776098432.e18ce739cf4e.13621.0,eval/runtime,530,1776125462.428879,28.86549949645996,scalar
events.out.tfevents.1776098432.e18ce739cf4e.13621.0,eval/runtime,540,1776125967.1071303,25.721799850463867,scalar
events.out.tfevents.1776098432.e18ce739cf4e.13621.0,eval/runtime,550,1776126492.7419128,25.76609992980957,scalar
events.out.tfevents.1776098432.e18ce739cf4e.13621.0,eval/runtime,560,1776127019.9805386,26.337400436401367,scalar
events.out.tfevents.1776098432.e18ce739cf4e.13621.0,eval/runtime,570,1776127503.424639,26.26219940185547,scalar
events.out.tfevents.1776098432.e18ce739cf4e.13621.0,eval/runtime,580,1776128014.7200458,25.73740005493164,scalar
events.out.tfevents.1776098432.e18ce739cf4e.13621.0,eval/runtime,590,1776128508.317674,26.473600387573242,scalar
events.out.tfevents.1776098432.e18ce739cf4e.13621.0,eval/runtime,600,1776129013.301842,25.681499481201172,scalar
events.out.tfevents.1776098432.e18ce739cf4e.13621.0,eval/runtime,610,1776129538.065635,25.76609992980957,scalar
events.out.tfevents.1776098432.e18ce739cf4e.13621.0,eval/runtime,620,1776130069.9106803,25.60890007019043,scalar
events.out.tfevents.1776098432.e18ce739cf4e.13621.0,eval/runtime,630,1776130575.6665583,25.615400314331055,scalar
events.out.tfevents.1776098432.e18ce739cf4e.13621.0,eval/runtime,640,1776131079.455366,25.737199783325195,scalar
events.out.tfevents.1776098432.e18ce739cf4e.13621.0,eval/runtime,650,1776131580.829772,26.49340057373047,scalar
events.out.tfevents.1776098432.e18ce739cf4e.13621.0,eval/runtime,660,1776132090.472786,25.550100326538086,scalar
events.out.tfevents.1776098432.e18ce739cf4e.13621.0,eval/runtime,670,1776132578.8387105,25.687299728393555,scalar
events.out.tfevents.1776098432.e18ce739cf4e.13621.0,eval/runtime,680,1776133071.6103551,25.72319984436035,scalar
events.out.tfevents.1776098432.e18ce739cf4e.13621.0,eval/runtime,690,1776133574.2889905,25.779399871826172,scalar
events.out.tfevents.1776098432.e18ce739cf4e.13621.0,eval/runtime,700,1776134099.68565,33.4911003112793,scalar
events.out.tfevents.1776098432.e18ce739cf4e.13621.0,eval/runtime,710,1776134634.5345323,25.71809959411621,scalar
events.out.tfevents.1776098432.e18ce739cf4e.13621.0,eval/runtime,720,1776135132.5176888,25.700700759887695,scalar
events.out.tfevents.1776098432.e18ce739cf4e.13621.0,eval/runtime,730,1776135615.2196283,25.937000274658203,scalar
events.out.tfevents.1776098432.e18ce739cf4e.13621.0,eval/runtime,740,1776136126.7043428,25.5403995513916,scalar
events.out.tfevents.1776098432.e18ce739cf4e.13621.0,eval/runtime,750,1776136628.1692019,25.878000259399414,scalar
events.out.tfevents.1776098432.e18ce739cf4e.13621.0,eval/runtime,760,1776137136.2086878,25.791400909423828,scalar
events.out.tfevents.1776098432.e18ce739cf4e.13621.0,eval/runtime,770,1776137635.572701,25.70359992980957,scalar
events.out.tfevents.1776098432.e18ce739cf4e.13621.0,eval/runtime,780,1776138171.761265,27.167299270629883,scalar
events.out.tfevents.1776098432.e18ce739cf4e.13621.0,eval/runtime,790,1776138672.393183,25.751300811767578,scalar
events.out.tfevents.1776098432.e18ce739cf4e.13621.0,eval/runtime,800,1776139162.7916403,25.654300689697266,scalar
events.out.tfevents.1776098432.e18ce739cf4e.13621.0,eval/runtime,810,1776139687.278617,25.607999801635742,scalar
events.out.tfevents.1776098432.e18ce739cf4e.13621.0,eval/runtime,820,1776140195.9944487,25.705699920654297,scalar
events.out.tfevents.1776098432.e18ce739cf4e.13621.0,eval/runtime,830,1776140709.7087345,25.856800079345703,scalar
events.out.tfevents.1776098432.e18ce739cf4e.13621.0,eval/runtime,840,1776141254.2666476,25.872400283813477,scalar
events.out.tfevents.1776098432.e18ce739cf4e.13621.0,eval/runtime,850,1776141751.9427788,25.700000762939453,scalar
events.out.tfevents.1776098432.e18ce739cf4e.13621.0,eval/runtime,860,1776142303.3258162,25.604700088500977,scalar
events.out.tfevents.1776098432.e18ce739cf4e.13621.0,eval/runtime,870,1776142783.476036,25.608600616455078,scalar
events.out.tfevents.1776098432.e18ce739cf4e.13621.0,eval/runtime,880,1776143294.7031577,43.787899017333984,scalar
events.out.tfevents.1776098432.e18ce739cf4e.13621.0,eval/runtime,890,1776143812.006912,25.710399627685547,scalar
events.out.tfevents.1776098432.e18ce739cf4e.13621.0,eval/runtime,900,1776144321.9661682,25.713600158691406,scalar
events.out.tfevents.1776098432.e18ce739cf4e.13621.0,eval/runtime,910,1776144836.7422194,26.47909927368164,scalar
events.out.tfevents.1776098432.e18ce739cf4e.13621.0,eval/runtime,920,1776145356.3560057,25.68589973449707,scalar
events.out.tfevents.1776098432.e18ce739cf4e.13621.0,eval/runtime,930,1776145860.132646,25.650800704956055,scalar
events.out.tfevents.1776098432.e18ce739cf4e.13621.0,eval/runtime,940,1776146377.2108538,25.63409996032715,scalar
events.out.tfevents.1776098432.e18ce739cf4e.13621.0,eval/runtime,950,1776146910.7679741,25.646499633789062,scalar
events.out.tfevents.1776098432.e18ce739cf4e.13621.0,eval/runtime,960,1776147396.492803,25.627700805664062,scalar
events.out.tfevents.1776098432.e18ce739cf4e.13621.0,eval/runtime,970,1776147916.9848175,25.760700225830078,scalar
events.out.tfevents.1776098432.e18ce739cf4e.13621.0,eval/runtime,980,1776148412.979395,25.967500686645508,scalar
events.out.tfevents.1776098432.e18ce739cf4e.13621.0,eval/runtime,990,1776148919.384435,25.650699615478516,scalar
events.out.tfevents.1776098432.e18ce739cf4e.13621.0,eval/runtime,1000,1776149410.220251,25.7096004486084,scalar
events.out.tfevents.1776098432.e18ce739cf4e.13621.0,eval/runtime,1010,1776149913.4931636,25.650999069213867,scalar
events.out.tfevents.1776098432.e18ce739cf4e.13621.0,eval/runtime,1020,1776150438.175669,25.617300033569336,scalar
events.out.tfevents.1776098432.e18ce739cf4e.13621.0,eval/runtime,1030,1776150954.5146081,25.810699462890625,scalar
events.out.tfevents.1776098432.e18ce739cf4e.13621.0,eval/runtime,1040,1776151481.2122033,25.592500686645508,scalar
events.out.tfevents.1776098432.e18ce739cf4e.13621.0,eval/runtime,1050,1776151996.715203,32.04930114746094,scalar
events.out.tfevents.1776098432.e18ce739cf4e.13621.0,eval/runtime,1060,1776152495.858322,37.49209976196289,scalar
events.out.tfevents.1776098432.e18ce739cf4e.13621.0,eval/runtime,1070,1776153020.2889497,26.20949935913086,scalar
events.out.tfevents.1776098432.e18ce739cf4e.13621.0,eval/runtime,1080,1776153513.8959212,25.613300323486328,scalar
events.out.tfevents.1776098432.e18ce739cf4e.13621.0,eval/runtime,1090,1776154028.3717859,26.52910041809082,scalar
events.out.tfevents.1776098432.e18ce739cf4e.13621.0,eval/runtime,1100,1776154544.8465014,25.736400604248047,scalar
events.out.tfevents.1776098432.e18ce739cf4e.13621.0,eval/runtime,1110,1776155046.8684337,26.13170051574707,scalar
events.out.tfevents.1776098432.e18ce739cf4e.13621.0,eval/runtime,1120,1776155598.459645,25.749000549316406,scalar
events.out.tfevents.1776098432.e18ce739cf4e.13621.0,eval/runtime,1130,1776156108.9867904,28.507699966430664,scalar
events.out.tfevents.1776098432.e18ce739cf4e.13621.0,eval/runtime,1140,1776156624.0608504,25.669200897216797,scalar
events.out.tfevents.1776098432.e18ce739cf4e.13621.0,eval/runtime,1150,1776157128.8985333,25.602399826049805,scalar
events.out.tfevents.1776098432.e18ce739cf4e.13621.0,eval/runtime,1160,1776157646.7182312,25.604299545288086,scalar
events.out.tfevents.1776098432.e18ce739cf4e.13621.0,eval/runtime,1170,1776158137.899508,26.580900192260742,scalar
events.out.tfevents.1776098432.e18ce739cf4e.13621.0,eval/samples_per_second,10,1776098949.1880183,1.9609999656677246,scalar
events.out.tfevents.1776098432.e18ce739cf4e.13621.0,eval/samples_per_second,20,1776099440.7613997,1.9229999780654907,scalar
events.out.tfevents.1776098432.e18ce739cf4e.13621.0,eval/samples_per_second,30,1776099992.2256062,1.3350000381469727,scalar
events.out.tfevents.1776098432.e18ce739cf4e.13621.0,eval/samples_per_second,40,1776100518.8758085,1.9329999685287476,scalar
events.out.tfevents.1776098432.e18ce739cf4e.13621.0,eval/samples_per_second,50,1776101032.7178655,1.937999963760376,scalar
events.out.tfevents.1776098432.e18ce739cf4e.13621.0,eval/samples_per_second,60,1776101553.2963722,1.9509999752044678,scalar
events.out.tfevents.1776098432.e18ce739cf4e.13621.0,eval/samples_per_second,70,1776102050.5514553,1.8899999856948853,scalar
events.out.tfevents.1776098432.e18ce739cf4e.13621.0,eval/samples_per_second,80,1776102589.0434499,1.8969999551773071,scalar
events.out.tfevents.1776098432.e18ce739cf4e.13621.0,eval/samples_per_second,90,1776103110.5898926,1.940000057220459,scalar
events.out.tfevents.1776098432.e18ce739cf4e.13621.0,eval/samples_per_second,100,1776103605.522138,1.940000057220459,scalar
events.out.tfevents.1776098432.e18ce739cf4e.13621.0,eval/samples_per_second,110,1776104162.343838,0.6940000057220459,scalar
events.out.tfevents.1776098432.e18ce739cf4e.13621.0,eval/samples_per_second,120,1776104677.0607677,1.8990000486373901,scalar
events.out.tfevents.1776098432.e18ce739cf4e.13621.0,eval/samples_per_second,130,1776105233.016054,1.9299999475479126,scalar
events.out.tfevents.1776098432.e18ce739cf4e.13621.0,eval/samples_per_second,140,1776105726.8905082,1.9140000343322754,scalar
events.out.tfevents.1776098432.e18ce739cf4e.13621.0,eval/samples_per_second,150,1776106266.7291489,1.8359999656677246,scalar
events.out.tfevents.1776098432.e18ce739cf4e.13621.0,eval/samples_per_second,160,1776106762.144307,1.9500000476837158,scalar
events.out.tfevents.1776098432.e18ce739cf4e.13621.0,eval/samples_per_second,170,1776107248.2618115,1.9420000314712524,scalar
events.out.tfevents.1776098432.e18ce739cf4e.13621.0,eval/samples_per_second,180,1776107752.700505,1.8240000009536743,scalar
events.out.tfevents.1776098432.e18ce739cf4e.13621.0,eval/samples_per_second,190,1776108245.502221,1.937000036239624,scalar
events.out.tfevents.1776098432.e18ce739cf4e.13621.0,eval/samples_per_second,200,1776108739.1560047,1.9420000314712524,scalar
events.out.tfevents.1776098432.e18ce739cf4e.13621.0,eval/samples_per_second,210,1776109270.0239828,1.9450000524520874,scalar
events.out.tfevents.1776098432.e18ce739cf4e.13621.0,eval/samples_per_second,220,1776109772.3772945,1.9479999542236328,scalar
events.out.tfevents.1776098432.e18ce739cf4e.13621.0,eval/samples_per_second,230,1776110271.8737738,1.8990000486373901,scalar
events.out.tfevents.1776098432.e18ce739cf4e.13621.0,eval/samples_per_second,240,1776110776.7878115,1.9359999895095825,scalar
events.out.tfevents.1776098432.e18ce739cf4e.13621.0,eval/samples_per_second,250,1776111273.4491858,1.9520000219345093,scalar
events.out.tfevents.1776098432.e18ce739cf4e.13621.0,eval/samples_per_second,260,1776111785.9431398,1.343999981880188,scalar
events.out.tfevents.1776098432.e18ce739cf4e.13621.0,eval/samples_per_second,270,1776112290.8566434,1.9509999752044678,scalar
events.out.tfevents.1776098432.e18ce739cf4e.13621.0,eval/samples_per_second,280,1776112800.3171458,1.9539999961853027,scalar
events.out.tfevents.1776098432.e18ce739cf4e.13621.0,eval/samples_per_second,290,1776113303.6088395,1.9010000228881836,scalar
events.out.tfevents.1776098432.e18ce739cf4e.13621.0,eval/samples_per_second,300,1776113819.1123152,1.7139999866485596,scalar
events.out.tfevents.1776098432.e18ce739cf4e.13621.0,eval/samples_per_second,310,1776114339.8925598,1.9479999542236328,scalar
events.out.tfevents.1776098432.e18ce739cf4e.13621.0,eval/samples_per_second,320,1776114829.2639792,1.9429999589920044,scalar
events.out.tfevents.1776098432.e18ce739cf4e.13621.0,eval/samples_per_second,330,1776115313.527888,1.9500000476837158,scalar
events.out.tfevents.1776098432.e18ce739cf4e.13621.0,eval/samples_per_second,340,1776115835.6172252,1.9579999446868896,scalar
events.out.tfevents.1776098432.e18ce739cf4e.13621.0,eval/samples_per_second,350,1776116330.7088494,1.9320000410079956,scalar
events.out.tfevents.1776098432.e18ce739cf4e.13621.0,eval/samples_per_second,360,1776116865.5751143,1.9329999685287476,scalar
events.out.tfevents.1776098432.e18ce739cf4e.13621.0,eval/samples_per_second,370,1776117368.179871,1.940999984741211,scalar
events.out.tfevents.1776098432.e18ce739cf4e.13621.0,eval/samples_per_second,380,1776117864.4267902,1.9390000104904175,scalar
events.out.tfevents.1776098432.e18ce739cf4e.13621.0,eval/samples_per_second,390,1776118350.0937083,1.9539999961853027,scalar
events.out.tfevents.1776098432.e18ce739cf4e.13621.0,eval/samples_per_second,400,1776118863.8430288,1.9479999542236328,scalar
events.out.tfevents.1776098432.e18ce739cf4e.13621.0,eval/samples_per_second,410,1776119380.5812242,1.9500000476837158,scalar
events.out.tfevents.1776098432.e18ce739cf4e.13621.0,eval/samples_per_second,420,1776119862.2810628,1.9509999752044678,scalar
events.out.tfevents.1776098432.e18ce739cf4e.13621.0,eval/samples_per_second,430,1776120347.5637631,1.8890000581741333,scalar
events.out.tfevents.1776098432.e18ce739cf4e.13621.0,eval/samples_per_second,440,1776120839.0902596,1.9529999494552612,scalar
events.out.tfevents.1776098432.e18ce739cf4e.13621.0,eval/samples_per_second,450,1776121363.8312216,1.3459999561309814,scalar
events.out.tfevents.1776098432.e18ce739cf4e.13621.0,eval/samples_per_second,460,1776121893.6068552,1.9550000429153442,scalar
events.out.tfevents.1776098432.e18ce739cf4e.13621.0,eval/samples_per_second,470,1776122423.3050327,1.937999963760376,scalar
events.out.tfevents.1776098432.e18ce739cf4e.13621.0,eval/samples_per_second,480,1776122933.2570016,1.9550000429153442,scalar
events.out.tfevents.1776098432.e18ce739cf4e.13621.0,eval/samples_per_second,490,1776123430.1053512,1.9520000219345093,scalar
events.out.tfevents.1776098432.e18ce739cf4e.13621.0,eval/samples_per_second,500,1776123942.4292157,1.9609999656677246,scalar
events.out.tfevents.1776098432.e18ce739cf4e.13621.0,eval/samples_per_second,510,1776124443.4443953,1.628999948501587,scalar
events.out.tfevents.1776098432.e18ce739cf4e.13621.0,eval/samples_per_second,520,1776124950.3434932,1.9390000104904175,scalar
events.out.tfevents.1776098432.e18ce739cf4e.13621.0,eval/samples_per_second,530,1776125462.428895,1.7319999933242798,scalar
events.out.tfevents.1776098432.e18ce739cf4e.13621.0,eval/samples_per_second,540,1776125967.1071463,1.944000005722046,scalar
events.out.tfevents.1776098432.e18ce739cf4e.13621.0,eval/samples_per_second,550,1776126492.7419345,1.940999984741211,scalar
events.out.tfevents.1776098432.e18ce739cf4e.13621.0,eval/samples_per_second,560,1776127019.9805536,1.8980000019073486,scalar
events.out.tfevents.1776098432.e18ce739cf4e.13621.0,eval/samples_per_second,570,1776127503.4246578,1.9040000438690186,scalar
events.out.tfevents.1776098432.e18ce739cf4e.13621.0,eval/samples_per_second,580,1776128014.7200618,1.9429999589920044,scalar
events.out.tfevents.1776098432.e18ce739cf4e.13621.0,eval/samples_per_second,590,1776128508.3176897,1.8890000581741333,scalar
events.out.tfevents.1776098432.e18ce739cf4e.13621.0,eval/samples_per_second,600,1776129013.3018565,1.9470000267028809,scalar
events.out.tfevents.1776098432.e18ce739cf4e.13621.0,eval/samples_per_second,610,1776129538.0656497,1.940999984741211,scalar
events.out.tfevents.1776098432.e18ce739cf4e.13621.0,eval/samples_per_second,620,1776130069.9106963,1.9520000219345093,scalar
events.out.tfevents.1776098432.e18ce739cf4e.13621.0,eval/samples_per_second,630,1776130575.666573,1.9520000219345093,scalar
events.out.tfevents.1776098432.e18ce739cf4e.13621.0,eval/samples_per_second,640,1776131079.4553802,1.9429999589920044,scalar
events.out.tfevents.1776098432.e18ce739cf4e.13621.0,eval/samples_per_second,650,1776131580.8297875,1.8869999647140503,scalar
events.out.tfevents.1776098432.e18ce739cf4e.13621.0,eval/samples_per_second,660,1776132090.4728014,1.9570000171661377,scalar
events.out.tfevents.1776098432.e18ce739cf4e.13621.0,eval/samples_per_second,670,1776132578.8387268,1.9459999799728394,scalar
events.out.tfevents.1776098432.e18ce739cf4e.13621.0,eval/samples_per_second,680,1776133071.610378,1.944000005722046,scalar
events.out.tfevents.1776098432.e18ce739cf4e.13621.0,eval/samples_per_second,690,1776133574.289006,1.940000057220459,scalar
events.out.tfevents.1776098432.e18ce739cf4e.13621.0,eval/samples_per_second,700,1776134099.6856728,1.4930000305175781,scalar
events.out.tfevents.1776098432.e18ce739cf4e.13621.0,eval/samples_per_second,710,1776134634.5345478,1.944000005722046,scalar
events.out.tfevents.1776098432.e18ce739cf4e.13621.0,eval/samples_per_second,720,1776135132.5177052,1.9450000524520874,scalar
events.out.tfevents.1776098432.e18ce739cf4e.13621.0,eval/samples_per_second,730,1776135615.2196434,1.9279999732971191,scalar
events.out.tfevents.1776098432.e18ce739cf4e.13621.0,eval/samples_per_second,740,1776136126.7043576,1.9579999446868896,scalar
events.out.tfevents.1776098432.e18ce739cf4e.13621.0,eval/samples_per_second,750,1776136628.1692178,1.9320000410079956,scalar
events.out.tfevents.1776098432.e18ce739cf4e.13621.0,eval/samples_per_second,760,1776137136.2087042,1.9390000104904175,scalar
events.out.tfevents.1776098432.e18ce739cf4e.13621.0,eval/samples_per_second,770,1776137635.5727177,1.9450000524520874,scalar
events.out.tfevents.1776098432.e18ce739cf4e.13621.0,eval/samples_per_second,780,1776138171.7612808,1.840000033378601,scalar
events.out.tfevents.1776098432.e18ce739cf4e.13621.0,eval/samples_per_second,790,1776138672.3931983,1.9420000314712524,scalar
events.out.tfevents.1776098432.e18ce739cf4e.13621.0,eval/samples_per_second,800,1776139162.791656,1.9490000009536743,scalar
events.out.tfevents.1776098432.e18ce739cf4e.13621.0,eval/samples_per_second,810,1776139687.2786324,1.9529999494552612,scalar
events.out.tfevents.1776098432.e18ce739cf4e.13621.0,eval/samples_per_second,820,1776140195.9944885,1.9450000524520874,scalar
events.out.tfevents.1776098432.e18ce739cf4e.13621.0,eval/samples_per_second,830,1776140709.7087572,1.934000015258789,scalar
events.out.tfevents.1776098432.e18ce739cf4e.13621.0,eval/samples_per_second,840,1776141254.2666626,1.9329999685287476,scalar
events.out.tfevents.1776098432.e18ce739cf4e.13621.0,eval/samples_per_second,850,1776141751.9427946,1.9459999799728394,scalar
events.out.tfevents.1776098432.e18ce739cf4e.13621.0,eval/samples_per_second,860,1776142303.325832,1.9529999494552612,scalar
events.out.tfevents.1776098432.e18ce739cf4e.13621.0,eval/samples_per_second,870,1776142783.4760518,1.9520000219345093,scalar
events.out.tfevents.1776098432.e18ce739cf4e.13621.0,eval/samples_per_second,880,1776143294.7031784,1.1419999599456787,scalar
events.out.tfevents.1776098432.e18ce739cf4e.13621.0,eval/samples_per_second,890,1776143812.0069306,1.9450000524520874,scalar
events.out.tfevents.1776098432.e18ce739cf4e.13621.0,eval/samples_per_second,900,1776144321.9661832,1.944000005722046,scalar
events.out.tfevents.1776098432.e18ce739cf4e.13621.0,eval/samples_per_second,910,1776144836.7422442,1.8880000114440918,scalar
events.out.tfevents.1776098432.e18ce739cf4e.13621.0,eval/samples_per_second,920,1776145356.3560212,1.9470000267028809,scalar
events.out.tfevents.1776098432.e18ce739cf4e.13621.0,eval/samples_per_second,930,1776145860.132661,1.9490000009536743,scalar
events.out.tfevents.1776098432.e18ce739cf4e.13621.0,eval/samples_per_second,940,1776146377.2108688,1.9509999752044678,scalar
events.out.tfevents.1776098432.e18ce739cf4e.13621.0,eval/samples_per_second,950,1776146910.7679894,1.9500000476837158,scalar
events.out.tfevents.1776098432.e18ce739cf4e.13621.0,eval/samples_per_second,960,1776147396.492822,1.9509999752044678,scalar
events.out.tfevents.1776098432.e18ce739cf4e.13621.0,eval/samples_per_second,970,1776147916.984832,1.940999984741211,scalar
events.out.tfevents.1776098432.e18ce739cf4e.13621.0,eval/samples_per_second,980,1776148412.9794102,1.9249999523162842,scalar
events.out.tfevents.1776098432.e18ce739cf4e.13621.0,eval/samples_per_second,990,1776148919.3844626,1.9490000009536743,scalar
events.out.tfevents.1776098432.e18ce739cf4e.13621.0,eval/samples_per_second,1000,1776149410.2202659,1.9450000524520874,scalar
events.out.tfevents.1776098432.e18ce739cf4e.13621.0,eval/samples_per_second,1010,1776149913.4931834,1.9490000009536743,scalar
events.out.tfevents.1776098432.e18ce739cf4e.13621.0,eval/samples_per_second,1020,1776150438.1756842,1.9520000219345093,scalar
events.out.tfevents.1776098432.e18ce739cf4e.13621.0,eval/samples_per_second,1030,1776150954.5146234,1.937000036239624,scalar
events.out.tfevents.1776098432.e18ce739cf4e.13621.0,eval/samples_per_second,1040,1776151481.2122264,1.9539999961853027,scalar
events.out.tfevents.1776098432.e18ce739cf4e.13621.0,eval/samples_per_second,1050,1776151996.7152185,1.559999942779541,scalar
events.out.tfevents.1776098432.e18ce739cf4e.13621.0,eval/samples_per_second,1060,1776152495.8583367,1.3339999914169312,scalar
events.out.tfevents.1776098432.e18ce739cf4e.13621.0,eval/samples_per_second,1070,1776153020.2889655,1.9079999923706055,scalar
events.out.tfevents.1776098432.e18ce739cf4e.13621.0,eval/samples_per_second,1080,1776153513.8959568,1.9520000219345093,scalar
events.out.tfevents.1776098432.e18ce739cf4e.13621.0,eval/samples_per_second,1090,1776154028.3718073,1.8849999904632568,scalar
events.out.tfevents.1776098432.e18ce739cf4e.13621.0,eval/samples_per_second,1100,1776154544.8465257,1.9429999589920044,scalar
events.out.tfevents.1776098432.e18ce739cf4e.13621.0,eval/samples_per_second,1110,1776155046.868449,1.9129999876022339,scalar
events.out.tfevents.1776098432.e18ce739cf4e.13621.0,eval/samples_per_second,1120,1776155598.4596674,1.9420000314712524,scalar
events.out.tfevents.1776098432.e18ce739cf4e.13621.0,eval/samples_per_second,1130,1776156108.9868052,1.753999948501587,scalar
events.out.tfevents.1776098432.e18ce739cf4e.13621.0,eval/samples_per_second,1140,1776156624.0608652,1.9479999542236328,scalar
events.out.tfevents.1776098432.e18ce739cf4e.13621.0,eval/samples_per_second,1150,1776157128.8985493,1.9529999494552612,scalar
events.out.tfevents.1776098432.e18ce739cf4e.13621.0,eval/samples_per_second,1160,1776157646.718247,1.9529999494552612,scalar
events.out.tfevents.1776098432.e18ce739cf4e.13621.0,eval/samples_per_second,1170,1776158137.8995235,1.88100004196167,scalar
events.out.tfevents.1776098432.e18ce739cf4e.13621.0,eval/steps_per_second,10,1776098949.1880312,1.9609999656677246,scalar
events.out.tfevents.1776098432.e18ce739cf4e.13621.0,eval/steps_per_second,20,1776099440.761413,1.9229999780654907,scalar
events.out.tfevents.1776098432.e18ce739cf4e.13621.0,eval/steps_per_second,30,1776099992.2256188,1.3350000381469727,scalar
events.out.tfevents.1776098432.e18ce739cf4e.13621.0,eval/steps_per_second,40,1776100518.875821,1.9329999685287476,scalar
events.out.tfevents.1776098432.e18ce739cf4e.13621.0,eval/steps_per_second,50,1776101032.7178783,1.937999963760376,scalar
events.out.tfevents.1776098432.e18ce739cf4e.13621.0,eval/steps_per_second,60,1776101553.2963848,1.9509999752044678,scalar
events.out.tfevents.1776098432.e18ce739cf4e.13621.0,eval/steps_per_second,70,1776102050.5514688,1.8899999856948853,scalar
events.out.tfevents.1776098432.e18ce739cf4e.13621.0,eval/steps_per_second,80,1776102589.043463,1.8969999551773071,scalar
events.out.tfevents.1776098432.e18ce739cf4e.13621.0,eval/steps_per_second,90,1776103110.5899057,1.940000057220459,scalar
events.out.tfevents.1776098432.e18ce739cf4e.13621.0,eval/steps_per_second,100,1776103605.522151,1.940000057220459,scalar
events.out.tfevents.1776098432.e18ce739cf4e.13621.0,eval/steps_per_second,110,1776104162.3438516,0.6940000057220459,scalar
events.out.tfevents.1776098432.e18ce739cf4e.13621.0,eval/steps_per_second,120,1776104677.0607805,1.8990000486373901,scalar
events.out.tfevents.1776098432.e18ce739cf4e.13621.0,eval/steps_per_second,130,1776105233.016068,1.9299999475479126,scalar
events.out.tfevents.1776098432.e18ce739cf4e.13621.0,eval/steps_per_second,140,1776105726.890527,1.9140000343322754,scalar
events.out.tfevents.1776098432.e18ce739cf4e.13621.0,eval/steps_per_second,150,1776106266.729161,1.8359999656677246,scalar
events.out.tfevents.1776098432.e18ce739cf4e.13621.0,eval/steps_per_second,160,1776106762.1443188,1.9500000476837158,scalar
events.out.tfevents.1776098432.e18ce739cf4e.13621.0,eval/steps_per_second,170,1776107248.261825,1.9420000314712524,scalar
events.out.tfevents.1776098432.e18ce739cf4e.13621.0,eval/steps_per_second,180,1776107752.700525,1.8240000009536743,scalar
events.out.tfevents.1776098432.e18ce739cf4e.13621.0,eval/steps_per_second,190,1776108245.5022342,1.937000036239624,scalar
events.out.tfevents.1776098432.e18ce739cf4e.13621.0,eval/steps_per_second,200,1776108739.156018,1.9420000314712524,scalar
events.out.tfevents.1776098432.e18ce739cf4e.13621.0,eval/steps_per_second,210,1776109270.0239956,1.9450000524520874,scalar
events.out.tfevents.1776098432.e18ce739cf4e.13621.0,eval/steps_per_second,220,1776109772.3773081,1.9479999542236328,scalar
events.out.tfevents.1776098432.e18ce739cf4e.13621.0,eval/steps_per_second,230,1776110271.8737872,1.8990000486373901,scalar
events.out.tfevents.1776098432.e18ce739cf4e.13621.0,eval/steps_per_second,240,1776110776.7878242,1.9359999895095825,scalar
events.out.tfevents.1776098432.e18ce739cf4e.13621.0,eval/steps_per_second,250,1776111273.449199,1.9520000219345093,scalar
events.out.tfevents.1776098432.e18ce739cf4e.13621.0,eval/steps_per_second,260,1776111785.9431524,1.343999981880188,scalar
events.out.tfevents.1776098432.e18ce739cf4e.13621.0,eval/steps_per_second,270,1776112290.8566556,1.9509999752044678,scalar
events.out.tfevents.1776098432.e18ce739cf4e.13621.0,eval/steps_per_second,280,1776112800.317158,1.9539999961853027,scalar
events.out.tfevents.1776098432.e18ce739cf4e.13621.0,eval/steps_per_second,290,1776113303.608852,1.9010000228881836,scalar
events.out.tfevents.1776098432.e18ce739cf4e.13621.0,eval/steps_per_second,300,1776113819.112328,1.7139999866485596,scalar
events.out.tfevents.1776098432.e18ce739cf4e.13621.0,eval/steps_per_second,310,1776114339.8925724,1.9479999542236328,scalar
events.out.tfevents.1776098432.e18ce739cf4e.13621.0,eval/steps_per_second,320,1776114829.2639925,1.9429999589920044,scalar
events.out.tfevents.1776098432.e18ce739cf4e.13621.0,eval/steps_per_second,330,1776115313.527901,1.9500000476837158,scalar
events.out.tfevents.1776098432.e18ce739cf4e.13621.0,eval/steps_per_second,340,1776115835.617238,1.9579999446868896,scalar
events.out.tfevents.1776098432.e18ce739cf4e.13621.0,eval/steps_per_second,350,1776116330.7088625,1.9320000410079956,scalar
events.out.tfevents.1776098432.e18ce739cf4e.13621.0,eval/steps_per_second,360,1776116865.5751274,1.9329999685287476,scalar
events.out.tfevents.1776098432.e18ce739cf4e.13621.0,eval/steps_per_second,370,1776117368.1798928,1.940999984741211,scalar
events.out.tfevents.1776098432.e18ce739cf4e.13621.0,eval/steps_per_second,380,1776117864.4268029,1.9390000104904175,scalar
events.out.tfevents.1776098432.e18ce739cf4e.13621.0,eval/steps_per_second,390,1776118350.0937214,1.9539999961853027,scalar
events.out.tfevents.1776098432.e18ce739cf4e.13621.0,eval/steps_per_second,400,1776118863.8430414,1.9479999542236328,scalar
events.out.tfevents.1776098432.e18ce739cf4e.13621.0,eval/steps_per_second,410,1776119380.5812361,1.9500000476837158,scalar
events.out.tfevents.1776098432.e18ce739cf4e.13621.0,eval/steps_per_second,420,1776119862.281076,1.9509999752044678,scalar
events.out.tfevents.1776098432.e18ce739cf4e.13621.0,eval/steps_per_second,430,1776120347.5637763,1.8890000581741333,scalar
events.out.tfevents.1776098432.e18ce739cf4e.13621.0,eval/steps_per_second,440,1776120839.090272,1.9529999494552612,scalar
events.out.tfevents.1776098432.e18ce739cf4e.13621.0,eval/steps_per_second,450,1776121363.8312352,1.3459999561309814,scalar
events.out.tfevents.1776098432.e18ce739cf4e.13621.0,eval/steps_per_second,460,1776121893.606868,1.9550000429153442,scalar
events.out.tfevents.1776098432.e18ce739cf4e.13621.0,eval/steps_per_second,470,1776122423.305046,1.937999963760376,scalar
events.out.tfevents.1776098432.e18ce739cf4e.13621.0,eval/steps_per_second,480,1776122933.2570143,1.9550000429153442,scalar
events.out.tfevents.1776098432.e18ce739cf4e.13621.0,eval/steps_per_second,490,1776123430.105364,1.9520000219345093,scalar
events.out.tfevents.1776098432.e18ce739cf4e.13621.0,eval/steps_per_second,500,1776123942.4292285,1.9609999656677246,scalar
events.out.tfevents.1776098432.e18ce739cf4e.13621.0,eval/steps_per_second,510,1776124443.4444077,1.628999948501587,scalar
events.out.tfevents.1776098432.e18ce739cf4e.13621.0,eval/steps_per_second,520,1776124950.3435056,1.9390000104904175,scalar
events.out.tfevents.1776098432.e18ce739cf4e.13621.0,eval/steps_per_second,530,1776125462.4289076,1.7319999933242798,scalar
events.out.tfevents.1776098432.e18ce739cf4e.13621.0,eval/steps_per_second,540,1776125967.1071596,1.944000005722046,scalar
events.out.tfevents.1776098432.e18ce739cf4e.13621.0,eval/steps_per_second,550,1776126492.7419538,1.940999984741211,scalar
events.out.tfevents.1776098432.e18ce739cf4e.13621.0,eval/steps_per_second,560,1776127019.9805665,1.8980000019073486,scalar
events.out.tfevents.1776098432.e18ce739cf4e.13621.0,eval/steps_per_second,570,1776127503.424676,1.9040000438690186,scalar
events.out.tfevents.1776098432.e18ce739cf4e.13621.0,eval/steps_per_second,580,1776128014.7200742,1.9429999589920044,scalar
events.out.tfevents.1776098432.e18ce739cf4e.13621.0,eval/steps_per_second,590,1776128508.317702,1.8890000581741333,scalar
events.out.tfevents.1776098432.e18ce739cf4e.13621.0,eval/steps_per_second,600,1776129013.301869,1.9470000267028809,scalar
events.out.tfevents.1776098432.e18ce739cf4e.13621.0,eval/steps_per_second,610,1776129538.0656617,1.940999984741211,scalar
events.out.tfevents.1776098432.e18ce739cf4e.13621.0,eval/steps_per_second,620,1776130069.9107087,1.9520000219345093,scalar
events.out.tfevents.1776098432.e18ce739cf4e.13621.0,eval/steps_per_second,630,1776130575.6665845,1.9520000219345093,scalar
events.out.tfevents.1776098432.e18ce739cf4e.13621.0,eval/steps_per_second,640,1776131079.455392,1.9429999589920044,scalar
events.out.tfevents.1776098432.e18ce739cf4e.13621.0,eval/steps_per_second,650,1776131580.8297997,1.8869999647140503,scalar
events.out.tfevents.1776098432.e18ce739cf4e.13621.0,eval/steps_per_second,660,1776132090.4728146,1.9570000171661377,scalar
events.out.tfevents.1776098432.e18ce739cf4e.13621.0,eval/steps_per_second,670,1776132578.8387396,1.9459999799728394,scalar
events.out.tfevents.1776098432.e18ce739cf4e.13621.0,eval/steps_per_second,680,1776133071.6103961,1.944000005722046,scalar
events.out.tfevents.1776098432.e18ce739cf4e.13621.0,eval/steps_per_second,690,1776133574.2890196,1.940000057220459,scalar
events.out.tfevents.1776098432.e18ce739cf4e.13621.0,eval/steps_per_second,700,1776134099.6856847,1.4930000305175781,scalar
events.out.tfevents.1776098432.e18ce739cf4e.13621.0,eval/steps_per_second,710,1776134634.5345604,1.944000005722046,scalar
events.out.tfevents.1776098432.e18ce739cf4e.13621.0,eval/steps_per_second,720,1776135132.5177186,1.9450000524520874,scalar
events.out.tfevents.1776098432.e18ce739cf4e.13621.0,eval/steps_per_second,730,1776135615.219656,1.9279999732971191,scalar
events.out.tfevents.1776098432.e18ce739cf4e.13621.0,eval/steps_per_second,740,1776136126.7043703,1.9579999446868896,scalar
events.out.tfevents.1776098432.e18ce739cf4e.13621.0,eval/steps_per_second,750,1776136628.1692302,1.9320000410079956,scalar
events.out.tfevents.1776098432.e18ce739cf4e.13621.0,eval/steps_per_second,760,1776137136.2087176,1.9390000104904175,scalar
events.out.tfevents.1776098432.e18ce739cf4e.13621.0,eval/steps_per_second,770,1776137635.5727305,1.9450000524520874,scalar
events.out.tfevents.1776098432.e18ce739cf4e.13621.0,eval/steps_per_second,780,1776138171.7612934,1.840000033378601,scalar
events.out.tfevents.1776098432.e18ce739cf4e.13621.0,eval/steps_per_second,790,1776138672.3932116,1.9420000314712524,scalar
events.out.tfevents.1776098432.e18ce739cf4e.13621.0,eval/steps_per_second,800,1776139162.7916684,1.9490000009536743,scalar
events.out.tfevents.1776098432.e18ce739cf4e.13621.0,eval/steps_per_second,810,1776139687.2786458,1.9529999494552612,scalar
events.out.tfevents.1776098432.e18ce739cf4e.13621.0,eval/steps_per_second,820,1776140195.9945078,1.9450000524520874,scalar
events.out.tfevents.1776098432.e18ce739cf4e.13621.0,eval/steps_per_second,830,1776140709.708777,1.934000015258789,scalar
events.out.tfevents.1776098432.e18ce739cf4e.13621.0,eval/steps_per_second,840,1776141254.266676,1.9329999685287476,scalar
events.out.tfevents.1776098432.e18ce739cf4e.13621.0,eval/steps_per_second,850,1776141751.9428067,1.9459999799728394,scalar
events.out.tfevents.1776098432.e18ce739cf4e.13621.0,eval/steps_per_second,860,1776142303.3258448,1.9529999494552612,scalar
events.out.tfevents.1776098432.e18ce739cf4e.13621.0,eval/steps_per_second,870,1776142783.4760647,1.9520000219345093,scalar
events.out.tfevents.1776098432.e18ce739cf4e.13621.0,eval/steps_per_second,880,1776143294.7031925,1.1419999599456787,scalar
events.out.tfevents.1776098432.e18ce739cf4e.13621.0,eval/steps_per_second,890,1776143812.0069458,1.9450000524520874,scalar
events.out.tfevents.1776098432.e18ce739cf4e.13621.0,eval/steps_per_second,900,1776144321.966196,1.944000005722046,scalar
events.out.tfevents.1776098432.e18ce739cf4e.13621.0,eval/steps_per_second,910,1776144836.7422638,1.8880000114440918,scalar
events.out.tfevents.1776098432.e18ce739cf4e.13621.0,eval/steps_per_second,920,1776145356.3560333,1.9470000267028809,scalar
events.out.tfevents.1776098432.e18ce739cf4e.13621.0,eval/steps_per_second,930,1776145860.1326733,1.9490000009536743,scalar
events.out.tfevents.1776098432.e18ce739cf4e.13621.0,eval/steps_per_second,940,1776146377.21088,1.9509999752044678,scalar
events.out.tfevents.1776098432.e18ce739cf4e.13621.0,eval/steps_per_second,950,1776146910.7680023,1.9500000476837158,scalar
events.out.tfevents.1776098432.e18ce739cf4e.13621.0,eval/steps_per_second,960,1776147396.492843,1.9509999752044678,scalar
events.out.tfevents.1776098432.e18ce739cf4e.13621.0,eval/steps_per_second,970,1776147916.9848435,1.940999984741211,scalar
events.out.tfevents.1776098432.e18ce739cf4e.13621.0,eval/steps_per_second,980,1776148412.9794235,1.9249999523162842,scalar
events.out.tfevents.1776098432.e18ce739cf4e.13621.0,eval/steps_per_second,990,1776148919.3844872,1.9490000009536743,scalar
events.out.tfevents.1776098432.e18ce739cf4e.13621.0,eval/steps_per_second,1000,1776149410.220278,1.9450000524520874,scalar
events.out.tfevents.1776098432.e18ce739cf4e.13621.0,eval/steps_per_second,1010,1776149913.4931965,1.9490000009536743,scalar
events.out.tfevents.1776098432.e18ce739cf4e.13621.0,eval/steps_per_second,1020,1776150438.1756961,1.9520000219345093,scalar
events.out.tfevents.1776098432.e18ce739cf4e.13621.0,eval/steps_per_second,1030,1776150954.5146358,1.937000036239624,scalar
events.out.tfevents.1776098432.e18ce739cf4e.13621.0,eval/steps_per_second,1040,1776151481.2122452,1.9539999961853027,scalar
events.out.tfevents.1776098432.e18ce739cf4e.13621.0,eval/steps_per_second,1050,1776151996.7152312,1.559999942779541,scalar
events.out.tfevents.1776098432.e18ce739cf4e.13621.0,eval/steps_per_second,1060,1776152495.8583498,1.3339999914169312,scalar
events.out.tfevents.1776098432.e18ce739cf4e.13621.0,eval/steps_per_second,1070,1776153020.2889779,1.9079999923706055,scalar
events.out.tfevents.1776098432.e18ce739cf4e.13621.0,eval/steps_per_second,1080,1776153513.8959708,1.9520000219345093,scalar
events.out.tfevents.1776098432.e18ce739cf4e.13621.0,eval/steps_per_second,1090,1776154028.3718247,1.8849999904632568,scalar
events.out.tfevents.1776098432.e18ce739cf4e.13621.0,eval/steps_per_second,1100,1776154544.8465466,1.9429999589920044,scalar
events.out.tfevents.1776098432.e18ce739cf4e.13621.0,eval/steps_per_second,1110,1776155046.8684616,1.9129999876022339,scalar
events.out.tfevents.1776098432.e18ce739cf4e.13621.0,eval/steps_per_second,1120,1776155598.4596808,1.9420000314712524,scalar
events.out.tfevents.1776098432.e18ce739cf4e.13621.0,eval/steps_per_second,1130,1776156108.986818,1.753999948501587,scalar
events.out.tfevents.1776098432.e18ce739cf4e.13621.0,eval/steps_per_second,1140,1776156624.0608773,1.9479999542236328,scalar
events.out.tfevents.1776098432.e18ce739cf4e.13621.0,eval/steps_per_second,1150,1776157128.8985627,1.9529999494552612,scalar
events.out.tfevents.1776098432.e18ce739cf4e.13621.0,eval/steps_per_second,1160,1776157646.7182608,1.9529999494552612,scalar
events.out.tfevents.1776098432.e18ce739cf4e.13621.0,eval/steps_per_second,1170,1776158137.8995368,1.88100004196167,scalar
events.out.tfevents.1776098432.e18ce739cf4e.13621.0,eval/entropy,10,1776098949.188043,1.1976759433746338,scalar
events.out.tfevents.1776098432.e18ce739cf4e.13621.0,eval/entropy,20,1776099440.761424,1.5280154943466187,scalar
events.out.tfevents.1776098432.e18ce739cf4e.13621.0,eval/entropy,30,1776099992.2256382,1.793976068496704,scalar
events.out.tfevents.1776098432.e18ce739cf4e.13621.0,eval/entropy,40,1776100518.8758323,1.6250128746032715,scalar
events.out.tfevents.1776098432.e18ce739cf4e.13621.0,eval/entropy,50,1776101032.7178895,1.1658438444137573,scalar
events.out.tfevents.1776098432.e18ce739cf4e.13621.0,eval/entropy,60,1776101553.2963963,0.7289748787879944,scalar
events.out.tfevents.1776098432.e18ce739cf4e.13621.0,eval/entropy,70,1776102050.5514805,0.6259856820106506,scalar
events.out.tfevents.1776098432.e18ce739cf4e.13621.0,eval/entropy,80,1776102589.043475,0.5763646364212036,scalar
events.out.tfevents.1776098432.e18ce739cf4e.13621.0,eval/entropy,90,1776103110.5899177,0.5677602291107178,scalar
events.out.tfevents.1776098432.e18ce739cf4e.13621.0,eval/entropy,100,1776103605.522163,0.5703152418136597,scalar
events.out.tfevents.1776098432.e18ce739cf4e.13621.0,eval/entropy,110,1776104162.3438635,0.5827505588531494,scalar
events.out.tfevents.1776098432.e18ce739cf4e.13621.0,eval/entropy,120,1776104677.0607927,0.5824019312858582,scalar
events.out.tfevents.1776098432.e18ce739cf4e.13621.0,eval/entropy,130,1776105233.0160801,0.5811812877655029,scalar
events.out.tfevents.1776098432.e18ce739cf4e.13621.0,eval/entropy,140,1776105726.8905442,0.5777446031570435,scalar
events.out.tfevents.1776098432.e18ce739cf4e.13621.0,eval/entropy,150,1776106266.729172,0.5789520740509033,scalar
events.out.tfevents.1776098432.e18ce739cf4e.13621.0,eval/entropy,160,1776106762.1443293,0.5666347146034241,scalar
events.out.tfevents.1776098432.e18ce739cf4e.13621.0,eval/entropy,170,1776107248.2618368,0.5702317357063293,scalar
events.out.tfevents.1776098432.e18ce739cf4e.13621.0,eval/entropy,180,1776107752.7005434,0.5731462240219116,scalar
events.out.tfevents.1776098432.e18ce739cf4e.13621.0,eval/entropy,190,1776108245.502247,0.5833285450935364,scalar
events.out.tfevents.1776098432.e18ce739cf4e.13621.0,eval/entropy,200,1776108739.1560297,0.5686670541763306,scalar
events.out.tfevents.1776098432.e18ce739cf4e.13621.0,eval/entropy,210,1776109270.024007,0.5617504715919495,scalar
events.out.tfevents.1776098432.e18ce739cf4e.13621.0,eval/entropy,220,1776109772.3773208,0.5639320611953735,scalar
events.out.tfevents.1776098432.e18ce739cf4e.13621.0,eval/entropy,230,1776110271.8738015,0.555357038974762,scalar
events.out.tfevents.1776098432.e18ce739cf4e.13621.0,eval/entropy,240,1776110776.7878354,0.5504149198532104,scalar
events.out.tfevents.1776098432.e18ce739cf4e.13621.0,eval/entropy,250,1776111273.4492111,0.5575258731842041,scalar
events.out.tfevents.1776098432.e18ce739cf4e.13621.0,eval/entropy,260,1776111785.9431634,0.5642533898353577,scalar
events.out.tfevents.1776098432.e18ce739cf4e.13621.0,eval/entropy,270,1776112290.8566673,0.5604812502861023,scalar
events.out.tfevents.1776098432.e18ce739cf4e.13621.0,eval/entropy,280,1776112800.3171682,0.5485945343971252,scalar
events.out.tfevents.1776098432.e18ce739cf4e.13621.0,eval/entropy,290,1776113303.608863,0.541357159614563,scalar
events.out.tfevents.1776098432.e18ce739cf4e.13621.0,eval/entropy,300,1776113819.112339,0.5223656892776489,scalar
events.out.tfevents.1776098432.e18ce739cf4e.13621.0,eval/entropy,310,1776114339.8925836,0.5354245901107788,scalar
events.out.tfevents.1776098432.e18ce739cf4e.13621.0,eval/entropy,320,1776114829.264005,0.5252538919448853,scalar
events.out.tfevents.1776098432.e18ce739cf4e.13621.0,eval/entropy,330,1776115313.5279129,0.515723466873169,scalar
events.out.tfevents.1776098432.e18ce739cf4e.13621.0,eval/entropy,340,1776115835.61725,0.5201931595802307,scalar
events.out.tfevents.1776098432.e18ce739cf4e.13621.0,eval/entropy,350,1776116330.7088745,0.5040234923362732,scalar
events.out.tfevents.1776098432.e18ce739cf4e.13621.0,eval/entropy,360,1776116865.5751393,0.5073891878128052,scalar
events.out.tfevents.1776098432.e18ce739cf4e.13621.0,eval/entropy,370,1776117368.1799138,0.5042452216148376,scalar
events.out.tfevents.1776098432.e18ce739cf4e.13621.0,eval/entropy,380,1776117864.4268153,0.5192013382911682,scalar
events.out.tfevents.1776098432.e18ce739cf4e.13621.0,eval/entropy,390,1776118350.0937335,0.5229640603065491,scalar
events.out.tfevents.1776098432.e18ce739cf4e.13621.0,eval/entropy,400,1776118863.843053,0.5183212757110596,scalar
events.out.tfevents.1776098432.e18ce739cf4e.13621.0,eval/entropy,410,1776119380.581247,0.515047550201416,scalar
events.out.tfevents.1776098432.e18ce739cf4e.13621.0,eval/entropy,420,1776119862.281101,0.498585045337677,scalar
events.out.tfevents.1776098432.e18ce739cf4e.13621.0,eval/entropy,430,1776120347.563788,0.5088542103767395,scalar
events.out.tfevents.1776098432.e18ce739cf4e.13621.0,eval/entropy,440,1776120839.0902824,0.5103291869163513,scalar
events.out.tfevents.1776098432.e18ce739cf4e.13621.0,eval/entropy,450,1776121363.8312473,0.5041913986206055,scalar
events.out.tfevents.1776098432.e18ce739cf4e.13621.0,eval/entropy,460,1776121893.6068797,0.492047518491745,scalar
events.out.tfevents.1776098432.e18ce739cf4e.13621.0,eval/entropy,470,1776122423.305058,0.4995972514152527,scalar
events.out.tfevents.1776098432.e18ce739cf4e.13621.0,eval/entropy,480,1776122933.2570255,0.5095750093460083,scalar
events.out.tfevents.1776098432.e18ce739cf4e.13621.0,eval/entropy,490,1776123430.1053755,0.5068054795265198,scalar
events.out.tfevents.1776098432.e18ce739cf4e.13621.0,eval/entropy,500,1776123942.42924,0.5059870481491089,scalar
events.out.tfevents.1776098432.e18ce739cf4e.13621.0,eval/entropy,510,1776124443.444419,0.5147795677185059,scalar
events.out.tfevents.1776098432.e18ce739cf4e.13621.0,eval/entropy,520,1776124950.3435166,0.5137958526611328,scalar
events.out.tfevents.1776098432.e18ce739cf4e.13621.0,eval/entropy,530,1776125462.4289196,0.5061984062194824,scalar
events.out.tfevents.1776098432.e18ce739cf4e.13621.0,eval/entropy,540,1776125967.1071715,0.5120376944541931,scalar
events.out.tfevents.1776098432.e18ce739cf4e.13621.0,eval/entropy,550,1776126492.7419682,0.49923670291900635,scalar
events.out.tfevents.1776098432.e18ce739cf4e.13621.0,eval/entropy,560,1776127019.9805784,0.4933150112628937,scalar
events.out.tfevents.1776098432.e18ce739cf4e.13621.0,eval/entropy,570,1776127503.4246926,0.5091044306755066,scalar
events.out.tfevents.1776098432.e18ce739cf4e.13621.0,eval/entropy,580,1776128014.7200997,0.5044357180595398,scalar
events.out.tfevents.1776098432.e18ce739cf4e.13621.0,eval/entropy,590,1776128508.3177135,0.49148982763290405,scalar
events.out.tfevents.1776098432.e18ce739cf4e.13621.0,eval/entropy,600,1776129013.30188,0.48709410429000854,scalar
events.out.tfevents.1776098432.e18ce739cf4e.13621.0,eval/entropy,610,1776129538.0656724,0.49179601669311523,scalar
events.out.tfevents.1776098432.e18ce739cf4e.13621.0,eval/entropy,620,1776130069.91072,0.4960477948188782,scalar
events.out.tfevents.1776098432.e18ce739cf4e.13621.0,eval/entropy,630,1776130575.666596,0.49647316336631775,scalar
events.out.tfevents.1776098432.e18ce739cf4e.13621.0,eval/entropy,640,1776131079.4554021,0.49884092807769775,scalar
events.out.tfevents.1776098432.e18ce739cf4e.13621.0,eval/entropy,650,1776131580.8298116,0.49210047721862793,scalar
events.out.tfevents.1776098432.e18ce739cf4e.13621.0,eval/entropy,660,1776132090.472826,0.4836503863334656,scalar
events.out.tfevents.1776098432.e18ce739cf4e.13621.0,eval/entropy,670,1776132578.8387513,0.47397592663764954,scalar
events.out.tfevents.1776098432.e18ce739cf4e.13621.0,eval/entropy,680,1776133071.6104085,0.48484882712364197,scalar
events.out.tfevents.1776098432.e18ce739cf4e.13621.0,eval/entropy,690,1776133574.2890313,0.5000182390213013,scalar
events.out.tfevents.1776098432.e18ce739cf4e.13621.0,eval/entropy,700,1776134099.685696,0.4949353039264679,scalar
events.out.tfevents.1776098432.e18ce739cf4e.13621.0,eval/entropy,710,1776134634.5345724,0.492849200963974,scalar
events.out.tfevents.1776098432.e18ce739cf4e.13621.0,eval/entropy,720,1776135132.5177305,0.5010167956352234,scalar
events.out.tfevents.1776098432.e18ce739cf4e.13621.0,eval/entropy,730,1776135615.2196674,0.495252400636673,scalar
events.out.tfevents.1776098432.e18ce739cf4e.13621.0,eval/entropy,740,1776136126.7043812,0.49062544107437134,scalar
events.out.tfevents.1776098432.e18ce739cf4e.13621.0,eval/entropy,750,1776136628.169242,0.48641809821128845,scalar
events.out.tfevents.1776098432.e18ce739cf4e.13621.0,eval/entropy,760,1776137136.2087286,0.5008580088615417,scalar
events.out.tfevents.1776098432.e18ce739cf4e.13621.0,eval/entropy,770,1776137635.572743,0.495077908039093,scalar
events.out.tfevents.1776098432.e18ce739cf4e.13621.0,eval/entropy,780,1776138171.7613041,0.4893125593662262,scalar
events.out.tfevents.1776098432.e18ce739cf4e.13621.0,eval/entropy,790,1776138672.3932235,0.48602360486984253,scalar
events.out.tfevents.1776098432.e18ce739cf4e.13621.0,eval/entropy,800,1776139162.79168,0.48538440465927124,scalar
events.out.tfevents.1776098432.e18ce739cf4e.13621.0,eval/entropy,810,1776139687.278657,0.4847116470336914,scalar
events.out.tfevents.1776098432.e18ce739cf4e.13621.0,eval/entropy,820,1776140195.9945197,0.47363215684890747,scalar
events.out.tfevents.1776098432.e18ce739cf4e.13621.0,eval/entropy,830,1776140709.7087903,0.48177921772003174,scalar
events.out.tfevents.1776098432.e18ce739cf4e.13621.0,eval/entropy,840,1776141254.266688,0.4893714487552643,scalar
events.out.tfevents.1776098432.e18ce739cf4e.13621.0,eval/entropy,850,1776141751.9428186,0.49883174896240234,scalar
events.out.tfevents.1776098432.e18ce739cf4e.13621.0,eval/entropy,860,1776142303.3258557,0.49660128355026245,scalar
events.out.tfevents.1776098432.e18ce739cf4e.13621.0,eval/entropy,870,1776142783.4760761,0.48713651299476624,scalar
events.out.tfevents.1776098432.e18ce739cf4e.13621.0,eval/entropy,880,1776143294.7032042,0.4782657325267792,scalar
events.out.tfevents.1776098432.e18ce739cf4e.13621.0,eval/entropy,890,1776143812.00696,0.4825318157672882,scalar
events.out.tfevents.1776098432.e18ce739cf4e.13621.0,eval/entropy,900,1776144321.9662075,0.47553858160972595,scalar
events.out.tfevents.1776098432.e18ce739cf4e.13621.0,eval/entropy,910,1776144836.742276,0.4674971103668213,scalar
events.out.tfevents.1776098432.e18ce739cf4e.13621.0,eval/entropy,920,1776145356.356044,0.4762638211250305,scalar
events.out.tfevents.1776098432.e18ce739cf4e.13621.0,eval/entropy,930,1776145860.1326842,0.4795202910900116,scalar
events.out.tfevents.1776098432.e18ce739cf4e.13621.0,eval/entropy,940,1776146377.2108912,0.48297831416130066,scalar
events.out.tfevents.1776098432.e18ce739cf4e.13621.0,eval/entropy,950,1776146910.7680132,0.4922874867916107,scalar
events.out.tfevents.1776098432.e18ce739cf4e.13621.0,eval/entropy,960,1776147396.492858,0.48969343304634094,scalar
events.out.tfevents.1776098432.e18ce739cf4e.13621.0,eval/entropy,970,1776147916.984854,0.48979419469833374,scalar
events.out.tfevents.1776098432.e18ce739cf4e.13621.0,eval/entropy,980,1776148412.9794347,0.48716750741004944,scalar
events.out.tfevents.1776098432.e18ce739cf4e.13621.0,eval/entropy,990,1776148919.3845062,0.47781941294670105,scalar
events.out.tfevents.1776098432.e18ce739cf4e.13621.0,eval/entropy,1000,1776149410.220289,0.48100897669792175,scalar
events.out.tfevents.1776098432.e18ce739cf4e.13621.0,eval/entropy,1010,1776149913.4932086,0.48283442854881287,scalar
events.out.tfevents.1776098432.e18ce739cf4e.13621.0,eval/entropy,1020,1776150438.1757069,0.48065951466560364,scalar
events.out.tfevents.1776098432.e18ce739cf4e.13621.0,eval/entropy,1030,1776150954.514647,0.47848162055015564,scalar
events.out.tfevents.1776098432.e18ce739cf4e.13621.0,eval/entropy,1040,1776151481.2122622,0.47350576519966125,scalar
events.out.tfevents.1776098432.e18ce739cf4e.13621.0,eval/entropy,1050,1776151996.7152424,0.47660791873931885,scalar
events.out.tfevents.1776098432.e18ce739cf4e.13621.0,eval/entropy,1060,1776152495.8583612,0.47529852390289307,scalar
events.out.tfevents.1776098432.e18ce739cf4e.13621.0,eval/entropy,1070,1776153020.28899,0.46683579683303833,scalar
events.out.tfevents.1776098432.e18ce739cf4e.13621.0,eval/entropy,1080,1776153513.8959823,0.46484890580177307,scalar
events.out.tfevents.1776098432.e18ce739cf4e.13621.0,eval/entropy,1090,1776154028.3718414,0.46962830424308777,scalar
events.out.tfevents.1776098432.e18ce739cf4e.13621.0,eval/entropy,1100,1776154544.8465662,0.4639805257320404,scalar
events.out.tfevents.1776098432.e18ce739cf4e.13621.0,eval/entropy,1110,1776155046.8684733,0.4729374051094055,scalar
events.out.tfevents.1776098432.e18ce739cf4e.13621.0,eval/entropy,1120,1776155598.4596922,0.4732101559638977,scalar
events.out.tfevents.1776098432.e18ce739cf4e.13621.0,eval/entropy,1130,1776156108.986829,0.4634740948677063,scalar
events.out.tfevents.1776098432.e18ce739cf4e.13621.0,eval/entropy,1140,1776156624.0608888,0.46444249153137207,scalar
events.out.tfevents.1776098432.e18ce739cf4e.13621.0,eval/entropy,1150,1776157128.8985746,0.4646106958389282,scalar
events.out.tfevents.1776098432.e18ce739cf4e.13621.0,eval/entropy,1160,1776157646.7182724,0.46944448351860046,scalar
events.out.tfevents.1776098432.e18ce739cf4e.13621.0,eval/entropy,1170,1776158137.8995495,0.4767649173736572,scalar
events.out.tfevents.1776098432.e18ce739cf4e.13621.0,eval/num_tokens,10,1776098949.1880548,274388.0,scalar
events.out.tfevents.1776098432.e18ce739cf4e.13621.0,eval/num_tokens,20,1776099440.7614348,548761.0,scalar
events.out.tfevents.1776098432.e18ce739cf4e.13621.0,eval/num_tokens,30,1776099992.2256496,823136.0,scalar
events.out.tfevents.1776098432.e18ce739cf4e.13621.0,eval/num_tokens,40,1776100518.8758435,1097538.0,scalar
events.out.tfevents.1776098432.e18ce739cf4e.13621.0,eval/num_tokens,50,1776101032.7178998,1371918.0,scalar
events.out.tfevents.1776098432.e18ce739cf4e.13621.0,eval/num_tokens,60,1776101553.296407,1646311.0,scalar
events.out.tfevents.1776098432.e18ce739cf4e.13621.0,eval/num_tokens,70,1776102050.5514925,1920683.0,scalar
events.out.tfevents.1776098432.e18ce739cf4e.13621.0,eval/num_tokens,80,1776102589.0434864,2195076.0,scalar
events.out.tfevents.1776098432.e18ce739cf4e.13621.0,eval/num_tokens,90,1776103110.5899296,2469467.0,scalar
events.out.tfevents.1776098432.e18ce739cf4e.13621.0,eval/num_tokens,100,1776103605.5221744,2743860.0,scalar
events.out.tfevents.1776098432.e18ce739cf4e.13621.0,eval/num_tokens,110,1776104162.3438752,3018266.0,scalar
events.out.tfevents.1776098432.e18ce739cf4e.13621.0,eval/num_tokens,120,1776104677.0608046,3292649.0,scalar
events.out.tfevents.1776098432.e18ce739cf4e.13621.0,eval/num_tokens,130,1776105233.0161085,3567055.0,scalar
events.out.tfevents.1776098432.e18ce739cf4e.13621.0,eval/num_tokens,140,1776105726.8905559,3841461.0,scalar
events.out.tfevents.1776098432.e18ce739cf4e.13621.0,eval/num_tokens,150,1776106266.7291825,4115856.0,scalar
events.out.tfevents.1776098432.e18ce739cf4e.13621.0,eval/num_tokens,160,1776106762.144339,4390242.0,scalar
events.out.tfevents.1776098432.e18ce739cf4e.13621.0,eval/num_tokens,170,1776107248.261847,4664648.0,scalar
events.out.tfevents.1776098432.e18ce739cf4e.13621.0,eval/num_tokens,180,1776107752.7005548,4939040.0,scalar
events.out.tfevents.1776098432.e18ce739cf4e.13621.0,eval/num_tokens,190,1776108245.5022578,5213438.0,scalar
events.out.tfevents.1776098432.e18ce739cf4e.13621.0,eval/num_tokens,200,1776108739.1560407,5487838.0,scalar
events.out.tfevents.1776098432.e18ce739cf4e.13621.0,eval/num_tokens,210,1776109270.0240185,5762224.0,scalar
events.out.tfevents.1776098432.e18ce739cf4e.13621.0,eval/num_tokens,220,1776109772.377332,6036613.0,scalar
events.out.tfevents.1776098432.e18ce739cf4e.13621.0,eval/num_tokens,230,1776110271.8738127,6310999.0,scalar
events.out.tfevents.1776098432.e18ce739cf4e.13621.0,eval/num_tokens,240,1776110776.7878458,6585381.0,scalar
events.out.tfevents.1776098432.e18ce739cf4e.13621.0,eval/num_tokens,250,1776111273.449222,6859758.0,scalar
events.out.tfevents.1776098432.e18ce739cf4e.13621.0,eval/num_tokens,260,1776111785.9431746,7134162.0,scalar
events.out.tfevents.1776098432.e18ce739cf4e.13621.0,eval/num_tokens,270,1776112290.856679,7408552.0,scalar
events.out.tfevents.1776098432.e18ce739cf4e.13621.0,eval/num_tokens,280,1776112800.3171782,7682953.0,scalar
events.out.tfevents.1776098432.e18ce739cf4e.13621.0,eval/num_tokens,290,1776113303.6088738,7957347.0,scalar
events.out.tfevents.1776098432.e18ce739cf4e.13621.0,eval/num_tokens,300,1776113819.1123495,8231737.0,scalar
events.out.tfevents.1776098432.e18ce739cf4e.13621.0,eval/num_tokens,310,1776114339.8925939,8506119.0,scalar
events.out.tfevents.1776098432.e18ce739cf4e.13621.0,eval/num_tokens,320,1776114829.2640166,8780516.0,scalar
events.out.tfevents.1776098432.e18ce739cf4e.13621.0,eval/num_tokens,330,1776115313.527924,9054915.0,scalar
events.out.tfevents.1776098432.e18ce739cf4e.13621.0,eval/num_tokens,340,1776115835.6172612,9329318.0,scalar
events.out.tfevents.1776098432.e18ce739cf4e.13621.0,eval/num_tokens,350,1776116330.7088864,9603713.0,scalar
events.out.tfevents.1776098432.e18ce739cf4e.13621.0,eval/num_tokens,360,1776116865.5751498,9878090.0,scalar
events.out.tfevents.1776098432.e18ce739cf4e.13621.0,eval/num_tokens,370,1776117368.1799326,10152493.0,scalar
events.out.tfevents.1776098432.e18ce739cf4e.13621.0,eval/num_tokens,380,1776117864.426826,10426889.0,scalar
events.out.tfevents.1776098432.e18ce739cf4e.13621.0,eval/num_tokens,390,1776118350.093745,10701282.0,scalar
events.out.tfevents.1776098432.e18ce739cf4e.13621.0,eval/num_tokens,400,1776118863.8430638,10975661.0,scalar
events.out.tfevents.1776098432.e18ce739cf4e.13621.0,eval/num_tokens,410,1776119380.5812576,11250069.0,scalar
events.out.tfevents.1776098432.e18ce739cf4e.13621.0,eval/num_tokens,420,1776119862.2811139,11524459.0,scalar
events.out.tfevents.1776098432.e18ce739cf4e.13621.0,eval/num_tokens,430,1776120347.5637994,11798859.0,scalar
events.out.tfevents.1776098432.e18ce739cf4e.13621.0,eval/num_tokens,440,1776120839.090293,12073261.0,scalar
events.out.tfevents.1776098432.e18ce739cf4e.13621.0,eval/num_tokens,450,1776121363.8312593,12347659.0,scalar
events.out.tfevents.1776098432.e18ce739cf4e.13621.0,eval/num_tokens,460,1776121893.6068912,12622033.0,scalar
events.out.tfevents.1776098432.e18ce739cf4e.13621.0,eval/num_tokens,470,1776122423.30507,12896426.0,scalar
events.out.tfevents.1776098432.e18ce739cf4e.13621.0,eval/num_tokens,480,1776122933.2570362,13170810.0,scalar
events.out.tfevents.1776098432.e18ce739cf4e.13621.0,eval/num_tokens,490,1776123430.1053865,13445208.0,scalar
events.out.tfevents.1776098432.e18ce739cf4e.13621.0,eval/num_tokens,500,1776123942.4292507,13719601.0,scalar
events.out.tfevents.1776098432.e18ce739cf4e.13621.0,eval/num_tokens,510,1776124443.4444292,13993994.0,scalar
events.out.tfevents.1776098432.e18ce739cf4e.13621.0,eval/num_tokens,520,1776124950.343527,14247807.0,scalar
events.out.tfevents.1776098432.e18ce739cf4e.13621.0,eval/num_tokens,530,1776125462.428931,14522196.0,scalar
events.out.tfevents.1776098432.e18ce739cf4e.13621.0,eval/num_tokens,540,1776125967.1071827,14796589.0,scalar
events.out.tfevents.1776098432.e18ce739cf4e.13621.0,eval/num_tokens,550,1776126492.741979,15070971.0,scalar
events.out.tfevents.1776098432.e18ce739cf4e.13621.0,eval/num_tokens,560,1776127019.9805894,15345363.0,scalar
events.out.tfevents.1776098432.e18ce739cf4e.13621.0,eval/num_tokens,570,1776127503.4247177,15619740.0,scalar
events.out.tfevents.1776098432.e18ce739cf4e.13621.0,eval/num_tokens,580,1776128014.720121,15894142.0,scalar
events.out.tfevents.1776098432.e18ce739cf4e.13621.0,eval/num_tokens,590,1776128508.3177245,16168518.0,scalar
events.out.tfevents.1776098432.e18ce739cf4e.13621.0,eval/num_tokens,600,1776129013.3018909,16442926.0,scalar
events.out.tfevents.1776098432.e18ce739cf4e.13621.0,eval/num_tokens,610,1776129538.0656826,16717312.0,scalar
events.out.tfevents.1776098432.e18ce739cf4e.13621.0,eval/num_tokens,620,1776130069.9107306,16991710.0,scalar
events.out.tfevents.1776098432.e18ce739cf4e.13621.0,eval/num_tokens,630,1776130575.6666062,17266094.0,scalar
events.out.tfevents.1776098432.e18ce739cf4e.13621.0,eval/num_tokens,640,1776131079.4554124,17540496.0,scalar
events.out.tfevents.1776098432.e18ce739cf4e.13621.0,eval/num_tokens,650,1776131580.8298223,17814892.0,scalar
events.out.tfevents.1776098432.e18ce739cf4e.13621.0,eval/num_tokens,660,1776132090.4728374,18089280.0,scalar
events.out.tfevents.1776098432.e18ce739cf4e.13621.0,eval/num_tokens,670,1776132578.838762,18363692.0,scalar
events.out.tfevents.1776098432.e18ce739cf4e.13621.0,eval/num_tokens,680,1776133071.61042,18638088.0,scalar
events.out.tfevents.1776098432.e18ce739cf4e.13621.0,eval/num_tokens,690,1776133574.2890418,18912476.0,scalar
events.out.tfevents.1776098432.e18ce739cf4e.13621.0,eval/num_tokens,700,1776134099.6857064,19186864.0,scalar
events.out.tfevents.1776098432.e18ce739cf4e.13621.0,eval/num_tokens,710,1776134634.5345829,19461260.0,scalar
events.out.tfevents.1776098432.e18ce739cf4e.13621.0,eval/num_tokens,720,1776135132.5177422,19735640.0,scalar
events.out.tfevents.1776098432.e18ce739cf4e.13621.0,eval/num_tokens,730,1776135615.2196786,20010044.0,scalar
events.out.tfevents.1776098432.e18ce739cf4e.13621.0,eval/num_tokens,740,1776136126.7043917,20284432.0,scalar
events.out.tfevents.1776098432.e18ce739cf4e.13621.0,eval/num_tokens,750,1776136628.1692529,20558832.0,scalar
events.out.tfevents.1776098432.e18ce739cf4e.13621.0,eval/num_tokens,760,1776137136.2087393,20833224.0,scalar
events.out.tfevents.1776098432.e18ce739cf4e.13621.0,eval/num_tokens,770,1776137635.5727537,21107604.0,scalar
events.out.tfevents.1776098432.e18ce739cf4e.13621.0,eval/num_tokens,780,1776138171.7613144,21381992.0,scalar
events.out.tfevents.1776098432.e18ce739cf4e.13621.0,eval/num_tokens,790,1776138672.3932347,21656368.0,scalar
events.out.tfevents.1776098432.e18ce739cf4e.13621.0,eval/num_tokens,800,1776139162.7916908,21930752.0,scalar
events.out.tfevents.1776098432.e18ce739cf4e.13621.0,eval/num_tokens,810,1776139687.2786674,22205148.0,scalar
events.out.tfevents.1776098432.e18ce739cf4e.13621.0,eval/num_tokens,820,1776140195.994531,22479534.0,scalar
events.out.tfevents.1776098432.e18ce739cf4e.13621.0,eval/num_tokens,830,1776140709.708801,22753940.0,scalar
events.out.tfevents.1776098432.e18ce739cf4e.13621.0,eval/num_tokens,840,1776141254.2666993,23028316.0,scalar
events.out.tfevents.1776098432.e18ce739cf4e.13621.0,eval/num_tokens,850,1776141751.9428291,23302708.0,scalar
events.out.tfevents.1776098432.e18ce739cf4e.13621.0,eval/num_tokens,860,1776142303.3258662,23577118.0,scalar
events.out.tfevents.1776098432.e18ce739cf4e.13621.0,eval/num_tokens,870,1776142783.476099,23851510.0,scalar
events.out.tfevents.1776098432.e18ce739cf4e.13621.0,eval/num_tokens,880,1776143294.7032144,24125896.0,scalar
events.out.tfevents.1776098432.e18ce739cf4e.13621.0,eval/num_tokens,890,1776143812.0069728,24400300.0,scalar
events.out.tfevents.1776098432.e18ce739cf4e.13621.0,eval/num_tokens,900,1776144321.9662187,24674712.0,scalar
events.out.tfevents.1776098432.e18ce739cf4e.13621.0,eval/num_tokens,910,1776144836.7422867,24949088.0,scalar
events.out.tfevents.1776098432.e18ce739cf4e.13621.0,eval/num_tokens,920,1776145356.3560543,25223484.0,scalar
events.out.tfevents.1776098432.e18ce739cf4e.13621.0,eval/num_tokens,930,1776145860.1326947,25497856.0,scalar
events.out.tfevents.1776098432.e18ce739cf4e.13621.0,eval/num_tokens,940,1776146377.210902,25772264.0,scalar
events.out.tfevents.1776098432.e18ce739cf4e.13621.0,eval/num_tokens,950,1776146910.7680237,26046656.0,scalar
events.out.tfevents.1776098432.e18ce739cf4e.13621.0,eval/num_tokens,960,1776147396.4928718,26321048.0,scalar
events.out.tfevents.1776098432.e18ce739cf4e.13621.0,eval/num_tokens,970,1776147916.984864,26595438.0,scalar
events.out.tfevents.1776098432.e18ce739cf4e.13621.0,eval/num_tokens,980,1776148412.9794462,26869812.0,scalar
events.out.tfevents.1776098432.e18ce739cf4e.13621.0,eval/num_tokens,990,1776148919.3845205,27144200.0,scalar
events.out.tfevents.1776098432.e18ce739cf4e.13621.0,eval/num_tokens,1000,1776149410.2202997,27418604.0,scalar
events.out.tfevents.1776098432.e18ce739cf4e.13621.0,eval/num_tokens,1010,1776149913.4932206,27692984.0,scalar
events.out.tfevents.1776098432.e18ce739cf4e.13621.0,eval/num_tokens,1020,1776150438.1757176,27967390.0,scalar
events.out.tfevents.1776098432.e18ce739cf4e.13621.0,eval/num_tokens,1030,1776150954.5146592,28241790.0,scalar
events.out.tfevents.1776098432.e18ce739cf4e.13621.0,eval/num_tokens,1040,1776151481.2122736,28495608.0,scalar
events.out.tfevents.1776098432.e18ce739cf4e.13621.0,eval/num_tokens,1050,1776151996.7152534,28769992.0,scalar
events.out.tfevents.1776098432.e18ce739cf4e.13621.0,eval/num_tokens,1060,1776152495.8583727,29044376.0,scalar
events.out.tfevents.1776098432.e18ce739cf4e.13621.0,eval/num_tokens,1070,1776153020.289001,29318756.0,scalar
events.out.tfevents.1776098432.e18ce739cf4e.13621.0,eval/num_tokens,1080,1776153513.8959937,29593148.0,scalar
events.out.tfevents.1776098432.e18ce739cf4e.13621.0,eval/num_tokens,1090,1776154028.3718574,29867540.0,scalar
events.out.tfevents.1776098432.e18ce739cf4e.13621.0,eval/num_tokens,1100,1776154544.8465824,30141930.0,scalar
events.out.tfevents.1776098432.e18ce739cf4e.13621.0,eval/num_tokens,1110,1776155046.8684843,30416308.0,scalar
events.out.tfevents.1776098432.e18ce739cf4e.13621.0,eval/num_tokens,1120,1776155598.459704,30690702.0,scalar
events.out.tfevents.1776098432.e18ce739cf4e.13621.0,eval/num_tokens,1130,1776156108.9868395,30965100.0,scalar
events.out.tfevents.1776098432.e18ce739cf4e.13621.0,eval/num_tokens,1140,1776156624.0608993,31239498.0,scalar
events.out.tfevents.1776098432.e18ce739cf4e.13621.0,eval/num_tokens,1150,1776157128.8985858,31513892.0,scalar
events.out.tfevents.1776098432.e18ce739cf4e.13621.0,eval/num_tokens,1160,1776157646.718284,31788282.0,scalar
events.out.tfevents.1776098432.e18ce739cf4e.13621.0,eval/num_tokens,1170,1776158137.8995607,32062664.0,scalar
events.out.tfevents.1776098432.e18ce739cf4e.13621.0,eval/mean_token_accuracy,10,1776098949.1880653,0.6327936053276062,scalar
events.out.tfevents.1776098432.e18ce739cf4e.13621.0,eval/mean_token_accuracy,20,1776099440.7614448,0.719115138053894,scalar
events.out.tfevents.1776098432.e18ce739cf4e.13621.0,eval/mean_token_accuracy,30,1776099992.2256603,0.8322605490684509,scalar
events.out.tfevents.1776098432.e18ce739cf4e.13621.0,eval/mean_token_accuracy,40,1776100518.8758538,0.8627585768699646,scalar
events.out.tfevents.1776098432.e18ce739cf4e.13621.0,eval/mean_token_accuracy,50,1776101032.71791,0.8730010390281677,scalar
events.out.tfevents.1776098432.e18ce739cf4e.13621.0,eval/mean_token_accuracy,60,1776101553.296418,0.8777382373809814,scalar
events.out.tfevents.1776098432.e18ce739cf4e.13621.0,eval/mean_token_accuracy,70,1776102050.5515032,0.8819774389266968,scalar
events.out.tfevents.1776098432.e18ce739cf4e.13621.0,eval/mean_token_accuracy,80,1776102589.0434968,0.8843149542808533,scalar
events.out.tfevents.1776098432.e18ce739cf4e.13621.0,eval/mean_token_accuracy,90,1776103110.5899403,0.8875834941864014,scalar
events.out.tfevents.1776098432.e18ce739cf4e.13621.0,eval/mean_token_accuracy,100,1776103605.5221853,0.8880176544189453,scalar
events.out.tfevents.1776098432.e18ce739cf4e.13621.0,eval/mean_token_accuracy,110,1776104162.3438864,0.8906189799308777,scalar
events.out.tfevents.1776098432.e18ce739cf4e.13621.0,eval/mean_token_accuracy,120,1776104677.0608156,0.891485869884491,scalar
events.out.tfevents.1776098432.e18ce739cf4e.13621.0,eval/mean_token_accuracy,130,1776105233.0161276,0.892353892326355,scalar
events.out.tfevents.1776098432.e18ce739cf4e.13621.0,eval/mean_token_accuracy,140,1776105726.8905675,0.8929887413978577,scalar
events.out.tfevents.1776098432.e18ce739cf4e.13621.0,eval/mean_token_accuracy,150,1776106266.729193,0.8961248993873596,scalar
events.out.tfevents.1776098432.e18ce739cf4e.13621.0,eval/mean_token_accuracy,160,1776106762.1443489,0.8955917954444885,scalar
events.out.tfevents.1776098432.e18ce739cf4e.13621.0,eval/mean_token_accuracy,170,1776107248.2618573,0.895588755607605,scalar
events.out.tfevents.1776098432.e18ce739cf4e.13621.0,eval/mean_token_accuracy,180,1776107752.7005653,0.8965905904769897,scalar
events.out.tfevents.1776098432.e18ce739cf4e.13621.0,eval/mean_token_accuracy,190,1776108245.502268,0.8980591297149658,scalar
events.out.tfevents.1776098432.e18ce739cf4e.13621.0,eval/mean_token_accuracy,200,1776108739.156051,0.8984261155128479,scalar
events.out.tfevents.1776098432.e18ce739cf4e.13621.0,eval/mean_token_accuracy,210,1776109270.0240295,0.8971937298774719,scalar
events.out.tfevents.1776098432.e18ce739cf4e.13621.0,eval/mean_token_accuracy,220,1776109772.3773432,0.8996276259422302,scalar
events.out.tfevents.1776098432.e18ce739cf4e.13621.0,eval/mean_token_accuracy,230,1776110271.873823,0.8990291357040405,scalar
events.out.tfevents.1776098432.e18ce739cf4e.13621.0,eval/mean_token_accuracy,240,1776110776.7878566,0.8999283313751221,scalar
events.out.tfevents.1776098432.e18ce739cf4e.13621.0,eval/mean_token_accuracy,250,1776111273.4492326,0.9008609652519226,scalar
events.out.tfevents.1776098432.e18ce739cf4e.13621.0,eval/mean_token_accuracy,260,1776111785.943185,0.8992255330085754,scalar
events.out.tfevents.1776098432.e18ce739cf4e.13621.0,eval/mean_token_accuracy,270,1776112290.8566897,0.9021635055541992,scalar
events.out.tfevents.1776098432.e18ce739cf4e.13621.0,eval/mean_token_accuracy,280,1776112800.3171885,0.9008610248565674,scalar
events.out.tfevents.1776098432.e18ce739cf4e.13621.0,eval/mean_token_accuracy,290,1776113303.6088836,0.9029623866081238,scalar
events.out.tfevents.1776098432.e18ce739cf4e.13621.0,eval/mean_token_accuracy,300,1776113819.1123595,0.9029965996742249,scalar
events.out.tfevents.1776098432.e18ce739cf4e.13621.0,eval/mean_token_accuracy,310,1776114339.8926036,0.9015276432037354,scalar
events.out.tfevents.1776098432.e18ce739cf4e.13621.0,eval/mean_token_accuracy,320,1776114829.264027,0.9043323993682861,scalar
events.out.tfevents.1776098432.e18ce739cf4e.13621.0,eval/mean_token_accuracy,330,1776115313.5279346,0.9024963974952698,scalar
events.out.tfevents.1776098432.e18ce739cf4e.13621.0,eval/mean_token_accuracy,340,1776115835.617272,0.9043309688568115,scalar
events.out.tfevents.1776098432.e18ce739cf4e.13621.0,eval/mean_token_accuracy,350,1776116330.7088969,0.9037646651268005,scalar
events.out.tfevents.1776098432.e18ce739cf4e.13621.0,eval/mean_token_accuracy,360,1776116865.5751598,0.9024643898010254,scalar
events.out.tfevents.1776098432.e18ce739cf4e.13621.0,eval/mean_token_accuracy,370,1776117368.1799498,0.9033626317977905,scalar
events.out.tfevents.1776098432.e18ce739cf4e.13621.0,eval/mean_token_accuracy,380,1776117864.4268367,0.9039972424507141,scalar
events.out.tfevents.1776098432.e18ce739cf4e.13621.0,eval/mean_token_accuracy,390,1776118350.0937557,0.9051654934883118,scalar
events.out.tfevents.1776098432.e18ce739cf4e.13621.0,eval/mean_token_accuracy,400,1776118863.8430746,0.9030634760856628,scalar
events.out.tfevents.1776098432.e18ce739cf4e.13621.0,eval/mean_token_accuracy,410,1776119380.5812674,0.9040302634239197,scalar
events.out.tfevents.1776098432.e18ce739cf4e.13621.0,eval/mean_token_accuracy,420,1776119862.2811246,0.9051647782325745,scalar
events.out.tfevents.1776098432.e18ce739cf4e.13621.0,eval/mean_token_accuracy,430,1776120347.56381,0.9034303426742554,scalar
events.out.tfevents.1776098432.e18ce739cf4e.13621.0,eval/mean_token_accuracy,440,1776120839.090303,0.9046645760536194,scalar
events.out.tfevents.1776098432.e18ce739cf4e.13621.0,eval/mean_token_accuracy,450,1776121363.83127,0.9051319360733032,scalar
events.out.tfevents.1776098432.e18ce739cf4e.13621.0,eval/mean_token_accuracy,460,1776121893.6069016,0.9052332043647766,scalar
events.out.tfevents.1776098432.e18ce739cf4e.13621.0,eval/mean_token_accuracy,470,1776122423.3050807,0.9059997797012329,scalar
events.out.tfevents.1776098432.e18ce739cf4e.13621.0,eval/mean_token_accuracy,480,1776122933.257047,0.9055652022361755,scalar
events.out.tfevents.1776098432.e18ce739cf4e.13621.0,eval/mean_token_accuracy,490,1776123430.105397,0.9069337248802185,scalar
events.out.tfevents.1776098432.e18ce739cf4e.13621.0,eval/mean_token_accuracy,500,1776123942.4292607,0.9055659770965576,scalar
events.out.tfevents.1776098432.e18ce739cf4e.13621.0,eval/mean_token_accuracy,510,1776124443.4444394,0.905132532119751,scalar
events.out.tfevents.1776098432.e18ce739cf4e.13621.0,eval/mean_token_accuracy,520,1776124950.343537,0.9059985280036926,scalar
events.out.tfevents.1776098432.e18ce739cf4e.13621.0,eval/mean_token_accuracy,530,1776125462.4289427,0.9051979780197144,scalar
events.out.tfevents.1776098432.e18ce739cf4e.13621.0,eval/mean_token_accuracy,540,1776125967.1071937,0.9063001275062561,scalar
events.out.tfevents.1776098432.e18ce739cf4e.13621.0,eval/mean_token_accuracy,550,1776126492.7419899,0.9051979780197144,scalar
events.out.tfevents.1776098432.e18ce739cf4e.13621.0,eval/mean_token_accuracy,560,1776127019.9806,0.9062994122505188,scalar
events.out.tfevents.1776098432.e18ce739cf4e.13621.0,eval/mean_token_accuracy,570,1776127503.424735,0.9065690040588379,scalar
events.out.tfevents.1776098432.e18ce739cf4e.13621.0,eval/mean_token_accuracy,580,1776128014.7201338,0.9070345163345337,scalar
events.out.tfevents.1776098432.e18ce739cf4e.13621.0,eval/mean_token_accuracy,590,1776128508.3177347,0.9084681272506714,scalar
events.out.tfevents.1776098432.e18ce739cf4e.13621.0,eval/mean_token_accuracy,600,1776129013.301902,0.9060315489768982,scalar
events.out.tfevents.1776098432.e18ce739cf4e.13621.0,eval/mean_token_accuracy,610,1776129538.0656931,0.9079684615135193,scalar
events.out.tfevents.1776098432.e18ce739cf4e.13621.0,eval/mean_token_accuracy,620,1776130069.910741,0.9062328338623047,scalar
events.out.tfevents.1776098432.e18ce739cf4e.13621.0,eval/mean_token_accuracy,630,1776130575.666616,0.9079346060752869,scalar
events.out.tfevents.1776098432.e18ce739cf4e.13621.0,eval/mean_token_accuracy,640,1776131079.4554222,0.9073002338409424,scalar
events.out.tfevents.1776098432.e18ce739cf4e.13621.0,eval/mean_token_accuracy,650,1776131580.8298328,0.9077010154724121,scalar
events.out.tfevents.1776098432.e18ce739cf4e.13621.0,eval/mean_token_accuracy,660,1776132090.472848,0.9070995450019836,scalar
events.out.tfevents.1776098432.e18ce739cf4e.13621.0,eval/mean_token_accuracy,670,1776132578.8387723,0.9077003598213196,scalar
events.out.tfevents.1776098432.e18ce739cf4e.13621.0,eval/mean_token_accuracy,680,1776133071.6104307,0.9078338742256165,scalar
events.out.tfevents.1776098432.e18ce739cf4e.13621.0,eval/mean_token_accuracy,690,1776133574.2890522,0.9067686200141907,scalar
events.out.tfevents.1776098432.e18ce739cf4e.13621.0,eval/mean_token_accuracy,700,1776134099.6857166,0.9073001742362976,scalar
events.out.tfevents.1776098432.e18ce739cf4e.13621.0,eval/mean_token_accuracy,710,1776134634.5345929,0.9079669117927551,scalar
events.out.tfevents.1776098432.e18ce739cf4e.13621.0,eval/mean_token_accuracy,720,1776135132.517753,0.9085355401039124,scalar
events.out.tfevents.1776098432.e18ce739cf4e.13621.0,eval/mean_token_accuracy,730,1776135615.2196898,0.9071011543273926,scalar
events.out.tfevents.1776098432.e18ce739cf4e.13621.0,eval/mean_token_accuracy,740,1776136126.7044017,0.9082696437835693,scalar
events.out.tfevents.1776098432.e18ce739cf4e.13621.0,eval/mean_token_accuracy,750,1776136628.1692638,0.908269464969635,scalar
events.out.tfevents.1776098432.e18ce739cf4e.13621.0,eval/mean_token_accuracy,760,1776137136.2087495,0.9090688228607178,scalar
events.out.tfevents.1776098432.e18ce739cf4e.13621.0,eval/mean_token_accuracy,770,1776137635.5727644,0.9091692566871643,scalar
events.out.tfevents.1776098432.e18ce739cf4e.13621.0,eval/mean_token_accuracy,780,1776138171.7613244,0.9089686274528503,scalar
events.out.tfevents.1776098432.e18ce739cf4e.13621.0,eval/mean_token_accuracy,790,1776138672.3932455,0.9082347750663757,scalar
events.out.tfevents.1776098432.e18ce739cf4e.13621.0,eval/mean_token_accuracy,800,1776139162.7917013,0.9087351560592651,scalar
events.out.tfevents.1776098432.e18ce739cf4e.13621.0,eval/mean_token_accuracy,810,1776139687.2786777,0.9075340628623962,scalar
events.out.tfevents.1776098432.e18ce739cf4e.13621.0,eval/mean_token_accuracy,820,1776140195.994542,0.909837007522583,scalar
events.out.tfevents.1776098432.e18ce739cf4e.13621.0,eval/mean_token_accuracy,830,1776140709.7088118,0.9094367623329163,scalar
events.out.tfevents.1776098432.e18ce739cf4e.13621.0,eval/mean_token_accuracy,840,1776141254.2667103,0.9095361828804016,scalar
events.out.tfevents.1776098432.e18ce739cf4e.13621.0,eval/mean_token_accuracy,850,1776141751.9428391,0.9084016680717468,scalar
events.out.tfevents.1776098432.e18ce739cf4e.13621.0,eval/mean_token_accuracy,860,1776142303.3258765,0.9090026021003723,scalar
events.out.tfevents.1776098432.e18ce739cf4e.13621.0,eval/mean_token_accuracy,870,1776142783.4761102,0.9105702042579651,scalar
events.out.tfevents.1776098432.e18ce739cf4e.13621.0,eval/mean_token_accuracy,880,1776143294.7032247,0.9091033339500427,scalar
events.out.tfevents.1776098432.e18ce739cf4e.13621.0,eval/mean_token_accuracy,890,1776143812.0069854,0.9093686938285828,scalar
events.out.tfevents.1776098432.e18ce739cf4e.13621.0,eval/mean_token_accuracy,900,1776144321.966229,0.9089351296424866,scalar
events.out.tfevents.1776098432.e18ce739cf4e.13621.0,eval/mean_token_accuracy,910,1776144836.742297,0.9086681008338928,scalar
events.out.tfevents.1776098432.e18ce739cf4e.13621.0,eval/mean_token_accuracy,920,1776145356.3560646,0.909269392490387,scalar
events.out.tfevents.1776098432.e18ce739cf4e.13621.0,eval/mean_token_accuracy,930,1776145860.1327052,0.9108037948608398,scalar
events.out.tfevents.1776098432.e18ce739cf4e.13621.0,eval/mean_token_accuracy,940,1776146377.2109125,0.9096693992614746,scalar
events.out.tfevents.1776098432.e18ce739cf4e.13621.0,eval/mean_token_accuracy,950,1776146910.768034,0.9102038145065308,scalar
events.out.tfevents.1776098432.e18ce739cf4e.13621.0,eval/mean_token_accuracy,960,1776147396.4928846,0.909568727016449,scalar
events.out.tfevents.1776098432.e18ce739cf4e.13621.0,eval/mean_token_accuracy,970,1776147916.9848738,0.908402144908905,scalar
events.out.tfevents.1776098432.e18ce739cf4e.13621.0,eval/mean_token_accuracy,980,1776148412.9794574,0.9102362990379333,scalar
events.out.tfevents.1776098432.e18ce739cf4e.13621.0,eval/mean_token_accuracy,990,1776148919.3845336,0.9101690649986267,scalar
events.out.tfevents.1776098432.e18ce739cf4e.13621.0,eval/mean_token_accuracy,1000,1776149410.2203097,0.910636305809021,scalar
events.out.tfevents.1776098432.e18ce739cf4e.13621.0,eval/mean_token_accuracy,1010,1776149913.4932315,0.910135805606842,scalar
events.out.tfevents.1776098432.e18ce739cf4e.13621.0,eval/mean_token_accuracy,1020,1776150438.175728,0.9101701974868774,scalar
events.out.tfevents.1776098432.e18ce739cf4e.13621.0,eval/mean_token_accuracy,1030,1776150954.51467,0.9103359580039978,scalar
events.out.tfevents.1776098432.e18ce739cf4e.13621.0,eval/mean_token_accuracy,1040,1776151481.212285,0.9100028872489929,scalar
events.out.tfevents.1776098432.e18ce739cf4e.13621.0,eval/mean_token_accuracy,1050,1776151996.7152636,0.9111378192901611,scalar
events.out.tfevents.1776098432.e18ce739cf4e.13621.0,eval/mean_token_accuracy,1060,1776152495.8583834,0.9103702306747437,scalar
events.out.tfevents.1776098432.e18ce739cf4e.13621.0,eval/mean_token_accuracy,1070,1776153020.289012,0.9111042022705078,scalar
events.out.tfevents.1776098432.e18ce739cf4e.13621.0,eval/mean_token_accuracy,1080,1776153513.8960042,0.9097354412078857,scalar
events.out.tfevents.1776098432.e18ce739cf4e.13621.0,eval/mean_token_accuracy,1090,1776154028.37188,0.910470187664032,scalar
events.out.tfevents.1776098432.e18ce739cf4e.13621.0,eval/mean_token_accuracy,1100,1776154544.8465939,0.9114039540290833,scalar
events.out.tfevents.1776098432.e18ce739cf4e.13621.0,eval/mean_token_accuracy,1110,1776155046.8684947,0.9107039570808411,scalar
events.out.tfevents.1776098432.e18ce739cf4e.13621.0,eval/mean_token_accuracy,1120,1776155598.4597144,0.911637544631958,scalar
events.out.tfevents.1776098432.e18ce739cf4e.13621.0,eval/mean_token_accuracy,1130,1776156108.9868498,0.9114371538162231,scalar
events.out.tfevents.1776098432.e18ce739cf4e.13621.0,eval/mean_token_accuracy,1140,1776156624.0609095,0.9109707474708557,scalar
events.out.tfevents.1776098432.e18ce739cf4e.13621.0,eval/mean_token_accuracy,1150,1776157128.8985968,0.910770833492279,scalar
events.out.tfevents.1776098432.e18ce739cf4e.13621.0,eval/mean_token_accuracy,1160,1776157646.7182946,0.9112367033958435,scalar
events.out.tfevents.1776098432.e18ce739cf4e.13621.0,eval/mean_token_accuracy,1170,1776158137.8995714,0.9103030562400818,scalar
