run_file,tag,step,wall_time,value,type
events.out.tfevents.1776294211.15e97987a4b5.21254.0,train/loss,5,1776294500.0200124,1.6440675258636475,scalar
events.out.tfevents.1776294211.15e97987a4b5.21254.0,train/loss,10,1776294786.9299772,1.5747344493865967,scalar
events.out.tfevents.1776294211.15e97987a4b5.21254.0,train/loss,15,1776295092.9793272,1.3148292303085327,scalar
events.out.tfevents.1776294211.15e97987a4b5.21254.0,train/loss,20,1776295380.9853008,0.9214867353439331,scalar
events.out.tfevents.1776294211.15e97987a4b5.21254.0,train/loss,25,1776295680.8475587,0.6009891629219055,scalar
events.out.tfevents.1776294211.15e97987a4b5.21254.0,train/loss,30,1776295965.7493432,0.4200206696987152,scalar
events.out.tfevents.1776294211.15e97987a4b5.21254.0,train/loss,35,1776296264.6620865,0.3599010407924652,scalar
events.out.tfevents.1776294211.15e97987a4b5.21254.0,train/loss,40,1776296556.975759,0.3182290494441986,scalar
events.out.tfevents.1776294211.15e97987a4b5.21254.0,train/loss,45,1776296859.4412456,0.2960936427116394,scalar
events.out.tfevents.1776294211.15e97987a4b5.21254.0,train/loss,50,1776297151.49739,0.2868267893791199,scalar
events.out.tfevents.1776294211.15e97987a4b5.21254.0,train/loss,55,1776297454.5194519,0.27614468336105347,scalar
events.out.tfevents.1776294211.15e97987a4b5.21254.0,train/loss,60,1776297746.4994357,0.27276140451431274,scalar
events.out.tfevents.1776294211.15e97987a4b5.21254.0,train/loss,65,1776298048.6442904,0.26495233178138733,scalar
events.out.tfevents.1776294211.15e97987a4b5.21254.0,train/loss,70,1776298334.0793047,0.2629680931568146,scalar
events.out.tfevents.1776294211.15e97987a4b5.21254.0,train/loss,75,1776298629.440693,0.2538072466850281,scalar
events.out.tfevents.1776294211.15e97987a4b5.21254.0,train/loss,80,1776298916.3569808,0.254995733499527,scalar
events.out.tfevents.1776294211.15e97987a4b5.21254.0,train/loss,85,1776299214.524326,0.25042441487312317,scalar
events.out.tfevents.1776294211.15e97987a4b5.21254.0,train/loss,90,1776299499.526881,0.24987435340881348,scalar
events.out.tfevents.1776294211.15e97987a4b5.21254.0,train/loss,95,1776299798.8906684,0.24505937099456787,scalar
events.out.tfevents.1776294211.15e97987a4b5.21254.0,train/loss,100,1776300086.0003116,0.24370817840099335,scalar
events.out.tfevents.1776294211.15e97987a4b5.21254.0,train/loss,105,1776300391.0263326,0.24454531073570251,scalar
events.out.tfevents.1776294211.15e97987a4b5.21254.0,train/loss,110,1776300682.6527803,0.24173656105995178,scalar
events.out.tfevents.1776294211.15e97987a4b5.21254.0,train/loss,115,1776300982.365664,0.24383699893951416,scalar
events.out.tfevents.1776294211.15e97987a4b5.21254.0,train/loss,120,1776301269.7542868,0.24534349143505096,scalar
events.out.tfevents.1776294211.15e97987a4b5.21254.0,train/loss,125,1776301571.2823596,0.24428363144397736,scalar
events.out.tfevents.1776294211.15e97987a4b5.21254.0,train/loss,130,1776301857.495636,0.2393890619277954,scalar
events.out.tfevents.1776294211.15e97987a4b5.21254.0,train/loss,135,1776302160.6487672,0.24013788998126984,scalar
events.out.tfevents.1776294211.15e97987a4b5.21254.0,train/loss,140,1776302445.289115,0.23411598801612854,scalar
events.out.tfevents.1776294211.15e97987a4b5.21254.0,train/loss,145,1776302747.5891109,0.23961539566516876,scalar
events.out.tfevents.1776294211.15e97987a4b5.21254.0,train/loss,150,1776303033.4954066,0.23309433460235596,scalar
events.out.tfevents.1776294211.15e97987a4b5.21254.0,train/loss,155,1776303334.7928846,0.23794522881507874,scalar
events.out.tfevents.1776294211.15e97987a4b5.21254.0,train/loss,160,1776303623.2440376,0.23465979099273682,scalar
events.out.tfevents.1776294211.15e97987a4b5.21254.0,train/loss,165,1776303921.700569,0.23244020342826843,scalar
events.out.tfevents.1776294211.15e97987a4b5.21254.0,train/loss,170,1776304208.7429032,0.2359919548034668,scalar
events.out.tfevents.1776294211.15e97987a4b5.21254.0,train/loss,175,1776304512.1923456,0.2313583642244339,scalar
events.out.tfevents.1776294211.15e97987a4b5.21254.0,train/loss,180,1776304805.2790933,0.2326725423336029,scalar
events.out.tfevents.1776294211.15e97987a4b5.21254.0,train/loss,185,1776305112.784675,0.23143568634986877,scalar
events.out.tfevents.1776294211.15e97987a4b5.21254.0,train/loss,190,1776305401.4352818,0.22812990844249725,scalar
events.out.tfevents.1776294211.15e97987a4b5.21254.0,train/loss,195,1776305705.8600864,0.23272733390331268,scalar
events.out.tfevents.1776294211.15e97987a4b5.21254.0,train/loss,200,1776305999.3832414,0.2337566316127777,scalar
events.out.tfevents.1776294211.15e97987a4b5.21254.0,train/loss,205,1776306300.4803407,0.23188455402851105,scalar
events.out.tfevents.1776294211.15e97987a4b5.21254.0,train/loss,210,1776306590.0086408,0.22930899262428284,scalar
events.out.tfevents.1776294211.15e97987a4b5.21254.0,train/loss,215,1776306896.0691607,0.22608475387096405,scalar
events.out.tfevents.1776294211.15e97987a4b5.21254.0,train/loss,220,1776307184.9115026,0.22984452545642853,scalar
events.out.tfevents.1776294211.15e97987a4b5.21254.0,train/loss,225,1776307487.348028,0.23090501129627228,scalar
events.out.tfevents.1776294211.15e97987a4b5.21254.0,train/loss,230,1776307771.4376755,0.2292875498533249,scalar
events.out.tfevents.1776294211.15e97987a4b5.21254.0,train/loss,235,1776308076.250529,0.2252579629421234,scalar
events.out.tfevents.1776294211.15e97987a4b5.21254.0,train/loss,240,1776308366.1285458,0.22367849946022034,scalar
events.out.tfevents.1776294211.15e97987a4b5.21254.0,train/loss,245,1776308664.0102293,0.22303056716918945,scalar
events.out.tfevents.1776294211.15e97987a4b5.21254.0,train/loss,250,1776308953.5336199,0.22434115409851074,scalar
events.out.tfevents.1776294211.15e97987a4b5.21254.0,train/loss,255,1776309253.8979068,0.22468313574790955,scalar
events.out.tfevents.1776294211.15e97987a4b5.21254.0,train/loss,260,1776309518.8442473,0.24047699570655823,scalar
events.out.tfevents.1776294211.15e97987a4b5.21254.0,train/loss,265,1776309818.9600892,0.22400155663490295,scalar
events.out.tfevents.1776294211.15e97987a4b5.21254.0,train/loss,270,1776310109.905832,0.22219979763031006,scalar
events.out.tfevents.1776294211.15e97987a4b5.21254.0,train/loss,275,1776310414.6902127,0.22911480069160461,scalar
events.out.tfevents.1776294211.15e97987a4b5.21254.0,train/loss,280,1776310703.5012631,0.2212698757648468,scalar
events.out.tfevents.1776294211.15e97987a4b5.21254.0,train/loss,285,1776311007.500724,0.22075168788433075,scalar
events.out.tfevents.1776294211.15e97987a4b5.21254.0,train/loss,290,1776311296.4932928,0.21777978539466858,scalar
events.out.tfevents.1776294211.15e97987a4b5.21254.0,train/loss,295,1776311604.6357176,0.22064220905303955,scalar
events.out.tfevents.1776294211.15e97987a4b5.21254.0,train/loss,300,1776311889.6337411,0.216801717877388,scalar
events.out.tfevents.1776294211.15e97987a4b5.21254.0,train/loss,305,1776312189.2478526,0.22192373871803284,scalar
events.out.tfevents.1776294211.15e97987a4b5.21254.0,train/loss,310,1776312474.1445212,0.2199840247631073,scalar
events.out.tfevents.1776294211.15e97987a4b5.21254.0,train/loss,315,1776312776.364226,0.22134408354759216,scalar
events.out.tfevents.1776294211.15e97987a4b5.21254.0,train/loss,320,1776313067.4264715,0.21440163254737854,scalar
events.out.tfevents.1776294211.15e97987a4b5.21254.0,train/loss,325,1776313372.3344219,0.21801522374153137,scalar
events.out.tfevents.1776294211.15e97987a4b5.21254.0,train/loss,330,1776313658.1930554,0.22388021647930145,scalar
events.out.tfevents.1776294211.15e97987a4b5.21254.0,train/loss,335,1776313959.5263898,0.22017809748649597,scalar
events.out.tfevents.1776294211.15e97987a4b5.21254.0,train/loss,340,1776314250.1656296,0.21558673679828644,scalar
events.out.tfevents.1776294211.15e97987a4b5.21254.0,train/loss,345,1776314557.4202507,0.21991212666034698,scalar
events.out.tfevents.1776294211.15e97987a4b5.21254.0,train/loss,350,1776314846.0147336,0.21792717278003693,scalar
events.out.tfevents.1776294211.15e97987a4b5.21254.0,train/loss,355,1776315145.6213071,0.22244596481323242,scalar
events.out.tfevents.1776294211.15e97987a4b5.21254.0,train/loss,360,1776315430.0186567,0.21978361904621124,scalar
events.out.tfevents.1776294211.15e97987a4b5.21254.0,train/loss,365,1776315734.907706,0.21263010799884796,scalar
events.out.tfevents.1776294211.15e97987a4b5.21254.0,train/loss,370,1776316024.4047127,0.21496501564979553,scalar
events.out.tfevents.1776294211.15e97987a4b5.21254.0,train/loss,375,1776316329.1648662,0.2132694274187088,scalar
events.out.tfevents.1776294211.15e97987a4b5.21254.0,train/loss,380,1776316611.4029462,0.21749451756477356,scalar
events.out.tfevents.1776294211.15e97987a4b5.21254.0,train/loss,385,1776316913.101706,0.21419961750507355,scalar
events.out.tfevents.1776294211.15e97987a4b5.21254.0,train/loss,390,1776317206.0596845,0.21334891021251678,scalar
events.out.tfevents.1776294211.15e97987a4b5.21254.0,train/loss,395,1776317512.3739533,0.2149965763092041,scalar
events.out.tfevents.1776294211.15e97987a4b5.21254.0,train/loss,400,1776317800.0853553,0.2218930721282959,scalar
events.out.tfevents.1776294211.15e97987a4b5.21254.0,train/loss,405,1776318100.8513024,0.2147510051727295,scalar
events.out.tfevents.1776294211.15e97987a4b5.21254.0,train/loss,410,1776318390.4442675,0.2165127545595169,scalar
events.out.tfevents.1776294211.15e97987a4b5.21254.0,train/loss,415,1776318690.6368146,0.21253123879432678,scalar
events.out.tfevents.1776294211.15e97987a4b5.21254.0,train/loss,420,1776318981.6244698,0.21970537304878235,scalar
events.out.tfevents.1776294211.15e97987a4b5.21254.0,train/loss,425,1776319280.9084504,0.21405044198036194,scalar
events.out.tfevents.1776294211.15e97987a4b5.21254.0,train/loss,430,1776319572.5018609,0.21231114864349365,scalar
events.out.tfevents.1776294211.15e97987a4b5.21254.0,train/loss,435,1776319875.3563225,0.21630413830280304,scalar
events.out.tfevents.1776294211.15e97987a4b5.21254.0,train/loss,440,1776320161.7897964,0.2124340981245041,scalar
events.out.tfevents.1776294211.15e97987a4b5.21254.0,train/loss,445,1776320472.3607454,0.21419791877269745,scalar
events.out.tfevents.1776294211.15e97987a4b5.21254.0,train/loss,450,1776320759.6397314,0.21206077933311462,scalar
events.out.tfevents.1776294211.15e97987a4b5.21254.0,train/loss,455,1776321059.3415117,0.21274688839912415,scalar
events.out.tfevents.1776294211.15e97987a4b5.21254.0,train/loss,460,1776321348.2781377,0.21433302760124207,scalar
events.out.tfevents.1776294211.15e97987a4b5.21254.0,train/loss,465,1776321655.1963592,0.2145514190196991,scalar
events.out.tfevents.1776294211.15e97987a4b5.21254.0,train/loss,470,1776321944.3679416,0.21360830962657928,scalar
events.out.tfevents.1776294211.15e97987a4b5.21254.0,train/loss,475,1776322245.454235,0.21601414680480957,scalar
events.out.tfevents.1776294211.15e97987a4b5.21254.0,train/loss,480,1776322534.8722112,0.210386723279953,scalar
events.out.tfevents.1776294211.15e97987a4b5.21254.0,train/loss,485,1776322839.494024,0.21158051490783691,scalar
events.out.tfevents.1776294211.15e97987a4b5.21254.0,train/loss,490,1776323129.7089086,0.21353308856487274,scalar
events.out.tfevents.1776294211.15e97987a4b5.21254.0,train/loss,495,1776323436.9533193,0.21018309891223907,scalar
events.out.tfevents.1776294211.15e97987a4b5.21254.0,train/loss,500,1776323729.691487,0.21316492557525635,scalar
events.out.tfevents.1776294211.15e97987a4b5.21254.0,train/loss,505,1776324029.2053022,0.21238884329795837,scalar
events.out.tfevents.1776294211.15e97987a4b5.21254.0,train/loss,510,1776324316.9700298,0.21172277629375458,scalar
events.out.tfevents.1776294211.15e97987a4b5.21254.0,train/loss,515,1776324622.120733,0.21349525451660156,scalar
events.out.tfevents.1776294211.15e97987a4b5.21254.0,train/loss,520,1776324886.9752402,0.21746227145195007,scalar
events.out.tfevents.1776294211.15e97987a4b5.21254.0,train/loss,525,1776325187.2360792,0.21109119057655334,scalar
events.out.tfevents.1776294211.15e97987a4b5.21254.0,train/loss,530,1776325474.3137152,0.21269746124744415,scalar
events.out.tfevents.1776294211.15e97987a4b5.21254.0,train/loss,535,1776325780.9570067,0.21485157310962677,scalar
events.out.tfevents.1776294211.15e97987a4b5.21254.0,train/loss,540,1776326071.6068816,0.21232597529888153,scalar
events.out.tfevents.1776294211.15e97987a4b5.21254.0,train/loss,545,1776326379.2323098,0.2082153856754303,scalar
events.out.tfevents.1776294211.15e97987a4b5.21254.0,train/loss,550,1776326668.7002485,0.20803694427013397,scalar
events.out.tfevents.1776294211.15e97987a4b5.21254.0,train/loss,555,1776326974.0136845,0.20944324135780334,scalar
events.out.tfevents.1776294211.15e97987a4b5.21254.0,train/loss,560,1776327262.5214412,0.20643027126789093,scalar
events.out.tfevents.1776294211.15e97987a4b5.21254.0,train/loss,565,1776327566.405365,0.21000179648399353,scalar
events.out.tfevents.1776294211.15e97987a4b5.21254.0,train/loss,570,1776327862.756733,0.20743027329444885,scalar
events.out.tfevents.1776294211.15e97987a4b5.21254.0,train/loss,575,1776328166.276241,0.2077895849943161,scalar
events.out.tfevents.1776294211.15e97987a4b5.21254.0,train/loss,580,1776328453.9207892,0.20705774426460266,scalar
events.out.tfevents.1776294211.15e97987a4b5.21254.0,train/loss,585,1776328755.7874272,0.20517662167549133,scalar
events.out.tfevents.1776294211.15e97987a4b5.21254.0,train/loss,590,1776329048.7875583,0.20355525612831116,scalar
events.out.tfevents.1776294211.15e97987a4b5.21254.0,train/loss,595,1776329352.9827003,0.20777110755443573,scalar
events.out.tfevents.1776294211.15e97987a4b5.21254.0,train/loss,600,1776329643.4216993,0.20963625609874725,scalar
events.out.tfevents.1776294211.15e97987a4b5.21254.0,train/loss,605,1776329944.3063376,0.20879068970680237,scalar
events.out.tfevents.1776294211.15e97987a4b5.21254.0,train/loss,610,1776330239.6982226,0.21082349121570587,scalar
events.out.tfevents.1776294211.15e97987a4b5.21254.0,train/loss,615,1776330539.2313902,0.20767705142498016,scalar
events.out.tfevents.1776294211.15e97987a4b5.21254.0,train/loss,620,1776330826.8272662,0.20480024814605713,scalar
events.out.tfevents.1776294211.15e97987a4b5.21254.0,train/loss,625,1776331127.0990393,0.20404043793678284,scalar
events.out.tfevents.1776294211.15e97987a4b5.21254.0,train/loss,630,1776331419.7613955,0.20585057139396667,scalar
events.out.tfevents.1776294211.15e97987a4b5.21254.0,train/loss,635,1776331725.0418007,0.20489950478076935,scalar
events.out.tfevents.1776294211.15e97987a4b5.21254.0,train/loss,640,1776332016.4381118,0.20789916813373566,scalar
events.out.tfevents.1776294211.15e97987a4b5.21254.0,train/loss,645,1776332319.0563302,0.2058335840702057,scalar
events.out.tfevents.1776294211.15e97987a4b5.21254.0,train/loss,650,1776332612.7723527,0.21057114005088806,scalar
events.out.tfevents.1776294211.15e97987a4b5.21254.0,train/loss,655,1776332910.7195442,0.20663850009441376,scalar
events.out.tfevents.1776294211.15e97987a4b5.21254.0,train/loss,660,1776333195.8086112,0.20335893332958221,scalar
events.out.tfevents.1776294211.15e97987a4b5.21254.0,train/loss,665,1776333496.8619223,0.2082250565290451,scalar
events.out.tfevents.1776294211.15e97987a4b5.21254.0,train/loss,670,1776333781.156754,0.20510737597942352,scalar
events.out.tfevents.1776294211.15e97987a4b5.21254.0,train/loss,675,1776334086.1084137,0.20419828593730927,scalar
events.out.tfevents.1776294211.15e97987a4b5.21254.0,train/loss,680,1776334373.9043686,0.20819425582885742,scalar
events.out.tfevents.1776294211.15e97987a4b5.21254.0,train/loss,685,1776334675.5745792,0.20672592520713806,scalar
events.out.tfevents.1776294211.15e97987a4b5.21254.0,train/loss,690,1776334967.5167964,0.2050076723098755,scalar
events.out.tfevents.1776294211.15e97987a4b5.21254.0,train/loss,695,1776335269.5882547,0.20628896355628967,scalar
events.out.tfevents.1776294211.15e97987a4b5.21254.0,train/loss,700,1776335557.376066,0.20300252735614777,scalar
events.out.tfevents.1776294211.15e97987a4b5.21254.0,train/loss,705,1776335863.1971486,0.20280805230140686,scalar
events.out.tfevents.1776294211.15e97987a4b5.21254.0,train/loss,710,1776336155.556431,0.20356598496437073,scalar
events.out.tfevents.1776294211.15e97987a4b5.21254.0,train/loss,715,1776336454.841737,0.20217636227607727,scalar
events.out.tfevents.1776294211.15e97987a4b5.21254.0,train/loss,720,1776336744.5748723,0.2024480402469635,scalar
events.out.tfevents.1776294211.15e97987a4b5.21254.0,train/loss,725,1776337045.256356,0.20442846417427063,scalar
events.out.tfevents.1776294211.15e97987a4b5.21254.0,train/loss,730,1776337336.3028975,0.2045196294784546,scalar
events.out.tfevents.1776294211.15e97987a4b5.21254.0,train/loss,735,1776337646.56667,0.2063467800617218,scalar
events.out.tfevents.1776294211.15e97987a4b5.21254.0,train/loss,740,1776337936.6843553,0.20273873209953308,scalar
events.out.tfevents.1776294211.15e97987a4b5.21254.0,train/loss,745,1776338239.975639,0.20367130637168884,scalar
events.out.tfevents.1776294211.15e97987a4b5.21254.0,train/loss,750,1776338524.893115,0.20354454219341278,scalar
events.out.tfevents.1776294211.15e97987a4b5.21254.0,train/loss,755,1776338827.0107384,0.20439882576465607,scalar
events.out.tfevents.1776294211.15e97987a4b5.21254.0,train/loss,760,1776339115.0273829,0.20271995663642883,scalar
events.out.tfevents.1776294211.15e97987a4b5.21254.0,train/loss,765,1776339420.0793438,0.20708563923835754,scalar
events.out.tfevents.1776294211.15e97987a4b5.21254.0,train/loss,770,1776339710.779867,0.2043289840221405,scalar
events.out.tfevents.1776294211.15e97987a4b5.21254.0,train/loss,775,1776340012.0378706,0.20177467167377472,scalar
events.out.tfevents.1776294211.15e97987a4b5.21254.0,train/loss,780,1776340280.663556,0.20141872763633728,scalar
events.out.tfevents.1776294211.15e97987a4b5.21254.0,train/loss,785,1776340587.9290626,0.20328648388385773,scalar
events.out.tfevents.1776294211.15e97987a4b5.21254.0,train/loss,790,1776340877.7142699,0.2007226049900055,scalar
events.out.tfevents.1776294211.15e97987a4b5.21254.0,train/loss,795,1776341175.882296,0.2055428922176361,scalar
events.out.tfevents.1776294211.15e97987a4b5.21254.0,train/loss,800,1776341465.9190395,0.20111370086669922,scalar
events.out.tfevents.1776294211.15e97987a4b5.21254.0,train/loss,805,1776341766.9645045,0.20296761393547058,scalar
events.out.tfevents.1776294211.15e97987a4b5.21254.0,train/loss,810,1776342062.5018888,0.20111677050590515,scalar
events.out.tfevents.1776294211.15e97987a4b5.21254.0,train/loss,815,1776342369.5756886,0.20313850045204163,scalar
events.out.tfevents.1776294211.15e97987a4b5.21254.0,train/loss,820,1776342656.1276693,0.2003285437822342,scalar
events.out.tfevents.1776294211.15e97987a4b5.21254.0,train/loss,825,1776342958.275041,0.2022358477115631,scalar
events.out.tfevents.1776294211.15e97987a4b5.21254.0,train/loss,830,1776343244.8434458,0.20061905682086945,scalar
events.out.tfevents.1776294211.15e97987a4b5.21254.0,train/loss,835,1776343553.0007565,0.20051446557044983,scalar
events.out.tfevents.1776294211.15e97987a4b5.21254.0,train/loss,840,1776343842.554403,0.20251639187335968,scalar
events.out.tfevents.1776294211.15e97987a4b5.21254.0,train/loss,845,1776344141.2857347,0.20144550502300262,scalar
events.out.tfevents.1776294211.15e97987a4b5.21254.0,train/loss,850,1776344429.302524,0.1997985690832138,scalar
events.out.tfevents.1776294211.15e97987a4b5.21254.0,train/loss,855,1776344727.9397726,0.20226185023784637,scalar
events.out.tfevents.1776294211.15e97987a4b5.21254.0,train/loss,860,1776345016.8844376,0.20230638980865479,scalar
events.out.tfevents.1776294211.15e97987a4b5.21254.0,train/loss,865,1776345322.3383453,0.20235200226306915,scalar
events.out.tfevents.1776294211.15e97987a4b5.21254.0,train/loss,870,1776345620.963154,0.1972610503435135,scalar
events.out.tfevents.1776294211.15e97987a4b5.21254.0,train/loss,875,1776345920.9380772,0.19885781407356262,scalar
events.out.tfevents.1776294211.15e97987a4b5.21254.0,train/loss,880,1776346209.39989,0.20243945717811584,scalar
events.out.tfevents.1776294211.15e97987a4b5.21254.0,train/loss,885,1776346514.2003012,0.19933128356933594,scalar
events.out.tfevents.1776294211.15e97987a4b5.21254.0,train/loss,890,1776346808.7360995,0.1980663537979126,scalar
events.out.tfevents.1776294211.15e97987a4b5.21254.0,train/loss,895,1776347116.2924497,0.19945944845676422,scalar
events.out.tfevents.1776294211.15e97987a4b5.21254.0,train/loss,900,1776347403.367768,0.2029929906129837,scalar
events.out.tfevents.1776294211.15e97987a4b5.21254.0,train/loss,905,1776347703.0797033,0.2055969536304474,scalar
events.out.tfevents.1776294211.15e97987a4b5.21254.0,train/loss,910,1776347988.2968934,0.19758081436157227,scalar
events.out.tfevents.1776294211.15e97987a4b5.21254.0,train/loss,915,1776348302.0767777,0.2000039517879486,scalar
events.out.tfevents.1776294211.15e97987a4b5.21254.0,train/loss,920,1776348589.4426477,0.19933876395225525,scalar
events.out.tfevents.1776294211.15e97987a4b5.21254.0,train/loss,925,1776348899.560659,0.20241034030914307,scalar
events.out.tfevents.1776294211.15e97987a4b5.21254.0,train/loss,930,1776349187.42735,0.20020878314971924,scalar
events.out.tfevents.1776294211.15e97987a4b5.21254.0,train/loss,935,1776349490.9905941,0.20197589695453644,scalar
events.out.tfevents.1776294211.15e97987a4b5.21254.0,train/loss,940,1776349784.3592079,0.20005202293395996,scalar
events.out.tfevents.1776294211.15e97987a4b5.21254.0,train/loss,945,1776350087.58746,0.20204469561576843,scalar
events.out.tfevents.1776294211.15e97987a4b5.21254.0,train/loss,950,1776350376.5017493,0.19979283213615417,scalar
events.out.tfevents.1776294211.15e97987a4b5.21254.0,train/loss,955,1776350676.433986,0.19908975064754486,scalar
events.out.tfevents.1776294211.15e97987a4b5.21254.0,train/loss,960,1776350964.7873607,0.20071256160736084,scalar
events.out.tfevents.1776294211.15e97987a4b5.21254.0,train/loss,965,1776351269.3703103,0.19856522977352142,scalar
events.out.tfevents.1776294211.15e97987a4b5.21254.0,train/loss,970,1776351562.843369,0.1988937109708786,scalar
events.out.tfevents.1776294211.15e97987a4b5.21254.0,train/loss,975,1776351866.5086627,0.20075607299804688,scalar
events.out.tfevents.1776294211.15e97987a4b5.21254.0,train/loss,980,1776352155.5180807,0.1983448714017868,scalar
events.out.tfevents.1776294211.15e97987a4b5.21254.0,train/loss,985,1776352462.9413145,0.2010379284620285,scalar
events.out.tfevents.1776294211.15e97987a4b5.21254.0,train/loss,990,1776352752.1802044,0.19830001890659332,scalar
events.out.tfevents.1776294211.15e97987a4b5.21254.0,train/loss,995,1776353055.437668,0.1966467946767807,scalar
events.out.tfevents.1776294211.15e97987a4b5.21254.0,train/loss,1000,1776353350.7218273,0.19887056946754456,scalar
events.out.tfevents.1776294211.15e97987a4b5.21254.0,train/loss,1005,1776353655.246432,0.19853165745735168,scalar
events.out.tfevents.1776294211.15e97987a4b5.21254.0,train/loss,1010,1776353947.7307844,0.19618624448776245,scalar
events.out.tfevents.1776294211.15e97987a4b5.21254.0,train/loss,1015,1776354245.9703987,0.19755956530570984,scalar
events.out.tfevents.1776294211.15e97987a4b5.21254.0,train/loss,1020,1776354528.577473,0.19905832409858704,scalar
events.out.tfevents.1776294211.15e97987a4b5.21254.0,train/loss,1025,1776354831.638137,0.19595733284950256,scalar
events.out.tfevents.1776294211.15e97987a4b5.21254.0,train/loss,1030,1776355121.4812958,0.19949844479560852,scalar
events.out.tfevents.1776294211.15e97987a4b5.21254.0,train/loss,1035,1776355426.396165,0.19751599431037903,scalar
events.out.tfevents.1776294211.15e97987a4b5.21254.0,train/loss,1040,1776355696.4629242,0.19925114512443542,scalar
events.out.tfevents.1776294211.15e97987a4b5.21254.0,train/loss,1045,1776356000.091805,0.1987053006887436,scalar
events.out.tfevents.1776294211.15e97987a4b5.21254.0,train/loss,1050,1776356289.2774696,0.19763879477977753,scalar
events.out.tfevents.1776294211.15e97987a4b5.21254.0,train/loss,1055,1776356588.1141417,0.20206943154335022,scalar
events.out.tfevents.1776294211.15e97987a4b5.21254.0,train/loss,1060,1776356879.3783975,0.19525457918643951,scalar
events.out.tfevents.1776294211.15e97987a4b5.21254.0,train/loss,1065,1776357179.363074,0.19725748896598816,scalar
events.out.tfevents.1776294211.15e97987a4b5.21254.0,train/loss,1070,1776357465.6340823,0.19511379301548004,scalar
events.out.tfevents.1776294211.15e97987a4b5.21254.0,train/loss,1075,1776357765.3203204,0.19997276365756989,scalar
events.out.tfevents.1776294211.15e97987a4b5.21254.0,train/loss,1080,1776358052.2650607,0.19527384638786316,scalar
events.out.tfevents.1776294211.15e97987a4b5.21254.0,train/loss,1085,1776358352.7112982,0.2022360861301422,scalar
events.out.tfevents.1776294211.15e97987a4b5.21254.0,train/loss,1090,1776358643.4963586,0.19728204607963562,scalar
events.out.tfevents.1776294211.15e97987a4b5.21254.0,train/loss,1095,1776358946.7530873,0.19718435406684875,scalar
events.out.tfevents.1776294211.15e97987a4b5.21254.0,train/loss,1100,1776359235.944384,0.19673776626586914,scalar
events.out.tfevents.1776294211.15e97987a4b5.21254.0,train/loss,1105,1776359539.337772,0.1943657100200653,scalar
events.out.tfevents.1776294211.15e97987a4b5.21254.0,train/loss,1110,1776359827.2799332,0.19710399210453033,scalar
events.out.tfevents.1776294211.15e97987a4b5.21254.0,train/loss,1115,1776360131.1080387,0.19452884793281555,scalar
events.out.tfevents.1776294211.15e97987a4b5.21254.0,train/loss,1120,1776360419.0894465,0.1973656713962555,scalar
events.out.tfevents.1776294211.15e97987a4b5.21254.0,train/loss,1125,1776360728.9781625,0.1970105767250061,scalar
events.out.tfevents.1776294211.15e97987a4b5.21254.0,train/loss,1130,1776361024.3770657,0.19829519093036652,scalar
events.out.tfevents.1776294211.15e97987a4b5.21254.0,train/loss,1135,1776361328.5796027,0.1993192881345749,scalar
events.out.tfevents.1776294211.15e97987a4b5.21254.0,train/loss,1140,1776361615.6408355,0.19528326392173767,scalar
events.out.tfevents.1776294211.15e97987a4b5.21254.0,train/loss,1145,1776361919.2369418,0.19765689969062805,scalar
events.out.tfevents.1776294211.15e97987a4b5.21254.0,train/loss,1150,1776362211.1634889,0.1992904096841812,scalar
events.out.tfevents.1776294211.15e97987a4b5.21254.0,train/loss,1155,1776362510.3072312,0.19539737701416016,scalar
events.out.tfevents.1776294211.15e97987a4b5.21254.0,train/loss,1160,1776362801.0450776,0.19383604824543,scalar
events.out.tfevents.1776294211.15e97987a4b5.21254.0,train/loss,1165,1776363106.3958817,0.19702120125293732,scalar
events.out.tfevents.1776294211.15e97987a4b5.21254.0,train/loss,1170,1776363396.5669546,0.19585517048835754,scalar
events.out.tfevents.1776294211.15e97987a4b5.21254.0,train/loss,1175,1776363698.1773348,0.1965150237083435,scalar
events.out.tfevents.1776294211.15e97987a4b5.21254.0,train/loss,1180,1776363987.1616518,0.19758445024490356,scalar
events.out.tfevents.1776294211.15e97987a4b5.21254.0,train/loss,1185,1776364292.7790668,0.1982598602771759,scalar
events.out.tfevents.1776294211.15e97987a4b5.21254.0,train/loss,1190,1776364579.2384565,0.1955406367778778,scalar
events.out.tfevents.1776294211.15e97987a4b5.21254.0,train/loss,1195,1776364885.1014705,0.19697797298431396,scalar
events.out.tfevents.1776294211.15e97987a4b5.21254.0,train/loss,1200,1776365171.900345,0.1948525458574295,scalar
events.out.tfevents.1776294211.15e97987a4b5.21254.0,train/loss,1205,1776365476.1650069,0.19306056201457977,scalar
events.out.tfevents.1776294211.15e97987a4b5.21254.0,train/loss,1210,1776365765.9379048,0.19182223081588745,scalar
events.out.tfevents.1776294211.15e97987a4b5.21254.0,train/loss,1215,1776366071.5135336,0.1959265023469925,scalar
events.out.tfevents.1776294211.15e97987a4b5.21254.0,train/loss,1220,1776366358.4786506,0.19430071115493774,scalar
events.out.tfevents.1776294211.15e97987a4b5.21254.0,train/loss,1225,1776366661.0660522,0.19348257780075073,scalar
events.out.tfevents.1776294211.15e97987a4b5.21254.0,train/loss,1230,1776366948.763333,0.1977209448814392,scalar
events.out.tfevents.1776294211.15e97987a4b5.21254.0,train/loss,1235,1776367248.4411044,0.19233901798725128,scalar
events.out.tfevents.1776294211.15e97987a4b5.21254.0,train/loss,1240,1776367536.1564858,0.19735899567604065,scalar
events.out.tfevents.1776294211.15e97987a4b5.21254.0,train/loss,1245,1776367840.9557285,0.19700047373771667,scalar
events.out.tfevents.1776294211.15e97987a4b5.21254.0,train/loss,1250,1776368132.2783918,0.1943986713886261,scalar
events.out.tfevents.1776294211.15e97987a4b5.21254.0,train/loss,1255,1776368435.050243,0.19473537802696228,scalar
events.out.tfevents.1776294211.15e97987a4b5.21254.0,train/loss,1260,1776368723.394394,0.19681330025196075,scalar
events.out.tfevents.1776294211.15e97987a4b5.21254.0,train/loss,1265,1776369027.9009533,0.19483809173107147,scalar
events.out.tfevents.1776294211.15e97987a4b5.21254.0,train/loss,1270,1776369319.0588322,0.19646617770195007,scalar
events.out.tfevents.1776294211.15e97987a4b5.21254.0,train/loss,1275,1776369622.7122092,0.1938452273607254,scalar
events.out.tfevents.1776294211.15e97987a4b5.21254.0,train/loss,1280,1776369909.0510037,0.19444578886032104,scalar
events.out.tfevents.1776294211.15e97987a4b5.21254.0,train/loss,1285,1776370208.0384305,0.19336292147636414,scalar
events.out.tfevents.1776294211.15e97987a4b5.21254.0,train/loss,1290,1776370501.9476533,0.1955123245716095,scalar
events.out.tfevents.1776294211.15e97987a4b5.21254.0,train/loss,1295,1776370754.3034966,0.19586166739463806,scalar
events.out.tfevents.1776294211.15e97987a4b5.21254.0,train/grad_norm,5,1776294500.0200388,3.734375,scalar
events.out.tfevents.1776294211.15e97987a4b5.21254.0,train/grad_norm,10,1776294786.9300003,3.390625,scalar
events.out.tfevents.1776294211.15e97987a4b5.21254.0,train/grad_norm,15,1776295092.97935,2.53125,scalar
events.out.tfevents.1776294211.15e97987a4b5.21254.0,train/grad_norm,20,1776295380.9853222,2.203125,scalar
events.out.tfevents.1776294211.15e97987a4b5.21254.0,train/grad_norm,25,1776295680.847581,1.2578125,scalar
events.out.tfevents.1776294211.15e97987a4b5.21254.0,train/grad_norm,30,1776295965.7493665,0.6015625,scalar
events.out.tfevents.1776294211.15e97987a4b5.21254.0,train/grad_norm,35,1776296264.6621087,0.5078125,scalar
events.out.tfevents.1776294211.15e97987a4b5.21254.0,train/grad_norm,40,1776296556.9757817,0.435546875,scalar
events.out.tfevents.1776294211.15e97987a4b5.21254.0,train/grad_norm,45,1776296859.4412677,0.369140625,scalar
events.out.tfevents.1776294211.15e97987a4b5.21254.0,train/grad_norm,50,1776297151.4974139,0.353515625,scalar
events.out.tfevents.1776294211.15e97987a4b5.21254.0,train/grad_norm,55,1776297454.5194747,0.3671875,scalar
events.out.tfevents.1776294211.15e97987a4b5.21254.0,train/grad_norm,60,1776297746.4994583,0.287109375,scalar
events.out.tfevents.1776294211.15e97987a4b5.21254.0,train/grad_norm,65,1776298048.644313,0.2392578125,scalar
events.out.tfevents.1776294211.15e97987a4b5.21254.0,train/grad_norm,70,1776298334.0793283,0.234375,scalar
events.out.tfevents.1776294211.15e97987a4b5.21254.0,train/grad_norm,75,1776298629.440716,0.33984375,scalar
events.out.tfevents.1776294211.15e97987a4b5.21254.0,train/grad_norm,80,1776298916.357003,0.32421875,scalar
events.out.tfevents.1776294211.15e97987a4b5.21254.0,train/grad_norm,85,1776299214.5243473,0.28125,scalar
events.out.tfevents.1776294211.15e97987a4b5.21254.0,train/grad_norm,90,1776299499.5269036,0.291015625,scalar
events.out.tfevents.1776294211.15e97987a4b5.21254.0,train/grad_norm,95,1776299798.8906922,0.2890625,scalar
events.out.tfevents.1776294211.15e97987a4b5.21254.0,train/grad_norm,100,1776300086.0003345,0.212890625,scalar
events.out.tfevents.1776294211.15e97987a4b5.21254.0,train/grad_norm,105,1776300391.0263572,0.23828125,scalar
events.out.tfevents.1776294211.15e97987a4b5.21254.0,train/grad_norm,110,1776300682.6528044,0.26953125,scalar
events.out.tfevents.1776294211.15e97987a4b5.21254.0,train/grad_norm,115,1776300982.3656874,0.357421875,scalar
events.out.tfevents.1776294211.15e97987a4b5.21254.0,train/grad_norm,120,1776301269.754308,0.466796875,scalar
events.out.tfevents.1776294211.15e97987a4b5.21254.0,train/grad_norm,125,1776301571.282382,0.453125,scalar
events.out.tfevents.1776294211.15e97987a4b5.21254.0,train/grad_norm,130,1776301857.4956582,0.267578125,scalar
events.out.tfevents.1776294211.15e97987a4b5.21254.0,train/grad_norm,135,1776302160.6487904,0.3125,scalar
events.out.tfevents.1776294211.15e97987a4b5.21254.0,train/grad_norm,140,1776302445.2891388,0.267578125,scalar
events.out.tfevents.1776294211.15e97987a4b5.21254.0,train/grad_norm,145,1776302747.5891345,0.3203125,scalar
events.out.tfevents.1776294211.15e97987a4b5.21254.0,train/grad_norm,150,1776303033.4954317,0.404296875,scalar
events.out.tfevents.1776294211.15e97987a4b5.21254.0,train/grad_norm,155,1776303334.7929063,0.291015625,scalar
events.out.tfevents.1776294211.15e97987a4b5.21254.0,train/grad_norm,160,1776303623.2440588,0.28125,scalar
events.out.tfevents.1776294211.15e97987a4b5.21254.0,train/grad_norm,165,1776303921.7005908,0.23828125,scalar
events.out.tfevents.1776294211.15e97987a4b5.21254.0,train/grad_norm,170,1776304208.7429245,0.400390625,scalar
events.out.tfevents.1776294211.15e97987a4b5.21254.0,train/grad_norm,175,1776304512.1923707,0.34765625,scalar
events.out.tfevents.1776294211.15e97987a4b5.21254.0,train/grad_norm,180,1776304805.2791176,0.34375,scalar
events.out.tfevents.1776294211.15e97987a4b5.21254.0,train/grad_norm,185,1776305112.784699,0.4375,scalar
events.out.tfevents.1776294211.15e97987a4b5.21254.0,train/grad_norm,190,1776305401.4353054,0.55078125,scalar
events.out.tfevents.1776294211.15e97987a4b5.21254.0,train/grad_norm,195,1776305705.8601105,0.431640625,scalar
events.out.tfevents.1776294211.15e97987a4b5.21254.0,train/grad_norm,200,1776305999.3832633,0.359375,scalar
events.out.tfevents.1776294211.15e97987a4b5.21254.0,train/grad_norm,205,1776306300.4803648,0.390625,scalar
events.out.tfevents.1776294211.15e97987a4b5.21254.0,train/grad_norm,210,1776306590.0086646,0.353515625,scalar
events.out.tfevents.1776294211.15e97987a4b5.21254.0,train/grad_norm,215,1776306896.0691824,0.291015625,scalar
events.out.tfevents.1776294211.15e97987a4b5.21254.0,train/grad_norm,220,1776307184.9115255,0.376953125,scalar
events.out.tfevents.1776294211.15e97987a4b5.21254.0,train/grad_norm,225,1776307487.34805,0.267578125,scalar
events.out.tfevents.1776294211.15e97987a4b5.21254.0,train/grad_norm,230,1776307771.4376962,0.3671875,scalar
events.out.tfevents.1776294211.15e97987a4b5.21254.0,train/grad_norm,235,1776308076.2505524,0.3828125,scalar
events.out.tfevents.1776294211.15e97987a4b5.21254.0,train/grad_norm,240,1776308366.1285706,0.314453125,scalar
events.out.tfevents.1776294211.15e97987a4b5.21254.0,train/grad_norm,245,1776308664.0102522,0.30859375,scalar
events.out.tfevents.1776294211.15e97987a4b5.21254.0,train/grad_norm,250,1776308953.5336435,0.29296875,scalar
events.out.tfevents.1776294211.15e97987a4b5.21254.0,train/grad_norm,255,1776309253.8979297,0.333984375,scalar
events.out.tfevents.1776294211.15e97987a4b5.21254.0,train/grad_norm,260,1776309518.844271,0.37890625,scalar
events.out.tfevents.1776294211.15e97987a4b5.21254.0,train/grad_norm,265,1776309818.9601161,0.40234375,scalar
events.out.tfevents.1776294211.15e97987a4b5.21254.0,train/grad_norm,270,1776310109.9058619,0.306640625,scalar
events.out.tfevents.1776294211.15e97987a4b5.21254.0,train/grad_norm,275,1776310414.690237,0.25,scalar
events.out.tfevents.1776294211.15e97987a4b5.21254.0,train/grad_norm,280,1776310703.5012865,0.447265625,scalar
events.out.tfevents.1776294211.15e97987a4b5.21254.0,train/grad_norm,285,1776311007.5007486,0.271484375,scalar
events.out.tfevents.1776294211.15e97987a4b5.21254.0,train/grad_norm,290,1776311296.4933176,0.404296875,scalar
events.out.tfevents.1776294211.15e97987a4b5.21254.0,train/grad_norm,295,1776311604.6357424,0.3203125,scalar
events.out.tfevents.1776294211.15e97987a4b5.21254.0,train/grad_norm,300,1776311889.6337657,0.328125,scalar
events.out.tfevents.1776294211.15e97987a4b5.21254.0,train/grad_norm,305,1776312189.2478812,0.40234375,scalar
events.out.tfevents.1776294211.15e97987a4b5.21254.0,train/grad_norm,310,1776312474.1445427,0.349609375,scalar
events.out.tfevents.1776294211.15e97987a4b5.21254.0,train/grad_norm,315,1776312776.3642483,0.345703125,scalar
events.out.tfevents.1776294211.15e97987a4b5.21254.0,train/grad_norm,320,1776313067.4264932,0.294921875,scalar
events.out.tfevents.1776294211.15e97987a4b5.21254.0,train/grad_norm,325,1776313372.3344445,0.310546875,scalar
events.out.tfevents.1776294211.15e97987a4b5.21254.0,train/grad_norm,330,1776313658.1930792,0.291015625,scalar
events.out.tfevents.1776294211.15e97987a4b5.21254.0,train/grad_norm,335,1776313959.5264127,0.412109375,scalar
events.out.tfevents.1776294211.15e97987a4b5.21254.0,train/grad_norm,340,1776314250.1656523,0.35546875,scalar
events.out.tfevents.1776294211.15e97987a4b5.21254.0,train/grad_norm,345,1776314557.4202719,0.330078125,scalar
events.out.tfevents.1776294211.15e97987a4b5.21254.0,train/grad_norm,350,1776314846.014757,0.296875,scalar
events.out.tfevents.1776294211.15e97987a4b5.21254.0,train/grad_norm,355,1776315145.621331,0.3671875,scalar
events.out.tfevents.1776294211.15e97987a4b5.21254.0,train/grad_norm,360,1776315430.018681,0.38671875,scalar
events.out.tfevents.1776294211.15e97987a4b5.21254.0,train/grad_norm,365,1776315734.9077303,0.302734375,scalar
events.out.tfevents.1776294211.15e97987a4b5.21254.0,train/grad_norm,370,1776316024.4047363,0.251953125,scalar
events.out.tfevents.1776294211.15e97987a4b5.21254.0,train/grad_norm,375,1776316329.1648898,0.322265625,scalar
events.out.tfevents.1776294211.15e97987a4b5.21254.0,train/grad_norm,380,1776316611.4029675,0.419921875,scalar
events.out.tfevents.1776294211.15e97987a4b5.21254.0,train/grad_norm,385,1776316913.101728,0.396484375,scalar
events.out.tfevents.1776294211.15e97987a4b5.21254.0,train/grad_norm,390,1776317206.0597064,0.298828125,scalar
events.out.tfevents.1776294211.15e97987a4b5.21254.0,train/grad_norm,395,1776317512.3739765,0.30078125,scalar
events.out.tfevents.1776294211.15e97987a4b5.21254.0,train/grad_norm,400,1776317800.0853798,0.3046875,scalar
events.out.tfevents.1776294211.15e97987a4b5.21254.0,train/grad_norm,405,1776318100.8513253,0.392578125,scalar
events.out.tfevents.1776294211.15e97987a4b5.21254.0,train/grad_norm,410,1776318390.4442892,0.58984375,scalar
events.out.tfevents.1776294211.15e97987a4b5.21254.0,train/grad_norm,415,1776318690.6368363,0.388671875,scalar
events.out.tfevents.1776294211.15e97987a4b5.21254.0,train/grad_norm,420,1776318981.6244915,0.453125,scalar
events.out.tfevents.1776294211.15e97987a4b5.21254.0,train/grad_norm,425,1776319280.9084718,0.283203125,scalar
events.out.tfevents.1776294211.15e97987a4b5.21254.0,train/grad_norm,430,1776319572.501885,0.39453125,scalar
events.out.tfevents.1776294211.15e97987a4b5.21254.0,train/grad_norm,435,1776319875.3563464,0.4296875,scalar
events.out.tfevents.1776294211.15e97987a4b5.21254.0,train/grad_norm,440,1776320161.7898214,0.353515625,scalar
events.out.tfevents.1776294211.15e97987a4b5.21254.0,train/grad_norm,445,1776320472.360769,0.41796875,scalar
events.out.tfevents.1776294211.15e97987a4b5.21254.0,train/grad_norm,450,1776320759.6397552,0.44140625,scalar
events.out.tfevents.1776294211.15e97987a4b5.21254.0,train/grad_norm,455,1776321059.3415368,0.27734375,scalar
events.out.tfevents.1776294211.15e97987a4b5.21254.0,train/grad_norm,460,1776321348.2781599,0.54296875,scalar
events.out.tfevents.1776294211.15e97987a4b5.21254.0,train/grad_norm,465,1776321655.1963823,0.310546875,scalar
events.out.tfevents.1776294211.15e97987a4b5.21254.0,train/grad_norm,470,1776321944.367966,0.30859375,scalar
events.out.tfevents.1776294211.15e97987a4b5.21254.0,train/grad_norm,475,1776322245.4542558,0.251953125,scalar
events.out.tfevents.1776294211.15e97987a4b5.21254.0,train/grad_norm,480,1776322534.8722346,0.345703125,scalar
events.out.tfevents.1776294211.15e97987a4b5.21254.0,train/grad_norm,485,1776322839.4940488,0.287109375,scalar
events.out.tfevents.1776294211.15e97987a4b5.21254.0,train/grad_norm,490,1776323129.7089324,0.294921875,scalar
events.out.tfevents.1776294211.15e97987a4b5.21254.0,train/grad_norm,495,1776323436.9533434,0.267578125,scalar
events.out.tfevents.1776294211.15e97987a4b5.21254.0,train/grad_norm,500,1776323729.6915107,0.3359375,scalar
events.out.tfevents.1776294211.15e97987a4b5.21254.0,train/grad_norm,505,1776324029.205326,0.349609375,scalar
events.out.tfevents.1776294211.15e97987a4b5.21254.0,train/grad_norm,510,1776324316.9700541,0.373046875,scalar
events.out.tfevents.1776294211.15e97987a4b5.21254.0,train/grad_norm,515,1776324622.120758,0.314453125,scalar
events.out.tfevents.1776294211.15e97987a4b5.21254.0,train/grad_norm,520,1776324886.9752636,0.56640625,scalar
events.out.tfevents.1776294211.15e97987a4b5.21254.0,train/grad_norm,525,1776325187.2361028,0.431640625,scalar
events.out.tfevents.1776294211.15e97987a4b5.21254.0,train/grad_norm,530,1776325474.3137395,0.466796875,scalar
events.out.tfevents.1776294211.15e97987a4b5.21254.0,train/grad_norm,535,1776325780.9570296,0.353515625,scalar
events.out.tfevents.1776294211.15e97987a4b5.21254.0,train/grad_norm,540,1776326071.6069033,0.39453125,scalar
events.out.tfevents.1776294211.15e97987a4b5.21254.0,train/grad_norm,545,1776326379.232334,0.298828125,scalar
events.out.tfevents.1776294211.15e97987a4b5.21254.0,train/grad_norm,550,1776326668.7002718,0.3359375,scalar
events.out.tfevents.1776294211.15e97987a4b5.21254.0,train/grad_norm,555,1776326974.0137079,0.3359375,scalar
events.out.tfevents.1776294211.15e97987a4b5.21254.0,train/grad_norm,560,1776327262.521466,0.40625,scalar
events.out.tfevents.1776294211.15e97987a4b5.21254.0,train/grad_norm,565,1776327566.4053886,0.47265625,scalar
events.out.tfevents.1776294211.15e97987a4b5.21254.0,train/grad_norm,570,1776327862.7567568,0.33984375,scalar
events.out.tfevents.1776294211.15e97987a4b5.21254.0,train/grad_norm,575,1776328166.2762656,0.478515625,scalar
events.out.tfevents.1776294211.15e97987a4b5.21254.0,train/grad_norm,580,1776328453.920813,0.296875,scalar
events.out.tfevents.1776294211.15e97987a4b5.21254.0,train/grad_norm,585,1776328755.7874508,0.291015625,scalar
events.out.tfevents.1776294211.15e97987a4b5.21254.0,train/grad_norm,590,1776329048.787584,0.328125,scalar
events.out.tfevents.1776294211.15e97987a4b5.21254.0,train/grad_norm,595,1776329352.9827232,0.380859375,scalar
events.out.tfevents.1776294211.15e97987a4b5.21254.0,train/grad_norm,600,1776329643.4217224,0.380859375,scalar
events.out.tfevents.1776294211.15e97987a4b5.21254.0,train/grad_norm,605,1776329944.3063602,0.412109375,scalar
events.out.tfevents.1776294211.15e97987a4b5.21254.0,train/grad_norm,610,1776330239.6982477,0.4453125,scalar
events.out.tfevents.1776294211.15e97987a4b5.21254.0,train/grad_norm,615,1776330539.2314136,0.4140625,scalar
events.out.tfevents.1776294211.15e97987a4b5.21254.0,train/grad_norm,620,1776330826.8272908,0.412109375,scalar
events.out.tfevents.1776294211.15e97987a4b5.21254.0,train/grad_norm,625,1776331127.0990627,0.5078125,scalar
events.out.tfevents.1776294211.15e97987a4b5.21254.0,train/grad_norm,630,1776331419.7614195,0.4453125,scalar
events.out.tfevents.1776294211.15e97987a4b5.21254.0,train/grad_norm,635,1776331725.041824,0.5078125,scalar
events.out.tfevents.1776294211.15e97987a4b5.21254.0,train/grad_norm,640,1776332016.4381363,0.4453125,scalar
events.out.tfevents.1776294211.15e97987a4b5.21254.0,train/grad_norm,645,1776332319.056354,0.333984375,scalar
events.out.tfevents.1776294211.15e97987a4b5.21254.0,train/grad_norm,650,1776332612.7723753,0.369140625,scalar
events.out.tfevents.1776294211.15e97987a4b5.21254.0,train/grad_norm,655,1776332910.7195685,0.35546875,scalar
events.out.tfevents.1776294211.15e97987a4b5.21254.0,train/grad_norm,660,1776333195.808635,0.55859375,scalar
events.out.tfevents.1776294211.15e97987a4b5.21254.0,train/grad_norm,665,1776333496.8619452,0.322265625,scalar
events.out.tfevents.1776294211.15e97987a4b5.21254.0,train/grad_norm,670,1776333781.156777,0.294921875,scalar
events.out.tfevents.1776294211.15e97987a4b5.21254.0,train/grad_norm,675,1776334086.1084366,0.373046875,scalar
events.out.tfevents.1776294211.15e97987a4b5.21254.0,train/grad_norm,680,1776334373.904391,0.37890625,scalar
events.out.tfevents.1776294211.15e97987a4b5.21254.0,train/grad_norm,685,1776334675.5746021,0.322265625,scalar
events.out.tfevents.1776294211.15e97987a4b5.21254.0,train/grad_norm,690,1776334967.516821,0.302734375,scalar
events.out.tfevents.1776294211.15e97987a4b5.21254.0,train/grad_norm,695,1776335269.5882785,0.34375,scalar
events.out.tfevents.1776294211.15e97987a4b5.21254.0,train/grad_norm,700,1776335557.3760886,0.408203125,scalar
events.out.tfevents.1776294211.15e97987a4b5.21254.0,train/grad_norm,705,1776335863.1971724,0.318359375,scalar
events.out.tfevents.1776294211.15e97987a4b5.21254.0,train/grad_norm,710,1776336155.5564566,0.4765625,scalar
events.out.tfevents.1776294211.15e97987a4b5.21254.0,train/grad_norm,715,1776336454.8417602,0.427734375,scalar
events.out.tfevents.1776294211.15e97987a4b5.21254.0,train/grad_norm,720,1776336744.5748947,0.451171875,scalar
events.out.tfevents.1776294211.15e97987a4b5.21254.0,train/grad_norm,725,1776337045.2563791,0.328125,scalar
events.out.tfevents.1776294211.15e97987a4b5.21254.0,train/grad_norm,730,1776337336.3029196,0.447265625,scalar
events.out.tfevents.1776294211.15e97987a4b5.21254.0,train/grad_norm,735,1776337646.5666955,0.3203125,scalar
events.out.tfevents.1776294211.15e97987a4b5.21254.0,train/grad_norm,740,1776337936.6843796,0.328125,scalar
events.out.tfevents.1776294211.15e97987a4b5.21254.0,train/grad_norm,745,1776338239.9756637,0.53515625,scalar
events.out.tfevents.1776294211.15e97987a4b5.21254.0,train/grad_norm,750,1776338524.8931386,0.44140625,scalar
events.out.tfevents.1776294211.15e97987a4b5.21254.0,train/grad_norm,755,1776338827.0107625,0.357421875,scalar
events.out.tfevents.1776294211.15e97987a4b5.21254.0,train/grad_norm,760,1776339115.027407,0.419921875,scalar
events.out.tfevents.1776294211.15e97987a4b5.21254.0,train/grad_norm,765,1776339420.079368,0.451171875,scalar
events.out.tfevents.1776294211.15e97987a4b5.21254.0,train/grad_norm,770,1776339710.7798896,0.443359375,scalar
events.out.tfevents.1776294211.15e97987a4b5.21254.0,train/grad_norm,775,1776340012.037893,0.45703125,scalar
events.out.tfevents.1776294211.15e97987a4b5.21254.0,train/grad_norm,780,1776340280.663581,0.51171875,scalar
events.out.tfevents.1776294211.15e97987a4b5.21254.0,train/grad_norm,785,1776340587.9290855,0.375,scalar
events.out.tfevents.1776294211.15e97987a4b5.21254.0,train/grad_norm,790,1776340877.714294,0.345703125,scalar
events.out.tfevents.1776294211.15e97987a4b5.21254.0,train/grad_norm,795,1776341175.8823202,0.640625,scalar
events.out.tfevents.1776294211.15e97987a4b5.21254.0,train/grad_norm,800,1776341465.9190633,0.39453125,scalar
events.out.tfevents.1776294211.15e97987a4b5.21254.0,train/grad_norm,805,1776341766.964529,0.396484375,scalar
events.out.tfevents.1776294211.15e97987a4b5.21254.0,train/grad_norm,810,1776342062.5019114,0.42578125,scalar
events.out.tfevents.1776294211.15e97987a4b5.21254.0,train/grad_norm,815,1776342369.5757117,0.2890625,scalar
events.out.tfevents.1776294211.15e97987a4b5.21254.0,train/grad_norm,820,1776342656.1276934,0.416015625,scalar
events.out.tfevents.1776294211.15e97987a4b5.21254.0,train/grad_norm,825,1776342958.2750664,0.390625,scalar
events.out.tfevents.1776294211.15e97987a4b5.21254.0,train/grad_norm,830,1776343244.84347,0.322265625,scalar
events.out.tfevents.1776294211.15e97987a4b5.21254.0,train/grad_norm,835,1776343553.0007803,0.345703125,scalar
events.out.tfevents.1776294211.15e97987a4b5.21254.0,train/grad_norm,840,1776343842.554427,0.37109375,scalar
events.out.tfevents.1776294211.15e97987a4b5.21254.0,train/grad_norm,845,1776344141.285758,0.3046875,scalar
events.out.tfevents.1776294211.15e97987a4b5.21254.0,train/grad_norm,850,1776344429.3025467,0.349609375,scalar
events.out.tfevents.1776294211.15e97987a4b5.21254.0,train/grad_norm,855,1776344727.9397993,0.380859375,scalar
events.out.tfevents.1776294211.15e97987a4b5.21254.0,train/grad_norm,860,1776345016.8844607,0.53125,scalar
events.out.tfevents.1776294211.15e97987a4b5.21254.0,train/grad_norm,865,1776345322.3383687,0.404296875,scalar
events.out.tfevents.1776294211.15e97987a4b5.21254.0,train/grad_norm,870,1776345620.9631786,0.365234375,scalar
events.out.tfevents.1776294211.15e97987a4b5.21254.0,train/grad_norm,875,1776345920.9381022,0.3046875,scalar
events.out.tfevents.1776294211.15e97987a4b5.21254.0,train/grad_norm,880,1776346209.3999145,0.328125,scalar
events.out.tfevents.1776294211.15e97987a4b5.21254.0,train/grad_norm,885,1776346514.2003255,0.44140625,scalar
events.out.tfevents.1776294211.15e97987a4b5.21254.0,train/grad_norm,890,1776346808.7361224,0.353515625,scalar
events.out.tfevents.1776294211.15e97987a4b5.21254.0,train/grad_norm,895,1776347116.2924743,0.349609375,scalar
events.out.tfevents.1776294211.15e97987a4b5.21254.0,train/grad_norm,900,1776347403.3677912,0.369140625,scalar
events.out.tfevents.1776294211.15e97987a4b5.21254.0,train/grad_norm,905,1776347703.079726,0.369140625,scalar
events.out.tfevents.1776294211.15e97987a4b5.21254.0,train/grad_norm,910,1776347988.3005168,0.259765625,scalar
events.out.tfevents.1776294211.15e97987a4b5.21254.0,train/grad_norm,915,1776348302.0768025,0.3828125,scalar
events.out.tfevents.1776294211.15e97987a4b5.21254.0,train/grad_norm,920,1776348589.4426725,0.357421875,scalar
events.out.tfevents.1776294211.15e97987a4b5.21254.0,train/grad_norm,925,1776348899.5606847,0.3515625,scalar
events.out.tfevents.1776294211.15e97987a4b5.21254.0,train/grad_norm,930,1776349187.4273744,0.326171875,scalar
events.out.tfevents.1776294211.15e97987a4b5.21254.0,train/grad_norm,935,1776349490.9906178,0.41015625,scalar
events.out.tfevents.1776294211.15e97987a4b5.21254.0,train/grad_norm,940,1776349784.3592334,0.404296875,scalar
events.out.tfevents.1776294211.15e97987a4b5.21254.0,train/grad_norm,945,1776350087.5874841,0.3515625,scalar
events.out.tfevents.1776294211.15e97987a4b5.21254.0,train/grad_norm,950,1776350376.5017738,0.458984375,scalar
events.out.tfevents.1776294211.15e97987a4b5.21254.0,train/grad_norm,955,1776350676.4340084,0.353515625,scalar
events.out.tfevents.1776294211.15e97987a4b5.21254.0,train/grad_norm,960,1776350964.7873857,0.3125,scalar
events.out.tfevents.1776294211.15e97987a4b5.21254.0,train/grad_norm,965,1776351269.3703344,0.349609375,scalar
events.out.tfevents.1776294211.15e97987a4b5.21254.0,train/grad_norm,970,1776351562.843392,0.31640625,scalar
events.out.tfevents.1776294211.15e97987a4b5.21254.0,train/grad_norm,975,1776351866.508687,0.4296875,scalar
events.out.tfevents.1776294211.15e97987a4b5.21254.0,train/grad_norm,980,1776352155.5181036,0.380859375,scalar
events.out.tfevents.1776294211.15e97987a4b5.21254.0,train/grad_norm,985,1776352462.9413385,0.39453125,scalar
events.out.tfevents.1776294211.15e97987a4b5.21254.0,train/grad_norm,990,1776352752.1802287,0.248046875,scalar
events.out.tfevents.1776294211.15e97987a4b5.21254.0,train/grad_norm,995,1776353055.4376907,0.42578125,scalar
events.out.tfevents.1776294211.15e97987a4b5.21254.0,train/grad_norm,1000,1776353350.7218516,0.28515625,scalar
events.out.tfevents.1776294211.15e97987a4b5.21254.0,train/grad_norm,1005,1776353655.246456,0.349609375,scalar
events.out.tfevents.1776294211.15e97987a4b5.21254.0,train/grad_norm,1010,1776353947.730809,0.3515625,scalar
events.out.tfevents.1776294211.15e97987a4b5.21254.0,train/grad_norm,1015,1776354245.9704225,0.28125,scalar
events.out.tfevents.1776294211.15e97987a4b5.21254.0,train/grad_norm,1020,1776354528.5774965,0.328125,scalar
events.out.tfevents.1776294211.15e97987a4b5.21254.0,train/grad_norm,1025,1776354831.6381614,0.330078125,scalar
events.out.tfevents.1776294211.15e97987a4b5.21254.0,train/grad_norm,1030,1776355121.4813192,0.306640625,scalar
events.out.tfevents.1776294211.15e97987a4b5.21254.0,train/grad_norm,1035,1776355426.3961885,0.310546875,scalar
events.out.tfevents.1776294211.15e97987a4b5.21254.0,train/grad_norm,1040,1776355696.4629483,0.44140625,scalar
events.out.tfevents.1776294211.15e97987a4b5.21254.0,train/grad_norm,1045,1776356000.0918279,0.37109375,scalar
events.out.tfevents.1776294211.15e97987a4b5.21254.0,train/grad_norm,1050,1776356289.2774944,0.3515625,scalar
events.out.tfevents.1776294211.15e97987a4b5.21254.0,train/grad_norm,1055,1776356588.1141667,0.33203125,scalar
events.out.tfevents.1776294211.15e97987a4b5.21254.0,train/grad_norm,1060,1776356879.3784218,0.30859375,scalar
events.out.tfevents.1776294211.15e97987a4b5.21254.0,train/grad_norm,1065,1776357179.3630984,0.31640625,scalar
events.out.tfevents.1776294211.15e97987a4b5.21254.0,train/grad_norm,1070,1776357465.6341057,0.2890625,scalar
events.out.tfevents.1776294211.15e97987a4b5.21254.0,train/grad_norm,1075,1776357765.320342,0.306640625,scalar
events.out.tfevents.1776294211.15e97987a4b5.21254.0,train/grad_norm,1080,1776358052.265083,0.28515625,scalar
events.out.tfevents.1776294211.15e97987a4b5.21254.0,train/grad_norm,1085,1776358352.711323,0.322265625,scalar
events.out.tfevents.1776294211.15e97987a4b5.21254.0,train/grad_norm,1090,1776358643.496381,0.419921875,scalar
events.out.tfevents.1776294211.15e97987a4b5.21254.0,train/grad_norm,1095,1776358946.7531128,0.345703125,scalar
events.out.tfevents.1776294211.15e97987a4b5.21254.0,train/grad_norm,1100,1776359235.9444084,0.3671875,scalar
events.out.tfevents.1776294211.15e97987a4b5.21254.0,train/grad_norm,1105,1776359539.3377943,0.32421875,scalar
events.out.tfevents.1776294211.15e97987a4b5.21254.0,train/grad_norm,1110,1776359827.2799556,0.330078125,scalar
events.out.tfevents.1776294211.15e97987a4b5.21254.0,train/grad_norm,1115,1776360131.1080604,0.365234375,scalar
events.out.tfevents.1776294211.15e97987a4b5.21254.0,train/grad_norm,1120,1776360419.0894692,0.392578125,scalar
events.out.tfevents.1776294211.15e97987a4b5.21254.0,train/grad_norm,1125,1776360728.9781857,0.369140625,scalar
events.out.tfevents.1776294211.15e97987a4b5.21254.0,train/grad_norm,1130,1776361024.377089,0.302734375,scalar
events.out.tfevents.1776294211.15e97987a4b5.21254.0,train/grad_norm,1135,1776361328.5796266,0.357421875,scalar
events.out.tfevents.1776294211.15e97987a4b5.21254.0,train/grad_norm,1140,1776361615.6408696,0.35546875,scalar
events.out.tfevents.1776294211.15e97987a4b5.21254.0,train/grad_norm,1145,1776361919.2369645,0.32421875,scalar
events.out.tfevents.1776294211.15e97987a4b5.21254.0,train/grad_norm,1150,1776362211.1635122,0.33203125,scalar
events.out.tfevents.1776294211.15e97987a4b5.21254.0,train/grad_norm,1155,1776362510.3072565,0.3671875,scalar
events.out.tfevents.1776294211.15e97987a4b5.21254.0,train/grad_norm,1160,1776362801.0451002,0.2734375,scalar
events.out.tfevents.1776294211.15e97987a4b5.21254.0,train/grad_norm,1165,1776363106.3959053,0.33984375,scalar
events.out.tfevents.1776294211.15e97987a4b5.21254.0,train/grad_norm,1170,1776363396.5669792,0.33984375,scalar
events.out.tfevents.1776294211.15e97987a4b5.21254.0,train/grad_norm,1175,1776363698.1773589,0.30859375,scalar
events.out.tfevents.1776294211.15e97987a4b5.21254.0,train/grad_norm,1180,1776363987.1616757,0.283203125,scalar
events.out.tfevents.1776294211.15e97987a4b5.21254.0,train/grad_norm,1185,1776364292.7790911,0.251953125,scalar
events.out.tfevents.1776294211.15e97987a4b5.21254.0,train/grad_norm,1190,1776364579.2384815,0.3515625,scalar
events.out.tfevents.1776294211.15e97987a4b5.21254.0,train/grad_norm,1195,1776364885.1014943,0.310546875,scalar
events.out.tfevents.1776294211.15e97987a4b5.21254.0,train/grad_norm,1200,1776365171.90037,0.27734375,scalar
events.out.tfevents.1776294211.15e97987a4b5.21254.0,train/grad_norm,1205,1776365476.1650305,0.34375,scalar
events.out.tfevents.1776294211.15e97987a4b5.21254.0,train/grad_norm,1210,1776365765.937928,0.298828125,scalar
events.out.tfevents.1776294211.15e97987a4b5.21254.0,train/grad_norm,1215,1776366071.513558,0.32421875,scalar
events.out.tfevents.1776294211.15e97987a4b5.21254.0,train/grad_norm,1220,1776366358.4786747,0.279296875,scalar
events.out.tfevents.1776294211.15e97987a4b5.21254.0,train/grad_norm,1225,1776366661.0660763,0.275390625,scalar
events.out.tfevents.1776294211.15e97987a4b5.21254.0,train/grad_norm,1230,1776366948.763358,0.3046875,scalar
events.out.tfevents.1776294211.15e97987a4b5.21254.0,train/grad_norm,1235,1776367248.441128,0.26953125,scalar
events.out.tfevents.1776294211.15e97987a4b5.21254.0,train/grad_norm,1240,1776367536.15651,0.251953125,scalar
events.out.tfevents.1776294211.15e97987a4b5.21254.0,train/grad_norm,1245,1776367840.9557533,0.2314453125,scalar
events.out.tfevents.1776294211.15e97987a4b5.21254.0,train/grad_norm,1250,1776368132.2784164,0.23828125,scalar
events.out.tfevents.1776294211.15e97987a4b5.21254.0,train/grad_norm,1255,1776368435.0502675,0.298828125,scalar
events.out.tfevents.1776294211.15e97987a4b5.21254.0,train/grad_norm,1260,1776368723.3944178,0.2421875,scalar
events.out.tfevents.1776294211.15e97987a4b5.21254.0,train/grad_norm,1265,1776369027.9009774,0.23828125,scalar
events.out.tfevents.1776294211.15e97987a4b5.21254.0,train/grad_norm,1270,1776369319.0588632,0.29296875,scalar
events.out.tfevents.1776294211.15e97987a4b5.21254.0,train/grad_norm,1275,1776369622.7122338,0.2734375,scalar
events.out.tfevents.1776294211.15e97987a4b5.21254.0,train/grad_norm,1280,1776369909.0510285,0.3046875,scalar
events.out.tfevents.1776294211.15e97987a4b5.21254.0,train/grad_norm,1285,1776370208.0384543,0.294921875,scalar
events.out.tfevents.1776294211.15e97987a4b5.21254.0,train/grad_norm,1290,1776370501.9476774,0.28125,scalar
events.out.tfevents.1776294211.15e97987a4b5.21254.0,train/grad_norm,1295,1776370754.3035216,0.77734375,scalar
events.out.tfevents.1776294211.15e97987a4b5.21254.0,train/learning_rate,5,1776294500.020048,1.0256409950670786e-05,scalar
events.out.tfevents.1776294211.15e97987a4b5.21254.0,train/learning_rate,10,1776294786.9300072,2.307692375325132e-05,scalar
events.out.tfevents.1776294211.15e97987a4b5.21254.0,train/learning_rate,15,1776295092.979357,3.5897435736842453e-05,scalar
events.out.tfevents.1776294211.15e97987a4b5.21254.0,train/learning_rate,20,1776295380.9853284,4.871794953942299e-05,scalar
events.out.tfevents.1776294211.15e97987a4b5.21254.0,train/learning_rate,25,1776295680.8475866,6.153846334200352e-05,scalar
events.out.tfevents.1776294211.15e97987a4b5.21254.0,train/learning_rate,30,1776295965.7493727,7.435897714458406e-05,scalar
events.out.tfevents.1776294211.15e97987a4b5.21254.0,train/learning_rate,35,1776296264.662115,8.717948367120698e-05,scalar
events.out.tfevents.1776294211.15e97987a4b5.21254.0,train/learning_rate,40,1776296556.9757879,9.999999747378752e-05,scalar
events.out.tfevents.1776294211.15e97987a4b5.21254.0,train/learning_rate,45,1776296859.4412744,9.96019080048427e-05,scalar
events.out.tfevents.1776294211.15e97987a4b5.21254.0,train/learning_rate,50,1776297151.4974208,9.920381853589788e-05,scalar
events.out.tfevents.1776294211.15e97987a4b5.21254.0,train/learning_rate,55,1776297454.5194817,9.880572906695306e-05,scalar
events.out.tfevents.1776294211.15e97987a4b5.21254.0,train/learning_rate,60,1776297746.499465,9.840764687396586e-05,scalar
events.out.tfevents.1776294211.15e97987a4b5.21254.0,train/learning_rate,65,1776298048.64432,9.800955740502104e-05,scalar
events.out.tfevents.1776294211.15e97987a4b5.21254.0,train/learning_rate,70,1776298334.0793347,9.761146793607622e-05,scalar
events.out.tfevents.1776294211.15e97987a4b5.21254.0,train/learning_rate,75,1776298629.4407227,9.72133784671314e-05,scalar
events.out.tfevents.1776294211.15e97987a4b5.21254.0,train/learning_rate,80,1776298916.357009,9.681528899818659e-05,scalar
events.out.tfevents.1776294211.15e97987a4b5.21254.0,train/learning_rate,85,1776299214.5243535,9.641719952924177e-05,scalar
events.out.tfevents.1776294211.15e97987a4b5.21254.0,train/learning_rate,90,1776299499.5269105,9.601911006029695e-05,scalar
events.out.tfevents.1776294211.15e97987a4b5.21254.0,train/learning_rate,95,1776299798.890699,9.562102059135213e-05,scalar
events.out.tfevents.1776294211.15e97987a4b5.21254.0,train/learning_rate,100,1776300086.000341,9.522293112240732e-05,scalar
events.out.tfevents.1776294211.15e97987a4b5.21254.0,train/learning_rate,105,1776300391.0263636,9.48248416534625e-05,scalar
events.out.tfevents.1776294211.15e97987a4b5.21254.0,train/learning_rate,110,1776300682.6528108,9.442675218451768e-05,scalar
events.out.tfevents.1776294211.15e97987a4b5.21254.0,train/learning_rate,115,1776300982.365694,9.402866271557286e-05,scalar
events.out.tfevents.1776294211.15e97987a4b5.21254.0,train/learning_rate,120,1776301269.7543142,9.363057324662805e-05,scalar
events.out.tfevents.1776294211.15e97987a4b5.21254.0,train/learning_rate,125,1776301571.2823882,9.323248377768323e-05,scalar
events.out.tfevents.1776294211.15e97987a4b5.21254.0,train/learning_rate,130,1776301857.4956644,9.283439430873841e-05,scalar
events.out.tfevents.1776294211.15e97987a4b5.21254.0,train/learning_rate,135,1776302160.648797,9.243630483979359e-05,scalar
events.out.tfevents.1776294211.15e97987a4b5.21254.0,train/learning_rate,140,1776302445.2891452,9.203821537084877e-05,scalar
events.out.tfevents.1776294211.15e97987a4b5.21254.0,train/learning_rate,145,1776302747.5891407,9.164012590190396e-05,scalar
events.out.tfevents.1776294211.15e97987a4b5.21254.0,train/learning_rate,150,1776303033.4954386,9.124203643295914e-05,scalar
events.out.tfevents.1776294211.15e97987a4b5.21254.0,train/learning_rate,155,1776303334.792913,9.084394696401432e-05,scalar
events.out.tfevents.1776294211.15e97987a4b5.21254.0,train/learning_rate,160,1776303623.244065,9.04458574950695e-05,scalar
events.out.tfevents.1776294211.15e97987a4b5.21254.0,train/learning_rate,165,1776303921.700597,9.004776802612469e-05,scalar
events.out.tfevents.1776294211.15e97987a4b5.21254.0,train/learning_rate,170,1776304208.7429304,8.964967855717987e-05,scalar
events.out.tfevents.1776294211.15e97987a4b5.21254.0,train/learning_rate,175,1776304512.1923776,8.925158908823505e-05,scalar
events.out.tfevents.1776294211.15e97987a4b5.21254.0,train/learning_rate,180,1776304805.2791245,8.885349961929023e-05,scalar
events.out.tfevents.1776294211.15e97987a4b5.21254.0,train/learning_rate,185,1776305112.7847052,8.845541742630303e-05,scalar
events.out.tfevents.1776294211.15e97987a4b5.21254.0,train/learning_rate,190,1776305401.4353118,8.805732795735821e-05,scalar
events.out.tfevents.1776294211.15e97987a4b5.21254.0,train/learning_rate,195,1776305705.8601174,8.76592384884134e-05,scalar
events.out.tfevents.1776294211.15e97987a4b5.21254.0,train/learning_rate,200,1776305999.3832688,8.726114901946858e-05,scalar
events.out.tfevents.1776294211.15e97987a4b5.21254.0,train/learning_rate,205,1776306300.4803715,8.686305955052376e-05,scalar
events.out.tfevents.1776294211.15e97987a4b5.21254.0,train/learning_rate,210,1776306590.0086708,8.646497008157894e-05,scalar
events.out.tfevents.1776294211.15e97987a4b5.21254.0,train/learning_rate,215,1776306896.0691886,8.606688061263412e-05,scalar
events.out.tfevents.1776294211.15e97987a4b5.21254.0,train/learning_rate,220,1776307184.9115317,8.56687911436893e-05,scalar
events.out.tfevents.1776294211.15e97987a4b5.21254.0,train/learning_rate,225,1776307487.3480566,8.527070167474449e-05,scalar
events.out.tfevents.1776294211.15e97987a4b5.21254.0,train/learning_rate,230,1776307771.4377027,8.487261220579967e-05,scalar
events.out.tfevents.1776294211.15e97987a4b5.21254.0,train/learning_rate,235,1776308076.250559,8.447452273685485e-05,scalar
events.out.tfevents.1776294211.15e97987a4b5.21254.0,train/learning_rate,240,1776308366.128577,8.407643326791003e-05,scalar
events.out.tfevents.1776294211.15e97987a4b5.21254.0,train/learning_rate,245,1776308664.0102587,8.367834379896522e-05,scalar
events.out.tfevents.1776294211.15e97987a4b5.21254.0,train/learning_rate,250,1776308953.5336502,8.32802543300204e-05,scalar
events.out.tfevents.1776294211.15e97987a4b5.21254.0,train/learning_rate,255,1776309253.8979366,8.288216486107558e-05,scalar
events.out.tfevents.1776294211.15e97987a4b5.21254.0,train/learning_rate,260,1776309518.8442771,8.248407539213076e-05,scalar
events.out.tfevents.1776294211.15e97987a4b5.21254.0,train/learning_rate,265,1776309818.960123,8.208598592318594e-05,scalar
events.out.tfevents.1776294211.15e97987a4b5.21254.0,train/learning_rate,270,1776310109.9058683,8.168789645424113e-05,scalar
events.out.tfevents.1776294211.15e97987a4b5.21254.0,train/learning_rate,275,1776310414.6902435,8.128980698529631e-05,scalar
events.out.tfevents.1776294211.15e97987a4b5.21254.0,train/learning_rate,280,1776310703.501293,8.089171751635149e-05,scalar
events.out.tfevents.1776294211.15e97987a4b5.21254.0,train/learning_rate,285,1776311007.5007548,8.049362804740667e-05,scalar
events.out.tfevents.1776294211.15e97987a4b5.21254.0,train/learning_rate,290,1776311296.493324,8.009553857846186e-05,scalar
events.out.tfevents.1776294211.15e97987a4b5.21254.0,train/learning_rate,295,1776311604.635749,7.969744910951704e-05,scalar
events.out.tfevents.1776294211.15e97987a4b5.21254.0,train/learning_rate,300,1776311889.6337729,7.929935964057222e-05,scalar
events.out.tfevents.1776294211.15e97987a4b5.21254.0,train/learning_rate,305,1776312189.247888,7.890127744758502e-05,scalar
events.out.tfevents.1776294211.15e97987a4b5.21254.0,train/learning_rate,310,1776312474.1445491,7.85031879786402e-05,scalar
events.out.tfevents.1776294211.15e97987a4b5.21254.0,train/learning_rate,315,1776312776.3642547,7.810509850969538e-05,scalar
events.out.tfevents.1776294211.15e97987a4b5.21254.0,train/learning_rate,320,1776313067.4264994,7.770700904075056e-05,scalar
events.out.tfevents.1776294211.15e97987a4b5.21254.0,train/learning_rate,325,1776313372.3344507,7.730891957180575e-05,scalar
events.out.tfevents.1776294211.15e97987a4b5.21254.0,train/learning_rate,330,1776313658.1930854,7.691083010286093e-05,scalar
events.out.tfevents.1776294211.15e97987a4b5.21254.0,train/learning_rate,335,1776313959.5264196,7.651274063391611e-05,scalar
events.out.tfevents.1776294211.15e97987a4b5.21254.0,train/learning_rate,340,1776314250.165659,7.611465116497129e-05,scalar
events.out.tfevents.1776294211.15e97987a4b5.21254.0,train/learning_rate,345,1776314557.420278,7.571656169602647e-05,scalar
events.out.tfevents.1776294211.15e97987a4b5.21254.0,train/learning_rate,350,1776314846.0147636,7.531847222708166e-05,scalar
events.out.tfevents.1776294211.15e97987a4b5.21254.0,train/learning_rate,355,1776315145.6213377,7.492038275813684e-05,scalar
events.out.tfevents.1776294211.15e97987a4b5.21254.0,train/learning_rate,360,1776315430.0186877,7.452229328919202e-05,scalar
events.out.tfevents.1776294211.15e97987a4b5.21254.0,train/learning_rate,365,1776315734.9077368,7.41242038202472e-05,scalar
events.out.tfevents.1776294211.15e97987a4b5.21254.0,train/learning_rate,370,1776316024.4047427,7.372611435130239e-05,scalar
events.out.tfevents.1776294211.15e97987a4b5.21254.0,train/learning_rate,375,1776316329.1648962,7.332802488235757e-05,scalar
events.out.tfevents.1776294211.15e97987a4b5.21254.0,train/learning_rate,380,1776316611.402974,7.292993541341275e-05,scalar
events.out.tfevents.1776294211.15e97987a4b5.21254.0,train/learning_rate,385,1776316913.1017344,7.253184594446793e-05,scalar
events.out.tfevents.1776294211.15e97987a4b5.21254.0,train/learning_rate,390,1776317206.0597134,7.213375647552311e-05,scalar
events.out.tfevents.1776294211.15e97987a4b5.21254.0,train/learning_rate,395,1776317512.373983,7.17356670065783e-05,scalar
events.out.tfevents.1776294211.15e97987a4b5.21254.0,train/learning_rate,400,1776317800.0853865,7.133757753763348e-05,scalar
events.out.tfevents.1776294211.15e97987a4b5.21254.0,train/learning_rate,405,1776318100.8513322,7.093948806868866e-05,scalar
events.out.tfevents.1776294211.15e97987a4b5.21254.0,train/learning_rate,410,1776318390.444295,7.054139859974384e-05,scalar
events.out.tfevents.1776294211.15e97987a4b5.21254.0,train/learning_rate,415,1776318690.6368423,7.014330913079903e-05,scalar
events.out.tfevents.1776294211.15e97987a4b5.21254.0,train/learning_rate,420,1776318981.6244972,6.974521966185421e-05,scalar
events.out.tfevents.1776294211.15e97987a4b5.21254.0,train/learning_rate,425,1776319280.9084778,6.934713019290939e-05,scalar
events.out.tfevents.1776294211.15e97987a4b5.21254.0,train/learning_rate,430,1776319572.5018914,6.894904799992219e-05,scalar
events.out.tfevents.1776294211.15e97987a4b5.21254.0,train/learning_rate,435,1776319875.3563533,6.855095853097737e-05,scalar
events.out.tfevents.1776294211.15e97987a4b5.21254.0,train/learning_rate,440,1776320161.7898278,6.815286906203255e-05,scalar
events.out.tfevents.1776294211.15e97987a4b5.21254.0,train/learning_rate,445,1776320472.360776,6.775477959308773e-05,scalar
events.out.tfevents.1776294211.15e97987a4b5.21254.0,train/learning_rate,450,1776320759.639762,6.735669012414292e-05,scalar
events.out.tfevents.1776294211.15e97987a4b5.21254.0,train/learning_rate,455,1776321059.3415434,6.69586006551981e-05,scalar
events.out.tfevents.1776294211.15e97987a4b5.21254.0,train/learning_rate,460,1776321348.2781658,6.656051118625328e-05,scalar
events.out.tfevents.1776294211.15e97987a4b5.21254.0,train/learning_rate,465,1776321655.1963887,6.616242171730846e-05,scalar
events.out.tfevents.1776294211.15e97987a4b5.21254.0,train/learning_rate,470,1776321944.3679724,6.576433224836364e-05,scalar
events.out.tfevents.1776294211.15e97987a4b5.21254.0,train/learning_rate,475,1776322245.454262,6.536624277941883e-05,scalar
events.out.tfevents.1776294211.15e97987a4b5.21254.0,train/learning_rate,480,1776322534.8722408,6.496815331047401e-05,scalar
events.out.tfevents.1776294211.15e97987a4b5.21254.0,train/learning_rate,485,1776322839.4940557,6.457006384152919e-05,scalar
events.out.tfevents.1776294211.15e97987a4b5.21254.0,train/learning_rate,490,1776323129.708939,6.417197437258437e-05,scalar
events.out.tfevents.1776294211.15e97987a4b5.21254.0,train/learning_rate,495,1776323436.9533498,6.377388490363955e-05,scalar
events.out.tfevents.1776294211.15e97987a4b5.21254.0,train/learning_rate,500,1776323729.691517,6.337579543469474e-05,scalar
events.out.tfevents.1776294211.15e97987a4b5.21254.0,train/learning_rate,505,1776324029.2053325,6.297770596574992e-05,scalar
events.out.tfevents.1776294211.15e97987a4b5.21254.0,train/learning_rate,510,1776324316.9700608,6.25796164968051e-05,scalar
events.out.tfevents.1776294211.15e97987a4b5.21254.0,train/learning_rate,515,1776324622.120765,6.218152702786028e-05,scalar
events.out.tfevents.1776294211.15e97987a4b5.21254.0,train/learning_rate,520,1776324886.97527,6.178343755891547e-05,scalar
events.out.tfevents.1776294211.15e97987a4b5.21254.0,train/learning_rate,525,1776325187.236109,6.138534808997065e-05,scalar
events.out.tfevents.1776294211.15e97987a4b5.21254.0,train/learning_rate,530,1776325474.3137455,6.098726225900464e-05,scalar
events.out.tfevents.1776294211.15e97987a4b5.21254.0,train/learning_rate,535,1776325780.9570355,6.058917279005982e-05,scalar
events.out.tfevents.1776294211.15e97987a4b5.21254.0,train/learning_rate,540,1776326071.6069098,6.0191083321115e-05,scalar
events.out.tfevents.1776294211.15e97987a4b5.21254.0,train/learning_rate,545,1776326379.2323399,5.9792993852170184e-05,scalar
events.out.tfevents.1776294211.15e97987a4b5.21254.0,train/learning_rate,550,1776326668.7002788,5.9394904383225366e-05,scalar
events.out.tfevents.1776294211.15e97987a4b5.21254.0,train/learning_rate,555,1776326974.0137143,5.899681491428055e-05,scalar
events.out.tfevents.1776294211.15e97987a4b5.21254.0,train/learning_rate,560,1776327262.5214727,5.859872544533573e-05,scalar
events.out.tfevents.1776294211.15e97987a4b5.21254.0,train/learning_rate,565,1776327566.4053955,5.820063597639091e-05,scalar
events.out.tfevents.1776294211.15e97987a4b5.21254.0,train/learning_rate,570,1776327862.7567635,5.7802546507446095e-05,scalar
events.out.tfevents.1776294211.15e97987a4b5.21254.0,train/learning_rate,575,1776328166.276272,5.740445703850128e-05,scalar
events.out.tfevents.1776294211.15e97987a4b5.21254.0,train/learning_rate,580,1776328453.9208195,5.700637120753527e-05,scalar
events.out.tfevents.1776294211.15e97987a4b5.21254.0,train/learning_rate,585,1776328755.787458,5.660828173859045e-05,scalar
events.out.tfevents.1776294211.15e97987a4b5.21254.0,train/learning_rate,590,1776329048.7875907,5.621019226964563e-05,scalar
events.out.tfevents.1776294211.15e97987a4b5.21254.0,train/learning_rate,595,1776329352.9827297,5.5812102800700814e-05,scalar
events.out.tfevents.1776294211.15e97987a4b5.21254.0,train/learning_rate,600,1776329643.421729,5.5414013331755996e-05,scalar
events.out.tfevents.1776294211.15e97987a4b5.21254.0,train/learning_rate,605,1776329944.3063664,5.501592386281118e-05,scalar
events.out.tfevents.1776294211.15e97987a4b5.21254.0,train/learning_rate,610,1776330239.698254,5.461783439386636e-05,scalar
events.out.tfevents.1776294211.15e97987a4b5.21254.0,train/learning_rate,615,1776330539.2314198,5.421974492492154e-05,scalar
events.out.tfevents.1776294211.15e97987a4b5.21254.0,train/learning_rate,620,1776330826.8272972,5.3821655455976725e-05,scalar
events.out.tfevents.1776294211.15e97987a4b5.21254.0,train/learning_rate,625,1776331127.0990689,5.342356598703191e-05,scalar
events.out.tfevents.1776294211.15e97987a4b5.21254.0,train/learning_rate,630,1776331419.7614262,5.302547651808709e-05,scalar
events.out.tfevents.1776294211.15e97987a4b5.21254.0,train/learning_rate,635,1776331725.0418303,5.262738704914227e-05,scalar
events.out.tfevents.1776294211.15e97987a4b5.21254.0,train/learning_rate,640,1776332016.438143,5.2229297580197453e-05,scalar
events.out.tfevents.1776294211.15e97987a4b5.21254.0,train/learning_rate,645,1776332319.0563602,5.183121174923144e-05,scalar
events.out.tfevents.1776294211.15e97987a4b5.21254.0,train/learning_rate,650,1776332612.7723823,5.1433122280286625e-05,scalar
events.out.tfevents.1776294211.15e97987a4b5.21254.0,train/learning_rate,655,1776332910.7195754,5.103503281134181e-05,scalar
events.out.tfevents.1776294211.15e97987a4b5.21254.0,train/learning_rate,660,1776333195.8086412,5.063694334239699e-05,scalar
events.out.tfevents.1776294211.15e97987a4b5.21254.0,train/learning_rate,665,1776333496.861952,5.023885387345217e-05,scalar
events.out.tfevents.1776294211.15e97987a4b5.21254.0,train/learning_rate,670,1776333781.156783,4.9840764404507354e-05,scalar
events.out.tfevents.1776294211.15e97987a4b5.21254.0,train/learning_rate,675,1776334086.1084428,4.9442674935562536e-05,scalar
events.out.tfevents.1776294211.15e97987a4b5.21254.0,train/learning_rate,680,1776334373.9043977,4.904458546661772e-05,scalar
events.out.tfevents.1776294211.15e97987a4b5.21254.0,train/learning_rate,685,1776334675.5746086,4.86464959976729e-05,scalar
events.out.tfevents.1776294211.15e97987a4b5.21254.0,train/learning_rate,690,1776334967.5168273,4.824840652872808e-05,scalar
events.out.tfevents.1776294211.15e97987a4b5.21254.0,train/learning_rate,695,1776335269.5882843,4.7850317059783265e-05,scalar
events.out.tfevents.1776294211.15e97987a4b5.21254.0,train/learning_rate,700,1776335557.376095,4.745222759083845e-05,scalar
events.out.tfevents.1776294211.15e97987a4b5.21254.0,train/learning_rate,705,1776335863.1971788,4.7054141759872437e-05,scalar
events.out.tfevents.1776294211.15e97987a4b5.21254.0,train/learning_rate,710,1776336155.5564654,4.665605229092762e-05,scalar
events.out.tfevents.1776294211.15e97987a4b5.21254.0,train/learning_rate,715,1776336454.841767,4.62579628219828e-05,scalar
events.out.tfevents.1776294211.15e97987a4b5.21254.0,train/learning_rate,720,1776336744.5749013,4.585987335303798e-05,scalar
events.out.tfevents.1776294211.15e97987a4b5.21254.0,train/learning_rate,725,1776337045.2563856,4.5461783884093165e-05,scalar
events.out.tfevents.1776294211.15e97987a4b5.21254.0,train/learning_rate,730,1776337336.3029263,4.506369441514835e-05,scalar
events.out.tfevents.1776294211.15e97987a4b5.21254.0,train/learning_rate,735,1776337646.5667017,4.466560494620353e-05,scalar
events.out.tfevents.1776294211.15e97987a4b5.21254.0,train/learning_rate,740,1776337936.684386,4.426751547725871e-05,scalar
events.out.tfevents.1776294211.15e97987a4b5.21254.0,train/learning_rate,745,1776338239.97567,4.3869426008313894e-05,scalar
events.out.tfevents.1776294211.15e97987a4b5.21254.0,train/learning_rate,750,1776338524.893145,4.3471336539369076e-05,scalar
events.out.tfevents.1776294211.15e97987a4b5.21254.0,train/learning_rate,755,1776338827.0107696,4.307324707042426e-05,scalar
events.out.tfevents.1776294211.15e97987a4b5.21254.0,train/learning_rate,760,1776339115.0274138,4.267515760147944e-05,scalar
events.out.tfevents.1776294211.15e97987a4b5.21254.0,train/learning_rate,765,1776339420.0793748,4.227707177051343e-05,scalar
events.out.tfevents.1776294211.15e97987a4b5.21254.0,train/learning_rate,770,1776339710.7798965,4.187898230156861e-05,scalar
events.out.tfevents.1776294211.15e97987a4b5.21254.0,train/learning_rate,775,1776340012.037899,4.1480892832623795e-05,scalar
events.out.tfevents.1776294211.15e97987a4b5.21254.0,train/learning_rate,780,1776340280.66359,4.108280336367898e-05,scalar
events.out.tfevents.1776294211.15e97987a4b5.21254.0,train/learning_rate,785,1776340587.929092,4.068471389473416e-05,scalar
events.out.tfevents.1776294211.15e97987a4b5.21254.0,train/learning_rate,790,1776340877.7143004,4.028662442578934e-05,scalar
events.out.tfevents.1776294211.15e97987a4b5.21254.0,train/learning_rate,795,1776341175.8823268,3.9888534956844524e-05,scalar
events.out.tfevents.1776294211.15e97987a4b5.21254.0,train/learning_rate,800,1776341465.9190707,3.9490445487899706e-05,scalar
events.out.tfevents.1776294211.15e97987a4b5.21254.0,train/learning_rate,805,1776341766.9645357,3.909235601895489e-05,scalar
events.out.tfevents.1776294211.15e97987a4b5.21254.0,train/learning_rate,810,1776342062.5019176,3.869426655001007e-05,scalar
events.out.tfevents.1776294211.15e97987a4b5.21254.0,train/learning_rate,815,1776342369.575718,3.829617708106525e-05,scalar
events.out.tfevents.1776294211.15e97987a4b5.21254.0,train/learning_rate,820,1776342656.1276999,3.7898087612120435e-05,scalar
events.out.tfevents.1776294211.15e97987a4b5.21254.0,train/learning_rate,825,1776342958.2750733,3.7500001781154424e-05,scalar
events.out.tfevents.1776294211.15e97987a4b5.21254.0,train/learning_rate,830,1776343244.8434765,3.7101912312209606e-05,scalar
events.out.tfevents.1776294211.15e97987a4b5.21254.0,train/learning_rate,835,1776343553.000787,3.670382284326479e-05,scalar
events.out.tfevents.1776294211.15e97987a4b5.21254.0,train/learning_rate,840,1776343842.554433,3.630573337431997e-05,scalar
events.out.tfevents.1776294211.15e97987a4b5.21254.0,train/learning_rate,845,1776344141.2857647,3.590764390537515e-05,scalar
events.out.tfevents.1776294211.15e97987a4b5.21254.0,train/learning_rate,850,1776344429.3025537,3.5509554436430335e-05,scalar
events.out.tfevents.1776294211.15e97987a4b5.21254.0,train/learning_rate,855,1776344727.9398077,3.511146496748552e-05,scalar
events.out.tfevents.1776294211.15e97987a4b5.21254.0,train/learning_rate,860,1776345016.8844674,3.47133754985407e-05,scalar
events.out.tfevents.1776294211.15e97987a4b5.21254.0,train/learning_rate,865,1776345322.3383753,3.431528602959588e-05,scalar
events.out.tfevents.1776294211.15e97987a4b5.21254.0,train/learning_rate,870,1776345620.963185,3.3917196560651064e-05,scalar
events.out.tfevents.1776294211.15e97987a4b5.21254.0,train/learning_rate,875,1776345920.938109,3.3519107091706246e-05,scalar
events.out.tfevents.1776294211.15e97987a4b5.21254.0,train/learning_rate,880,1776346209.3999212,3.312101762276143e-05,scalar
events.out.tfevents.1776294211.15e97987a4b5.21254.0,train/learning_rate,885,1776346514.200332,3.272292815381661e-05,scalar
events.out.tfevents.1776294211.15e97987a4b5.21254.0,train/learning_rate,890,1776346808.7361283,3.23248423228506e-05,scalar
events.out.tfevents.1776294211.15e97987a4b5.21254.0,train/learning_rate,895,1776347116.2924812,3.192675285390578e-05,scalar
events.out.tfevents.1776294211.15e97987a4b5.21254.0,train/learning_rate,900,1776347403.3677971,3.1528663384960964e-05,scalar
events.out.tfevents.1776294211.15e97987a4b5.21254.0,train/learning_rate,905,1776347703.079732,3.1130573916016147e-05,scalar
events.out.tfevents.1776294211.15e97987a4b5.21254.0,train/learning_rate,910,1776347988.3005266,3.073248444707133e-05,scalar
events.out.tfevents.1776294211.15e97987a4b5.21254.0,train/learning_rate,915,1776348302.076809,3.033439497812651e-05,scalar
events.out.tfevents.1776294211.15e97987a4b5.21254.0,train/learning_rate,920,1776348589.442679,2.9936305509181693e-05,scalar
events.out.tfevents.1776294211.15e97987a4b5.21254.0,train/learning_rate,925,1776348899.560692,2.9538216040236875e-05,scalar
events.out.tfevents.1776294211.15e97987a4b5.21254.0,train/learning_rate,930,1776349187.427381,2.9140126571292058e-05,scalar
events.out.tfevents.1776294211.15e97987a4b5.21254.0,train/learning_rate,935,1776349490.9906244,2.8742038921336643e-05,scalar
events.out.tfevents.1776294211.15e97987a4b5.21254.0,train/learning_rate,940,1776349784.3592403,2.8343949452391826e-05,scalar
events.out.tfevents.1776294211.15e97987a4b5.21254.0,train/learning_rate,945,1776350087.5874906,2.7945859983447008e-05,scalar
events.out.tfevents.1776294211.15e97987a4b5.21254.0,train/learning_rate,950,1776350376.5017805,2.754777051450219e-05,scalar
events.out.tfevents.1776294211.15e97987a4b5.21254.0,train/learning_rate,955,1776350676.434015,2.7149681045557372e-05,scalar
events.out.tfevents.1776294211.15e97987a4b5.21254.0,train/learning_rate,960,1776350964.7873914,2.6751591576612554e-05,scalar
events.out.tfevents.1776294211.15e97987a4b5.21254.0,train/learning_rate,965,1776351269.3703413,2.635350392665714e-05,scalar
events.out.tfevents.1776294211.15e97987a4b5.21254.0,train/learning_rate,970,1776351562.8433986,2.5955414457712322e-05,scalar
events.out.tfevents.1776294211.15e97987a4b5.21254.0,train/learning_rate,975,1776351866.5086937,2.5557324988767505e-05,scalar
events.out.tfevents.1776294211.15e97987a4b5.21254.0,train/learning_rate,980,1776352155.5181093,2.5159235519822687e-05,scalar
events.out.tfevents.1776294211.15e97987a4b5.21254.0,train/learning_rate,985,1776352462.9413457,2.476114605087787e-05,scalar
events.out.tfevents.1776294211.15e97987a4b5.21254.0,train/learning_rate,990,1776352752.180235,2.436305658193305e-05,scalar
events.out.tfevents.1776294211.15e97987a4b5.21254.0,train/learning_rate,995,1776353055.4376967,2.3964968931977637e-05,scalar
events.out.tfevents.1776294211.15e97987a4b5.21254.0,train/learning_rate,1000,1776353350.7218642,2.356687946303282e-05,scalar
events.out.tfevents.1776294211.15e97987a4b5.21254.0,train/learning_rate,1005,1776353655.2464628,2.3168789994088e-05,scalar
events.out.tfevents.1776294211.15e97987a4b5.21254.0,train/learning_rate,1010,1776353947.7308156,2.2770700525143184e-05,scalar
events.out.tfevents.1776294211.15e97987a4b5.21254.0,train/learning_rate,1015,1776354245.9704292,2.2372611056198366e-05,scalar
events.out.tfevents.1776294211.15e97987a4b5.21254.0,train/learning_rate,1020,1776354528.5775032,2.1974521587253548e-05,scalar
events.out.tfevents.1776294211.15e97987a4b5.21254.0,train/learning_rate,1025,1776354831.638168,2.1576433937298134e-05,scalar
events.out.tfevents.1776294211.15e97987a4b5.21254.0,train/learning_rate,1030,1776355121.4813266,2.1178344468353316e-05,scalar
events.out.tfevents.1776294211.15e97987a4b5.21254.0,train/learning_rate,1035,1776355426.3961954,2.07802549994085e-05,scalar
events.out.tfevents.1776294211.15e97987a4b5.21254.0,train/learning_rate,1040,1776355696.4629552,2.038216553046368e-05,scalar
events.out.tfevents.1776294211.15e97987a4b5.21254.0,train/learning_rate,1045,1776356000.0918348,1.9984076061518863e-05,scalar
events.out.tfevents.1776294211.15e97987a4b5.21254.0,train/learning_rate,1050,1776356289.2775013,1.9585986592574045e-05,scalar
events.out.tfevents.1776294211.15e97987a4b5.21254.0,train/learning_rate,1055,1776356588.1141732,1.918789894261863e-05,scalar
events.out.tfevents.1776294211.15e97987a4b5.21254.0,train/learning_rate,1060,1776356879.3784287,1.8789809473673813e-05,scalar
events.out.tfevents.1776294211.15e97987a4b5.21254.0,train/learning_rate,1065,1776357179.3631053,1.8391720004728995e-05,scalar
events.out.tfevents.1776294211.15e97987a4b5.21254.0,train/learning_rate,1070,1776357465.6341116,1.7993630535784177e-05,scalar
events.out.tfevents.1776294211.15e97987a4b5.21254.0,train/learning_rate,1075,1776357765.3203485,1.759554106683936e-05,scalar
events.out.tfevents.1776294211.15e97987a4b5.21254.0,train/learning_rate,1080,1776358052.265089,1.7197451597894542e-05,scalar
events.out.tfevents.1776294211.15e97987a4b5.21254.0,train/learning_rate,1085,1776358352.7113295,1.6799363947939128e-05,scalar
events.out.tfevents.1776294211.15e97987a4b5.21254.0,train/learning_rate,1090,1776358643.4963872,1.640127447899431e-05,scalar
events.out.tfevents.1776294211.15e97987a4b5.21254.0,train/learning_rate,1095,1776358946.753119,1.6003185010049492e-05,scalar
events.out.tfevents.1776294211.15e97987a4b5.21254.0,train/learning_rate,1100,1776359235.944415,1.5605095541104674e-05,scalar
events.out.tfevents.1776294211.15e97987a4b5.21254.0,train/learning_rate,1105,1776359539.3378005,1.5207006072159857e-05,scalar
events.out.tfevents.1776294211.15e97987a4b5.21254.0,train/learning_rate,1110,1776359827.279962,1.480891751270974e-05,scalar
events.out.tfevents.1776294211.15e97987a4b5.21254.0,train/learning_rate,1115,1776360131.1080666,1.4410828043764923e-05,scalar
events.out.tfevents.1776294211.15e97987a4b5.21254.0,train/learning_rate,1120,1776360419.0894756,1.4012738574820105e-05,scalar
events.out.tfevents.1776294211.15e97987a4b5.21254.0,train/learning_rate,1125,1776360728.9781923,1.3614650015369989e-05,scalar
events.out.tfevents.1776294211.15e97987a4b5.21254.0,train/learning_rate,1130,1776361024.3770971,1.3216560546425171e-05,scalar
events.out.tfevents.1776294211.15e97987a4b5.21254.0,train/learning_rate,1135,1776361328.5796335,1.2818471077480353e-05,scalar
events.out.tfevents.1776294211.15e97987a4b5.21254.0,train/learning_rate,1140,1776361615.6408787,1.2420382518030237e-05,scalar
events.out.tfevents.1776294211.15e97987a4b5.21254.0,train/learning_rate,1145,1776361919.2369707,1.202229304908542e-05,scalar
events.out.tfevents.1776294211.15e97987a4b5.21254.0,train/learning_rate,1150,1776362211.163519,1.1624203580140602e-05,scalar
events.out.tfevents.1776294211.15e97987a4b5.21254.0,train/learning_rate,1155,1776362510.3072631,1.1226115020690486e-05,scalar
events.out.tfevents.1776294211.15e97987a4b5.21254.0,train/learning_rate,1160,1776362801.045107,1.0828025551745668e-05,scalar
events.out.tfevents.1776294211.15e97987a4b5.21254.0,train/learning_rate,1165,1776363106.395912,1.042993608280085e-05,scalar
events.out.tfevents.1776294211.15e97987a4b5.21254.0,train/learning_rate,1170,1776363396.566986,1.0031847523350734e-05,scalar
events.out.tfevents.1776294211.15e97987a4b5.21254.0,train/learning_rate,1175,1776363698.1773655,9.633758054405916e-06,scalar
events.out.tfevents.1776294211.15e97987a4b5.21254.0,train/learning_rate,1180,1776363987.161682,9.235668585461099e-06,scalar
events.out.tfevents.1776294211.15e97987a4b5.21254.0,train/learning_rate,1185,1776364292.7790978,8.837580026010983e-06,scalar
events.out.tfevents.1776294211.15e97987a4b5.21254.0,train/learning_rate,1190,1776364579.2384884,8.439490557066165e-06,scalar
events.out.tfevents.1776294211.15e97987a4b5.21254.0,train/learning_rate,1195,1776364885.101501,8.041401088121347e-06,scalar
events.out.tfevents.1776294211.15e97987a4b5.21254.0,train/learning_rate,1200,1776365171.9003766,7.643312528671231e-06,scalar
events.out.tfevents.1776294211.15e97987a4b5.21254.0,train/learning_rate,1205,1776365476.1650372,7.245223059726413e-06,scalar
events.out.tfevents.1776294211.15e97987a4b5.21254.0,train/learning_rate,1210,1776365765.9379344,6.8471335907815956e-06,scalar
events.out.tfevents.1776294211.15e97987a4b5.21254.0,train/learning_rate,1215,1776366071.5135646,6.449044576584129e-06,scalar
events.out.tfevents.1776294211.15e97987a4b5.21254.0,train/learning_rate,1220,1776366358.4786813,6.050955562386662e-06,scalar
events.out.tfevents.1776294211.15e97987a4b5.21254.0,train/learning_rate,1225,1776366661.066083,5.652866093441844e-06,scalar
events.out.tfevents.1776294211.15e97987a4b5.21254.0,train/learning_rate,1230,1776366948.763365,5.254777079244377e-06,scalar
events.out.tfevents.1776294211.15e97987a4b5.21254.0,train/learning_rate,1235,1776367248.4411345,4.85668806504691e-06,scalar
events.out.tfevents.1776294211.15e97987a4b5.21254.0,train/learning_rate,1240,1776367536.1565163,4.458598596102092e-06,scalar
events.out.tfevents.1776294211.15e97987a4b5.21254.0,train/learning_rate,1245,1776367840.9557602,4.0605095819046255e-06,scalar
events.out.tfevents.1776294211.15e97987a4b5.21254.0,train/learning_rate,1250,1776368132.278423,3.662420340333483e-06,scalar
events.out.tfevents.1776294211.15e97987a4b5.21254.0,train/learning_rate,1255,1776368435.0502741,3.264331098762341e-06,scalar
events.out.tfevents.1776294211.15e97987a4b5.21254.0,train/learning_rate,1260,1776368723.3944244,2.866242084564874e-06,scalar
events.out.tfevents.1776294211.15e97987a4b5.21254.0,train/learning_rate,1265,1776369027.9009836,2.4681528429937316e-06,scalar
events.out.tfevents.1776294211.15e97987a4b5.21254.0,train/learning_rate,1270,1776369319.0588696,2.0700636014225893e-06,scalar
events.out.tfevents.1776294211.15e97987a4b5.21254.0,train/learning_rate,1275,1776369622.7122405,1.6719744735382847e-06,scalar
events.out.tfevents.1776294211.15e97987a4b5.21254.0,train/learning_rate,1280,1776369909.051035,1.27388534565398e-06,scalar
events.out.tfevents.1776294211.15e97987a4b5.21254.0,train/learning_rate,1285,1776370208.038461,8.757961609262566e-07,scalar
events.out.tfevents.1776294211.15e97987a4b5.21254.0,train/learning_rate,1290,1776370501.947684,4.777070330419519e-07,scalar
events.out.tfevents.1776294211.15e97987a4b5.21254.0,train/learning_rate,1295,1776370754.3035285,7.961783410337375e-08,scalar
events.out.tfevents.1776294211.15e97987a4b5.21254.0,train/entropy,5,1776294500.0200534,1.1610982418060303,scalar
events.out.tfevents.1776294211.15e97987a4b5.21254.0,train/entropy,10,1776294786.9300122,1.1989108324050903,scalar
events.out.tfevents.1776294211.15e97987a4b5.21254.0,train/entropy,15,1776295092.9793618,1.392829418182373,scalar
events.out.tfevents.1776294211.15e97987a4b5.21254.0,train/entropy,20,1776295380.9853332,1.7369446754455566,scalar
events.out.tfevents.1776294211.15e97987a4b5.21254.0,train/entropy,25,1776295680.8475916,1.9370661973953247,scalar
events.out.tfevents.1776294211.15e97987a4b5.21254.0,train/entropy,30,1776295965.7493773,1.8132493495941162,scalar
events.out.tfevents.1776294211.15e97987a4b5.21254.0,train/entropy,35,1776296264.6621199,1.4086140394210815,scalar
events.out.tfevents.1776294211.15e97987a4b5.21254.0,train/entropy,40,1776296556.9757924,0.8219910264015198,scalar
events.out.tfevents.1776294211.15e97987a4b5.21254.0,train/entropy,45,1776296859.4412792,0.42590975761413574,scalar
events.out.tfevents.1776294211.15e97987a4b5.21254.0,train/entropy,50,1776297151.4974265,0.31029003858566284,scalar
events.out.tfevents.1776294211.15e97987a4b5.21254.0,train/entropy,55,1776297454.5194864,0.26885566115379333,scalar
events.out.tfevents.1776294211.15e97987a4b5.21254.0,train/entropy,60,1776297746.4994712,0.24951860308647156,scalar
events.out.tfevents.1776294211.15e97987a4b5.21254.0,train/entropy,65,1776298048.6443245,0.2446705400943756,scalar
events.out.tfevents.1776294211.15e97987a4b5.21254.0,train/entropy,70,1776298334.07934,0.23484715819358826,scalar
events.out.tfevents.1776294211.15e97987a4b5.21254.0,train/entropy,75,1776298629.440728,0.2204531878232956,scalar
events.out.tfevents.1776294211.15e97987a4b5.21254.0,train/entropy,80,1776298916.3570135,0.21986857056617737,scalar
events.out.tfevents.1776294211.15e97987a4b5.21254.0,train/entropy,85,1776299214.5243585,0.21459592878818512,scalar
events.out.tfevents.1776294211.15e97987a4b5.21254.0,train/entropy,90,1776299499.5269156,0.21162815392017365,scalar
events.out.tfevents.1776294211.15e97987a4b5.21254.0,train/entropy,95,1776299798.8907044,0.2125062197446823,scalar
events.out.tfevents.1776294211.15e97987a4b5.21254.0,train/entropy,100,1776300086.0003457,0.20625144243240356,scalar
events.out.tfevents.1776294211.15e97987a4b5.21254.0,train/entropy,105,1776300391.0263681,0.20528779923915863,scalar
events.out.tfevents.1776294211.15e97987a4b5.21254.0,train/entropy,110,1776300682.6528156,0.20323584973812103,scalar
events.out.tfevents.1776294211.15e97987a4b5.21254.0,train/entropy,115,1776300982.3656993,0.20397931337356567,scalar
events.out.tfevents.1776294211.15e97987a4b5.21254.0,train/entropy,120,1776301269.7543194,0.20348261296749115,scalar
events.out.tfevents.1776294211.15e97987a4b5.21254.0,train/entropy,125,1776301571.2823935,0.20095530152320862,scalar
events.out.tfevents.1776294211.15e97987a4b5.21254.0,train/entropy,130,1776301857.4956694,0.19626429677009583,scalar
events.out.tfevents.1776294211.15e97987a4b5.21254.0,train/entropy,135,1776302160.6488016,0.19667798280715942,scalar
events.out.tfevents.1776294211.15e97987a4b5.21254.0,train/entropy,140,1776302445.2891507,0.1934618502855301,scalar
events.out.tfevents.1776294211.15e97987a4b5.21254.0,train/entropy,145,1776302747.5891461,0.1965344250202179,scalar
events.out.tfevents.1776294211.15e97987a4b5.21254.0,train/entropy,150,1776303033.495444,0.19251422584056854,scalar
events.out.tfevents.1776294211.15e97987a4b5.21254.0,train/entropy,155,1776303334.7929177,0.19743067026138306,scalar
events.out.tfevents.1776294211.15e97987a4b5.21254.0,train/entropy,160,1776303623.2440698,0.19219641387462616,scalar
events.out.tfevents.1776294211.15e97987a4b5.21254.0,train/entropy,165,1776303921.7006018,0.1901160329580307,scalar
events.out.tfevents.1776294211.15e97987a4b5.21254.0,train/entropy,170,1776304208.742935,0.19040615856647491,scalar
events.out.tfevents.1776294211.15e97987a4b5.21254.0,train/entropy,175,1776304512.1923826,0.18779586255550385,scalar
events.out.tfevents.1776294211.15e97987a4b5.21254.0,train/entropy,180,1776304805.2791293,0.18744789063930511,scalar
events.out.tfevents.1776294211.15e97987a4b5.21254.0,train/entropy,185,1776305112.7847104,0.18943528831005096,scalar
events.out.tfevents.1776294211.15e97987a4b5.21254.0,train/entropy,190,1776305401.4353168,0.18946106731891632,scalar
events.out.tfevents.1776294211.15e97987a4b5.21254.0,train/entropy,195,1776305705.8601227,0.19071416556835175,scalar
events.out.tfevents.1776294211.15e97987a4b5.21254.0,train/entropy,200,1776305999.3832731,0.19917070865631104,scalar
events.out.tfevents.1776294211.15e97987a4b5.21254.0,train/entropy,205,1776306300.4803762,0.1976015567779541,scalar
events.out.tfevents.1776294211.15e97987a4b5.21254.0,train/entropy,210,1776306590.0086756,0.19807115197181702,scalar
events.out.tfevents.1776294211.15e97987a4b5.21254.0,train/entropy,215,1776306896.0691934,0.19212530553340912,scalar
events.out.tfevents.1776294211.15e97987a4b5.21254.0,train/entropy,220,1776307184.9115367,0.19497692584991455,scalar
events.out.tfevents.1776294211.15e97987a4b5.21254.0,train/entropy,225,1776307487.3480613,0.1936105340719223,scalar
events.out.tfevents.1776294211.15e97987a4b5.21254.0,train/entropy,230,1776307771.4377074,0.19816358387470245,scalar
events.out.tfevents.1776294211.15e97987a4b5.21254.0,train/entropy,235,1776308076.250564,0.19119955599308014,scalar
events.out.tfevents.1776294211.15e97987a4b5.21254.0,train/entropy,240,1776308366.128583,0.19129136204719543,scalar
events.out.tfevents.1776294211.15e97987a4b5.21254.0,train/entropy,245,1776308664.0102632,0.19604671001434326,scalar
events.out.tfevents.1776294211.15e97987a4b5.21254.0,train/entropy,250,1776308953.5336554,0.19070124626159668,scalar
events.out.tfevents.1776294211.15e97987a4b5.21254.0,train/entropy,255,1776309253.897942,0.19301237165927887,scalar
events.out.tfevents.1776294211.15e97987a4b5.21254.0,train/entropy,260,1776309518.8442822,0.19664576649665833,scalar
events.out.tfevents.1776294211.15e97987a4b5.21254.0,train/entropy,265,1776309818.9601283,0.1962294578552246,scalar
events.out.tfevents.1776294211.15e97987a4b5.21254.0,train/entropy,270,1776310109.905874,0.19279900193214417,scalar
events.out.tfevents.1776294211.15e97987a4b5.21254.0,train/entropy,275,1776310414.690249,0.19983360171318054,scalar
events.out.tfevents.1776294211.15e97987a4b5.21254.0,train/entropy,280,1776310703.5012984,0.19626295566558838,scalar
events.out.tfevents.1776294211.15e97987a4b5.21254.0,train/entropy,285,1776311007.5007603,0.1970169097185135,scalar
events.out.tfevents.1776294211.15e97987a4b5.21254.0,train/entropy,290,1776311296.4933288,0.1911514401435852,scalar
events.out.tfevents.1776294211.15e97987a4b5.21254.0,train/entropy,295,1776311604.6357548,0.1926773488521576,scalar
events.out.tfevents.1776294211.15e97987a4b5.21254.0,train/entropy,300,1776311889.6337779,0.19064627587795258,scalar
events.out.tfevents.1776294211.15e97987a4b5.21254.0,train/entropy,305,1776312189.2478933,0.194224551320076,scalar
events.out.tfevents.1776294211.15e97987a4b5.21254.0,train/entropy,310,1776312474.1445541,0.19151750206947327,scalar
events.out.tfevents.1776294211.15e97987a4b5.21254.0,train/entropy,315,1776312776.3642595,0.192631796002388,scalar
events.out.tfevents.1776294211.15e97987a4b5.21254.0,train/entropy,320,1776313067.4265044,0.18901187181472778,scalar
events.out.tfevents.1776294211.15e97987a4b5.21254.0,train/entropy,325,1776313372.3344557,0.19286319613456726,scalar
events.out.tfevents.1776294211.15e97987a4b5.21254.0,train/entropy,330,1776313658.1930902,0.19815699756145477,scalar
events.out.tfevents.1776294211.15e97987a4b5.21254.0,train/entropy,335,1776313959.526425,0.19692260026931763,scalar
events.out.tfevents.1776294211.15e97987a4b5.21254.0,train/entropy,340,1776314250.165664,0.1931237280368805,scalar
events.out.tfevents.1776294211.15e97987a4b5.21254.0,train/entropy,345,1776314557.4202826,0.1937248259782791,scalar
events.out.tfevents.1776294211.15e97987a4b5.21254.0,train/entropy,350,1776314846.0147684,0.19633008539676666,scalar
events.out.tfevents.1776294211.15e97987a4b5.21254.0,train/entropy,355,1776315145.6213427,0.1996086686849594,scalar
events.out.tfevents.1776294211.15e97987a4b5.21254.0,train/entropy,360,1776315430.018693,0.19944757223129272,scalar
events.out.tfevents.1776294211.15e97987a4b5.21254.0,train/entropy,365,1776315734.907742,0.19490346312522888,scalar
events.out.tfevents.1776294211.15e97987a4b5.21254.0,train/entropy,370,1776316024.404748,0.19368498027324677,scalar
events.out.tfevents.1776294211.15e97987a4b5.21254.0,train/entropy,375,1776316329.164902,0.19361773133277893,scalar
events.out.tfevents.1776294211.15e97987a4b5.21254.0,train/entropy,380,1776316611.4029791,0.19521810114383698,scalar
events.out.tfevents.1776294211.15e97987a4b5.21254.0,train/entropy,385,1776316913.1017392,0.19511659443378448,scalar
events.out.tfevents.1776294211.15e97987a4b5.21254.0,train/entropy,390,1776317206.0597186,0.1979036033153534,scalar
events.out.tfevents.1776294211.15e97987a4b5.21254.0,train/entropy,395,1776317512.373988,0.1951485574245453,scalar
events.out.tfevents.1776294211.15e97987a4b5.21254.0,train/entropy,400,1776317800.0853915,0.19468235969543457,scalar
events.out.tfevents.1776294211.15e97987a4b5.21254.0,train/entropy,405,1776318100.8513372,0.1922023445367813,scalar
events.out.tfevents.1776294211.15e97987a4b5.21254.0,train/entropy,410,1776318390.4442997,0.1948111653327942,scalar
events.out.tfevents.1776294211.15e97987a4b5.21254.0,train/entropy,415,1776318690.6368477,0.19612205028533936,scalar
events.out.tfevents.1776294211.15e97987a4b5.21254.0,train/entropy,420,1776318981.6245017,0.20038054883480072,scalar
events.out.tfevents.1776294211.15e97987a4b5.21254.0,train/entropy,425,1776319280.9084823,0.19762498140335083,scalar
events.out.tfevents.1776294211.15e97987a4b5.21254.0,train/entropy,430,1776319572.5018961,0.19540677964687347,scalar
events.out.tfevents.1776294211.15e97987a4b5.21254.0,train/entropy,435,1776319875.3563588,0.19657503068447113,scalar
events.out.tfevents.1776294211.15e97987a4b5.21254.0,train/entropy,440,1776320161.7898335,0.19265298545360565,scalar
events.out.tfevents.1776294211.15e97987a4b5.21254.0,train/entropy,445,1776320472.3607814,0.19464316964149475,scalar
events.out.tfevents.1776294211.15e97987a4b5.21254.0,train/entropy,450,1776320759.639767,0.19312265515327454,scalar
events.out.tfevents.1776294211.15e97987a4b5.21254.0,train/entropy,455,1776321059.3415482,0.19444163143634796,scalar
events.out.tfevents.1776294211.15e97987a4b5.21254.0,train/entropy,460,1776321348.2781708,0.19679982960224152,scalar
events.out.tfevents.1776294211.15e97987a4b5.21254.0,train/entropy,465,1776321655.1963937,0.1933392733335495,scalar
events.out.tfevents.1776294211.15e97987a4b5.21254.0,train/entropy,470,1776321944.3679771,0.19383849203586578,scalar
events.out.tfevents.1776294211.15e97987a4b5.21254.0,train/entropy,475,1776322245.454267,0.19499920308589935,scalar
events.out.tfevents.1776294211.15e97987a4b5.21254.0,train/entropy,480,1776322534.872246,0.19128181040287018,scalar
events.out.tfevents.1776294211.15e97987a4b5.21254.0,train/entropy,485,1776322839.4940608,0.19405153393745422,scalar
events.out.tfevents.1776294211.15e97987a4b5.21254.0,train/entropy,490,1776323129.7089438,0.1916503608226776,scalar
events.out.tfevents.1776294211.15e97987a4b5.21254.0,train/entropy,495,1776323436.9533548,0.18884320557117462,scalar
events.out.tfevents.1776294211.15e97987a4b5.21254.0,train/entropy,500,1776323729.6915224,0.1869654655456543,scalar
events.out.tfevents.1776294211.15e97987a4b5.21254.0,train/entropy,505,1776324029.2053375,0.19105958938598633,scalar
events.out.tfevents.1776294211.15e97987a4b5.21254.0,train/entropy,510,1776324316.9700656,0.18824851512908936,scalar
events.out.tfevents.1776294211.15e97987a4b5.21254.0,train/entropy,515,1776324622.1207702,0.19714617729187012,scalar
events.out.tfevents.1776294211.15e97987a4b5.21254.0,train/entropy,520,1776324886.9752748,0.1942475438117981,scalar
events.out.tfevents.1776294211.15e97987a4b5.21254.0,train/entropy,525,1776325187.2361135,0.19883118569850922,scalar
events.out.tfevents.1776294211.15e97987a4b5.21254.0,train/entropy,530,1776325474.3137503,0.19652807712554932,scalar
events.out.tfevents.1776294211.15e97987a4b5.21254.0,train/entropy,535,1776325780.95704,0.20670141279697418,scalar
events.out.tfevents.1776294211.15e97987a4b5.21254.0,train/entropy,540,1776326071.6069143,0.19516250491142273,scalar
events.out.tfevents.1776294211.15e97987a4b5.21254.0,train/entropy,545,1776326379.2323453,0.19144286215305328,scalar
events.out.tfevents.1776294211.15e97987a4b5.21254.0,train/entropy,550,1776326668.7002847,0.18773260712623596,scalar
events.out.tfevents.1776294211.15e97987a4b5.21254.0,train/entropy,555,1776326974.0137198,0.18673670291900635,scalar
events.out.tfevents.1776294211.15e97987a4b5.21254.0,train/entropy,560,1776327262.5214777,0.18972794711589813,scalar
events.out.tfevents.1776294211.15e97987a4b5.21254.0,train/entropy,565,1776327566.4054003,0.1911398023366928,scalar
events.out.tfevents.1776294211.15e97987a4b5.21254.0,train/entropy,570,1776327862.756768,0.18828260898590088,scalar
events.out.tfevents.1776294211.15e97987a4b5.21254.0,train/entropy,575,1776328166.2762778,0.1873331367969513,scalar
events.out.tfevents.1776294211.15e97987a4b5.21254.0,train/entropy,580,1776328453.9208245,0.1874767392873764,scalar
events.out.tfevents.1776294211.15e97987a4b5.21254.0,train/entropy,585,1776328755.7874637,0.18522903323173523,scalar
events.out.tfevents.1776294211.15e97987a4b5.21254.0,train/entropy,590,1776329048.7875957,0.18381844460964203,scalar
events.out.tfevents.1776294211.15e97987a4b5.21254.0,train/entropy,595,1776329352.9827344,0.1894848346710205,scalar
events.out.tfevents.1776294211.15e97987a4b5.21254.0,train/entropy,600,1776329643.421734,0.18517424166202545,scalar
events.out.tfevents.1776294211.15e97987a4b5.21254.0,train/entropy,605,1776329944.3063712,0.19057513773441315,scalar
events.out.tfevents.1776294211.15e97987a4b5.21254.0,train/entropy,610,1776330239.698259,0.188919335603714,scalar
events.out.tfevents.1776294211.15e97987a4b5.21254.0,train/entropy,615,1776330539.2314253,0.18606771528720856,scalar
events.out.tfevents.1776294211.15e97987a4b5.21254.0,train/entropy,620,1776330826.8273022,0.18506887555122375,scalar
events.out.tfevents.1776294211.15e97987a4b5.21254.0,train/entropy,625,1776331127.0990746,0.187138170003891,scalar
events.out.tfevents.1776294211.15e97987a4b5.21254.0,train/entropy,630,1776331419.7614315,0.18785616755485535,scalar
events.out.tfevents.1776294211.15e97987a4b5.21254.0,train/entropy,635,1776331725.0418355,0.18840478360652924,scalar
events.out.tfevents.1776294211.15e97987a4b5.21254.0,train/entropy,640,1776332016.4381485,0.19098705053329468,scalar
events.out.tfevents.1776294211.15e97987a4b5.21254.0,train/entropy,645,1776332319.0563653,0.1878804713487625,scalar
events.out.tfevents.1776294211.15e97987a4b5.21254.0,train/entropy,650,1776332612.7723873,0.1878364235162735,scalar
events.out.tfevents.1776294211.15e97987a4b5.21254.0,train/entropy,655,1776332910.7195807,0.18453530967235565,scalar
events.out.tfevents.1776294211.15e97987a4b5.21254.0,train/entropy,660,1776333195.8086462,0.17753271758556366,scalar
events.out.tfevents.1776294211.15e97987a4b5.21254.0,train/entropy,665,1776333496.8619568,0.1842229813337326,scalar
events.out.tfevents.1776294211.15e97987a4b5.21254.0,train/entropy,670,1776333781.156788,0.18192201852798462,scalar
events.out.tfevents.1776294211.15e97987a4b5.21254.0,train/entropy,675,1776334086.1084478,0.18008384108543396,scalar
events.out.tfevents.1776294211.15e97987a4b5.21254.0,train/entropy,680,1776334373.9044027,0.18455731868743896,scalar
events.out.tfevents.1776294211.15e97987a4b5.21254.0,train/entropy,685,1776334675.574614,0.18299511075019836,scalar
events.out.tfevents.1776294211.15e97987a4b5.21254.0,train/entropy,690,1776334967.5168326,0.1856483519077301,scalar
events.out.tfevents.1776294211.15e97987a4b5.21254.0,train/entropy,695,1776335269.588289,0.184544637799263,scalar
events.out.tfevents.1776294211.15e97987a4b5.21254.0,train/entropy,700,1776335557.3761005,0.1828811764717102,scalar
events.out.tfevents.1776294211.15e97987a4b5.21254.0,train/entropy,705,1776335863.1971834,0.17978154122829437,scalar
events.out.tfevents.1776294211.15e97987a4b5.21254.0,train/entropy,710,1776336155.5564723,0.18192538619041443,scalar
events.out.tfevents.1776294211.15e97987a4b5.21254.0,train/entropy,715,1776336454.8417726,0.1842341274023056,scalar
events.out.tfevents.1776294211.15e97987a4b5.21254.0,train/entropy,720,1776336744.574906,0.18249841034412384,scalar
events.out.tfevents.1776294211.15e97987a4b5.21254.0,train/entropy,725,1776337045.25639,0.185811385512352,scalar
events.out.tfevents.1776294211.15e97987a4b5.21254.0,train/entropy,730,1776337336.3029315,0.18610048294067383,scalar
events.out.tfevents.1776294211.15e97987a4b5.21254.0,train/entropy,735,1776337646.5667067,0.188960999250412,scalar
events.out.tfevents.1776294211.15e97987a4b5.21254.0,train/entropy,740,1776337936.6843917,0.1815926879644394,scalar
events.out.tfevents.1776294211.15e97987a4b5.21254.0,train/entropy,745,1776338239.975675,0.18098407983779907,scalar
events.out.tfevents.1776294211.15e97987a4b5.21254.0,train/entropy,750,1776338524.8931499,0.1847209930419922,scalar
events.out.tfevents.1776294211.15e97987a4b5.21254.0,train/entropy,755,1776338827.0107749,0.1852617859840393,scalar
events.out.tfevents.1776294211.15e97987a4b5.21254.0,train/entropy,760,1776339115.0274189,0.18526026606559753,scalar
events.out.tfevents.1776294211.15e97987a4b5.21254.0,train/entropy,765,1776339420.07938,0.18433575332164764,scalar
events.out.tfevents.1776294211.15e97987a4b5.21254.0,train/entropy,770,1776339710.779902,0.18724612891674042,scalar
events.out.tfevents.1776294211.15e97987a4b5.21254.0,train/entropy,775,1776340012.0379038,0.1835128515958786,scalar
events.out.tfevents.1776294211.15e97987a4b5.21254.0,train/entropy,780,1776340280.6635957,0.18585188686847687,scalar
events.out.tfevents.1776294211.15e97987a4b5.21254.0,train/entropy,785,1776340587.929097,0.19051752984523773,scalar
events.out.tfevents.1776294211.15e97987a4b5.21254.0,train/entropy,790,1776340877.7143059,0.18567335605621338,scalar
events.out.tfevents.1776294211.15e97987a4b5.21254.0,train/entropy,795,1776341175.8823318,0.18676988780498505,scalar
events.out.tfevents.1776294211.15e97987a4b5.21254.0,train/entropy,800,1776341465.9190764,0.18655501306056976,scalar
events.out.tfevents.1776294211.15e97987a4b5.21254.0,train/entropy,805,1776341766.9645412,0.18524572253227234,scalar
events.out.tfevents.1776294211.15e97987a4b5.21254.0,train/entropy,810,1776342062.5019224,0.18325300514698029,scalar
events.out.tfevents.1776294211.15e97987a4b5.21254.0,train/entropy,815,1776342369.5757232,0.1891978234052658,scalar
events.out.tfevents.1776294211.15e97987a4b5.21254.0,train/entropy,820,1776342656.1277056,0.18513192236423492,scalar
events.out.tfevents.1776294211.15e97987a4b5.21254.0,train/entropy,825,1776342958.2750788,0.18433085083961487,scalar
events.out.tfevents.1776294211.15e97987a4b5.21254.0,train/entropy,830,1776343244.8434815,0.1839912235736847,scalar
events.out.tfevents.1776294211.15e97987a4b5.21254.0,train/entropy,835,1776343553.0007915,0.18348293006420135,scalar
events.out.tfevents.1776294211.15e97987a4b5.21254.0,train/entropy,840,1776343842.554438,0.18420174717903137,scalar
events.out.tfevents.1776294211.15e97987a4b5.21254.0,train/entropy,845,1776344141.2857697,0.18138651549816132,scalar
events.out.tfevents.1776294211.15e97987a4b5.21254.0,train/entropy,850,1776344429.3025587,0.182758167386055,scalar
events.out.tfevents.1776294211.15e97987a4b5.21254.0,train/entropy,855,1776344727.9398131,0.18384158611297607,scalar
events.out.tfevents.1776294211.15e97987a4b5.21254.0,train/entropy,860,1776345016.8844726,0.1865948587656021,scalar
events.out.tfevents.1776294211.15e97987a4b5.21254.0,train/entropy,865,1776345322.3383806,0.1857956051826477,scalar
events.out.tfevents.1776294211.15e97987a4b5.21254.0,train/entropy,870,1776345620.96319,0.18301652371883392,scalar
events.out.tfevents.1776294211.15e97987a4b5.21254.0,train/entropy,875,1776345920.9381137,0.18654806911945343,scalar
events.out.tfevents.1776294211.15e97987a4b5.21254.0,train/entropy,880,1776346209.399926,0.18676583468914032,scalar
events.out.tfevents.1776294211.15e97987a4b5.21254.0,train/entropy,885,1776346514.2003372,0.18370482325553894,scalar
events.out.tfevents.1776294211.15e97987a4b5.21254.0,train/entropy,890,1776346808.7361326,0.18651990592479706,scalar
events.out.tfevents.1776294211.15e97987a4b5.21254.0,train/entropy,895,1776347116.2924864,0.18378601968288422,scalar
events.out.tfevents.1776294211.15e97987a4b5.21254.0,train/entropy,900,1776347403.3678024,0.18725429475307465,scalar
events.out.tfevents.1776294211.15e97987a4b5.21254.0,train/entropy,905,1776347703.0797365,0.18812137842178345,scalar
events.out.tfevents.1776294211.15e97987a4b5.21254.0,train/entropy,910,1776347988.3005323,0.18351252377033234,scalar
events.out.tfevents.1776294211.15e97987a4b5.21254.0,train/entropy,915,1776348302.0768135,0.18515311181545258,scalar
events.out.tfevents.1776294211.15e97987a4b5.21254.0,train/entropy,920,1776348589.4426842,0.18680834770202637,scalar
events.out.tfevents.1776294211.15e97987a4b5.21254.0,train/entropy,925,1776348899.5606968,0.18580612540245056,scalar
events.out.tfevents.1776294211.15e97987a4b5.21254.0,train/entropy,930,1776349187.4273877,0.18367013335227966,scalar
events.out.tfevents.1776294211.15e97987a4b5.21254.0,train/entropy,935,1776349490.99063,0.18569329380989075,scalar
events.out.tfevents.1776294211.15e97987a4b5.21254.0,train/entropy,940,1776349784.3592455,0.18326887488365173,scalar
events.out.tfevents.1776294211.15e97987a4b5.21254.0,train/entropy,945,1776350087.5874956,0.1855745017528534,scalar
events.out.tfevents.1776294211.15e97987a4b5.21254.0,train/entropy,950,1776350376.5017853,0.1847659796476364,scalar
events.out.tfevents.1776294211.15e97987a4b5.21254.0,train/entropy,955,1776350676.4340198,0.18450745940208435,scalar
events.out.tfevents.1776294211.15e97987a4b5.21254.0,train/entropy,960,1776350964.7873962,0.1848464161157608,scalar
events.out.tfevents.1776294211.15e97987a4b5.21254.0,train/entropy,965,1776351269.3703465,0.18280573189258575,scalar
events.out.tfevents.1776294211.15e97987a4b5.21254.0,train/entropy,970,1776351562.8434033,0.18486860394477844,scalar
events.out.tfevents.1776294211.15e97987a4b5.21254.0,train/entropy,975,1776351866.5086992,0.18093858659267426,scalar
events.out.tfevents.1776294211.15e97987a4b5.21254.0,train/entropy,980,1776352155.518114,0.18060432374477386,scalar
events.out.tfevents.1776294211.15e97987a4b5.21254.0,train/entropy,985,1776352462.941351,0.18331246078014374,scalar
events.out.tfevents.1776294211.15e97987a4b5.21254.0,train/entropy,990,1776352752.1802402,0.18133974075317383,scalar
events.out.tfevents.1776294211.15e97987a4b5.21254.0,train/entropy,995,1776353055.4377017,0.179254412651062,scalar
events.out.tfevents.1776294211.15e97987a4b5.21254.0,train/entropy,1000,1776353350.721869,0.18388372659683228,scalar
events.out.tfevents.1776294211.15e97987a4b5.21254.0,train/entropy,1005,1776353655.2464676,0.18309390544891357,scalar
events.out.tfevents.1776294211.15e97987a4b5.21254.0,train/entropy,1010,1776353947.7308207,0.1814025193452835,scalar
events.out.tfevents.1776294211.15e97987a4b5.21254.0,train/entropy,1015,1776354245.9704342,0.18085017800331116,scalar
events.out.tfevents.1776294211.15e97987a4b5.21254.0,train/entropy,1020,1776354528.5775087,0.18390898406505585,scalar
events.out.tfevents.1776294211.15e97987a4b5.21254.0,train/entropy,1025,1776354831.638173,0.17861893773078918,scalar
events.out.tfevents.1776294211.15e97987a4b5.21254.0,train/entropy,1030,1776355121.4813323,0.18307290971279144,scalar
events.out.tfevents.1776294211.15e97987a4b5.21254.0,train/entropy,1035,1776355426.3962004,0.18041713535785675,scalar
events.out.tfevents.1776294211.15e97987a4b5.21254.0,train/entropy,1040,1776355696.4629598,0.18099987506866455,scalar
events.out.tfevents.1776294211.15e97987a4b5.21254.0,train/entropy,1045,1776356000.0918403,0.18308541178703308,scalar
events.out.tfevents.1776294211.15e97987a4b5.21254.0,train/entropy,1050,1776356289.277507,0.18074852228164673,scalar
events.out.tfevents.1776294211.15e97987a4b5.21254.0,train/entropy,1055,1776356588.1141784,0.18356871604919434,scalar
events.out.tfevents.1776294211.15e97987a4b5.21254.0,train/entropy,1060,1776356879.3784337,0.1795431226491928,scalar
events.out.tfevents.1776294211.15e97987a4b5.21254.0,train/entropy,1065,1776357179.3631105,0.1810321807861328,scalar
events.out.tfevents.1776294211.15e97987a4b5.21254.0,train/entropy,1070,1776357465.634117,0.17918364703655243,scalar
events.out.tfevents.1776294211.15e97987a4b5.21254.0,train/entropy,1075,1776357765.3203535,0.1841701865196228,scalar
events.out.tfevents.1776294211.15e97987a4b5.21254.0,train/entropy,1080,1776358052.2650936,0.17993852496147156,scalar
events.out.tfevents.1776294211.15e97987a4b5.21254.0,train/entropy,1085,1776358352.711335,0.18639883399009705,scalar
events.out.tfevents.1776294211.15e97987a4b5.21254.0,train/entropy,1090,1776358643.4963925,0.18281833827495575,scalar
events.out.tfevents.1776294211.15e97987a4b5.21254.0,train/entropy,1095,1776358946.7531238,0.18054886162281036,scalar
events.out.tfevents.1776294211.15e97987a4b5.21254.0,train/entropy,1100,1776359235.9444203,0.17911756038665771,scalar
events.out.tfevents.1776294211.15e97987a4b5.21254.0,train/entropy,1105,1776359539.3378055,0.1807435005903244,scalar
events.out.tfevents.1776294211.15e97987a4b5.21254.0,train/entropy,1110,1776359827.2799675,0.1794721782207489,scalar
events.out.tfevents.1776294211.15e97987a4b5.21254.0,train/entropy,1115,1776360131.1080713,0.17867513000965118,scalar
events.out.tfevents.1776294211.15e97987a4b5.21254.0,train/entropy,1120,1776360419.0894804,0.18237754702568054,scalar
events.out.tfevents.1776294211.15e97987a4b5.21254.0,train/entropy,1125,1776360728.9781976,0.18265578150749207,scalar
events.out.tfevents.1776294211.15e97987a4b5.21254.0,train/entropy,1130,1776361024.3771036,0.1816655546426773,scalar
events.out.tfevents.1776294211.15e97987a4b5.21254.0,train/entropy,1135,1776361328.5796385,0.18295519053936005,scalar
events.out.tfevents.1776294211.15e97987a4b5.21254.0,train/entropy,1140,1776361615.6408837,0.18073078989982605,scalar
events.out.tfevents.1776294211.15e97987a4b5.21254.0,train/entropy,1145,1776361919.2369754,0.18179109692573547,scalar
events.out.tfevents.1776294211.15e97987a4b5.21254.0,train/entropy,1150,1776362211.1635237,0.1825181394815445,scalar
events.out.tfevents.1776294211.15e97987a4b5.21254.0,train/entropy,1155,1776362510.3072689,0.17833247780799866,scalar
events.out.tfevents.1776294211.15e97987a4b5.21254.0,train/entropy,1160,1776362801.0451126,0.17926393449306488,scalar
events.out.tfevents.1776294211.15e97987a4b5.21254.0,train/entropy,1165,1776363106.3959177,0.18193338811397552,scalar
events.out.tfevents.1776294211.15e97987a4b5.21254.0,train/entropy,1170,1776363396.5669909,0.17960107326507568,scalar
events.out.tfevents.1776294211.15e97987a4b5.21254.0,train/entropy,1175,1776363698.1773705,0.17876237630844116,scalar
events.out.tfevents.1776294211.15e97987a4b5.21254.0,train/entropy,1180,1776363987.1616871,0.1812036633491516,scalar
events.out.tfevents.1776294211.15e97987a4b5.21254.0,train/entropy,1185,1776364292.779103,0.18178151547908783,scalar
events.out.tfevents.1776294211.15e97987a4b5.21254.0,train/entropy,1190,1776364579.2384934,0.18082498013973236,scalar
events.out.tfevents.1776294211.15e97987a4b5.21254.0,train/entropy,1195,1776364885.1015065,0.1801927387714386,scalar
events.out.tfevents.1776294211.15e97987a4b5.21254.0,train/entropy,1200,1776365171.900382,0.17902906239032745,scalar
events.out.tfevents.1776294211.15e97987a4b5.21254.0,train/entropy,1205,1776365476.1650424,0.17711210250854492,scalar
events.out.tfevents.1776294211.15e97987a4b5.21254.0,train/entropy,1210,1776365765.9379394,0.1774066686630249,scalar
events.out.tfevents.1776294211.15e97987a4b5.21254.0,train/entropy,1215,1776366071.51357,0.179227814078331,scalar
events.out.tfevents.1776294211.15e97987a4b5.21254.0,train/entropy,1220,1776366358.4786868,0.1768263727426529,scalar
events.out.tfevents.1776294211.15e97987a4b5.21254.0,train/entropy,1225,1776366661.066088,0.17808574438095093,scalar
events.out.tfevents.1776294211.15e97987a4b5.21254.0,train/entropy,1230,1776366948.7633708,0.18090951442718506,scalar
events.out.tfevents.1776294211.15e97987a4b5.21254.0,train/entropy,1235,1776367248.4411397,0.17757178843021393,scalar
events.out.tfevents.1776294211.15e97987a4b5.21254.0,train/entropy,1240,1776367536.1565208,0.1802062690258026,scalar
events.out.tfevents.1776294211.15e97987a4b5.21254.0,train/entropy,1245,1776367840.9557655,0.18039484322071075,scalar
events.out.tfevents.1776294211.15e97987a4b5.21254.0,train/entropy,1250,1776368132.2784278,0.17940884828567505,scalar
events.out.tfevents.1776294211.15e97987a4b5.21254.0,train/entropy,1255,1776368435.050279,0.1789747029542923,scalar
events.out.tfevents.1776294211.15e97987a4b5.21254.0,train/entropy,1260,1776368723.3944294,0.17957372963428497,scalar
events.out.tfevents.1776294211.15e97987a4b5.21254.0,train/entropy,1265,1776369027.9009883,0.17856165766716003,scalar
events.out.tfevents.1776294211.15e97987a4b5.21254.0,train/entropy,1270,1776369319.058875,0.17924661934375763,scalar
events.out.tfevents.1776294211.15e97987a4b5.21254.0,train/entropy,1275,1776369622.7122455,0.17774266004562378,scalar
events.out.tfevents.1776294211.15e97987a4b5.21254.0,train/entropy,1280,1776369909.0510397,0.17992481589317322,scalar
events.out.tfevents.1776294211.15e97987a4b5.21254.0,train/entropy,1285,1776370208.0384657,0.1789693385362625,scalar
events.out.tfevents.1776294211.15e97987a4b5.21254.0,train/entropy,1290,1776370501.9476895,0.18008768558502197,scalar
events.out.tfevents.1776294211.15e97987a4b5.21254.0,train/entropy,1295,1776370754.3035333,0.18070994317531586,scalar
events.out.tfevents.1776294211.15e97987a4b5.21254.0,train/num_tokens,5,1776294500.020059,274388.0,scalar
events.out.tfevents.1776294211.15e97987a4b5.21254.0,train/num_tokens,10,1776294786.930018,548761.0,scalar
events.out.tfevents.1776294211.15e97987a4b5.21254.0,train/num_tokens,15,1776295092.9793677,823136.0,scalar
events.out.tfevents.1776294211.15e97987a4b5.21254.0,train/num_tokens,20,1776295380.9853382,1097538.0,scalar
events.out.tfevents.1776294211.15e97987a4b5.21254.0,train/num_tokens,25,1776295680.8475966,1371918.0,scalar
events.out.tfevents.1776294211.15e97987a4b5.21254.0,train/num_tokens,30,1776295965.7493825,1646311.0,scalar
events.out.tfevents.1776294211.15e97987a4b5.21254.0,train/num_tokens,35,1776296264.662124,1920683.0,scalar
events.out.tfevents.1776294211.15e97987a4b5.21254.0,train/num_tokens,40,1776296556.9757972,2195076.0,scalar
events.out.tfevents.1776294211.15e97987a4b5.21254.0,train/num_tokens,45,1776296859.441284,2469467.0,scalar
events.out.tfevents.1776294211.15e97987a4b5.21254.0,train/num_tokens,50,1776297151.4974308,2743860.0,scalar
events.out.tfevents.1776294211.15e97987a4b5.21254.0,train/num_tokens,55,1776297454.5194914,3018266.0,scalar
events.out.tfevents.1776294211.15e97987a4b5.21254.0,train/num_tokens,60,1776297746.4994762,3292649.0,scalar
events.out.tfevents.1776294211.15e97987a4b5.21254.0,train/num_tokens,65,1776298048.644329,3567055.0,scalar
events.out.tfevents.1776294211.15e97987a4b5.21254.0,train/num_tokens,70,1776298334.079344,3841461.0,scalar
events.out.tfevents.1776294211.15e97987a4b5.21254.0,train/num_tokens,75,1776298629.4407325,4115856.0,scalar
events.out.tfevents.1776294211.15e97987a4b5.21254.0,train/num_tokens,80,1776298916.3570178,4390242.0,scalar
events.out.tfevents.1776294211.15e97987a4b5.21254.0,train/num_tokens,85,1776299214.5243626,4664648.0,scalar
events.out.tfevents.1776294211.15e97987a4b5.21254.0,train/num_tokens,90,1776299499.52692,4939040.0,scalar
events.out.tfevents.1776294211.15e97987a4b5.21254.0,train/num_tokens,95,1776299798.8907087,5213438.0,scalar
events.out.tfevents.1776294211.15e97987a4b5.21254.0,train/num_tokens,100,1776300086.00035,5487838.0,scalar
events.out.tfevents.1776294211.15e97987a4b5.21254.0,train/num_tokens,105,1776300391.0263727,5762224.0,scalar
events.out.tfevents.1776294211.15e97987a4b5.21254.0,train/num_tokens,110,1776300682.6528199,6036613.0,scalar
events.out.tfevents.1776294211.15e97987a4b5.21254.0,train/num_tokens,115,1776300982.3657043,6310999.0,scalar
events.out.tfevents.1776294211.15e97987a4b5.21254.0,train/num_tokens,120,1776301269.7543242,6585381.0,scalar
events.out.tfevents.1776294211.15e97987a4b5.21254.0,train/num_tokens,125,1776301571.2823975,6859758.0,scalar
events.out.tfevents.1776294211.15e97987a4b5.21254.0,train/num_tokens,130,1776301857.4956734,7134162.0,scalar
events.out.tfevents.1776294211.15e97987a4b5.21254.0,train/num_tokens,135,1776302160.6488059,7408552.0,scalar
events.out.tfevents.1776294211.15e97987a4b5.21254.0,train/num_tokens,140,1776302445.2891555,7682953.0,scalar
events.out.tfevents.1776294211.15e97987a4b5.21254.0,train/num_tokens,145,1776302747.5891502,7957347.0,scalar
events.out.tfevents.1776294211.15e97987a4b5.21254.0,train/num_tokens,150,1776303033.4954484,8231737.0,scalar
events.out.tfevents.1776294211.15e97987a4b5.21254.0,train/num_tokens,155,1776303334.7929223,8506119.0,scalar
events.out.tfevents.1776294211.15e97987a4b5.21254.0,train/num_tokens,160,1776303623.2440743,8780516.0,scalar
events.out.tfevents.1776294211.15e97987a4b5.21254.0,train/num_tokens,165,1776303921.7006063,9054915.0,scalar
events.out.tfevents.1776294211.15e97987a4b5.21254.0,train/num_tokens,170,1776304208.7429395,9329318.0,scalar
events.out.tfevents.1776294211.15e97987a4b5.21254.0,train/num_tokens,175,1776304512.192387,9603713.0,scalar
events.out.tfevents.1776294211.15e97987a4b5.21254.0,train/num_tokens,180,1776304805.2791338,9878090.0,scalar
events.out.tfevents.1776294211.15e97987a4b5.21254.0,train/num_tokens,185,1776305112.784715,10152493.0,scalar
events.out.tfevents.1776294211.15e97987a4b5.21254.0,train/num_tokens,190,1776305401.4353209,10426889.0,scalar
events.out.tfevents.1776294211.15e97987a4b5.21254.0,train/num_tokens,195,1776305705.8601277,10701282.0,scalar
events.out.tfevents.1776294211.15e97987a4b5.21254.0,train/num_tokens,200,1776305999.3832774,10975661.0,scalar
events.out.tfevents.1776294211.15e97987a4b5.21254.0,train/num_tokens,205,1776306300.480381,11250069.0,scalar
events.out.tfevents.1776294211.15e97987a4b5.21254.0,train/num_tokens,210,1776306590.0086799,11524459.0,scalar
events.out.tfevents.1776294211.15e97987a4b5.21254.0,train/num_tokens,215,1776306896.069198,11798859.0,scalar
events.out.tfevents.1776294211.15e97987a4b5.21254.0,train/num_tokens,220,1776307184.911541,12073261.0,scalar
events.out.tfevents.1776294211.15e97987a4b5.21254.0,train/num_tokens,225,1776307487.348066,12347659.0,scalar
events.out.tfevents.1776294211.15e97987a4b5.21254.0,train/num_tokens,230,1776307771.4377122,12622033.0,scalar
events.out.tfevents.1776294211.15e97987a4b5.21254.0,train/num_tokens,235,1776308076.2505684,12896426.0,scalar
events.out.tfevents.1776294211.15e97987a4b5.21254.0,train/num_tokens,240,1776308366.1285872,13170810.0,scalar
events.out.tfevents.1776294211.15e97987a4b5.21254.0,train/num_tokens,245,1776308664.0102677,13445208.0,scalar
events.out.tfevents.1776294211.15e97987a4b5.21254.0,train/num_tokens,250,1776308953.5336597,13719601.0,scalar
events.out.tfevents.1776294211.15e97987a4b5.21254.0,train/num_tokens,255,1776309253.8979464,13993994.0,scalar
events.out.tfevents.1776294211.15e97987a4b5.21254.0,train/num_tokens,260,1776309518.844287,14220367.0,scalar
events.out.tfevents.1776294211.15e97987a4b5.21254.0,train/num_tokens,265,1776309818.9601328,14494757.0,scalar
events.out.tfevents.1776294211.15e97987a4b5.21254.0,train/num_tokens,270,1776310109.9058783,14769150.0,scalar
events.out.tfevents.1776294211.15e97987a4b5.21254.0,train/num_tokens,275,1776310414.690254,15043532.0,scalar
events.out.tfevents.1776294211.15e97987a4b5.21254.0,train/num_tokens,280,1776310703.5013032,15317925.0,scalar
events.out.tfevents.1776294211.15e97987a4b5.21254.0,train/num_tokens,285,1776311007.5007646,15592295.0,scalar
events.out.tfevents.1776294211.15e97987a4b5.21254.0,train/num_tokens,290,1776311296.4933333,15866701.0,scalar
events.out.tfevents.1776294211.15e97987a4b5.21254.0,train/num_tokens,295,1776311604.6357596,16141082.0,scalar
events.out.tfevents.1776294211.15e97987a4b5.21254.0,train/num_tokens,300,1776311889.6337826,16415482.0,scalar
events.out.tfevents.1776294211.15e97987a4b5.21254.0,train/num_tokens,305,1776312189.2478979,16689870.0,scalar
events.out.tfevents.1776294211.15e97987a4b5.21254.0,train/num_tokens,310,1776312474.1445584,16964272.0,scalar
events.out.tfevents.1776294211.15e97987a4b5.21254.0,train/num_tokens,315,1776312776.3642642,17238656.0,scalar
events.out.tfevents.1776294211.15e97987a4b5.21254.0,train/num_tokens,320,1776313067.426509,17513056.0,scalar
events.out.tfevents.1776294211.15e97987a4b5.21254.0,train/num_tokens,325,1776313372.3344607,17787452.0,scalar
events.out.tfevents.1776294211.15e97987a4b5.21254.0,train/num_tokens,330,1776313658.1930952,18061840.0,scalar
events.out.tfevents.1776294211.15e97987a4b5.21254.0,train/num_tokens,335,1776313959.5264294,18336248.0,scalar
events.out.tfevents.1776294211.15e97987a4b5.21254.0,train/num_tokens,340,1776314250.1656682,18610648.0,scalar
events.out.tfevents.1776294211.15e97987a4b5.21254.0,train/num_tokens,345,1776314557.420287,18885040.0,scalar
events.out.tfevents.1776294211.15e97987a4b5.21254.0,train/num_tokens,350,1776314846.014773,19159424.0,scalar
events.out.tfevents.1776294211.15e97987a4b5.21254.0,train/num_tokens,355,1776315145.6213472,19433822.0,scalar
events.out.tfevents.1776294211.15e97987a4b5.21254.0,train/num_tokens,360,1776315430.0186975,19708204.0,scalar
events.out.tfevents.1776294211.15e97987a4b5.21254.0,train/num_tokens,365,1776315734.9077468,19982608.0,scalar
events.out.tfevents.1776294211.15e97987a4b5.21254.0,train/num_tokens,370,1776316024.404753,20256992.0,scalar
events.out.tfevents.1776294211.15e97987a4b5.21254.0,train/num_tokens,375,1776316329.1649065,20531396.0,scalar
events.out.tfevents.1776294211.15e97987a4b5.21254.0,train/num_tokens,380,1776316611.4029834,20805790.0,scalar
events.out.tfevents.1776294211.15e97987a4b5.21254.0,train/num_tokens,385,1776316913.1017437,21080166.0,scalar
events.out.tfevents.1776294211.15e97987a4b5.21254.0,train/num_tokens,390,1776317206.0597234,21354552.0,scalar
events.out.tfevents.1776294211.15e97987a4b5.21254.0,train/num_tokens,395,1776317512.373993,21628930.0,scalar
events.out.tfevents.1776294211.15e97987a4b5.21254.0,train/num_tokens,400,1776317800.0853965,21903314.0,scalar
events.out.tfevents.1776294211.15e97987a4b5.21254.0,train/num_tokens,405,1776318100.8513417,22177704.0,scalar
events.out.tfevents.1776294211.15e97987a4b5.21254.0,train/num_tokens,410,1776318390.4443042,22452096.0,scalar
events.out.tfevents.1776294211.15e97987a4b5.21254.0,train/num_tokens,415,1776318690.6368523,22726496.0,scalar
events.out.tfevents.1776294211.15e97987a4b5.21254.0,train/num_tokens,420,1776318981.624506,23000882.0,scalar
events.out.tfevents.1776294211.15e97987a4b5.21254.0,train/num_tokens,425,1776319280.9084866,23275268.0,scalar
events.out.tfevents.1776294211.15e97987a4b5.21254.0,train/num_tokens,430,1776319572.5019004,23549678.0,scalar
events.out.tfevents.1776294211.15e97987a4b5.21254.0,train/num_tokens,435,1776319875.3563638,23824068.0,scalar
events.out.tfevents.1776294211.15e97987a4b5.21254.0,train/num_tokens,440,1776320161.7898383,24098456.0,scalar
events.out.tfevents.1776294211.15e97987a4b5.21254.0,train/num_tokens,445,1776320472.3607864,24372858.0,scalar
events.out.tfevents.1776294211.15e97987a4b5.21254.0,train/num_tokens,450,1776320759.639772,24647270.0,scalar
events.out.tfevents.1776294211.15e97987a4b5.21254.0,train/num_tokens,455,1776321059.341553,24921648.0,scalar
events.out.tfevents.1776294211.15e97987a4b5.21254.0,train/num_tokens,460,1776321348.2781756,25196044.0,scalar
events.out.tfevents.1776294211.15e97987a4b5.21254.0,train/num_tokens,465,1776321655.1963978,25470418.0,scalar
events.out.tfevents.1776294211.15e97987a4b5.21254.0,train/num_tokens,470,1776321944.3679817,25744824.0,scalar
events.out.tfevents.1776294211.15e97987a4b5.21254.0,train/num_tokens,475,1776322245.4542716,26019214.0,scalar
events.out.tfevents.1776294211.15e97987a4b5.21254.0,train/num_tokens,480,1776322534.872251,26293608.0,scalar
events.out.tfevents.1776294211.15e97987a4b5.21254.0,train/num_tokens,485,1776322839.494065,26568000.0,scalar
events.out.tfevents.1776294211.15e97987a4b5.21254.0,train/num_tokens,490,1776323129.7089481,26842372.0,scalar
events.out.tfevents.1776294211.15e97987a4b5.21254.0,train/num_tokens,495,1776323436.9533594,27116764.0,scalar
events.out.tfevents.1776294211.15e97987a4b5.21254.0,train/num_tokens,500,1776323729.6915271,27391164.0,scalar
events.out.tfevents.1776294211.15e97987a4b5.21254.0,train/num_tokens,505,1776324029.205342,27665544.0,scalar
events.out.tfevents.1776294211.15e97987a4b5.21254.0,train/num_tokens,510,1776324316.9700704,27939952.0,scalar
events.out.tfevents.1776294211.15e97987a4b5.21254.0,train/num_tokens,515,1776324622.1207752,28214352.0,scalar
events.out.tfevents.1776294211.15e97987a4b5.21254.0,train/num_tokens,520,1776324886.9752789,28440734.0,scalar
events.out.tfevents.1776294211.15e97987a4b5.21254.0,train/num_tokens,525,1776325187.2361186,28715114.0,scalar
events.out.tfevents.1776294211.15e97987a4b5.21254.0,train/num_tokens,530,1776325474.3137548,28989504.0,scalar
events.out.tfevents.1776294211.15e97987a4b5.21254.0,train/num_tokens,535,1776325780.957044,29263884.0,scalar
events.out.tfevents.1776294211.15e97987a4b5.21254.0,train/num_tokens,540,1776326071.6069188,29538268.0,scalar
events.out.tfevents.1776294211.15e97987a4b5.21254.0,train/num_tokens,545,1776326379.2323499,29812658.0,scalar
events.out.tfevents.1776294211.15e97987a4b5.21254.0,train/num_tokens,550,1776326668.7002892,30087052.0,scalar
events.out.tfevents.1776294211.15e97987a4b5.21254.0,train/num_tokens,555,1776326974.0137239,30361428.0,scalar
events.out.tfevents.1776294211.15e97987a4b5.21254.0,train/num_tokens,560,1776327262.521482,30635820.0,scalar
events.out.tfevents.1776294211.15e97987a4b5.21254.0,train/num_tokens,565,1776327566.4054053,30910216.0,scalar
events.out.tfevents.1776294211.15e97987a4b5.21254.0,train/num_tokens,570,1776327862.7567723,31184616.0,scalar
events.out.tfevents.1776294211.15e97987a4b5.21254.0,train/num_tokens,575,1776328166.2762825,31459010.0,scalar
events.out.tfevents.1776294211.15e97987a4b5.21254.0,train/num_tokens,580,1776328453.9208295,31733400.0,scalar
events.out.tfevents.1776294211.15e97987a4b5.21254.0,train/num_tokens,585,1776328755.787469,32007788.0,scalar
events.out.tfevents.1776294211.15e97987a4b5.21254.0,train/num_tokens,590,1776329048.7876003,32282176.0,scalar
events.out.tfevents.1776294211.15e97987a4b5.21254.0,train/num_tokens,595,1776329352.9827387,32556572.0,scalar
events.out.tfevents.1776294211.15e97987a4b5.21254.0,train/num_tokens,600,1776329643.421739,32830952.0,scalar
events.out.tfevents.1776294211.15e97987a4b5.21254.0,train/num_tokens,605,1776329944.306376,33105338.0,scalar
events.out.tfevents.1776294211.15e97987a4b5.21254.0,train/num_tokens,610,1776330239.6982646,33379724.0,scalar
events.out.tfevents.1776294211.15e97987a4b5.21254.0,train/num_tokens,615,1776330539.2314303,33654116.0,scalar
events.out.tfevents.1776294211.15e97987a4b5.21254.0,train/num_tokens,620,1776330826.827307,33928496.0,scalar
events.out.tfevents.1776294211.15e97987a4b5.21254.0,train/num_tokens,625,1776331127.0990791,34202888.0,scalar
events.out.tfevents.1776294211.15e97987a4b5.21254.0,train/num_tokens,630,1776331419.761436,34477288.0,scalar
events.out.tfevents.1776294211.15e97987a4b5.21254.0,train/num_tokens,635,1776331725.04184,34751672.0,scalar
events.out.tfevents.1776294211.15e97987a4b5.21254.0,train/num_tokens,640,1776332016.4381537,35026072.0,scalar
events.out.tfevents.1776294211.15e97987a4b5.21254.0,train/num_tokens,645,1776332319.0563703,35300464.0,scalar
events.out.tfevents.1776294211.15e97987a4b5.21254.0,train/num_tokens,650,1776332612.7723918,35574856.0,scalar
events.out.tfevents.1776294211.15e97987a4b5.21254.0,train/num_tokens,655,1776332910.7195861,35849256.0,scalar
events.out.tfevents.1776294211.15e97987a4b5.21254.0,train/num_tokens,660,1776333195.8086505,36123656.0,scalar
events.out.tfevents.1776294211.15e97987a4b5.21254.0,train/num_tokens,665,1776333496.8619618,36398060.0,scalar
events.out.tfevents.1776294211.15e97987a4b5.21254.0,train/num_tokens,670,1776333781.1567929,36672460.0,scalar
events.out.tfevents.1776294211.15e97987a4b5.21254.0,train/num_tokens,675,1776334086.1084526,36946840.0,scalar
events.out.tfevents.1776294211.15e97987a4b5.21254.0,train/num_tokens,680,1776334373.9044077,37221240.0,scalar
events.out.tfevents.1776294211.15e97987a4b5.21254.0,train/num_tokens,685,1776334675.5746186,37495632.0,scalar
events.out.tfevents.1776294211.15e97987a4b5.21254.0,train/num_tokens,690,1776334967.5168378,37770036.0,scalar
events.out.tfevents.1776294211.15e97987a4b5.21254.0,train/num_tokens,695,1776335269.5882945,38044436.0,scalar
events.out.tfevents.1776294211.15e97987a4b5.21254.0,train/num_tokens,700,1776335557.3761053,38318836.0,scalar
events.out.tfevents.1776294211.15e97987a4b5.21254.0,train/num_tokens,705,1776335863.1971877,38593224.0,scalar
events.out.tfevents.1776294211.15e97987a4b5.21254.0,train/num_tokens,710,1776336155.5564775,38867608.0,scalar
events.out.tfevents.1776294211.15e97987a4b5.21254.0,train/num_tokens,715,1776336454.8417773,39142008.0,scalar
events.out.tfevents.1776294211.15e97987a4b5.21254.0,train/num_tokens,720,1776336744.5749109,39416408.0,scalar
events.out.tfevents.1776294211.15e97987a4b5.21254.0,train/num_tokens,725,1776337045.2563949,39690800.0,scalar
events.out.tfevents.1776294211.15e97987a4b5.21254.0,train/num_tokens,730,1776337336.3029366,39965188.0,scalar
events.out.tfevents.1776294211.15e97987a4b5.21254.0,train/num_tokens,735,1776337646.5667112,40239576.0,scalar
events.out.tfevents.1776294211.15e97987a4b5.21254.0,train/num_tokens,740,1776337936.684396,40513972.0,scalar
events.out.tfevents.1776294211.15e97987a4b5.21254.0,train/num_tokens,745,1776338239.9756796,40788368.0,scalar
events.out.tfevents.1776294211.15e97987a4b5.21254.0,train/num_tokens,750,1776338524.8931546,41062752.0,scalar
events.out.tfevents.1776294211.15e97987a4b5.21254.0,train/num_tokens,755,1776338827.0107794,41337148.0,scalar
events.out.tfevents.1776294211.15e97987a4b5.21254.0,train/num_tokens,760,1776339115.0274239,41611540.0,scalar
events.out.tfevents.1776294211.15e97987a4b5.21254.0,train/num_tokens,765,1776339420.0793846,41885928.0,scalar
events.out.tfevents.1776294211.15e97987a4b5.21254.0,train/num_tokens,770,1776339710.7799065,42160328.0,scalar
events.out.tfevents.1776294211.15e97987a4b5.21254.0,train/num_tokens,775,1776340012.037908,42434716.0,scalar
events.out.tfevents.1776294211.15e97987a4b5.21254.0,train/num_tokens,780,1776340280.6636007,42661088.0,scalar
events.out.tfevents.1776294211.15e97987a4b5.21254.0,train/num_tokens,785,1776340587.9291022,42935464.0,scalar
events.out.tfevents.1776294211.15e97987a4b5.21254.0,train/num_tokens,790,1776340877.7143102,43209848.0,scalar
events.out.tfevents.1776294211.15e97987a4b5.21254.0,train/num_tokens,795,1776341175.8823361,43484252.0,scalar
events.out.tfevents.1776294211.15e97987a4b5.21254.0,train/num_tokens,800,1776341465.9190814,43758648.0,scalar
events.out.tfevents.1776294211.15e97987a4b5.21254.0,train/num_tokens,805,1776341766.9645457,44033048.0,scalar
events.out.tfevents.1776294211.15e97987a4b5.21254.0,train/num_tokens,810,1776342062.501927,44307464.0,scalar
events.out.tfevents.1776294211.15e97987a4b5.21254.0,train/num_tokens,815,1776342369.5757275,44581836.0,scalar
events.out.tfevents.1776294211.15e97987a4b5.21254.0,train/num_tokens,820,1776342656.12771,44856240.0,scalar
events.out.tfevents.1776294211.15e97987a4b5.21254.0,train/num_tokens,825,1776342958.2750838,45130636.0,scalar
events.out.tfevents.1776294211.15e97987a4b5.21254.0,train/num_tokens,830,1776343244.8434863,45405020.0,scalar
events.out.tfevents.1776294211.15e97987a4b5.21254.0,train/num_tokens,835,1776343553.0007966,45679424.0,scalar
events.out.tfevents.1776294211.15e97987a4b5.21254.0,train/num_tokens,840,1776343842.5544422,45953816.0,scalar
events.out.tfevents.1776294211.15e97987a4b5.21254.0,train/num_tokens,845,1776344141.2857742,46228196.0,scalar
events.out.tfevents.1776294211.15e97987a4b5.21254.0,train/num_tokens,850,1776344429.3025632,46502576.0,scalar
events.out.tfevents.1776294211.15e97987a4b5.21254.0,train/num_tokens,855,1776344727.939818,46776960.0,scalar
events.out.tfevents.1776294211.15e97987a4b5.21254.0,train/num_tokens,860,1776345016.8844771,47051348.0,scalar
events.out.tfevents.1776294211.15e97987a4b5.21254.0,train/num_tokens,865,1776345322.338385,47325724.0,scalar
events.out.tfevents.1776294211.15e97987a4b5.21254.0,train/num_tokens,870,1776345620.9631941,47600120.0,scalar
events.out.tfevents.1776294211.15e97987a4b5.21254.0,train/num_tokens,875,1776345920.9381185,47874520.0,scalar
events.out.tfevents.1776294211.15e97987a4b5.21254.0,train/num_tokens,880,1776346209.3999305,48148912.0,scalar
events.out.tfevents.1776294211.15e97987a4b5.21254.0,train/num_tokens,885,1776346514.200342,48423312.0,scalar
events.out.tfevents.1776294211.15e97987a4b5.21254.0,train/num_tokens,890,1776346808.7361367,48697704.0,scalar
events.out.tfevents.1776294211.15e97987a4b5.21254.0,train/num_tokens,895,1776347116.292491,48972100.0,scalar
events.out.tfevents.1776294211.15e97987a4b5.21254.0,train/num_tokens,900,1776347403.367807,49246472.0,scalar
events.out.tfevents.1776294211.15e97987a4b5.21254.0,train/num_tokens,905,1776347703.0797412,49520872.0,scalar
events.out.tfevents.1776294211.15e97987a4b5.21254.0,train/num_tokens,910,1776347988.3005366,49795288.0,scalar
events.out.tfevents.1776294211.15e97987a4b5.21254.0,train/num_tokens,915,1776348302.0768178,50069676.0,scalar
events.out.tfevents.1776294211.15e97987a4b5.21254.0,train/num_tokens,920,1776348589.4426882,50344064.0,scalar
events.out.tfevents.1776294211.15e97987a4b5.21254.0,train/num_tokens,925,1776348899.5607014,50618432.0,scalar
events.out.tfevents.1776294211.15e97987a4b5.21254.0,train/num_tokens,930,1776349187.427393,50892820.0,scalar
events.out.tfevents.1776294211.15e97987a4b5.21254.0,train/num_tokens,935,1776349490.9906342,51167216.0,scalar
events.out.tfevents.1776294211.15e97987a4b5.21254.0,train/num_tokens,940,1776349784.3592505,51441620.0,scalar
events.out.tfevents.1776294211.15e97987a4b5.21254.0,train/num_tokens,945,1776350087.5875008,51716004.0,scalar
events.out.tfevents.1776294211.15e97987a4b5.21254.0,train/num_tokens,950,1776350376.5017898,51990396.0,scalar
events.out.tfevents.1776294211.15e97987a4b5.21254.0,train/num_tokens,955,1776350676.434025,52264780.0,scalar
events.out.tfevents.1776294211.15e97987a4b5.21254.0,train/num_tokens,960,1776350964.7874005,52539172.0,scalar
events.out.tfevents.1776294211.15e97987a4b5.21254.0,train/num_tokens,965,1776351269.370351,52813556.0,scalar
events.out.tfevents.1776294211.15e97987a4b5.21254.0,train/num_tokens,970,1776351562.8434074,53087960.0,scalar
events.out.tfevents.1776294211.15e97987a4b5.21254.0,train/num_tokens,975,1776351866.5087037,53362348.0,scalar
events.out.tfevents.1776294211.15e97987a4b5.21254.0,train/num_tokens,980,1776352155.5181186,53636744.0,scalar
events.out.tfevents.1776294211.15e97987a4b5.21254.0,train/num_tokens,985,1776352462.9413555,53911132.0,scalar
events.out.tfevents.1776294211.15e97987a4b5.21254.0,train/num_tokens,990,1776352752.1802452,54185532.0,scalar
events.out.tfevents.1776294211.15e97987a4b5.21254.0,train/num_tokens,995,1776353055.437706,54459940.0,scalar
events.out.tfevents.1776294211.15e97987a4b5.21254.0,train/num_tokens,1000,1776353350.7218738,54734324.0,scalar
events.out.tfevents.1776294211.15e97987a4b5.21254.0,train/num_tokens,1005,1776353655.2464716,55008728.0,scalar
events.out.tfevents.1776294211.15e97987a4b5.21254.0,train/num_tokens,1010,1776353947.7308252,55283136.0,scalar
events.out.tfevents.1776294211.15e97987a4b5.21254.0,train/num_tokens,1015,1776354245.970439,55557548.0,scalar
events.out.tfevents.1776294211.15e97987a4b5.21254.0,train/num_tokens,1020,1776354528.5775132,55831928.0,scalar
events.out.tfevents.1776294211.15e97987a4b5.21254.0,train/num_tokens,1025,1776354831.638178,56106304.0,scalar
events.out.tfevents.1776294211.15e97987a4b5.21254.0,train/num_tokens,1030,1776355121.4813368,56380680.0,scalar
events.out.tfevents.1776294211.15e97987a4b5.21254.0,train/num_tokens,1035,1776355426.3962057,56655076.0,scalar
events.out.tfevents.1776294211.15e97987a4b5.21254.0,train/num_tokens,1040,1776355696.4629645,56881440.0,scalar
events.out.tfevents.1776294211.15e97987a4b5.21254.0,train/num_tokens,1045,1776356000.0918448,57155804.0,scalar
events.out.tfevents.1776294211.15e97987a4b5.21254.0,train/num_tokens,1050,1776356289.2775118,57430200.0,scalar
events.out.tfevents.1776294211.15e97987a4b5.21254.0,train/num_tokens,1055,1776356588.1141827,57704600.0,scalar
events.out.tfevents.1776294211.15e97987a4b5.21254.0,train/num_tokens,1060,1776356879.3784382,57978968.0,scalar
events.out.tfevents.1776294211.15e97987a4b5.21254.0,train/num_tokens,1065,1776357179.3631155,58253356.0,scalar
events.out.tfevents.1776294211.15e97987a4b5.21254.0,train/num_tokens,1070,1776357465.6341214,58527756.0,scalar
events.out.tfevents.1776294211.15e97987a4b5.21254.0,train/num_tokens,1075,1776357765.320358,58802160.0,scalar
events.out.tfevents.1776294211.15e97987a4b5.21254.0,train/num_tokens,1080,1776358052.265098,59076552.0,scalar
events.out.tfevents.1776294211.15e97987a4b5.21254.0,train/num_tokens,1085,1776358352.71134,59350936.0,scalar
events.out.tfevents.1776294211.15e97987a4b5.21254.0,train/num_tokens,1090,1776358643.4963968,59625336.0,scalar
events.out.tfevents.1776294211.15e97987a4b5.21254.0,train/num_tokens,1095,1776358946.753129,59899728.0,scalar
events.out.tfevents.1776294211.15e97987a4b5.21254.0,train/num_tokens,1100,1776359235.9444256,60174112.0,scalar
events.out.tfevents.1776294211.15e97987a4b5.21254.0,train/num_tokens,1105,1776359539.3378096,60448504.0,scalar
events.out.tfevents.1776294211.15e97987a4b5.21254.0,train/num_tokens,1110,1776359827.279972,60722912.0,scalar
events.out.tfevents.1776294211.15e97987a4b5.21254.0,train/num_tokens,1115,1776360131.108076,60997312.0,scalar
events.out.tfevents.1776294211.15e97987a4b5.21254.0,train/num_tokens,1120,1776360419.0894852,61271708.0,scalar
events.out.tfevents.1776294211.15e97987a4b5.21254.0,train/num_tokens,1125,1776360728.9782019,61546104.0,scalar
events.out.tfevents.1776294211.15e97987a4b5.21254.0,train/num_tokens,1130,1776361024.3771088,61820500.0,scalar
events.out.tfevents.1776294211.15e97987a4b5.21254.0,train/num_tokens,1135,1776361328.5796432,62094892.0,scalar
events.out.tfevents.1776294211.15e97987a4b5.21254.0,train/num_tokens,1140,1776361615.640888,62369280.0,scalar
events.out.tfevents.1776294211.15e97987a4b5.21254.0,train/num_tokens,1145,1776361919.2369804,62643664.0,scalar
events.out.tfevents.1776294211.15e97987a4b5.21254.0,train/num_tokens,1150,1776362211.163528,62918052.0,scalar
events.out.tfevents.1776294211.15e97987a4b5.21254.0,train/num_tokens,1155,1776362510.3072736,63192452.0,scalar
events.out.tfevents.1776294211.15e97987a4b5.21254.0,train/num_tokens,1160,1776362801.0451174,63466844.0,scalar
events.out.tfevents.1776294211.15e97987a4b5.21254.0,train/num_tokens,1165,1776363106.3959224,63741240.0,scalar
events.out.tfevents.1776294211.15e97987a4b5.21254.0,train/num_tokens,1170,1776363396.5669956,64015636.0,scalar
events.out.tfevents.1776294211.15e97987a4b5.21254.0,train/num_tokens,1175,1776363698.1773756,64290036.0,scalar
events.out.tfevents.1776294211.15e97987a4b5.21254.0,train/num_tokens,1180,1776363987.1616914,64564436.0,scalar
events.out.tfevents.1776294211.15e97987a4b5.21254.0,train/num_tokens,1185,1776364292.7791076,64838836.0,scalar
events.out.tfevents.1776294211.15e97987a4b5.21254.0,train/num_tokens,1190,1776364579.2384982,65113232.0,scalar
events.out.tfevents.1776294211.15e97987a4b5.21254.0,train/num_tokens,1195,1776364885.1015117,65387632.0,scalar
events.out.tfevents.1776294211.15e97987a4b5.21254.0,train/num_tokens,1200,1776365171.900387,65662016.0,scalar
events.out.tfevents.1776294211.15e97987a4b5.21254.0,train/num_tokens,1205,1776365476.165047,65936404.0,scalar
events.out.tfevents.1776294211.15e97987a4b5.21254.0,train/num_tokens,1210,1776365765.9379442,66210804.0,scalar
events.out.tfevents.1776294211.15e97987a4b5.21254.0,train/num_tokens,1215,1776366071.5135748,66485192.0,scalar
events.out.tfevents.1776294211.15e97987a4b5.21254.0,train/num_tokens,1220,1776366358.4786913,66759568.0,scalar
events.out.tfevents.1776294211.15e97987a4b5.21254.0,train/num_tokens,1225,1776366661.0660923,67033968.0,scalar
events.out.tfevents.1776294211.15e97987a4b5.21254.0,train/num_tokens,1230,1776366948.7633753,67308368.0,scalar
events.out.tfevents.1776294211.15e97987a4b5.21254.0,train/num_tokens,1235,1776367248.4411452,67582760.0,scalar
events.out.tfevents.1776294211.15e97987a4b5.21254.0,train/num_tokens,1240,1776367536.1565254,67857160.0,scalar
events.out.tfevents.1776294211.15e97987a4b5.21254.0,train/num_tokens,1245,1776367840.9557707,68131552.0,scalar
events.out.tfevents.1776294211.15e97987a4b5.21254.0,train/num_tokens,1250,1776368132.2784326,68405944.0,scalar
events.out.tfevents.1776294211.15e97987a4b5.21254.0,train/num_tokens,1255,1776368435.050283,68680336.0,scalar
events.out.tfevents.1776294211.15e97987a4b5.21254.0,train/num_tokens,1260,1776368723.3944342,68954720.0,scalar
events.out.tfevents.1776294211.15e97987a4b5.21254.0,train/num_tokens,1265,1776369027.900993,69229104.0,scalar
events.out.tfevents.1776294211.15e97987a4b5.21254.0,train/num_tokens,1270,1776369319.0588799,69503480.0,scalar
events.out.tfevents.1776294211.15e97987a4b5.21254.0,train/num_tokens,1275,1776369622.71225,69777880.0,scalar
events.out.tfevents.1776294211.15e97987a4b5.21254.0,train/num_tokens,1280,1776369909.0510445,70052280.0,scalar
events.out.tfevents.1776294211.15e97987a4b5.21254.0,train/num_tokens,1285,1776370208.0384707,70326672.0,scalar
events.out.tfevents.1776294211.15e97987a4b5.21254.0,train/num_tokens,1290,1776370501.9476943,70601056.0,scalar
events.out.tfevents.1776294211.15e97987a4b5.21254.0,train/num_tokens,1295,1776370754.3035378,70827424.0,scalar
events.out.tfevents.1776294211.15e97987a4b5.21254.0,train/mean_token_accuracy,5,1776294500.0200646,0.6285352110862732,scalar
events.out.tfevents.1776294211.15e97987a4b5.21254.0,train/mean_token_accuracy,10,1776294786.930023,0.6324177980422974,scalar
events.out.tfevents.1776294211.15e97987a4b5.21254.0,train/mean_token_accuracy,15,1776295092.9793723,0.6662198305130005,scalar
events.out.tfevents.1776294211.15e97987a4b5.21254.0,train/mean_token_accuracy,20,1776295380.9853423,0.7464008927345276,scalar
events.out.tfevents.1776294211.15e97987a4b5.21254.0,train/mean_token_accuracy,25,1776295680.8476007,0.8208217620849609,scalar
events.out.tfevents.1776294211.15e97987a4b5.21254.0,train/mean_token_accuracy,30,1776295965.7493868,0.8613722920417786,scalar
events.out.tfevents.1776294211.15e97987a4b5.21254.0,train/mean_token_accuracy,35,1776296264.6621282,0.8719813227653503,scalar
events.out.tfevents.1776294211.15e97987a4b5.21254.0,train/mean_token_accuracy,40,1776296556.9758017,0.8786328434944153,scalar
events.out.tfevents.1776294211.15e97987a4b5.21254.0,train/mean_token_accuracy,45,1776296859.4412885,0.8841936588287354,scalar
events.out.tfevents.1776294211.15e97987a4b5.21254.0,train/mean_token_accuracy,50,1776297151.4974356,0.8866608142852783,scalar
events.out.tfevents.1776294211.15e97987a4b5.21254.0,train/mean_token_accuracy,55,1776297454.5194957,0.8897488713264465,scalar
events.out.tfevents.1776294211.15e97987a4b5.21254.0,train/mean_token_accuracy,60,1776297746.4994805,0.891701877117157,scalar
events.out.tfevents.1776294211.15e97987a4b5.21254.0,train/mean_token_accuracy,65,1776298048.6443331,0.8931689262390137,scalar
events.out.tfevents.1776294211.15e97987a4b5.21254.0,train/mean_token_accuracy,70,1776298334.0793486,0.8949984312057495,scalar
events.out.tfevents.1776294211.15e97987a4b5.21254.0,train/mean_token_accuracy,75,1776298629.440737,0.8979591131210327,scalar
events.out.tfevents.1776294211.15e97987a4b5.21254.0,train/mean_token_accuracy,80,1776298916.3570223,0.8973386883735657,scalar
events.out.tfevents.1776294211.15e97987a4b5.21254.0,train/mean_token_accuracy,85,1776299214.5243669,0.8992520570755005,scalar
events.out.tfevents.1776294211.15e97987a4b5.21254.0,train/mean_token_accuracy,90,1776299499.5269244,0.8997491002082825,scalar
events.out.tfevents.1776294211.15e97987a4b5.21254.0,train/mean_token_accuracy,95,1776299798.890713,0.9009259939193726,scalar
events.out.tfevents.1776294211.15e97987a4b5.21254.0,train/mean_token_accuracy,100,1776300086.000354,0.9015942215919495,scalar
events.out.tfevents.1776294211.15e97987a4b5.21254.0,train/mean_token_accuracy,105,1776300391.0263767,0.9013000130653381,scalar
events.out.tfevents.1776294211.15e97987a4b5.21254.0,train/mean_token_accuracy,110,1776300682.6528244,0.9020631909370422,scalar
events.out.tfevents.1776294211.15e97987a4b5.21254.0,train/mean_token_accuracy,115,1776300982.3657103,0.9011961817741394,scalar
events.out.tfevents.1776294211.15e97987a4b5.21254.0,train/mean_token_accuracy,120,1776301269.7543285,0.9007982611656189,scalar
events.out.tfevents.1776294211.15e97987a4b5.21254.0,train/mean_token_accuracy,125,1776301571.2824016,0.9009310007095337,scalar
events.out.tfevents.1776294211.15e97987a4b5.21254.0,train/mean_token_accuracy,130,1776301857.4956775,0.9029459953308105,scalar
events.out.tfevents.1776294211.15e97987a4b5.21254.0,train/mean_token_accuracy,135,1776302160.6488101,0.9025334715843201,scalar
events.out.tfevents.1776294211.15e97987a4b5.21254.0,train/mean_token_accuracy,140,1776302445.28916,0.9045711755752563,scalar
events.out.tfevents.1776294211.15e97987a4b5.21254.0,train/mean_token_accuracy,145,1776302747.5891545,0.9026392698287964,scalar
events.out.tfevents.1776294211.15e97987a4b5.21254.0,train/mean_token_accuracy,150,1776303033.4954526,0.9047423005104065,scalar
events.out.tfevents.1776294211.15e97987a4b5.21254.0,train/mean_token_accuracy,155,1776303334.7929265,0.9031124114990234,scalar
events.out.tfevents.1776294211.15e97987a4b5.21254.0,train/mean_token_accuracy,160,1776303623.2440784,0.9050168991088867,scalar
events.out.tfevents.1776294211.15e97987a4b5.21254.0,train/mean_token_accuracy,165,1776303921.7006106,0.9046904444694519,scalar
events.out.tfevents.1776294211.15e97987a4b5.21254.0,train/mean_token_accuracy,170,1776304208.7429438,0.9043170809745789,scalar
events.out.tfevents.1776294211.15e97987a4b5.21254.0,train/mean_token_accuracy,175,1776304512.1923914,0.9059183597564697,scalar
events.out.tfevents.1776294211.15e97987a4b5.21254.0,train/mean_token_accuracy,180,1776304805.279138,0.9049878120422363,scalar
events.out.tfevents.1776294211.15e97987a4b5.21254.0,train/mean_token_accuracy,185,1776305112.7847195,0.9055217504501343,scalar
events.out.tfevents.1776294211.15e97987a4b5.21254.0,train/mean_token_accuracy,190,1776305401.4353247,0.9069202542304993,scalar
events.out.tfevents.1776294211.15e97987a4b5.21254.0,train/mean_token_accuracy,195,1776305705.8601325,0.9053803086280823,scalar
events.out.tfevents.1776294211.15e97987a4b5.21254.0,train/mean_token_accuracy,200,1776305999.3832812,0.9047789573669434,scalar
events.out.tfevents.1776294211.15e97987a4b5.21254.0,train/mean_token_accuracy,205,1776306300.4803853,0.9058626890182495,scalar
events.out.tfevents.1776294211.15e97987a4b5.21254.0,train/mean_token_accuracy,210,1776306590.008684,0.9067708849906921,scalar
events.out.tfevents.1776294211.15e97987a4b5.21254.0,train/mean_token_accuracy,215,1776306896.0692022,0.9075310826301575,scalar
events.out.tfevents.1776294211.15e97987a4b5.21254.0,train/mean_token_accuracy,220,1776307184.9115455,0.9061353206634521,scalar
events.out.tfevents.1776294211.15e97987a4b5.21254.0,train/mean_token_accuracy,225,1776307487.3480704,0.9057524800300598,scalar
events.out.tfevents.1776294211.15e97987a4b5.21254.0,train/mean_token_accuracy,230,1776307771.4377165,0.9065701365470886,scalar
events.out.tfevents.1776294211.15e97987a4b5.21254.0,train/mean_token_accuracy,235,1776308076.2505734,0.9080075621604919,scalar
events.out.tfevents.1776294211.15e97987a4b5.21254.0,train/mean_token_accuracy,240,1776308366.1285913,0.9086292386054993,scalar
events.out.tfevents.1776294211.15e97987a4b5.21254.0,train/mean_token_accuracy,245,1776308664.0102723,0.9087556004524231,scalar
events.out.tfevents.1776294211.15e97987a4b5.21254.0,train/mean_token_accuracy,250,1776308953.533664,0.9077675342559814,scalar
events.out.tfevents.1776294211.15e97987a4b5.21254.0,train/mean_token_accuracy,255,1776309253.897951,0.9084144234657288,scalar
events.out.tfevents.1776294211.15e97987a4b5.21254.0,train/mean_token_accuracy,260,1776309518.8442917,0.9058378338813782,scalar
events.out.tfevents.1776294211.15e97987a4b5.21254.0,train/mean_token_accuracy,265,1776309818.960137,0.9082302451133728,scalar
events.out.tfevents.1776294211.15e97987a4b5.21254.0,train/mean_token_accuracy,270,1776310109.9058826,0.9087316393852234,scalar
events.out.tfevents.1776294211.15e97987a4b5.21254.0,train/mean_token_accuracy,275,1776310414.6902585,0.9063863158226013,scalar
events.out.tfevents.1776294211.15e97987a4b5.21254.0,train/mean_token_accuracy,280,1776310703.5013077,0.9097495079040527,scalar
events.out.tfevents.1776294211.15e97987a4b5.21254.0,train/mean_token_accuracy,285,1776311007.5007687,0.9097175598144531,scalar
events.out.tfevents.1776294211.15e97987a4b5.21254.0,train/mean_token_accuracy,290,1776311296.4933379,0.9107767343521118,scalar
events.out.tfevents.1776294211.15e97987a4b5.21254.0,train/mean_token_accuracy,295,1776311604.6357636,0.9099407196044922,scalar
events.out.tfevents.1776294211.15e97987a4b5.21254.0,train/mean_token_accuracy,300,1776311889.6337876,0.9111436009407043,scalar
events.out.tfevents.1776294211.15e97987a4b5.21254.0,train/mean_token_accuracy,305,1776312189.247902,0.9089958667755127,scalar
events.out.tfevents.1776294211.15e97987a4b5.21254.0,train/mean_token_accuracy,310,1776312474.1445627,0.9102270007133484,scalar
events.out.tfevents.1776294211.15e97987a4b5.21254.0,train/mean_token_accuracy,315,1776312776.3642685,0.9087240099906921,scalar
events.out.tfevents.1776294211.15e97987a4b5.21254.0,train/mean_token_accuracy,320,1776313067.4265132,0.9118061065673828,scalar
events.out.tfevents.1776294211.15e97987a4b5.21254.0,train/mean_token_accuracy,325,1776313372.334465,0.9103381633758545,scalar
events.out.tfevents.1776294211.15e97987a4b5.21254.0,train/mean_token_accuracy,330,1776313658.1930993,0.9091872572898865,scalar
events.out.tfevents.1776294211.15e97987a4b5.21254.0,train/mean_token_accuracy,335,1776313959.526434,0.909980058670044,scalar
events.out.tfevents.1776294211.15e97987a4b5.21254.0,train/mean_token_accuracy,340,1776314250.1656728,0.9120617508888245,scalar
events.out.tfevents.1776294211.15e97987a4b5.21254.0,train/mean_token_accuracy,345,1776314557.4202912,0.9100462794303894,scalar
events.out.tfevents.1776294211.15e97987a4b5.21254.0,train/mean_token_accuracy,350,1776314846.0147774,0.911267876625061,scalar
events.out.tfevents.1776294211.15e97987a4b5.21254.0,train/mean_token_accuracy,355,1776315145.6213512,0.9091048836708069,scalar
events.out.tfevents.1776294211.15e97987a4b5.21254.0,train/mean_token_accuracy,360,1776315430.018702,0.9099372029304504,scalar
events.out.tfevents.1776294211.15e97987a4b5.21254.0,train/mean_token_accuracy,365,1776315734.907751,0.9122154712677002,scalar
events.out.tfevents.1776294211.15e97987a4b5.21254.0,train/mean_token_accuracy,370,1776316024.4047573,0.912112295627594,scalar
events.out.tfevents.1776294211.15e97987a4b5.21254.0,train/mean_token_accuracy,375,1776316329.164911,0.9117444753646851,scalar
events.out.tfevents.1776294211.15e97987a4b5.21254.0,train/mean_token_accuracy,380,1776316611.4029877,0.9105992913246155,scalar
events.out.tfevents.1776294211.15e97987a4b5.21254.0,train/mean_token_accuracy,385,1776316913.1017478,0.9118885397911072,scalar
events.out.tfevents.1776294211.15e97987a4b5.21254.0,train/mean_token_accuracy,390,1776317206.0597277,0.9125456213951111,scalar
events.out.tfevents.1776294211.15e97987a4b5.21254.0,train/mean_token_accuracy,395,1776317512.373998,0.9119887948036194,scalar
events.out.tfevents.1776294211.15e97987a4b5.21254.0,train/mean_token_accuracy,400,1776317800.085401,0.9094263911247253,scalar
events.out.tfevents.1776294211.15e97987a4b5.21254.0,train/mean_token_accuracy,405,1776318100.8513465,0.9115611910820007,scalar
events.out.tfevents.1776294211.15e97987a4b5.21254.0,train/mean_token_accuracy,410,1776318390.4443085,0.9112650752067566,scalar
events.out.tfevents.1776294211.15e97987a4b5.21254.0,train/mean_token_accuracy,415,1776318690.6368635,0.9123385548591614,scalar
events.out.tfevents.1776294211.15e97987a4b5.21254.0,train/mean_token_accuracy,420,1776318981.6245105,0.9100054502487183,scalar
events.out.tfevents.1776294211.15e97987a4b5.21254.0,train/mean_token_accuracy,425,1776319280.908491,0.9120394587516785,scalar
events.out.tfevents.1776294211.15e97987a4b5.21254.0,train/mean_token_accuracy,430,1776319572.5019052,0.9128327965736389,scalar
events.out.tfevents.1776294211.15e97987a4b5.21254.0,train/mean_token_accuracy,435,1776319875.356368,0.911133885383606,scalar
events.out.tfevents.1776294211.15e97987a4b5.21254.0,train/mean_token_accuracy,440,1776320161.7898428,0.9124577641487122,scalar
events.out.tfevents.1776294211.15e97987a4b5.21254.0,train/mean_token_accuracy,445,1776320472.360791,0.9118319749832153,scalar
events.out.tfevents.1776294211.15e97987a4b5.21254.0,train/mean_token_accuracy,450,1776320759.6397767,0.9129214882850647,scalar
events.out.tfevents.1776294211.15e97987a4b5.21254.0,train/mean_token_accuracy,455,1776321059.3415575,0.9119729995727539,scalar
events.out.tfevents.1776294211.15e97987a4b5.21254.0,train/mean_token_accuracy,460,1776321348.2781796,0.9122157096862793,scalar
events.out.tfevents.1776294211.15e97987a4b5.21254.0,train/mean_token_accuracy,465,1776321655.1964018,0.9118412733078003,scalar
events.out.tfevents.1776294211.15e97987a4b5.21254.0,train/mean_token_accuracy,470,1776321944.3679857,0.9119912981987,scalar
events.out.tfevents.1776294211.15e97987a4b5.21254.0,train/mean_token_accuracy,475,1776322245.4542758,0.9109165072441101,scalar
events.out.tfevents.1776294211.15e97987a4b5.21254.0,train/mean_token_accuracy,480,1776322534.8722556,0.9133664965629578,scalar
events.out.tfevents.1776294211.15e97987a4b5.21254.0,train/mean_token_accuracy,485,1776322839.4940698,0.9129032492637634,scalar
events.out.tfevents.1776294211.15e97987a4b5.21254.0,train/mean_token_accuracy,490,1776323129.708953,0.9117400050163269,scalar
events.out.tfevents.1776294211.15e97987a4b5.21254.0,train/mean_token_accuracy,495,1776323436.9533637,0.913652777671814,scalar
events.out.tfevents.1776294211.15e97987a4b5.21254.0,train/mean_token_accuracy,500,1776323729.691531,0.912505030632019,scalar
events.out.tfevents.1776294211.15e97987a4b5.21254.0,train/mean_token_accuracy,505,1776324029.2053466,0.9126399755477905,scalar
events.out.tfevents.1776294211.15e97987a4b5.21254.0,train/mean_token_accuracy,510,1776324316.9700744,0.9127435088157654,scalar
events.out.tfevents.1776294211.15e97987a4b5.21254.0,train/mean_token_accuracy,515,1776324622.12078,0.9117860794067383,scalar
events.out.tfevents.1776294211.15e97987a4b5.21254.0,train/mean_token_accuracy,520,1776324886.975283,0.9111326932907104,scalar
events.out.tfevents.1776294211.15e97987a4b5.21254.0,train/mean_token_accuracy,525,1776325187.2361226,0.9135804176330566,scalar
events.out.tfevents.1776294211.15e97987a4b5.21254.0,train/mean_token_accuracy,530,1776325474.3137593,0.9122292399406433,scalar
events.out.tfevents.1776294211.15e97987a4b5.21254.0,train/mean_token_accuracy,535,1776325780.9570482,0.9113534092903137,scalar
events.out.tfevents.1776294211.15e97987a4b5.21254.0,train/mean_token_accuracy,540,1776326071.6069233,0.9129725098609924,scalar
events.out.tfevents.1776294211.15e97987a4b5.21254.0,train/mean_token_accuracy,545,1776326379.2323542,0.9144485592842102,scalar
events.out.tfevents.1776294211.15e97987a4b5.21254.0,train/mean_token_accuracy,550,1776326668.7002935,0.914695680141449,scalar
events.out.tfevents.1776294211.15e97987a4b5.21254.0,train/mean_token_accuracy,555,1776326974.013728,0.9137601852416992,scalar
events.out.tfevents.1776294211.15e97987a4b5.21254.0,train/mean_token_accuracy,560,1776327262.5214858,0.915004312992096,scalar
events.out.tfevents.1776294211.15e97987a4b5.21254.0,train/mean_token_accuracy,565,1776327566.4054096,0.9136751890182495,scalar
events.out.tfevents.1776294211.15e97987a4b5.21254.0,train/mean_token_accuracy,570,1776327862.756777,0.9143277406692505,scalar
events.out.tfevents.1776294211.15e97987a4b5.21254.0,train/mean_token_accuracy,575,1776328166.276287,0.9140446782112122,scalar
events.out.tfevents.1776294211.15e97987a4b5.21254.0,train/mean_token_accuracy,580,1776328453.9208343,0.9146525859832764,scalar
events.out.tfevents.1776294211.15e97987a4b5.21254.0,train/mean_token_accuracy,585,1776328755.7874734,0.9151269197463989,scalar
events.out.tfevents.1776294211.15e97987a4b5.21254.0,train/mean_token_accuracy,590,1776329048.7876048,0.9159454107284546,scalar
events.out.tfevents.1776294211.15e97987a4b5.21254.0,train/mean_token_accuracy,595,1776329352.9827428,0.9143473505973816,scalar
events.out.tfevents.1776294211.15e97987a4b5.21254.0,train/mean_token_accuracy,600,1776329643.4217436,0.9133663773536682,scalar
events.out.tfevents.1776294211.15e97987a4b5.21254.0,train/mean_token_accuracy,605,1776329944.3063803,0.9138949513435364,scalar
events.out.tfevents.1776294211.15e97987a4b5.21254.0,train/mean_token_accuracy,610,1776330239.6982691,0.9135770797729492,scalar
events.out.tfevents.1776294211.15e97987a4b5.21254.0,train/mean_token_accuracy,615,1776330539.231435,0.9145237803459167,scalar
events.out.tfevents.1776294211.15e97987a4b5.21254.0,train/mean_token_accuracy,620,1776330826.8273115,0.915952205657959,scalar
events.out.tfevents.1776294211.15e97987a4b5.21254.0,train/mean_token_accuracy,625,1776331127.0990837,0.9161500334739685,scalar
events.out.tfevents.1776294211.15e97987a4b5.21254.0,train/mean_token_accuracy,630,1776331419.76144,0.9149755239486694,scalar
events.out.tfevents.1776294211.15e97987a4b5.21254.0,train/mean_token_accuracy,635,1776331725.0418444,0.9156039357185364,scalar
events.out.tfevents.1776294211.15e97987a4b5.21254.0,train/mean_token_accuracy,640,1776332016.4381578,0.9144231677055359,scalar
events.out.tfevents.1776294211.15e97987a4b5.21254.0,train/mean_token_accuracy,645,1776332319.0563745,0.9155873656272888,scalar
events.out.tfevents.1776294211.15e97987a4b5.21254.0,train/mean_token_accuracy,650,1776332612.772396,0.9136108160018921,scalar
events.out.tfevents.1776294211.15e97987a4b5.21254.0,train/mean_token_accuracy,655,1776332910.7195904,0.9147312045097351,scalar
events.out.tfevents.1776294211.15e97987a4b5.21254.0,train/mean_token_accuracy,660,1776333195.8086548,0.9159348607063293,scalar
events.out.tfevents.1776294211.15e97987a4b5.21254.0,train/mean_token_accuracy,665,1776333496.8619664,0.9141648411750793,scalar
events.out.tfevents.1776294211.15e97987a4b5.21254.0,train/mean_token_accuracy,670,1776333781.156797,0.915595293045044,scalar
events.out.tfevents.1776294211.15e97987a4b5.21254.0,train/mean_token_accuracy,675,1776334086.1084569,0.9159133434295654,scalar
events.out.tfevents.1776294211.15e97987a4b5.21254.0,train/mean_token_accuracy,680,1776334373.9044123,0.9142307043075562,scalar
events.out.tfevents.1776294211.15e97987a4b5.21254.0,train/mean_token_accuracy,685,1776334675.5746229,0.9150293469429016,scalar
events.out.tfevents.1776294211.15e97987a4b5.21254.0,train/mean_token_accuracy,690,1776334967.5168426,0.9159923195838928,scalar
events.out.tfevents.1776294211.15e97987a4b5.21254.0,train/mean_token_accuracy,695,1776335269.5882988,0.915137767791748,scalar
events.out.tfevents.1776294211.15e97987a4b5.21254.0,train/mean_token_accuracy,700,1776335557.3761094,0.9158201217651367,scalar
events.out.tfevents.1776294211.15e97987a4b5.21254.0,train/mean_token_accuracy,705,1776335863.197192,0.9164718389511108,scalar
events.out.tfevents.1776294211.15e97987a4b5.21254.0,train/mean_token_accuracy,710,1776336155.5564818,0.9158791899681091,scalar
events.out.tfevents.1776294211.15e97987a4b5.21254.0,train/mean_token_accuracy,715,1776336454.8417816,0.9161919951438904,scalar
events.out.tfevents.1776294211.15e97987a4b5.21254.0,train/mean_token_accuracy,720,1776336744.5749156,0.9159548282623291,scalar
events.out.tfevents.1776294211.15e97987a4b5.21254.0,train/mean_token_accuracy,725,1776337045.2563994,0.9151282906532288,scalar
events.out.tfevents.1776294211.15e97987a4b5.21254.0,train/mean_token_accuracy,730,1776337336.3029408,0.9154555201530457,scalar
events.out.tfevents.1776294211.15e97987a4b5.21254.0,train/mean_token_accuracy,735,1776337646.566716,0.9144428968429565,scalar
events.out.tfevents.1776294211.15e97987a4b5.21254.0,train/mean_token_accuracy,740,1776337936.6844,0.9156411290168762,scalar
events.out.tfevents.1776294211.15e97987a4b5.21254.0,train/mean_token_accuracy,745,1776338239.9756842,0.9157137274742126,scalar
events.out.tfevents.1776294211.15e97987a4b5.21254.0,train/mean_token_accuracy,750,1776338524.8931592,0.9159618616104126,scalar
events.out.tfevents.1776294211.15e97987a4b5.21254.0,train/mean_token_accuracy,755,1776338827.0107841,0.9154847860336304,scalar
events.out.tfevents.1776294211.15e97987a4b5.21254.0,train/mean_token_accuracy,760,1776339115.0274286,0.9158167243003845,scalar
events.out.tfevents.1776294211.15e97987a4b5.21254.0,train/mean_token_accuracy,765,1776339420.079389,0.9146718382835388,scalar
events.out.tfevents.1776294211.15e97987a4b5.21254.0,train/mean_token_accuracy,770,1776339710.7799115,0.9155069589614868,scalar
events.out.tfevents.1776294211.15e97987a4b5.21254.0,train/mean_token_accuracy,775,1776340012.0379124,0.9162471890449524,scalar
events.out.tfevents.1776294211.15e97987a4b5.21254.0,train/mean_token_accuracy,780,1776340280.663605,0.9172173738479614,scalar
events.out.tfevents.1776294211.15e97987a4b5.21254.0,train/mean_token_accuracy,785,1776340587.9291067,0.9163019061088562,scalar
events.out.tfevents.1776294211.15e97987a4b5.21254.0,train/mean_token_accuracy,790,1776340877.714315,0.9162032604217529,scalar
events.out.tfevents.1776294211.15e97987a4b5.21254.0,train/mean_token_accuracy,795,1776341175.8823407,0.9149762988090515,scalar
events.out.tfevents.1776294211.15e97987a4b5.21254.0,train/mean_token_accuracy,800,1776341465.9190862,0.9170015454292297,scalar
events.out.tfevents.1776294211.15e97987a4b5.21254.0,train/mean_token_accuracy,805,1776341766.9645503,0.9159080982208252,scalar
events.out.tfevents.1776294211.15e97987a4b5.21254.0,train/mean_token_accuracy,810,1776342062.501931,0.9169266819953918,scalar
events.out.tfevents.1776294211.15e97987a4b5.21254.0,train/mean_token_accuracy,815,1776342369.5757318,0.9165114760398865,scalar
events.out.tfevents.1776294211.15e97987a4b5.21254.0,train/mean_token_accuracy,820,1776342656.1277146,0.917198121547699,scalar
events.out.tfevents.1776294211.15e97987a4b5.21254.0,train/mean_token_accuracy,825,1776342958.275088,0.91606205701828,scalar
events.out.tfevents.1776294211.15e97987a4b5.21254.0,train/mean_token_accuracy,830,1776343244.8434908,0.9167208075523376,scalar
events.out.tfevents.1776294211.15e97987a4b5.21254.0,train/mean_token_accuracy,835,1776343553.0008013,0.9166755080223083,scalar
events.out.tfevents.1776294211.15e97987a4b5.21254.0,train/mean_token_accuracy,840,1776343842.5544462,0.916530966758728,scalar
events.out.tfevents.1776294211.15e97987a4b5.21254.0,train/mean_token_accuracy,845,1776344141.2857788,0.9172753095626831,scalar
events.out.tfevents.1776294211.15e97987a4b5.21254.0,train/mean_token_accuracy,850,1776344429.3025677,0.9178702235221863,scalar
events.out.tfevents.1776294211.15e97987a4b5.21254.0,train/mean_token_accuracy,855,1776344727.9398227,0.9164230227470398,scalar
events.out.tfevents.1776294211.15e97987a4b5.21254.0,train/mean_token_accuracy,860,1776345016.8844814,0.9159656167030334,scalar
events.out.tfevents.1776294211.15e97987a4b5.21254.0,train/mean_token_accuracy,865,1776345322.3383899,0.9164760708808899,scalar
events.out.tfevents.1776294211.15e97987a4b5.21254.0,train/mean_token_accuracy,870,1776345620.9631982,0.9182167649269104,scalar
events.out.tfevents.1776294211.15e97987a4b5.21254.0,train/mean_token_accuracy,875,1776345920.9381227,0.9177231192588806,scalar
events.out.tfevents.1776294211.15e97987a4b5.21254.0,train/mean_token_accuracy,880,1776346209.399935,0.916096568107605,scalar
events.out.tfevents.1776294211.15e97987a4b5.21254.0,train/mean_token_accuracy,885,1776346514.2003465,0.9176238179206848,scalar
events.out.tfevents.1776294211.15e97987a4b5.21254.0,train/mean_token_accuracy,890,1776346808.7361405,0.9180645942687988,scalar
events.out.tfevents.1776294211.15e97987a4b5.21254.0,train/mean_token_accuracy,895,1776347116.2924957,0.9176945686340332,scalar
events.out.tfevents.1776294211.15e97987a4b5.21254.0,train/mean_token_accuracy,900,1776347403.3678114,0.9153804183006287,scalar
events.out.tfevents.1776294211.15e97987a4b5.21254.0,train/mean_token_accuracy,905,1776347703.0797453,0.9155832529067993,scalar
events.out.tfevents.1776294211.15e97987a4b5.21254.0,train/mean_token_accuracy,910,1776347988.300541,0.9178594350814819,scalar
events.out.tfevents.1776294211.15e97987a4b5.21254.0,train/mean_token_accuracy,915,1776348302.0768218,0.9173009395599365,scalar
events.out.tfevents.1776294211.15e97987a4b5.21254.0,train/mean_token_accuracy,920,1776348589.4426928,0.9175031185150146,scalar
events.out.tfevents.1776294211.15e97987a4b5.21254.0,train/mean_token_accuracy,925,1776348899.5607064,0.9171134233474731,scalar
events.out.tfevents.1776294211.15e97987a4b5.21254.0,train/mean_token_accuracy,930,1776349187.4273996,0.9168409705162048,scalar
events.out.tfevents.1776294211.15e97987a4b5.21254.0,train/mean_token_accuracy,935,1776349490.9906383,0.9161110520362854,scalar
events.out.tfevents.1776294211.15e97987a4b5.21254.0,train/mean_token_accuracy,940,1776349784.3592548,0.9176511168479919,scalar
events.out.tfevents.1776294211.15e97987a4b5.21254.0,train/mean_token_accuracy,945,1776350087.587505,0.9165105819702148,scalar
events.out.tfevents.1776294211.15e97987a4b5.21254.0,train/mean_token_accuracy,950,1776350376.501794,0.9172079563140869,scalar
events.out.tfevents.1776294211.15e97987a4b5.21254.0,train/mean_token_accuracy,955,1776350676.434029,0.9174716472625732,scalar
events.out.tfevents.1776294211.15e97987a4b5.21254.0,train/mean_token_accuracy,960,1776350964.7874048,0.9168220162391663,scalar
events.out.tfevents.1776294211.15e97987a4b5.21254.0,train/mean_token_accuracy,965,1776351269.3703554,0.918377697467804,scalar
events.out.tfevents.1776294211.15e97987a4b5.21254.0,train/mean_token_accuracy,970,1776351562.8434117,0.917891800403595,scalar
events.out.tfevents.1776294211.15e97987a4b5.21254.0,train/mean_token_accuracy,975,1776351866.5087082,0.9159490466117859,scalar
events.out.tfevents.1776294211.15e97987a4b5.21254.0,train/mean_token_accuracy,980,1776352155.518123,0.9176012873649597,scalar
events.out.tfevents.1776294211.15e97987a4b5.21254.0,train/mean_token_accuracy,985,1776352462.9413602,0.9173946380615234,scalar
events.out.tfevents.1776294211.15e97987a4b5.21254.0,train/mean_token_accuracy,990,1776352752.1802502,0.9177954792976379,scalar
events.out.tfevents.1776294211.15e97987a4b5.21254.0,train/mean_token_accuracy,995,1776353055.4377103,0.9186844825744629,scalar
events.out.tfevents.1776294211.15e97987a4b5.21254.0,train/mean_token_accuracy,1000,1776353350.721878,0.917043924331665,scalar
events.out.tfevents.1776294211.15e97987a4b5.21254.0,train/mean_token_accuracy,1005,1776353655.2464755,0.917698860168457,scalar
events.out.tfevents.1776294211.15e97987a4b5.21254.0,train/mean_token_accuracy,1010,1776353947.7308297,0.9184092283248901,scalar
events.out.tfevents.1776294211.15e97987a4b5.21254.0,train/mean_token_accuracy,1015,1776354245.9704432,0.9181764721870422,scalar
events.out.tfevents.1776294211.15e97987a4b5.21254.0,train/mean_token_accuracy,1020,1776354528.5775177,0.917233943939209,scalar
events.out.tfevents.1776294211.15e97987a4b5.21254.0,train/mean_token_accuracy,1025,1776354831.6381822,0.9183015823364258,scalar
events.out.tfevents.1776294211.15e97987a4b5.21254.0,train/mean_token_accuracy,1030,1776355121.4813411,0.9174079895019531,scalar
events.out.tfevents.1776294211.15e97987a4b5.21254.0,train/mean_token_accuracy,1035,1776355426.3962097,0.9189938902854919,scalar
events.out.tfevents.1776294211.15e97987a4b5.21254.0,train/mean_token_accuracy,1040,1776355696.4629683,0.9179716110229492,scalar
events.out.tfevents.1776294211.15e97987a4b5.21254.0,train/mean_token_accuracy,1045,1776356000.0918498,0.9174308180809021,scalar
events.out.tfevents.1776294211.15e97987a4b5.21254.0,train/mean_token_accuracy,1050,1776356289.2775166,0.9189937114715576,scalar
events.out.tfevents.1776294211.15e97987a4b5.21254.0,train/mean_token_accuracy,1055,1776356588.114187,0.9164696931838989,scalar
events.out.tfevents.1776294211.15e97987a4b5.21254.0,train/mean_token_accuracy,1060,1776356879.3784428,0.9188246130943298,scalar
events.out.tfevents.1776294211.15e97987a4b5.21254.0,train/mean_token_accuracy,1065,1776357179.36312,0.9185370206832886,scalar
events.out.tfevents.1776294211.15e97987a4b5.21254.0,train/mean_token_accuracy,1070,1776357465.6341262,0.9196872711181641,scalar
events.out.tfevents.1776294211.15e97987a4b5.21254.0,train/mean_token_accuracy,1075,1776357765.3203623,0.9179580807685852,scalar
events.out.tfevents.1776294211.15e97987a4b5.21254.0,train/mean_token_accuracy,1080,1776358052.2651021,0.919417679309845,scalar
events.out.tfevents.1776294211.15e97987a4b5.21254.0,train/mean_token_accuracy,1085,1776358352.7113452,0.9162987470626831,scalar
events.out.tfevents.1776294211.15e97987a4b5.21254.0,train/mean_token_accuracy,1090,1776358643.4964008,0.918239951133728,scalar
events.out.tfevents.1776294211.15e97987a4b5.21254.0,train/mean_token_accuracy,1095,1776358946.7531333,0.9186937212944031,scalar
events.out.tfevents.1776294211.15e97987a4b5.21254.0,train/mean_token_accuracy,1100,1776359235.9444296,0.9184665083885193,scalar
events.out.tfevents.1776294211.15e97987a4b5.21254.0,train/mean_token_accuracy,1105,1776359539.3378139,0.919037401676178,scalar
events.out.tfevents.1776294211.15e97987a4b5.21254.0,train/mean_token_accuracy,1110,1776359827.2799764,0.9180383086204529,scalar
events.out.tfevents.1776294211.15e97987a4b5.21254.0,train/mean_token_accuracy,1115,1776360131.1080804,0.9191049933433533,scalar
events.out.tfevents.1776294211.15e97987a4b5.21254.0,train/mean_token_accuracy,1120,1776360419.0894895,0.9178470373153687,scalar
events.out.tfevents.1776294211.15e97987a4b5.21254.0,train/mean_token_accuracy,1125,1776360728.9782064,0.9184451103210449,scalar
events.out.tfevents.1776294211.15e97987a4b5.21254.0,train/mean_token_accuracy,1130,1776361024.377113,0.9178718328475952,scalar
events.out.tfevents.1776294211.15e97987a4b5.21254.0,train/mean_token_accuracy,1135,1776361328.5796475,0.9174534678459167,scalar
events.out.tfevents.1776294211.15e97987a4b5.21254.0,train/mean_token_accuracy,1140,1776361615.640893,0.919447124004364,scalar
events.out.tfevents.1776294211.15e97987a4b5.21254.0,train/mean_token_accuracy,1145,1776361919.2369845,0.917923629283905,scalar
events.out.tfevents.1776294211.15e97987a4b5.21254.0,train/mean_token_accuracy,1150,1776362211.1635325,0.9175927639007568,scalar
events.out.tfevents.1776294211.15e97987a4b5.21254.0,train/mean_token_accuracy,1155,1776362510.3072782,0.9187800884246826,scalar
events.out.tfevents.1776294211.15e97987a4b5.21254.0,train/mean_token_accuracy,1160,1776362801.045122,0.9195331335067749,scalar
events.out.tfevents.1776294211.15e97987a4b5.21254.0,train/mean_token_accuracy,1165,1776363106.3959267,0.9184461236000061,scalar
events.out.tfevents.1776294211.15e97987a4b5.21254.0,train/mean_token_accuracy,1170,1776363396.567,0.9189402461051941,scalar
events.out.tfevents.1776294211.15e97987a4b5.21254.0,train/mean_token_accuracy,1175,1776363698.17738,0.9178216457366943,scalar
events.out.tfevents.1776294211.15e97987a4b5.21254.0,train/mean_token_accuracy,1180,1776363987.161696,0.9176798462867737,scalar
events.out.tfevents.1776294211.15e97987a4b5.21254.0,train/mean_token_accuracy,1185,1776364292.7791119,0.9178217649459839,scalar
events.out.tfevents.1776294211.15e97987a4b5.21254.0,train/mean_token_accuracy,1190,1776364579.2385032,0.9188418984413147,scalar
events.out.tfevents.1776294211.15e97987a4b5.21254.0,train/mean_token_accuracy,1195,1776364885.1015165,0.9184051752090454,scalar
events.out.tfevents.1776294211.15e97987a4b5.21254.0,train/mean_token_accuracy,1200,1776365171.9003916,0.9180435538291931,scalar
events.out.tfevents.1776294211.15e97987a4b5.21254.0,train/mean_token_accuracy,1205,1776365476.1650515,0.9199587106704712,scalar
events.out.tfevents.1776294211.15e97987a4b5.21254.0,train/mean_token_accuracy,1210,1776365765.9379487,0.9207191467285156,scalar
events.out.tfevents.1776294211.15e97987a4b5.21254.0,train/mean_token_accuracy,1215,1776366071.5135794,0.9185612797737122,scalar
events.out.tfevents.1776294211.15e97987a4b5.21254.0,train/mean_token_accuracy,1220,1776366358.4786956,0.9194473624229431,scalar
events.out.tfevents.1776294211.15e97987a4b5.21254.0,train/mean_token_accuracy,1225,1776366661.0660965,0.9196986556053162,scalar
events.out.tfevents.1776294211.15e97987a4b5.21254.0,train/mean_token_accuracy,1230,1776366948.76338,0.9184215068817139,scalar
events.out.tfevents.1776294211.15e97987a4b5.21254.0,train/mean_token_accuracy,1235,1776367248.4411495,0.9207522869110107,scalar
events.out.tfevents.1776294211.15e97987a4b5.21254.0,train/mean_token_accuracy,1240,1776367536.1565301,0.9186083078384399,scalar
events.out.tfevents.1776294211.15e97987a4b5.21254.0,train/mean_token_accuracy,1245,1776367840.9557753,0.9178948998451233,scalar
events.out.tfevents.1776294211.15e97987a4b5.21254.0,train/mean_token_accuracy,1250,1776368132.2784367,0.9192583560943604,scalar
events.out.tfevents.1776294211.15e97987a4b5.21254.0,train/mean_token_accuracy,1255,1776368435.0502872,0.9189175963401794,scalar
events.out.tfevents.1776294211.15e97987a4b5.21254.0,train/mean_token_accuracy,1260,1776368723.3944387,0.9188722968101501,scalar
events.out.tfevents.1776294211.15e97987a4b5.21254.0,train/mean_token_accuracy,1265,1776369027.9009974,0.9186941981315613,scalar
events.out.tfevents.1776294211.15e97987a4b5.21254.0,train/mean_token_accuracy,1270,1776369319.0588844,0.9183154702186584,scalar
events.out.tfevents.1776294211.15e97987a4b5.21254.0,train/mean_token_accuracy,1275,1776369622.7122543,0.9195513725280762,scalar
events.out.tfevents.1776294211.15e97987a4b5.21254.0,train/mean_token_accuracy,1280,1776369909.051049,0.9191312193870544,scalar
events.out.tfevents.1776294211.15e97987a4b5.21254.0,train/mean_token_accuracy,1285,1776370208.0384748,0.9190322160720825,scalar
events.out.tfevents.1776294211.15e97987a4b5.21254.0,train/mean_token_accuracy,1290,1776370501.9476993,0.9191544651985168,scalar
events.out.tfevents.1776294211.15e97987a4b5.21254.0,train/mean_token_accuracy,1295,1776370754.3035429,0.9182695150375366,scalar
events.out.tfevents.1776294211.15e97987a4b5.21254.0,train/epoch,5,1776294500.0200696,0.019370460882782936,scalar
events.out.tfevents.1776294211.15e97987a4b5.21254.0,train/epoch,10,1776294786.9300277,0.03874092176556587,scalar
events.out.tfevents.1776294211.15e97987a4b5.21254.0,train/epoch,10,1776294800.5821023,0.03874092176556587,scalar
events.out.tfevents.1776294211.15e97987a4b5.21254.0,train/epoch,15,1776295092.979376,0.05811138078570366,scalar
events.out.tfevents.1776294211.15e97987a4b5.21254.0,train/epoch,20,1776295380.9853463,0.07748184353113174,scalar
events.out.tfevents.1776294211.15e97987a4b5.21254.0,train/epoch,20,1776295394.6198761,0.07748184353113174,scalar
events.out.tfevents.1776294211.15e97987a4b5.21254.0,train/epoch,25,1776295680.847605,0.09685230255126953,scalar
events.out.tfevents.1776294211.15e97987a4b5.21254.0,train/epoch,30,1776295965.7493927,0.11622276157140732,scalar
events.out.tfevents.1776294211.15e97987a4b5.21254.0,train/epoch,30,1776295979.3581893,0.11622276157140732,scalar
events.out.tfevents.1776294211.15e97987a4b5.21254.0,train/epoch,35,1776296264.6621327,0.1355932205915451,scalar
events.out.tfevents.1776294211.15e97987a4b5.21254.0,train/epoch,40,1776296556.975806,0.1549636870622635,scalar
events.out.tfevents.1776294211.15e97987a4b5.21254.0,train/epoch,40,1776296570.66878,0.1549636870622635,scalar
events.out.tfevents.1776294211.15e97987a4b5.21254.0,train/epoch,45,1776296859.4412923,0.17433413863182068,scalar
events.out.tfevents.1776294211.15e97987a4b5.21254.0,train/epoch,50,1776297151.4974403,0.19370460510253906,scalar
events.out.tfevents.1776294211.15e97987a4b5.21254.0,train/epoch,50,1776297165.1954098,0.19370460510253906,scalar
events.out.tfevents.1776294211.15e97987a4b5.21254.0,train/epoch,55,1776297454.5195,0.21307505667209625,scalar
events.out.tfevents.1776294211.15e97987a4b5.21254.0,train/epoch,60,1776297746.4994848,0.23244552314281464,scalar
events.out.tfevents.1776294211.15e97987a4b5.21254.0,train/epoch,60,1776297760.1387982,0.23244552314281464,scalar
events.out.tfevents.1776294211.15e97987a4b5.21254.0,train/epoch,65,1776298048.6443367,0.2518159747123718,scalar
events.out.tfevents.1776294211.15e97987a4b5.21254.0,train/epoch,70,1776298334.0793529,0.2711864411830902,scalar
events.out.tfevents.1776294211.15e97987a4b5.21254.0,train/epoch,70,1776298347.7577012,0.2711864411830902,scalar
events.out.tfevents.1776294211.15e97987a4b5.21254.0,train/epoch,75,1776298629.4407413,0.2905569076538086,scalar
events.out.tfevents.1776294211.15e97987a4b5.21254.0,train/epoch,80,1776298916.3570266,0.309927374124527,scalar
events.out.tfevents.1776294211.15e97987a4b5.21254.0,train/epoch,80,1776298929.9890144,0.309927374124527,scalar
events.out.tfevents.1776294211.15e97987a4b5.21254.0,train/epoch,85,1776299214.524371,0.329297810792923,scalar
events.out.tfevents.1776294211.15e97987a4b5.21254.0,train/epoch,90,1776299499.5269287,0.34866827726364136,scalar
events.out.tfevents.1776294211.15e97987a4b5.21254.0,train/epoch,90,1776299513.166781,0.34866827726364136,scalar
events.out.tfevents.1776294211.15e97987a4b5.21254.0,train/epoch,95,1776299798.8907175,0.36803874373435974,scalar
events.out.tfevents.1776294211.15e97987a4b5.21254.0,train/epoch,100,1776300086.000358,0.3874092102050781,scalar
events.out.tfevents.1776294211.15e97987a4b5.21254.0,train/epoch,100,1776300099.6215754,0.3874092102050781,scalar
events.out.tfevents.1776294211.15e97987a4b5.21254.0,train/epoch,105,1776300391.0263805,0.4067796468734741,scalar
events.out.tfevents.1776294211.15e97987a4b5.21254.0,train/epoch,110,1776300682.6528285,0.4261501133441925,scalar
events.out.tfevents.1776294211.15e97987a4b5.21254.0,train/epoch,110,1776300696.3722157,0.4261501133441925,scalar
events.out.tfevents.1776294211.15e97987a4b5.21254.0,train/epoch,115,1776300982.365715,0.4455205798149109,scalar
events.out.tfevents.1776294211.15e97987a4b5.21254.0,train/epoch,120,1776301269.754333,0.4648910462856293,scalar
events.out.tfevents.1776294211.15e97987a4b5.21254.0,train/epoch,120,1776301283.4618444,0.4648910462856293,scalar
events.out.tfevents.1776294211.15e97987a4b5.21254.0,train/epoch,125,1776301571.2824054,0.48426151275634766,scalar
events.out.tfevents.1776294211.15e97987a4b5.21254.0,train/epoch,130,1776301857.495682,0.5036319494247437,scalar
events.out.tfevents.1776294211.15e97987a4b5.21254.0,train/epoch,130,1776301871.1856732,0.5036319494247437,scalar
events.out.tfevents.1776294211.15e97987a4b5.21254.0,train/epoch,135,1776302160.648814,0.5230024456977844,scalar
events.out.tfevents.1776294211.15e97987a4b5.21254.0,train/epoch,140,1776302445.2891643,0.5423728823661804,scalar
events.out.tfevents.1776294211.15e97987a4b5.21254.0,train/epoch,140,1776302459.0400863,0.5423728823661804,scalar
events.out.tfevents.1776294211.15e97987a4b5.21254.0,train/epoch,145,1776302747.5891588,0.5617433190345764,scalar
events.out.tfevents.1776294211.15e97987a4b5.21254.0,train/epoch,150,1776303033.4954572,0.5811138153076172,scalar
events.out.tfevents.1776294211.15e97987a4b5.21254.0,train/epoch,150,1776303047.1108737,0.5811138153076172,scalar
events.out.tfevents.1776294211.15e97987a4b5.21254.0,train/epoch,155,1776303334.7929306,0.6004842519760132,scalar
events.out.tfevents.1776294211.15e97987a4b5.21254.0,train/epoch,160,1776303623.2440827,0.619854748249054,scalar
events.out.tfevents.1776294211.15e97987a4b5.21254.0,train/epoch,160,1776303636.8792393,0.619854748249054,scalar
events.out.tfevents.1776294211.15e97987a4b5.21254.0,train/epoch,165,1776303921.7006145,0.63922518491745,scalar
events.out.tfevents.1776294211.15e97987a4b5.21254.0,train/epoch,170,1776304208.742948,0.658595621585846,scalar
events.out.tfevents.1776294211.15e97987a4b5.21254.0,train/epoch,170,1776304222.3703988,0.658595621585846,scalar
events.out.tfevents.1776294211.15e97987a4b5.21254.0,train/epoch,175,1776304512.1923957,0.6779661178588867,scalar
events.out.tfevents.1776294211.15e97987a4b5.21254.0,train/epoch,180,1776304805.2791426,0.6973365545272827,scalar
events.out.tfevents.1776294211.15e97987a4b5.21254.0,train/epoch,180,1776304818.9516056,0.6973365545272827,scalar
events.out.tfevents.1776294211.15e97987a4b5.21254.0,train/epoch,185,1776305112.7847238,0.7167070508003235,scalar
events.out.tfevents.1776294211.15e97987a4b5.21254.0,train/epoch,190,1776305401.4353287,0.7360774874687195,scalar
events.out.tfevents.1776294211.15e97987a4b5.21254.0,train/epoch,190,1776305415.1269205,0.7360774874687195,scalar
events.out.tfevents.1776294211.15e97987a4b5.21254.0,train/epoch,195,1776305705.8601365,0.7554479241371155,scalar
events.out.tfevents.1776294211.15e97987a4b5.21254.0,train/epoch,200,1776305999.383285,0.7748184204101562,scalar
events.out.tfevents.1776294211.15e97987a4b5.21254.0,train/epoch,200,1776306013.0893369,0.7748184204101562,scalar
events.out.tfevents.1776294211.15e97987a4b5.21254.0,train/epoch,205,1776306300.4803894,0.7941888570785522,scalar
events.out.tfevents.1776294211.15e97987a4b5.21254.0,train/epoch,210,1776306590.0086882,0.8135592937469482,scalar
events.out.tfevents.1776294211.15e97987a4b5.21254.0,train/epoch,210,1776306603.6478763,0.8135592937469482,scalar
events.out.tfevents.1776294211.15e97987a4b5.21254.0,train/epoch,215,1776306896.0692062,0.832929790019989,scalar
events.out.tfevents.1776294211.15e97987a4b5.21254.0,train/epoch,220,1776307184.9115503,0.852300226688385,scalar
events.out.tfevents.1776294211.15e97987a4b5.21254.0,train/epoch,220,1776307198.543192,0.852300226688385,scalar
events.out.tfevents.1776294211.15e97987a4b5.21254.0,train/epoch,225,1776307487.3480742,0.8716707229614258,scalar
events.out.tfevents.1776294211.15e97987a4b5.21254.0,train/epoch,230,1776307771.437721,0.8910411596298218,scalar
events.out.tfevents.1776294211.15e97987a4b5.21254.0,train/epoch,230,1776307785.1321354,0.8910411596298218,scalar
events.out.tfevents.1776294211.15e97987a4b5.21254.0,train/epoch,235,1776308076.2505774,0.9104115962982178,scalar
events.out.tfevents.1776294211.15e97987a4b5.21254.0,train/epoch,240,1776308366.1285954,0.9297820925712585,scalar
events.out.tfevents.1776294211.15e97987a4b5.21254.0,train/epoch,240,1776308379.823735,0.9297820925712585,scalar
events.out.tfevents.1776294211.15e97987a4b5.21254.0,train/epoch,245,1776308664.0102766,0.9491525292396545,scalar
events.out.tfevents.1776294211.15e97987a4b5.21254.0,train/epoch,250,1776308953.533668,0.9685230255126953,scalar
events.out.tfevents.1776294211.15e97987a4b5.21254.0,train/epoch,250,1776308967.242325,0.9685230255126953,scalar
events.out.tfevents.1776294211.15e97987a4b5.21254.0,train/epoch,255,1776309253.8979552,0.9878934621810913,scalar
events.out.tfevents.1776294211.15e97987a4b5.21254.0,train/epoch,260,1776309518.8442955,1.0038740634918213,scalar
events.out.tfevents.1776294211.15e97987a4b5.21254.0,train/epoch,260,1776309532.4968185,1.0038740634918213,scalar
events.out.tfevents.1776294211.15e97987a4b5.21254.0,train/epoch,265,1776309818.9601407,1.0232445001602173,scalar
events.out.tfevents.1776294211.15e97987a4b5.21254.0,train/epoch,270,1776310109.905887,1.0426150560379028,scalar
events.out.tfevents.1776294211.15e97987a4b5.21254.0,train/epoch,270,1776310123.5849288,1.0426150560379028,scalar
events.out.tfevents.1776294211.15e97987a4b5.21254.0,train/epoch,275,1776310414.6902626,1.0619854927062988,scalar
events.out.tfevents.1776294211.15e97987a4b5.21254.0,train/epoch,280,1776310703.501312,1.0813559293746948,scalar
events.out.tfevents.1776294211.15e97987a4b5.21254.0,train/epoch,280,1776310717.1699193,1.0813559293746948,scalar
events.out.tfevents.1776294211.15e97987a4b5.21254.0,train/epoch,285,1776311007.5007732,1.1007263660430908,scalar
events.out.tfevents.1776294211.15e97987a4b5.21254.0,train/epoch,290,1776311296.493342,1.1200968027114868,scalar
events.out.tfevents.1776294211.15e97987a4b5.21254.0,train/epoch,290,1776311310.173019,1.1200968027114868,scalar
events.out.tfevents.1776294211.15e97987a4b5.21254.0,train/epoch,295,1776311604.6357677,1.1394673585891724,scalar
events.out.tfevents.1776294211.15e97987a4b5.21254.0,train/epoch,300,1776311889.633792,1.1588377952575684,scalar
events.out.tfevents.1776294211.15e97987a4b5.21254.0,train/epoch,300,1776311903.3782632,1.1588377952575684,scalar
events.out.tfevents.1776294211.15e97987a4b5.21254.0,train/epoch,305,1776312189.2479057,1.1782082319259644,scalar
events.out.tfevents.1776294211.15e97987a4b5.21254.0,train/epoch,310,1776312474.1445668,1.1975786685943604,scalar
events.out.tfevents.1776294211.15e97987a4b5.21254.0,train/epoch,310,1776312487.8251002,1.1975786685943604,scalar
events.out.tfevents.1776294211.15e97987a4b5.21254.0,train/epoch,315,1776312776.3642726,1.2169491052627563,scalar
events.out.tfevents.1776294211.15e97987a4b5.21254.0,train/epoch,320,1776313067.4265175,1.236319661140442,scalar
events.out.tfevents.1776294211.15e97987a4b5.21254.0,train/epoch,320,1776313081.107115,1.236319661140442,scalar
events.out.tfevents.1776294211.15e97987a4b5.21254.0,train/epoch,325,1776313372.3344696,1.255690097808838,scalar
events.out.tfevents.1776294211.15e97987a4b5.21254.0,train/epoch,330,1776313658.1931038,1.2750605344772339,scalar
events.out.tfevents.1776294211.15e97987a4b5.21254.0,train/epoch,330,1776313671.8914747,1.2750605344772339,scalar
events.out.tfevents.1776294211.15e97987a4b5.21254.0,train/epoch,335,1776313959.5264385,1.2944309711456299,scalar
events.out.tfevents.1776294211.15e97987a4b5.21254.0,train/epoch,340,1776314250.1656768,1.3138014078140259,scalar
events.out.tfevents.1776294211.15e97987a4b5.21254.0,train/epoch,340,1776314263.8689003,1.3138014078140259,scalar
events.out.tfevents.1776294211.15e97987a4b5.21254.0,train/epoch,345,1776314557.420295,1.3331719636917114,scalar
events.out.tfevents.1776294211.15e97987a4b5.21254.0,train/epoch,350,1776314846.0147815,1.3525424003601074,scalar
events.out.tfevents.1776294211.15e97987a4b5.21254.0,train/epoch,350,1776314860.3537278,1.3525424003601074,scalar
events.out.tfevents.1776294211.15e97987a4b5.21254.0,train/epoch,355,1776315145.6213553,1.3719128370285034,scalar
events.out.tfevents.1776294211.15e97987a4b5.21254.0,train/epoch,360,1776315430.018706,1.3912832736968994,scalar
events.out.tfevents.1776294211.15e97987a4b5.21254.0,train/epoch,360,1776315443.7422285,1.3912832736968994,scalar
events.out.tfevents.1776294211.15e97987a4b5.21254.0,train/epoch,365,1776315734.907756,1.4106537103652954,scalar
events.out.tfevents.1776294211.15e97987a4b5.21254.0,train/epoch,370,1776316024.4047613,1.430024266242981,scalar
events.out.tfevents.1776294211.15e97987a4b5.21254.0,train/epoch,370,1776316038.1729434,1.430024266242981,scalar
events.out.tfevents.1776294211.15e97987a4b5.21254.0,train/epoch,375,1776316329.1649158,1.449394702911377,scalar
events.out.tfevents.1776294211.15e97987a4b5.21254.0,train/epoch,380,1776316611.4029918,1.468765139579773,scalar
events.out.tfevents.1776294211.15e97987a4b5.21254.0,train/epoch,380,1776316625.187103,1.468765139579773,scalar
events.out.tfevents.1776294211.15e97987a4b5.21254.0,train/epoch,385,1776316913.1017516,1.488135576248169,scalar
events.out.tfevents.1776294211.15e97987a4b5.21254.0,train/epoch,390,1776317206.059732,1.507506012916565,scalar
events.out.tfevents.1776294211.15e97987a4b5.21254.0,train/epoch,390,1776317221.0264652,1.507506012916565,scalar
events.out.tfevents.1776294211.15e97987a4b5.21254.0,train/epoch,395,1776317512.3740022,1.5268765687942505,scalar
events.out.tfevents.1776294211.15e97987a4b5.21254.0,train/epoch,400,1776317800.0854053,1.5462470054626465,scalar
events.out.tfevents.1776294211.15e97987a4b5.21254.0,train/epoch,400,1776317813.828841,1.5462470054626465,scalar
events.out.tfevents.1776294211.15e97987a4b5.21254.0,train/epoch,405,1776318100.851351,1.5656174421310425,scalar
events.out.tfevents.1776294211.15e97987a4b5.21254.0,train/epoch,410,1776318390.4443126,1.5849878787994385,scalar
events.out.tfevents.1776294211.15e97987a4b5.21254.0,train/epoch,410,1776318404.1147854,1.5849878787994385,scalar
events.out.tfevents.1776294211.15e97987a4b5.21254.0,train/epoch,415,1776318690.6368675,1.6043583154678345,scalar
events.out.tfevents.1776294211.15e97987a4b5.21254.0,train/epoch,420,1776318981.6245148,1.62372887134552,scalar
events.out.tfevents.1776294211.15e97987a4b5.21254.0,train/epoch,420,1776318995.9597216,1.62372887134552,scalar
events.out.tfevents.1776294211.15e97987a4b5.21254.0,train/epoch,425,1776319280.9084952,1.643099308013916,scalar
events.out.tfevents.1776294211.15e97987a4b5.21254.0,train/epoch,430,1776319572.5019093,1.662469744682312,scalar
events.out.tfevents.1776294211.15e97987a4b5.21254.0,train/epoch,430,1776319586.1457982,1.662469744682312,scalar
events.out.tfevents.1776294211.15e97987a4b5.21254.0,train/epoch,435,1776319875.3563728,1.681840181350708,scalar
events.out.tfevents.1776294211.15e97987a4b5.21254.0,train/epoch,440,1776320161.7898476,1.701210618019104,scalar
events.out.tfevents.1776294211.15e97987a4b5.21254.0,train/epoch,440,1776320175.5192697,1.701210618019104,scalar
events.out.tfevents.1776294211.15e97987a4b5.21254.0,train/epoch,445,1776320472.3607955,1.7205810546875,scalar
events.out.tfevents.1776294211.15e97987a4b5.21254.0,train/epoch,450,1776320759.6397815,1.7399516105651855,scalar
events.out.tfevents.1776294211.15e97987a4b5.21254.0,train/epoch,450,1776320773.384989,1.7399516105651855,scalar
events.out.tfevents.1776294211.15e97987a4b5.21254.0,train/epoch,455,1776321059.3415616,1.7593220472335815,scalar
events.out.tfevents.1776294211.15e97987a4b5.21254.0,train/epoch,460,1776321348.2781837,1.7786924839019775,scalar
events.out.tfevents.1776294211.15e97987a4b5.21254.0,train/epoch,460,1776321361.933819,1.7786924839019775,scalar
events.out.tfevents.1776294211.15e97987a4b5.21254.0,train/epoch,465,1776321655.1964056,1.7980629205703735,scalar
events.out.tfevents.1776294211.15e97987a4b5.21254.0,train/epoch,470,1776321944.3679895,1.8174333572387695,scalar
events.out.tfevents.1776294211.15e97987a4b5.21254.0,train/epoch,470,1776321958.0908096,1.8174333572387695,scalar
events.out.tfevents.1776294211.15e97987a4b5.21254.0,train/epoch,475,1776322245.45428,1.836803913116455,scalar
events.out.tfevents.1776294211.15e97987a4b5.21254.0,train/epoch,480,1776322534.8722599,1.856174349784851,scalar
events.out.tfevents.1776294211.15e97987a4b5.21254.0,train/epoch,480,1776322548.5724993,1.856174349784851,scalar
events.out.tfevents.1776294211.15e97987a4b5.21254.0,train/epoch,485,1776322839.494074,1.875544786453247,scalar
events.out.tfevents.1776294211.15e97987a4b5.21254.0,train/epoch,490,1776323129.708957,1.894915223121643,scalar
events.out.tfevents.1776294211.15e97987a4b5.21254.0,train/epoch,490,1776323143.3975968,1.894915223121643,scalar
events.out.tfevents.1776294211.15e97987a4b5.21254.0,train/epoch,495,1776323436.9533677,1.914285659790039,scalar
events.out.tfevents.1776294211.15e97987a4b5.21254.0,train/epoch,500,1776323729.6915355,1.9336562156677246,scalar
events.out.tfevents.1776294211.15e97987a4b5.21254.0,train/epoch,500,1776323743.3708704,1.9336562156677246,scalar
events.out.tfevents.1776294211.15e97987a4b5.21254.0,train/epoch,505,1776324029.2053509,1.9530266523361206,scalar
events.out.tfevents.1776294211.15e97987a4b5.21254.0,train/epoch,510,1776324316.9700785,1.9723970890045166,scalar
events.out.tfevents.1776294211.15e97987a4b5.21254.0,train/epoch,510,1776324330.6043038,1.9723970890045166,scalar
events.out.tfevents.1776294211.15e97987a4b5.21254.0,train/epoch,515,1776324622.1207845,1.9917675256729126,scalar
events.out.tfevents.1776294211.15e97987a4b5.21254.0,train/epoch,520,1776324886.975287,2.0077481269836426,scalar
events.out.tfevents.1776294211.15e97987a4b5.21254.0,train/epoch,520,1776324900.6447053,2.0077481269836426,scalar
events.out.tfevents.1776294211.15e97987a4b5.21254.0,train/epoch,525,1776325187.2361267,2.027118682861328,scalar
events.out.tfevents.1776294211.15e97987a4b5.21254.0,train/epoch,530,1776325474.3137631,2.0464890003204346,scalar
events.out.tfevents.1776294211.15e97987a4b5.21254.0,train/epoch,530,1776325488.410328,2.0464890003204346,scalar
events.out.tfevents.1776294211.15e97987a4b5.21254.0,train/epoch,535,1776325780.957052,2.06585955619812,scalar
events.out.tfevents.1776294211.15e97987a4b5.21254.0,train/epoch,540,1776326071.6069274,2.0852301120758057,scalar
events.out.tfevents.1776294211.15e97987a4b5.21254.0,train/epoch,540,1776326085.2941508,2.0852301120758057,scalar
events.out.tfevents.1776294211.15e97987a4b5.21254.0,train/epoch,545,1776326379.2323582,2.104600429534912,scalar
events.out.tfevents.1776294211.15e97987a4b5.21254.0,train/epoch,550,1776326668.7002978,2.1239709854125977,scalar
events.out.tfevents.1776294211.15e97987a4b5.21254.0,train/epoch,550,1776326682.348706,2.1239709854125977,scalar
events.out.tfevents.1776294211.15e97987a4b5.21254.0,train/epoch,555,1776326974.013732,2.143341302871704,scalar
events.out.tfevents.1776294211.15e97987a4b5.21254.0,train/epoch,560,1776327262.5214896,2.1627118587493896,scalar
events.out.tfevents.1776294211.15e97987a4b5.21254.0,train/epoch,560,1776327276.2317166,2.1627118587493896,scalar
events.out.tfevents.1776294211.15e97987a4b5.21254.0,train/epoch,565,1776327566.405414,2.182082414627075,scalar
events.out.tfevents.1776294211.15e97987a4b5.21254.0,train/epoch,570,1776327862.756781,2.2014527320861816,scalar
events.out.tfevents.1776294211.15e97987a4b5.21254.0,train/epoch,570,1776327876.3787944,2.2014527320861816,scalar
events.out.tfevents.1776294211.15e97987a4b5.21254.0,train/epoch,575,1776328166.2762911,2.220823287963867,scalar
events.out.tfevents.1776294211.15e97987a4b5.21254.0,train/epoch,580,1776328453.9208384,2.2401936054229736,scalar
events.out.tfevents.1776294211.15e97987a4b5.21254.0,train/epoch,580,1776328467.577797,2.2401936054229736,scalar
events.out.tfevents.1776294211.15e97987a4b5.21254.0,train/epoch,585,1776328755.7874777,2.259564161300659,scalar
events.out.tfevents.1776294211.15e97987a4b5.21254.0,train/epoch,590,1776329048.7876089,2.2789347171783447,scalar
events.out.tfevents.1776294211.15e97987a4b5.21254.0,train/epoch,590,1776329062.7609987,2.2789347171783447,scalar
events.out.tfevents.1776294211.15e97987a4b5.21254.0,train/epoch,595,1776329352.9827468,2.298305034637451,scalar
events.out.tfevents.1776294211.15e97987a4b5.21254.0,train/epoch,600,1776329643.421748,2.3176755905151367,scalar
events.out.tfevents.1776294211.15e97987a4b5.21254.0,train/epoch,600,1776329657.0753176,2.3176755905151367,scalar
events.out.tfevents.1776294211.15e97987a4b5.21254.0,train/epoch,605,1776329944.3063846,2.337045907974243,scalar
events.out.tfevents.1776294211.15e97987a4b5.21254.0,train/epoch,610,1776330239.698274,2.3564164638519287,scalar
events.out.tfevents.1776294211.15e97987a4b5.21254.0,train/epoch,610,1776330253.3683233,2.3564164638519287,scalar
events.out.tfevents.1776294211.15e97987a4b5.21254.0,train/epoch,615,1776330539.2314394,2.3757870197296143,scalar
events.out.tfevents.1776294211.15e97987a4b5.21254.0,train/epoch,620,1776330826.8273163,2.3951573371887207,scalar
events.out.tfevents.1776294211.15e97987a4b5.21254.0,train/epoch,620,1776330840.5370774,2.3951573371887207,scalar
events.out.tfevents.1776294211.15e97987a4b5.21254.0,train/epoch,625,1776331127.0990884,2.4145278930664062,scalar
events.out.tfevents.1776294211.15e97987a4b5.21254.0,train/epoch,630,1776331419.7614439,2.4338982105255127,scalar
events.out.tfevents.1776294211.15e97987a4b5.21254.0,train/epoch,630,1776331433.38338,2.4338982105255127,scalar
events.out.tfevents.1776294211.15e97987a4b5.21254.0,train/epoch,635,1776331725.041849,2.4532687664031982,scalar
events.out.tfevents.1776294211.15e97987a4b5.21254.0,train/epoch,640,1776332016.4381618,2.472639322280884,scalar
events.out.tfevents.1776294211.15e97987a4b5.21254.0,train/epoch,640,1776332030.1540911,2.472639322280884,scalar
events.out.tfevents.1776294211.15e97987a4b5.21254.0,train/epoch,645,1776332319.0563788,2.4920096397399902,scalar
events.out.tfevents.1776294211.15e97987a4b5.21254.0,train/epoch,650,1776332612.7724004,2.511380195617676,scalar
events.out.tfevents.1776294211.15e97987a4b5.21254.0,train/epoch,650,1776332626.4421,2.511380195617676,scalar
events.out.tfevents.1776294211.15e97987a4b5.21254.0,train/epoch,655,1776332910.7195947,2.5307505130767822,scalar
events.out.tfevents.1776294211.15e97987a4b5.21254.0,train/epoch,660,1776333195.8086588,2.5501210689544678,scalar
events.out.tfevents.1776294211.15e97987a4b5.21254.0,train/epoch,660,1776333209.4984562,2.5501210689544678,scalar
events.out.tfevents.1776294211.15e97987a4b5.21254.0,train/epoch,665,1776333496.8619707,2.5694916248321533,scalar
events.out.tfevents.1776294211.15e97987a4b5.21254.0,train/epoch,670,1776333781.1568012,2.5888619422912598,scalar
events.out.tfevents.1776294211.15e97987a4b5.21254.0,train/epoch,670,1776333794.8321836,2.5888619422912598,scalar
events.out.tfevents.1776294211.15e97987a4b5.21254.0,train/epoch,675,1776334086.108461,2.6082324981689453,scalar
events.out.tfevents.1776294211.15e97987a4b5.21254.0,train/epoch,680,1776334373.9044166,2.6276028156280518,scalar
events.out.tfevents.1776294211.15e97987a4b5.21254.0,train/epoch,680,1776334387.5459363,2.6276028156280518,scalar
events.out.tfevents.1776294211.15e97987a4b5.21254.0,train/epoch,685,1776334675.5746272,2.6469733715057373,scalar
events.out.tfevents.1776294211.15e97987a4b5.21254.0,train/epoch,690,1776334967.5168467,2.666343927383423,scalar
events.out.tfevents.1776294211.15e97987a4b5.21254.0,train/epoch,690,1776334981.190987,2.666343927383423,scalar
events.out.tfevents.1776294211.15e97987a4b5.21254.0,train/epoch,695,1776335269.5883029,2.6857142448425293,scalar
events.out.tfevents.1776294211.15e97987a4b5.21254.0,train/epoch,700,1776335557.3761134,2.705084800720215,scalar
events.out.tfevents.1776294211.15e97987a4b5.21254.0,train/epoch,700,1776335571.3379583,2.705084800720215,scalar
events.out.tfevents.1776294211.15e97987a4b5.21254.0,train/epoch,705,1776335863.1971958,2.7244551181793213,scalar
events.out.tfevents.1776294211.15e97987a4b5.21254.0,train/epoch,710,1776336155.5564864,2.743825674057007,scalar
events.out.tfevents.1776294211.15e97987a4b5.21254.0,train/epoch,710,1776336169.2603102,2.743825674057007,scalar
events.out.tfevents.1776294211.15e97987a4b5.21254.0,train/epoch,715,1776336454.8417857,2.7631962299346924,scalar
events.out.tfevents.1776294211.15e97987a4b5.21254.0,train/epoch,720,1776336744.5749197,2.782566547393799,scalar
events.out.tfevents.1776294211.15e97987a4b5.21254.0,train/epoch,720,1776336758.2744591,2.782566547393799,scalar
events.out.tfevents.1776294211.15e97987a4b5.21254.0,train/epoch,725,1776337045.2564034,2.8019371032714844,scalar
events.out.tfevents.1776294211.15e97987a4b5.21254.0,train/epoch,730,1776337336.3029447,2.821307420730591,scalar
events.out.tfevents.1776294211.15e97987a4b5.21254.0,train/epoch,730,1776337349.9825807,2.821307420730591,scalar
events.out.tfevents.1776294211.15e97987a4b5.21254.0,train/epoch,735,1776337646.56672,2.8406779766082764,scalar
events.out.tfevents.1776294211.15e97987a4b5.21254.0,train/epoch,740,1776337936.6844041,2.860048532485962,scalar
events.out.tfevents.1776294211.15e97987a4b5.21254.0,train/epoch,740,1776337950.3425672,2.860048532485962,scalar
events.out.tfevents.1776294211.15e97987a4b5.21254.0,train/epoch,745,1776338239.9756885,2.8794188499450684,scalar
events.out.tfevents.1776294211.15e97987a4b5.21254.0,train/epoch,750,1776338524.8931632,2.898789405822754,scalar
events.out.tfevents.1776294211.15e97987a4b5.21254.0,train/epoch,750,1776338538.544692,2.898789405822754,scalar
events.out.tfevents.1776294211.15e97987a4b5.21254.0,train/epoch,755,1776338827.0107887,2.9181597232818604,scalar
events.out.tfevents.1776294211.15e97987a4b5.21254.0,train/epoch,760,1776339115.027433,2.937530279159546,scalar
events.out.tfevents.1776294211.15e97987a4b5.21254.0,train/epoch,760,1776339128.7352698,2.937530279159546,scalar
events.out.tfevents.1776294211.15e97987a4b5.21254.0,train/epoch,765,1776339420.0793936,2.9569008350372314,scalar
events.out.tfevents.1776294211.15e97987a4b5.21254.0,train/epoch,770,1776339710.7799163,2.976271152496338,scalar
events.out.tfevents.1776294211.15e97987a4b5.21254.0,train/epoch,770,1776339724.471445,2.976271152496338,scalar
events.out.tfevents.1776294211.15e97987a4b5.21254.0,train/epoch,775,1776340012.0379164,2.9956417083740234,scalar
events.out.tfevents.1776294211.15e97987a4b5.21254.0,train/epoch,780,1776340280.663609,3.011622190475464,scalar
events.out.tfevents.1776294211.15e97987a4b5.21254.0,train/epoch,780,1776340294.3080301,3.011622190475464,scalar
events.out.tfevents.1776294211.15e97987a4b5.21254.0,train/epoch,785,1776340587.9291108,3.0309927463531494,scalar
events.out.tfevents.1776294211.15e97987a4b5.21254.0,train/epoch,790,1776340877.7143195,3.050363302230835,scalar
events.out.tfevents.1776294211.15e97987a4b5.21254.0,train/epoch,790,1776340891.4768345,3.050363302230835,scalar
events.out.tfevents.1776294211.15e97987a4b5.21254.0,train/epoch,795,1776341175.8823452,3.0697336196899414,scalar
events.out.tfevents.1776294211.15e97987a4b5.21254.0,train/epoch,800,1776341465.9190905,3.089104175567627,scalar
events.out.tfevents.1776294211.15e97987a4b5.21254.0,train/epoch,800,1776341479.6459649,3.089104175567627,scalar
events.out.tfevents.1776294211.15e97987a4b5.21254.0,train/epoch,805,1776341766.9645548,3.1084744930267334,scalar
events.out.tfevents.1776294211.15e97987a4b5.21254.0,train/epoch,810,1776342062.5019352,3.127845048904419,scalar
events.out.tfevents.1776294211.15e97987a4b5.21254.0,train/epoch,810,1776342076.5235293,3.127845048904419,scalar
events.out.tfevents.1776294211.15e97987a4b5.21254.0,train/epoch,815,1776342369.5757358,3.1472156047821045,scalar
events.out.tfevents.1776294211.15e97987a4b5.21254.0,train/epoch,820,1776342656.1277187,3.166585922241211,scalar
events.out.tfevents.1776294211.15e97987a4b5.21254.0,train/epoch,820,1776342669.802134,3.166585922241211,scalar
events.out.tfevents.1776294211.15e97987a4b5.21254.0,train/epoch,825,1776342958.2750924,3.1859564781188965,scalar
events.out.tfevents.1776294211.15e97987a4b5.21254.0,train/epoch,830,1776343244.843495,3.205326795578003,scalar
events.out.tfevents.1776294211.15e97987a4b5.21254.0,train/epoch,830,1776343258.590806,3.205326795578003,scalar
events.out.tfevents.1776294211.15e97987a4b5.21254.0,train/epoch,835,1776343553.0008054,3.2246973514556885,scalar
events.out.tfevents.1776294211.15e97987a4b5.21254.0,train/epoch,840,1776343842.5544503,3.244067907333374,scalar
events.out.tfevents.1776294211.15e97987a4b5.21254.0,train/epoch,840,1776343856.2310572,3.244067907333374,scalar
events.out.tfevents.1776294211.15e97987a4b5.21254.0,train/epoch,845,1776344141.285783,3.2634382247924805,scalar
events.out.tfevents.1776294211.15e97987a4b5.21254.0,train/epoch,850,1776344429.302572,3.282808780670166,scalar
events.out.tfevents.1776294211.15e97987a4b5.21254.0,train/epoch,850,1776344442.9644792,3.282808780670166,scalar
events.out.tfevents.1776294211.15e97987a4b5.21254.0,train/epoch,855,1776344727.9398267,3.3021790981292725,scalar
events.out.tfevents.1776294211.15e97987a4b5.21254.0,train/epoch,860,1776345016.8844857,3.321549654006958,scalar
events.out.tfevents.1776294211.15e97987a4b5.21254.0,train/epoch,860,1776345030.554489,3.321549654006958,scalar
events.out.tfevents.1776294211.15e97987a4b5.21254.0,train/epoch,865,1776345322.3383942,3.3409202098846436,scalar
events.out.tfevents.1776294211.15e97987a4b5.21254.0,train/epoch,870,1776345620.963202,3.36029052734375,scalar
events.out.tfevents.1776294211.15e97987a4b5.21254.0,train/epoch,870,1776345634.6833282,3.36029052734375,scalar
events.out.tfevents.1776294211.15e97987a4b5.21254.0,train/epoch,875,1776345920.9381268,3.3796610832214355,scalar
events.out.tfevents.1776294211.15e97987a4b5.21254.0,train/epoch,880,1776346209.399939,3.399031400680542,scalar
events.out.tfevents.1776294211.15e97987a4b5.21254.0,train/epoch,880,1776346223.0543044,3.399031400680542,scalar
events.out.tfevents.1776294211.15e97987a4b5.21254.0,train/epoch,885,1776346514.2003508,3.4184019565582275,scalar
events.out.tfevents.1776294211.15e97987a4b5.21254.0,train/epoch,890,1776346808.7361445,3.437772512435913,scalar
events.out.tfevents.1776294211.15e97987a4b5.21254.0,train/epoch,890,1776346822.6985173,3.437772512435913,scalar
events.out.tfevents.1776294211.15e97987a4b5.21254.0,train/epoch,895,1776347116.2924998,3.4571428298950195,scalar
events.out.tfevents.1776294211.15e97987a4b5.21254.0,train/epoch,900,1776347403.3678155,3.476513385772705,scalar
events.out.tfevents.1776294211.15e97987a4b5.21254.0,train/epoch,900,1776347417.064523,3.476513385772705,scalar
events.out.tfevents.1776294211.15e97987a4b5.21254.0,train/epoch,905,1776347703.0797496,3.4958837032318115,scalar
events.out.tfevents.1776294211.15e97987a4b5.21254.0,train/epoch,910,1776347988.3005452,3.515254259109497,scalar
events.out.tfevents.1776294211.15e97987a4b5.21254.0,train/epoch,910,1776348006.117163,3.515254259109497,scalar
events.out.tfevents.1776294211.15e97987a4b5.21254.0,train/epoch,915,1776348302.0768259,3.5346248149871826,scalar
events.out.tfevents.1776294211.15e97987a4b5.21254.0,train/epoch,920,1776348589.442697,3.553995132446289,scalar
events.out.tfevents.1776294211.15e97987a4b5.21254.0,train/epoch,920,1776348603.4740837,3.553995132446289,scalar
events.out.tfevents.1776294211.15e97987a4b5.21254.0,train/epoch,925,1776348899.5607107,3.5733656883239746,scalar
events.out.tfevents.1776294211.15e97987a4b5.21254.0,train/epoch,930,1776349187.4274044,3.592736005783081,scalar
events.out.tfevents.1776294211.15e97987a4b5.21254.0,train/epoch,930,1776349201.0721571,3.592736005783081,scalar
events.out.tfevents.1776294211.15e97987a4b5.21254.0,train/epoch,935,1776349490.9906425,3.6121065616607666,scalar
events.out.tfevents.1776294211.15e97987a4b5.21254.0,train/epoch,940,1776349784.359259,3.631476879119873,scalar
events.out.tfevents.1776294211.15e97987a4b5.21254.0,train/epoch,940,1776349798.078533,3.631476879119873,scalar
events.out.tfevents.1776294211.15e97987a4b5.21254.0,train/epoch,945,1776350087.5875092,3.6508474349975586,scalar
events.out.tfevents.1776294211.15e97987a4b5.21254.0,train/epoch,950,1776350376.5017984,3.670217990875244,scalar
events.out.tfevents.1776294211.15e97987a4b5.21254.0,train/epoch,950,1776350390.1911662,3.670217990875244,scalar
events.out.tfevents.1776294211.15e97987a4b5.21254.0,train/epoch,955,1776350676.4340332,3.6895883083343506,scalar
events.out.tfevents.1776294211.15e97987a4b5.21254.0,train/epoch,960,1776350964.7874088,3.708958864212036,scalar
events.out.tfevents.1776294211.15e97987a4b5.21254.0,train/epoch,960,1776350978.4974377,3.708958864212036,scalar
events.out.tfevents.1776294211.15e97987a4b5.21254.0,train/epoch,965,1776351269.37036,3.7283291816711426,scalar
events.out.tfevents.1776294211.15e97987a4b5.21254.0,train/epoch,970,1776351562.8434153,3.747699737548828,scalar
events.out.tfevents.1776294211.15e97987a4b5.21254.0,train/epoch,970,1776351576.9630487,3.747699737548828,scalar
events.out.tfevents.1776294211.15e97987a4b5.21254.0,train/epoch,975,1776351866.5087125,3.7670702934265137,scalar
events.out.tfevents.1776294211.15e97987a4b5.21254.0,train/epoch,980,1776352155.5181274,3.78644061088562,scalar
events.out.tfevents.1776294211.15e97987a4b5.21254.0,train/epoch,980,1776352169.2340503,3.78644061088562,scalar
events.out.tfevents.1776294211.15e97987a4b5.21254.0,train/epoch,985,1776352462.9413643,3.8058111667633057,scalar
events.out.tfevents.1776294211.15e97987a4b5.21254.0,train/epoch,990,1776352752.1802547,3.825181484222412,scalar
events.out.tfevents.1776294211.15e97987a4b5.21254.0,train/epoch,990,1776352765.9323676,3.825181484222412,scalar
events.out.tfevents.1776294211.15e97987a4b5.21254.0,train/epoch,995,1776353055.4377146,3.8445520401000977,scalar
events.out.tfevents.1776294211.15e97987a4b5.21254.0,train/epoch,1000,1776353350.7218823,3.863922595977783,scalar
events.out.tfevents.1776294211.15e97987a4b5.21254.0,train/epoch,1000,1776353364.453362,3.863922595977783,scalar
events.out.tfevents.1776294211.15e97987a4b5.21254.0,train/epoch,1005,1776353655.2464793,3.8832929134368896,scalar
events.out.tfevents.1776294211.15e97987a4b5.21254.0,train/epoch,1010,1776353947.7308342,3.902663469314575,scalar
events.out.tfevents.1776294211.15e97987a4b5.21254.0,train/epoch,1010,1776353961.427389,3.902663469314575,scalar
events.out.tfevents.1776294211.15e97987a4b5.21254.0,train/epoch,1015,1776354245.970447,3.9220337867736816,scalar
events.out.tfevents.1776294211.15e97987a4b5.21254.0,train/epoch,1020,1776354528.5775223,3.941404342651367,scalar
events.out.tfevents.1776294211.15e97987a4b5.21254.0,train/epoch,1020,1776354542.275768,3.941404342651367,scalar
events.out.tfevents.1776294211.15e97987a4b5.21254.0,train/epoch,1025,1776354831.6381865,3.9607748985290527,scalar
events.out.tfevents.1776294211.15e97987a4b5.21254.0,train/epoch,1030,1776355121.4813452,3.980145215988159,scalar
events.out.tfevents.1776294211.15e97987a4b5.21254.0,train/epoch,1030,1776355135.14605,3.980145215988159,scalar
events.out.tfevents.1776294211.15e97987a4b5.21254.0,train/epoch,1035,1776355426.3962133,3.9995157718658447,scalar
events.out.tfevents.1776294211.15e97987a4b5.21254.0,train/epoch,1040,1776355696.4629724,4.015496253967285,scalar
events.out.tfevents.1776294211.15e97987a4b5.21254.0,train/epoch,1040,1776355710.1384473,4.015496253967285,scalar
events.out.tfevents.1776294211.15e97987a4b5.21254.0,train/epoch,1045,1776356000.0918539,4.034866809844971,scalar
events.out.tfevents.1776294211.15e97987a4b5.21254.0,train/epoch,1050,1776356289.2775207,4.054237365722656,scalar
events.out.tfevents.1776294211.15e97987a4b5.21254.0,train/epoch,1050,1776356303.0391767,4.054237365722656,scalar
events.out.tfevents.1776294211.15e97987a4b5.21254.0,train/epoch,1055,1776356588.1141915,4.073607921600342,scalar
events.out.tfevents.1776294211.15e97987a4b5.21254.0,train/epoch,1060,1776356879.378447,4.092978000640869,scalar
events.out.tfevents.1776294211.15e97987a4b5.21254.0,train/epoch,1060,1776356893.1060815,4.092978000640869,scalar
events.out.tfevents.1776294211.15e97987a4b5.21254.0,train/epoch,1065,1776357179.3631248,4.112348556518555,scalar
events.out.tfevents.1776294211.15e97987a4b5.21254.0,train/epoch,1070,1776357465.6341305,4.13171911239624,scalar
events.out.tfevents.1776294211.15e97987a4b5.21254.0,train/epoch,1070,1776357479.3401797,4.13171911239624,scalar
events.out.tfevents.1776294211.15e97987a4b5.21254.0,train/epoch,1075,1776357765.3203661,4.151089668273926,scalar
events.out.tfevents.1776294211.15e97987a4b5.21254.0,train/epoch,1080,1776358052.2651064,4.170460224151611,scalar
events.out.tfevents.1776294211.15e97987a4b5.21254.0,train/epoch,1080,1776358065.9833808,4.170460224151611,scalar
events.out.tfevents.1776294211.15e97987a4b5.21254.0,train/epoch,1085,1776358352.7113495,4.189830303192139,scalar
events.out.tfevents.1776294211.15e97987a4b5.21254.0,train/epoch,1090,1776358643.496405,4.209200859069824,scalar
events.out.tfevents.1776294211.15e97987a4b5.21254.0,train/epoch,1090,1776358657.1962738,4.209200859069824,scalar
events.out.tfevents.1776294211.15e97987a4b5.21254.0,train/epoch,1095,1776358946.7531374,4.22857141494751,scalar
events.out.tfevents.1776294211.15e97987a4b5.21254.0,train/epoch,1100,1776359235.9444344,4.247941970825195,scalar
events.out.tfevents.1776294211.15e97987a4b5.21254.0,train/epoch,1100,1776359249.6938393,4.247941970825195,scalar
events.out.tfevents.1776294211.15e97987a4b5.21254.0,train/epoch,1105,1776359539.3378181,4.267312526702881,scalar
events.out.tfevents.1776294211.15e97987a4b5.21254.0,train/epoch,1110,1776359827.2799802,4.286682605743408,scalar
events.out.tfevents.1776294211.15e97987a4b5.21254.0,train/epoch,1110,1776359841.0238047,4.286682605743408,scalar
events.out.tfevents.1776294211.15e97987a4b5.21254.0,train/epoch,1115,1776360131.1080844,4.306053161621094,scalar
events.out.tfevents.1776294211.15e97987a4b5.21254.0,train/epoch,1120,1776360419.0894938,4.325423717498779,scalar
events.out.tfevents.1776294211.15e97987a4b5.21254.0,train/epoch,1120,1776360432.739099,4.325423717498779,scalar
events.out.tfevents.1776294211.15e97987a4b5.21254.0,train/epoch,1125,1776360728.9782104,4.344794273376465,scalar
events.out.tfevents.1776294211.15e97987a4b5.21254.0,train/epoch,1130,1776361024.3771174,4.36416482925415,scalar
events.out.tfevents.1776294211.15e97987a4b5.21254.0,train/epoch,1130,1776361038.0559573,4.36416482925415,scalar
events.out.tfevents.1776294211.15e97987a4b5.21254.0,train/epoch,1135,1776361328.579652,4.383534908294678,scalar
events.out.tfevents.1776294211.15e97987a4b5.21254.0,train/epoch,1140,1776361615.6408973,4.402905464172363,scalar
events.out.tfevents.1776294211.15e97987a4b5.21254.0,train/epoch,1140,1776361629.3525007,4.402905464172363,scalar
events.out.tfevents.1776294211.15e97987a4b5.21254.0,train/epoch,1145,1776361919.236989,4.422276020050049,scalar
events.out.tfevents.1776294211.15e97987a4b5.21254.0,train/epoch,1150,1776362211.1635373,4.441646575927734,scalar
events.out.tfevents.1776294211.15e97987a4b5.21254.0,train/epoch,1150,1776362224.9083757,4.441646575927734,scalar
events.out.tfevents.1776294211.15e97987a4b5.21254.0,train/epoch,1155,1776362510.307283,4.46101713180542,scalar
events.out.tfevents.1776294211.15e97987a4b5.21254.0,train/epoch,1160,1776362801.0451262,4.480387210845947,scalar
events.out.tfevents.1776294211.15e97987a4b5.21254.0,train/epoch,1160,1776362814.7914202,4.480387210845947,scalar
events.out.tfevents.1776294211.15e97987a4b5.21254.0,train/epoch,1165,1776363106.3959317,4.499757766723633,scalar
events.out.tfevents.1776294211.15e97987a4b5.21254.0,train/epoch,1170,1776363396.567004,4.519128322601318,scalar
events.out.tfevents.1776294211.15e97987a4b5.21254.0,train/epoch,1170,1776363410.31716,4.519128322601318,scalar
events.out.tfevents.1776294211.15e97987a4b5.21254.0,train/epoch,1175,1776363698.1773844,4.538498878479004,scalar
events.out.tfevents.1776294211.15e97987a4b5.21254.0,train/epoch,1180,1776363987.161701,4.5578694343566895,scalar
events.out.tfevents.1776294211.15e97987a4b5.21254.0,train/epoch,1180,1776364000.92817,4.5578694343566895,scalar
events.out.tfevents.1776294211.15e97987a4b5.21254.0,train/epoch,1185,1776364292.7791157,4.577239513397217,scalar
events.out.tfevents.1776294211.15e97987a4b5.21254.0,train/epoch,1190,1776364579.2385077,4.596610069274902,scalar
events.out.tfevents.1776294211.15e97987a4b5.21254.0,train/epoch,1190,1776364592.9440403,4.596610069274902,scalar
events.out.tfevents.1776294211.15e97987a4b5.21254.0,train/epoch,1195,1776364885.1015213,4.615980625152588,scalar
events.out.tfevents.1776294211.15e97987a4b5.21254.0,train/epoch,1200,1776365171.9003959,4.635351181030273,scalar
events.out.tfevents.1776294211.15e97987a4b5.21254.0,train/epoch,1200,1776365185.5415394,4.635351181030273,scalar
events.out.tfevents.1776294211.15e97987a4b5.21254.0,train/epoch,1205,1776365476.1650555,4.654721736907959,scalar
events.out.tfevents.1776294211.15e97987a4b5.21254.0,train/epoch,1210,1776365765.937953,4.674091815948486,scalar
events.out.tfevents.1776294211.15e97987a4b5.21254.0,train/epoch,1210,1776365779.6448035,4.674091815948486,scalar
events.out.tfevents.1776294211.15e97987a4b5.21254.0,train/epoch,1215,1776366071.5135837,4.693462371826172,scalar
events.out.tfevents.1776294211.15e97987a4b5.21254.0,train/epoch,1220,1776366358.4787004,4.712832927703857,scalar
events.out.tfevents.1776294211.15e97987a4b5.21254.0,train/epoch,1220,1776366372.1519997,4.712832927703857,scalar
events.out.tfevents.1776294211.15e97987a4b5.21254.0,train/epoch,1225,1776366661.0661008,4.732203483581543,scalar
events.out.tfevents.1776294211.15e97987a4b5.21254.0,train/epoch,1230,1776366948.7633846,4.7515740394592285,scalar
events.out.tfevents.1776294211.15e97987a4b5.21254.0,train/epoch,1230,1776366962.4930577,4.7515740394592285,scalar
events.out.tfevents.1776294211.15e97987a4b5.21254.0,train/epoch,1235,1776367248.4411542,4.770944118499756,scalar
events.out.tfevents.1776294211.15e97987a4b5.21254.0,train/epoch,1240,1776367536.1565342,4.790314674377441,scalar
events.out.tfevents.1776294211.15e97987a4b5.21254.0,train/epoch,1240,1776367549.832617,4.790314674377441,scalar
events.out.tfevents.1776294211.15e97987a4b5.21254.0,train/epoch,1245,1776367840.9557793,4.809685230255127,scalar
events.out.tfevents.1776294211.15e97987a4b5.21254.0,train/epoch,1250,1776368132.278441,4.8290557861328125,scalar
events.out.tfevents.1776294211.15e97987a4b5.21254.0,train/epoch,1250,1776368145.9983258,4.8290557861328125,scalar
events.out.tfevents.1776294211.15e97987a4b5.21254.0,train/epoch,1255,1776368435.0502918,4.848426342010498,scalar
events.out.tfevents.1776294211.15e97987a4b5.21254.0,train/epoch,1260,1776368723.3944428,4.867796421051025,scalar
events.out.tfevents.1776294211.15e97987a4b5.21254.0,train/epoch,1260,1776368737.108024,4.867796421051025,scalar
events.out.tfevents.1776294211.15e97987a4b5.21254.0,train/epoch,1265,1776369027.9010017,4.887166976928711,scalar
events.out.tfevents.1776294211.15e97987a4b5.21254.0,train/epoch,1270,1776369319.0588887,4.9065375328063965,scalar
events.out.tfevents.1776294211.15e97987a4b5.21254.0,train/epoch,1270,1776369333.3575861,4.9065375328063965,scalar
events.out.tfevents.1776294211.15e97987a4b5.21254.0,train/epoch,1275,1776369622.7122588,4.925908088684082,scalar
events.out.tfevents.1776294211.15e97987a4b5.21254.0,train/epoch,1280,1776369909.051053,4.945278644561768,scalar
events.out.tfevents.1776294211.15e97987a4b5.21254.0,train/epoch,1280,1776369922.8028865,4.945278644561768,scalar
events.out.tfevents.1776294211.15e97987a4b5.21254.0,train/epoch,1285,1776370208.0384786,4.964648723602295,scalar
events.out.tfevents.1776294211.15e97987a4b5.21254.0,train/epoch,1290,1776370501.9477038,4.9840192794799805,scalar
events.out.tfevents.1776294211.15e97987a4b5.21254.0,train/epoch,1290,1776370515.6814635,4.9840192794799805,scalar
events.out.tfevents.1776294211.15e97987a4b5.21254.0,train/epoch,1295,1776370754.3035471,5.0,scalar
events.out.tfevents.1776294211.15e97987a4b5.21254.0,train/epoch,1295,1776370768.2458727,5.0,scalar
events.out.tfevents.1776294211.15e97987a4b5.21254.0,train/epoch,1295,1776370798.1390123,5.0,scalar
events.out.tfevents.1776294211.15e97987a4b5.21254.0,eval/loss,10,1776294800.5820496,1.4489496946334839,scalar
events.out.tfevents.1776294211.15e97987a4b5.21254.0,eval/loss,20,1776295394.6198132,0.7091252207756042,scalar
events.out.tfevents.1776294211.15e97987a4b5.21254.0,eval/loss,30,1776295979.3581383,0.38502267003059387,scalar
events.out.tfevents.1776294211.15e97987a4b5.21254.0,eval/loss,40,1776296570.668729,0.3071761131286621,scalar
events.out.tfevents.1776294211.15e97987a4b5.21254.0,eval/loss,50,1776297165.1953585,0.28957024216651917,scalar
events.out.tfevents.1776294211.15e97987a4b5.21254.0,eval/loss,60,1776297760.138747,0.27602627873420715,scalar
events.out.tfevents.1776294211.15e97987a4b5.21254.0,eval/loss,70,1776298347.757652,0.26807907223701477,scalar
events.out.tfevents.1776294211.15e97987a4b5.21254.0,eval/loss,80,1776298929.9889667,0.262485533952713,scalar
events.out.tfevents.1776294211.15e97987a4b5.21254.0,eval/loss,90,1776299513.1667297,0.2597716152667999,scalar
events.out.tfevents.1776294211.15e97987a4b5.21254.0,eval/loss,100,1776300099.6215253,0.254238486289978,scalar
events.out.tfevents.1776294211.15e97987a4b5.21254.0,eval/loss,110,1776300696.3721662,0.25166481733322144,scalar
events.out.tfevents.1776294211.15e97987a4b5.21254.0,eval/loss,120,1776301283.4617944,0.25064513087272644,scalar
events.out.tfevents.1776294211.15e97987a4b5.21254.0,eval/loss,130,1776301871.1856225,0.24738000333309174,scalar
events.out.tfevents.1776294211.15e97987a4b5.21254.0,eval/loss,140,1776302459.0400352,0.2446248084306717,scalar
events.out.tfevents.1776294211.15e97987a4b5.21254.0,eval/loss,150,1776303047.1108098,0.24167409539222717,scalar
events.out.tfevents.1776294211.15e97987a4b5.21254.0,eval/loss,160,1776303636.8791895,0.23881205916404724,scalar
events.out.tfevents.1776294211.15e97987a4b5.21254.0,eval/loss,170,1776304222.3703504,0.23890727758407593,scalar
events.out.tfevents.1776294211.15e97987a4b5.21254.0,eval/loss,180,1776304818.9515536,0.23864853382110596,scalar
events.out.tfevents.1776294211.15e97987a4b5.21254.0,eval/loss,190,1776305415.1268709,0.23733097314834595,scalar
events.out.tfevents.1776294211.15e97987a4b5.21254.0,eval/loss,200,1776306013.0892873,0.23633112013339996,scalar
events.out.tfevents.1776294211.15e97987a4b5.21254.0,eval/loss,210,1776306603.6478138,0.2378745973110199,scalar
events.out.tfevents.1776294211.15e97987a4b5.21254.0,eval/loss,220,1776307198.5431447,0.23323427140712738,scalar
events.out.tfevents.1776294211.15e97987a4b5.21254.0,eval/loss,230,1776307785.1320834,0.23280084133148193,scalar
events.out.tfevents.1776294211.15e97987a4b5.21254.0,eval/loss,240,1776308379.8236878,0.2308119833469391,scalar
events.out.tfevents.1776294211.15e97987a4b5.21254.0,eval/loss,250,1776308967.242275,0.23178869485855103,scalar
events.out.tfevents.1776294211.15e97987a4b5.21254.0,eval/loss,260,1776309532.496766,0.2325831651687622,scalar
events.out.tfevents.1776294211.15e97987a4b5.21254.0,eval/loss,270,1776310123.584878,0.23082725703716278,scalar
events.out.tfevents.1776294211.15e97987a4b5.21254.0,eval/loss,280,1776310717.1698694,0.22905336320400238,scalar
events.out.tfevents.1776294211.15e97987a4b5.21254.0,eval/loss,290,1776311310.1729708,0.22792091965675354,scalar
events.out.tfevents.1776294211.15e97987a4b5.21254.0,eval/loss,300,1776311903.378209,0.22927936911582947,scalar
events.out.tfevents.1776294211.15e97987a4b5.21254.0,eval/loss,310,1776312487.8250506,0.22610734403133392,scalar
events.out.tfevents.1776294211.15e97987a4b5.21254.0,eval/loss,320,1776313081.1070633,0.22604283690452576,scalar
events.out.tfevents.1776294211.15e97987a4b5.21254.0,eval/loss,330,1776313671.8914216,0.22641819715499878,scalar
events.out.tfevents.1776294211.15e97987a4b5.21254.0,eval/loss,340,1776314263.8688376,0.22426921129226685,scalar
events.out.tfevents.1776294211.15e97987a4b5.21254.0,eval/loss,350,1776314860.3536763,0.2245633453130722,scalar
events.out.tfevents.1776294211.15e97987a4b5.21254.0,eval/loss,360,1776315443.7421763,0.2230716496706009,scalar
events.out.tfevents.1776294211.15e97987a4b5.21254.0,eval/loss,370,1776316038.1728938,0.22282952070236206,scalar
events.out.tfevents.1776294211.15e97987a4b5.21254.0,eval/loss,380,1776316625.1870527,0.22244350612163544,scalar
events.out.tfevents.1776294211.15e97987a4b5.21254.0,eval/loss,390,1776317221.0264187,0.22102545201778412,scalar
events.out.tfevents.1776294211.15e97987a4b5.21254.0,eval/loss,400,1776317813.8287914,0.22127889096736908,scalar
events.out.tfevents.1776294211.15e97987a4b5.21254.0,eval/loss,410,1776318404.1147351,0.22241218388080597,scalar
events.out.tfevents.1776294211.15e97987a4b5.21254.0,eval/loss,420,1776318995.9596746,0.2218380719423294,scalar
events.out.tfevents.1776294211.15e97987a4b5.21254.0,eval/loss,430,1776319586.1457448,0.22037552297115326,scalar
events.out.tfevents.1776294211.15e97987a4b5.21254.0,eval/loss,440,1776320175.519218,0.2189117819070816,scalar
events.out.tfevents.1776294211.15e97987a4b5.21254.0,eval/loss,450,1776320773.3849394,0.21893370151519775,scalar
events.out.tfevents.1776294211.15e97987a4b5.21254.0,eval/loss,460,1776321361.9337692,0.22187328338623047,scalar
events.out.tfevents.1776294211.15e97987a4b5.21254.0,eval/loss,470,1776321958.090761,0.21925798058509827,scalar
events.out.tfevents.1776294211.15e97987a4b5.21254.0,eval/loss,480,1776322548.5724473,0.21779966354370117,scalar
events.out.tfevents.1776294211.15e97987a4b5.21254.0,eval/loss,490,1776323143.3975475,0.2181374877691269,scalar
events.out.tfevents.1776294211.15e97987a4b5.21254.0,eval/loss,500,1776323743.370805,0.2179044783115387,scalar
events.out.tfevents.1776294211.15e97987a4b5.21254.0,eval/loss,510,1776324330.6042511,0.21832790970802307,scalar
events.out.tfevents.1776294211.15e97987a4b5.21254.0,eval/loss,520,1776324900.6446524,0.21794454753398895,scalar
events.out.tfevents.1776294211.15e97987a4b5.21254.0,eval/loss,530,1776325488.4102743,0.21628610789775848,scalar
events.out.tfevents.1776294211.15e97987a4b5.21254.0,eval/loss,540,1776326085.2941005,0.21573461592197418,scalar
events.out.tfevents.1776294211.15e97987a4b5.21254.0,eval/loss,550,1776326682.3486536,0.21599723398685455,scalar
events.out.tfevents.1776294211.15e97987a4b5.21254.0,eval/loss,560,1776327276.2316656,0.21539543569087982,scalar
events.out.tfevents.1776294211.15e97987a4b5.21254.0,eval/loss,570,1776327876.3787422,0.21522104740142822,scalar
events.out.tfevents.1776294211.15e97987a4b5.21254.0,eval/loss,580,1776328467.577747,0.21407881379127502,scalar
events.out.tfevents.1776294211.15e97987a4b5.21254.0,eval/loss,590,1776329062.7609475,0.21444149315357208,scalar
events.out.tfevents.1776294211.15e97987a4b5.21254.0,eval/loss,600,1776329657.0752683,0.21465253829956055,scalar
events.out.tfevents.1776294211.15e97987a4b5.21254.0,eval/loss,610,1776330253.3682723,0.21398574113845825,scalar
events.out.tfevents.1776294211.15e97987a4b5.21254.0,eval/loss,620,1776330840.5370247,0.21324560046195984,scalar
events.out.tfevents.1776294211.15e97987a4b5.21254.0,eval/loss,630,1776331433.383326,0.2157636433839798,scalar
events.out.tfevents.1776294211.15e97987a4b5.21254.0,eval/loss,640,1776332030.1540391,0.2142813503742218,scalar
events.out.tfevents.1776294211.15e97987a4b5.21254.0,eval/loss,650,1776332626.4420497,0.21420800685882568,scalar
events.out.tfevents.1776294211.15e97987a4b5.21254.0,eval/loss,660,1776333209.498406,0.21370042860507965,scalar
events.out.tfevents.1776294211.15e97987a4b5.21254.0,eval/loss,670,1776333794.8321311,0.21255342662334442,scalar
events.out.tfevents.1776294211.15e97987a4b5.21254.0,eval/loss,680,1776334387.545886,0.21278047561645508,scalar
events.out.tfevents.1776294211.15e97987a4b5.21254.0,eval/loss,690,1776334981.1909366,0.2121494710445404,scalar
events.out.tfevents.1776294211.15e97987a4b5.21254.0,eval/loss,700,1776335571.337905,0.21292752027511597,scalar
events.out.tfevents.1776294211.15e97987a4b5.21254.0,eval/loss,710,1776336169.2602603,0.2111813724040985,scalar
events.out.tfevents.1776294211.15e97987a4b5.21254.0,eval/loss,720,1776336758.2744045,0.2129652202129364,scalar
events.out.tfevents.1776294211.15e97987a4b5.21254.0,eval/loss,730,1776337349.98253,0.211689293384552,scalar
events.out.tfevents.1776294211.15e97987a4b5.21254.0,eval/loss,740,1776337950.3425133,0.21117477118968964,scalar
events.out.tfevents.1776294211.15e97987a4b5.21254.0,eval/loss,750,1776338538.5446434,0.21198968589305878,scalar
events.out.tfevents.1776294211.15e97987a4b5.21254.0,eval/loss,760,1776339128.7352178,0.21118369698524475,scalar
events.out.tfevents.1776294211.15e97987a4b5.21254.0,eval/loss,770,1776339724.471395,0.21028375625610352,scalar
events.out.tfevents.1776294211.15e97987a4b5.21254.0,eval/loss,780,1776340294.3079712,0.21006439626216888,scalar
events.out.tfevents.1776294211.15e97987a4b5.21254.0,eval/loss,790,1776340891.476783,0.21048790216445923,scalar
events.out.tfevents.1776294211.15e97987a4b5.21254.0,eval/loss,800,1776341479.6459148,0.21028190851211548,scalar
events.out.tfevents.1776294211.15e97987a4b5.21254.0,eval/loss,810,1776342076.5234807,0.20910146832466125,scalar
events.out.tfevents.1776294211.15e97987a4b5.21254.0,eval/loss,820,1776342669.8020842,0.2092282623052597,scalar
events.out.tfevents.1776294211.15e97987a4b5.21254.0,eval/loss,830,1776343258.5907547,0.21022726595401764,scalar
events.out.tfevents.1776294211.15e97987a4b5.21254.0,eval/loss,840,1776343856.231008,0.20932573080062866,scalar
events.out.tfevents.1776294211.15e97987a4b5.21254.0,eval/loss,850,1776344442.9644258,0.20953841507434845,scalar
events.out.tfevents.1776294211.15e97987a4b5.21254.0,eval/loss,860,1776345030.5544379,0.2092592865228653,scalar
events.out.tfevents.1776294211.15e97987a4b5.21254.0,eval/loss,870,1776345634.6832778,0.20821964740753174,scalar
events.out.tfevents.1776294211.15e97987a4b5.21254.0,eval/loss,880,1776346223.054253,0.2094239592552185,scalar
events.out.tfevents.1776294211.15e97987a4b5.21254.0,eval/loss,890,1776346822.6984675,0.2094969004392624,scalar
events.out.tfevents.1776294211.15e97987a4b5.21254.0,eval/loss,900,1776347417.064473,0.2074049413204193,scalar
events.out.tfevents.1776294211.15e97987a4b5.21254.0,eval/loss,910,1776348006.1171126,0.20793920755386353,scalar
events.out.tfevents.1776294211.15e97987a4b5.21254.0,eval/loss,920,1776348603.474032,0.20888575911521912,scalar
events.out.tfevents.1776294211.15e97987a4b5.21254.0,eval/loss,930,1776349201.072106,0.20848634839057922,scalar
events.out.tfevents.1776294211.15e97987a4b5.21254.0,eval/loss,940,1776349798.078481,0.20751525461673737,scalar
events.out.tfevents.1776294211.15e97987a4b5.21254.0,eval/loss,950,1776350390.1911159,0.20815452933311462,scalar
events.out.tfevents.1776294211.15e97987a4b5.21254.0,eval/loss,960,1776350978.4973896,0.2070930451154709,scalar
events.out.tfevents.1776294211.15e97987a4b5.21254.0,eval/loss,970,1776351576.9629989,0.20767436921596527,scalar
events.out.tfevents.1776294211.15e97987a4b5.21254.0,eval/loss,980,1776352169.2339988,0.2074044644832611,scalar
events.out.tfevents.1776294211.15e97987a4b5.21254.0,eval/loss,990,1776352765.9323146,0.20695838332176208,scalar
events.out.tfevents.1776294211.15e97987a4b5.21254.0,eval/loss,1000,1776353364.4533095,0.20785200595855713,scalar
events.out.tfevents.1776294211.15e97987a4b5.21254.0,eval/loss,1010,1776353961.427337,0.20723137259483337,scalar
events.out.tfevents.1776294211.15e97987a4b5.21254.0,eval/loss,1020,1776354542.2757173,0.2065955102443695,scalar
events.out.tfevents.1776294211.15e97987a4b5.21254.0,eval/loss,1030,1776355135.1459978,0.20695331692695618,scalar
events.out.tfevents.1776294211.15e97987a4b5.21254.0,eval/loss,1040,1776355710.1383953,0.20729351043701172,scalar
events.out.tfevents.1776294211.15e97987a4b5.21254.0,eval/loss,1050,1776356303.039124,0.20579755306243896,scalar
events.out.tfevents.1776294211.15e97987a4b5.21254.0,eval/loss,1060,1776356893.1060321,0.20630455017089844,scalar
events.out.tfevents.1776294211.15e97987a4b5.21254.0,eval/loss,1070,1776357479.3401308,0.2062469869852066,scalar
events.out.tfevents.1776294211.15e97987a4b5.21254.0,eval/loss,1080,1776358065.9833305,0.20560571551322937,scalar
events.out.tfevents.1776294211.15e97987a4b5.21254.0,eval/loss,1090,1776358657.1962235,0.2063649594783783,scalar
events.out.tfevents.1776294211.15e97987a4b5.21254.0,eval/loss,1100,1776359249.6937864,0.20563499629497528,scalar
events.out.tfevents.1776294211.15e97987a4b5.21254.0,eval/loss,1110,1776359841.0237546,0.2059585601091385,scalar
events.out.tfevents.1776294211.15e97987a4b5.21254.0,eval/loss,1120,1776360432.739049,0.20595481991767883,scalar
events.out.tfevents.1776294211.15e97987a4b5.21254.0,eval/loss,1130,1776361038.055905,0.20556141436100006,scalar
events.out.tfevents.1776294211.15e97987a4b5.21254.0,eval/loss,1140,1776361629.3524508,0.20560061931610107,scalar
events.out.tfevents.1776294211.15e97987a4b5.21254.0,eval/loss,1150,1776362224.9083254,0.2060466706752777,scalar
events.out.tfevents.1776294211.15e97987a4b5.21254.0,eval/loss,1160,1776362814.7913687,0.2049074023962021,scalar
events.out.tfevents.1776294211.15e97987a4b5.21254.0,eval/loss,1170,1776363410.31711,0.20526979863643646,scalar
events.out.tfevents.1776294211.15e97987a4b5.21254.0,eval/loss,1180,1776364000.9281192,0.20468951761722565,scalar
events.out.tfevents.1776294211.15e97987a4b5.21254.0,eval/loss,1190,1776364592.9439902,0.20546665787696838,scalar
events.out.tfevents.1776294211.15e97987a4b5.21254.0,eval/loss,1200,1776365185.5414894,0.20515523850917816,scalar
events.out.tfevents.1776294211.15e97987a4b5.21254.0,eval/loss,1210,1776365779.6447513,0.20549780130386353,scalar
events.out.tfevents.1776294211.15e97987a4b5.21254.0,eval/loss,1220,1776366372.1519508,0.20488916337490082,scalar
events.out.tfevents.1776294211.15e97987a4b5.21254.0,eval/loss,1230,1776366962.4930077,0.20464065670967102,scalar
events.out.tfevents.1776294211.15e97987a4b5.21254.0,eval/loss,1240,1776367549.8325667,0.20510195195674896,scalar
events.out.tfevents.1776294211.15e97987a4b5.21254.0,eval/loss,1250,1776368145.998278,0.20481084287166595,scalar
events.out.tfevents.1776294211.15e97987a4b5.21254.0,eval/loss,1260,1776368737.1079707,0.20529289543628693,scalar
events.out.tfevents.1776294211.15e97987a4b5.21254.0,eval/loss,1270,1776369333.3575346,0.20493105053901672,scalar
events.out.tfevents.1776294211.15e97987a4b5.21254.0,eval/loss,1280,1776369922.8028226,0.20496322214603424,scalar
events.out.tfevents.1776294211.15e97987a4b5.21254.0,eval/loss,1290,1776370515.681414,0.20492476224899292,scalar
events.out.tfevents.1776294211.15e97987a4b5.21254.0,eval/loss,1295,1776370768.2458081,0.20524659752845764,scalar
events.out.tfevents.1776294211.15e97987a4b5.21254.0,eval/runtime,10,1776294800.582073,13.650799751281738,scalar
events.out.tfevents.1776294211.15e97987a4b5.21254.0,eval/runtime,20,1776295394.619837,13.633299827575684,scalar
events.out.tfevents.1776294211.15e97987a4b5.21254.0,eval/runtime,30,1776295979.3581614,13.607500076293945,scalar
events.out.tfevents.1776294211.15e97987a4b5.21254.0,eval/runtime,40,1776296570.6687515,13.691699981689453,scalar
events.out.tfevents.1776294211.15e97987a4b5.21254.0,eval/runtime,50,1776297165.1953804,13.696700096130371,scalar
events.out.tfevents.1776294211.15e97987a4b5.21254.0,eval/runtime,60,1776297760.1387691,13.637999534606934,scalar
events.out.tfevents.1776294211.15e97987a4b5.21254.0,eval/runtime,70,1776298347.757673,13.67710018157959,scalar
events.out.tfevents.1776294211.15e97987a4b5.21254.0,eval/runtime,80,1776298929.9889882,13.63070011138916,scalar
events.out.tfevents.1776294211.15e97987a4b5.21254.0,eval/runtime,90,1776299513.1667526,13.63860034942627,scalar
events.out.tfevents.1776294211.15e97987a4b5.21254.0,eval/runtime,100,1776300099.6215487,13.619999885559082,scalar
events.out.tfevents.1776294211.15e97987a4b5.21254.0,eval/runtime,110,1776300696.3721876,13.718099594116211,scalar
events.out.tfevents.1776294211.15e97987a4b5.21254.0,eval/runtime,120,1776301283.461816,13.706299781799316,scalar
events.out.tfevents.1776294211.15e97987a4b5.21254.0,eval/runtime,130,1776301871.185645,13.688799858093262,scalar
events.out.tfevents.1776294211.15e97987a4b5.21254.0,eval/runtime,140,1776302459.0400586,13.749600410461426,scalar
events.out.tfevents.1776294211.15e97987a4b5.21254.0,eval/runtime,150,1776303047.1108332,13.6141996383667,scalar
events.out.tfevents.1776294211.15e97987a4b5.21254.0,eval/runtime,160,1776303636.8792114,13.633899688720703,scalar
events.out.tfevents.1776294211.15e97987a4b5.21254.0,eval/runtime,170,1776304222.3703716,13.626199722290039,scalar
events.out.tfevents.1776294211.15e97987a4b5.21254.0,eval/runtime,180,1776304818.951577,13.671199798583984,scalar
events.out.tfevents.1776294211.15e97987a4b5.21254.0,eval/runtime,190,1776305415.1268926,13.690400123596191,scalar
events.out.tfevents.1776294211.15e97987a4b5.21254.0,eval/runtime,200,1776306013.089309,13.70479965209961,scalar
events.out.tfevents.1776294211.15e97987a4b5.21254.0,eval/runtime,210,1776306603.647836,13.637900352478027,scalar
events.out.tfevents.1776294211.15e97987a4b5.21254.0,eval/runtime,220,1776307198.5431657,13.630399703979492,scalar
events.out.tfevents.1776294211.15e97987a4b5.21254.0,eval/runtime,230,1776307785.1321046,13.69320011138916,scalar
events.out.tfevents.1776294211.15e97987a4b5.21254.0,eval/runtime,240,1776308379.8237088,13.693900108337402,scalar
events.out.tfevents.1776294211.15e97987a4b5.21254.0,eval/runtime,250,1776308967.2422976,13.70740032196045,scalar
events.out.tfevents.1776294211.15e97987a4b5.21254.0,eval/runtime,260,1776309532.4967916,13.651300430297852,scalar
events.out.tfevents.1776294211.15e97987a4b5.21254.0,eval/runtime,270,1776310123.584901,13.67770004272461,scalar
events.out.tfevents.1776294211.15e97987a4b5.21254.0,eval/runtime,280,1776310717.1698916,13.667400360107422,scalar
events.out.tfevents.1776294211.15e97987a4b5.21254.0,eval/runtime,290,1776311310.1729922,13.678400039672852,scalar
events.out.tfevents.1776294211.15e97987a4b5.21254.0,eval/runtime,300,1776311903.3782337,13.743200302124023,scalar
events.out.tfevents.1776294211.15e97987a4b5.21254.0,eval/runtime,310,1776312487.8250737,13.679300308227539,scalar
events.out.tfevents.1776294211.15e97987a4b5.21254.0,eval/runtime,320,1776313081.1070874,13.679400444030762,scalar
events.out.tfevents.1776294211.15e97987a4b5.21254.0,eval/runtime,330,1776313671.891446,13.697099685668945,scalar
events.out.tfevents.1776294211.15e97987a4b5.21254.0,eval/runtime,340,1776314263.8688724,13.70199966430664,scalar
events.out.tfevents.1776294211.15e97987a4b5.21254.0,eval/runtime,350,1776314860.3537,14.337599754333496,scalar
events.out.tfevents.1776294211.15e97987a4b5.21254.0,eval/runtime,360,1776315443.7422001,13.722200393676758,scalar
events.out.tfevents.1776294211.15e97987a4b5.21254.0,eval/runtime,370,1776316038.172916,13.766900062561035,scalar
events.out.tfevents.1776294211.15e97987a4b5.21254.0,eval/runtime,380,1776316625.187075,13.782899856567383,scalar
events.out.tfevents.1776294211.15e97987a4b5.21254.0,eval/runtime,390,1776317221.0264385,14.965499877929688,scalar
events.out.tfevents.1776294211.15e97987a4b5.21254.0,eval/runtime,400,1776317813.8288138,13.742199897766113,scalar
events.out.tfevents.1776294211.15e97987a4b5.21254.0,eval/runtime,410,1776318404.1147585,13.669300079345703,scalar
events.out.tfevents.1776294211.15e97987a4b5.21254.0,eval/runtime,420,1776318995.9596949,14.333999633789062,scalar
events.out.tfevents.1776294211.15e97987a4b5.21254.0,eval/runtime,430,1776319586.1457698,13.642600059509277,scalar
events.out.tfevents.1776294211.15e97987a4b5.21254.0,eval/runtime,440,1776320175.5192413,13.728099822998047,scalar
events.out.tfevents.1776294211.15e97987a4b5.21254.0,eval/runtime,450,1776320773.3849626,13.743900299072266,scalar
events.out.tfevents.1776294211.15e97987a4b5.21254.0,eval/runtime,460,1776321361.9337914,13.654399871826172,scalar
events.out.tfevents.1776294211.15e97987a4b5.21254.0,eval/runtime,470,1776321958.0907829,13.721500396728516,scalar
events.out.tfevents.1776294211.15e97987a4b5.21254.0,eval/runtime,480,1776322548.5724711,13.69890022277832,scalar
events.out.tfevents.1776294211.15e97987a4b5.21254.0,eval/runtime,490,1776323143.3975687,13.687299728393555,scalar
events.out.tfevents.1776294211.15e97987a4b5.21254.0,eval/runtime,500,1776323743.3708293,13.678000450134277,scalar
events.out.tfevents.1776294211.15e97987a4b5.21254.0,eval/runtime,510,1776324330.6042745,13.63290023803711,scalar
events.out.tfevents.1776294211.15e97987a4b5.21254.0,eval/runtime,520,1776324900.6446764,13.66819953918457,scalar
events.out.tfevents.1776294211.15e97987a4b5.21254.0,eval/runtime,530,1776325488.4102972,14.09529972076416,scalar
events.out.tfevents.1776294211.15e97987a4b5.21254.0,eval/runtime,540,1776326085.294122,13.685999870300293,scalar
events.out.tfevents.1776294211.15e97987a4b5.21254.0,eval/runtime,550,1776326682.3486774,13.647100448608398,scalar
events.out.tfevents.1776294211.15e97987a4b5.21254.0,eval/runtime,560,1776327276.231689,13.708999633789062,scalar
events.out.tfevents.1776294211.15e97987a4b5.21254.0,eval/runtime,570,1776327876.378765,13.620699882507324,scalar
events.out.tfevents.1776294211.15e97987a4b5.21254.0,eval/runtime,580,1776328467.5777693,13.655699729919434,scalar
events.out.tfevents.1776294211.15e97987a4b5.21254.0,eval/runtime,590,1776329062.7609706,13.972000122070312,scalar
events.out.tfevents.1776294211.15e97987a4b5.21254.0,eval/runtime,600,1776329657.0752912,13.652299880981445,scalar
events.out.tfevents.1776294211.15e97987a4b5.21254.0,eval/runtime,610,1776330253.368296,13.668700218200684,scalar
events.out.tfevents.1776294211.15e97987a4b5.21254.0,eval/runtime,620,1776330840.5370488,13.708499908447266,scalar
events.out.tfevents.1776294211.15e97987a4b5.21254.0,eval/runtime,630,1776331433.383351,13.620599746704102,scalar
events.out.tfevents.1776294211.15e97987a4b5.21254.0,eval/runtime,640,1776332030.154062,13.714599609375,scalar
events.out.tfevents.1776294211.15e97987a4b5.21254.0,eval/runtime,650,1776332626.442072,13.668399810791016,scalar
events.out.tfevents.1776294211.15e97987a4b5.21254.0,eval/runtime,660,1776333209.4984276,13.68850040435791,scalar
events.out.tfevents.1776294211.15e97987a4b5.21254.0,eval/runtime,670,1776333794.8321555,13.674099922180176,scalar
events.out.tfevents.1776294211.15e97987a4b5.21254.0,eval/runtime,680,1776334387.5459092,13.640199661254883,scalar
events.out.tfevents.1776294211.15e97987a4b5.21254.0,eval/runtime,690,1776334981.1909587,13.672800064086914,scalar
events.out.tfevents.1776294211.15e97987a4b5.21254.0,eval/runtime,700,1776335571.3379278,13.96049976348877,scalar
events.out.tfevents.1776294211.15e97987a4b5.21254.0,eval/runtime,710,1776336169.2602842,13.70259952545166,scalar
events.out.tfevents.1776294211.15e97987a4b5.21254.0,eval/runtime,720,1776336758.2744305,13.698200225830078,scalar
events.out.tfevents.1776294211.15e97987a4b5.21254.0,eval/runtime,730,1776337349.9825544,13.678299903869629,scalar
events.out.tfevents.1776294211.15e97987a4b5.21254.0,eval/runtime,740,1776337950.3425379,13.656800270080566,scalar
events.out.tfevents.1776294211.15e97987a4b5.21254.0,eval/runtime,750,1776338538.5446646,13.650199890136719,scalar
events.out.tfevents.1776294211.15e97987a4b5.21254.0,eval/runtime,760,1776339128.7352407,13.706500053405762,scalar
events.out.tfevents.1776294211.15e97987a4b5.21254.0,eval/runtime,770,1776339724.4714172,13.690299987792969,scalar
events.out.tfevents.1776294211.15e97987a4b5.21254.0,eval/runtime,780,1776340294.3079963,13.643199920654297,scalar
events.out.tfevents.1776294211.15e97987a4b5.21254.0,eval/runtime,790,1776340891.4768069,13.761300086975098,scalar
events.out.tfevents.1776294211.15e97987a4b5.21254.0,eval/runtime,800,1776341479.6459365,13.725500106811523,scalar
events.out.tfevents.1776294211.15e97987a4b5.21254.0,eval/runtime,810,1776342076.5235019,14.020299911499023,scalar
events.out.tfevents.1776294211.15e97987a4b5.21254.0,eval/runtime,820,1776342669.802107,13.673100471496582,scalar
events.out.tfevents.1776294211.15e97987a4b5.21254.0,eval/runtime,830,1776343258.5907776,13.746000289916992,scalar
events.out.tfevents.1776294211.15e97987a4b5.21254.0,eval/runtime,840,1776343856.23103,13.675299644470215,scalar
events.out.tfevents.1776294211.15e97987a4b5.21254.0,eval/runtime,850,1776344442.9644508,13.660699844360352,scalar
events.out.tfevents.1776294211.15e97987a4b5.21254.0,eval/runtime,860,1776345030.5544605,13.668800354003906,scalar
events.out.tfevents.1776294211.15e97987a4b5.21254.0,eval/runtime,870,1776345634.6833,13.718899726867676,scalar
events.out.tfevents.1776294211.15e97987a4b5.21254.0,eval/runtime,880,1776346223.0542753,13.65310001373291,scalar
events.out.tfevents.1776294211.15e97987a4b5.21254.0,eval/runtime,890,1776346822.6984909,13.961099624633789,scalar
events.out.tfevents.1776294211.15e97987a4b5.21254.0,eval/runtime,900,1776347417.0644953,13.69540023803711,scalar
events.out.tfevents.1776294211.15e97987a4b5.21254.0,eval/runtime,910,1776348006.1171358,17.81529998779297,scalar
events.out.tfevents.1776294211.15e97987a4b5.21254.0,eval/runtime,920,1776348603.4740558,14.030099868774414,scalar
events.out.tfevents.1776294211.15e97987a4b5.21254.0,eval/runtime,930,1776349201.072131,13.643500328063965,scalar
events.out.tfevents.1776294211.15e97987a4b5.21254.0,eval/runtime,940,1776349798.0785055,13.718000411987305,scalar
events.out.tfevents.1776294211.15e97987a4b5.21254.0,eval/runtime,950,1776350390.1911387,13.68809986114502,scalar
events.out.tfevents.1776294211.15e97987a4b5.21254.0,eval/runtime,960,1776350978.4974115,13.708800315856934,scalar
events.out.tfevents.1776294211.15e97987a4b5.21254.0,eval/runtime,970,1776351576.9630213,14.118300437927246,scalar
events.out.tfevents.1776294211.15e97987a4b5.21254.0,eval/runtime,980,1776352169.2340217,13.714599609375,scalar
events.out.tfevents.1776294211.15e97987a4b5.21254.0,eval/runtime,990,1776352765.932339,13.750800132751465,scalar
events.out.tfevents.1776294211.15e97987a4b5.21254.0,eval/runtime,1000,1776353364.4533327,13.73009967803955,scalar
events.out.tfevents.1776294211.15e97987a4b5.21254.0,eval/runtime,1010,1776353961.4273605,13.695300102233887,scalar
events.out.tfevents.1776294211.15e97987a4b5.21254.0,eval/runtime,1020,1776354542.2757401,13.696900367736816,scalar
events.out.tfevents.1776294211.15e97987a4b5.21254.0,eval/runtime,1030,1776355135.1460207,13.663399696350098,scalar
events.out.tfevents.1776294211.15e97987a4b5.21254.0,eval/runtime,1040,1776355710.138419,13.674099922180176,scalar
events.out.tfevents.1776294211.15e97987a4b5.21254.0,eval/runtime,1050,1776356303.0391479,13.76039981842041,scalar
events.out.tfevents.1776294211.15e97987a4b5.21254.0,eval/runtime,1060,1776356893.1060538,13.726400375366211,scalar
events.out.tfevents.1776294211.15e97987a4b5.21254.0,eval/runtime,1070,1776357479.340153,13.70479965209961,scalar
events.out.tfevents.1776294211.15e97987a4b5.21254.0,eval/runtime,1080,1776358065.9833534,13.717000007629395,scalar
events.out.tfevents.1776294211.15e97987a4b5.21254.0,eval/runtime,1090,1776358657.196246,13.698599815368652,scalar
events.out.tfevents.1776294211.15e97987a4b5.21254.0,eval/runtime,1100,1776359249.6938105,13.748100280761719,scalar
events.out.tfevents.1776294211.15e97987a4b5.21254.0,eval/runtime,1110,1776359841.023777,13.742500305175781,scalar
events.out.tfevents.1776294211.15e97987a4b5.21254.0,eval/runtime,1120,1776360432.7390714,13.64840030670166,scalar
events.out.tfevents.1776294211.15e97987a4b5.21254.0,eval/runtime,1130,1776361038.055929,13.677499771118164,scalar
events.out.tfevents.1776294211.15e97987a4b5.21254.0,eval/runtime,1140,1776361629.3524728,13.710200309753418,scalar
events.out.tfevents.1776294211.15e97987a4b5.21254.0,eval/runtime,1150,1776362224.908348,13.743499755859375,scalar
events.out.tfevents.1776294211.15e97987a4b5.21254.0,eval/runtime,1160,1776362814.791392,13.744999885559082,scalar
events.out.tfevents.1776294211.15e97987a4b5.21254.0,eval/runtime,1170,1776363410.3171325,13.748800277709961,scalar
events.out.tfevents.1776294211.15e97987a4b5.21254.0,eval/runtime,1180,1776364000.928142,13.765199661254883,scalar
events.out.tfevents.1776294211.15e97987a4b5.21254.0,eval/runtime,1190,1776364592.9440134,13.704299926757812,scalar
events.out.tfevents.1776294211.15e97987a4b5.21254.0,eval/runtime,1200,1776365185.541512,13.639800071716309,scalar
events.out.tfevents.1776294211.15e97987a4b5.21254.0,eval/runtime,1210,1776365779.6447752,13.705499649047852,scalar
events.out.tfevents.1776294211.15e97987a4b5.21254.0,eval/runtime,1220,1776366372.1519737,13.672100067138672,scalar
events.out.tfevents.1776294211.15e97987a4b5.21254.0,eval/runtime,1230,1776366962.4930303,13.728400230407715,scalar
events.out.tfevents.1776294211.15e97987a4b5.21254.0,eval/runtime,1240,1776367549.83259,13.674799919128418,scalar
events.out.tfevents.1776294211.15e97987a4b5.21254.0,eval/runtime,1250,1776368145.9982994,13.718600273132324,scalar
events.out.tfevents.1776294211.15e97987a4b5.21254.0,eval/runtime,1260,1776368737.1079948,13.712300300598145,scalar
events.out.tfevents.1776294211.15e97987a4b5.21254.0,eval/runtime,1270,1776369333.357558,14.297300338745117,scalar
events.out.tfevents.1776294211.15e97987a4b5.21254.0,eval/runtime,1280,1776369922.802848,13.750499725341797,scalar
events.out.tfevents.1776294211.15e97987a4b5.21254.0,eval/runtime,1290,1776370515.6814375,13.732500076293945,scalar
events.out.tfevents.1776294211.15e97987a4b5.21254.0,eval/runtime,1295,1776370768.2458317,13.940999984741211,scalar
events.out.tfevents.1776294211.15e97987a4b5.21254.0,eval/samples_per_second,10,1776294800.5820792,3.6630001068115234,scalar
events.out.tfevents.1776294211.15e97987a4b5.21254.0,eval/samples_per_second,20,1776295394.6198428,3.6679999828338623,scalar
events.out.tfevents.1776294211.15e97987a4b5.21254.0,eval/samples_per_second,30,1776295979.3581676,3.6740000247955322,scalar
events.out.tfevents.1776294211.15e97987a4b5.21254.0,eval/samples_per_second,40,1776296570.6687574,3.6519999504089355,scalar
events.out.tfevents.1776294211.15e97987a4b5.21254.0,eval/samples_per_second,50,1776297165.195387,3.6510000228881836,scalar
events.out.tfevents.1776294211.15e97987a4b5.21254.0,eval/samples_per_second,60,1776297760.1387756,3.6659998893737793,scalar
events.out.tfevents.1776294211.15e97987a4b5.21254.0,eval/samples_per_second,70,1776298347.757679,3.6559998989105225,scalar
events.out.tfevents.1776294211.15e97987a4b5.21254.0,eval/samples_per_second,80,1776298929.988994,3.6679999828338623,scalar
events.out.tfevents.1776294211.15e97987a4b5.21254.0,eval/samples_per_second,90,1776299513.1667583,3.6659998893737793,scalar
events.out.tfevents.1776294211.15e97987a4b5.21254.0,eval/samples_per_second,100,1776300099.6215544,3.6710000038146973,scalar
events.out.tfevents.1776294211.15e97987a4b5.21254.0,eval/samples_per_second,110,1776300696.3721936,3.6449999809265137,scalar
events.out.tfevents.1776294211.15e97987a4b5.21254.0,eval/samples_per_second,120,1776301283.4618223,3.6480000019073486,scalar
events.out.tfevents.1776294211.15e97987a4b5.21254.0,eval/samples_per_second,130,1776301871.1856515,3.6530001163482666,scalar
events.out.tfevents.1776294211.15e97987a4b5.21254.0,eval/samples_per_second,140,1776302459.0400648,3.635999917984009,scalar
events.out.tfevents.1776294211.15e97987a4b5.21254.0,eval/samples_per_second,150,1776303047.1108394,3.6730000972747803,scalar
events.out.tfevents.1776294211.15e97987a4b5.21254.0,eval/samples_per_second,160,1776303636.8792176,3.6670000553131104,scalar
events.out.tfevents.1776294211.15e97987a4b5.21254.0,eval/samples_per_second,170,1776304222.3703775,3.6689999103546143,scalar
events.out.tfevents.1776294211.15e97987a4b5.21254.0,eval/samples_per_second,180,1776304818.951583,3.6570000648498535,scalar
events.out.tfevents.1776294211.15e97987a4b5.21254.0,eval/samples_per_second,190,1776305415.1268988,3.6519999504089355,scalar
events.out.tfevents.1776294211.15e97987a4b5.21254.0,eval/samples_per_second,200,1776306013.0893152,3.6480000019073486,scalar
events.out.tfevents.1776294211.15e97987a4b5.21254.0,eval/samples_per_second,210,1776306603.6478424,3.6659998893737793,scalar
events.out.tfevents.1776294211.15e97987a4b5.21254.0,eval/samples_per_second,220,1776307198.5431716,3.6679999828338623,scalar
events.out.tfevents.1776294211.15e97987a4b5.21254.0,eval/samples_per_second,230,1776307785.132111,3.6510000228881836,scalar
events.out.tfevents.1776294211.15e97987a4b5.21254.0,eval/samples_per_second,240,1776308379.823715,3.6510000228881836,scalar
events.out.tfevents.1776294211.15e97987a4b5.21254.0,eval/samples_per_second,250,1776308967.2423038,3.6480000019073486,scalar
events.out.tfevents.1776294211.15e97987a4b5.21254.0,eval/samples_per_second,260,1776309532.496798,3.6630001068115234,scalar
events.out.tfevents.1776294211.15e97987a4b5.21254.0,eval/samples_per_second,270,1776310123.5849073,3.6559998989105225,scalar
events.out.tfevents.1776294211.15e97987a4b5.21254.0,eval/samples_per_second,280,1776310717.1698978,3.6579999923706055,scalar
events.out.tfevents.1776294211.15e97987a4b5.21254.0,eval/samples_per_second,290,1776311310.1729984,3.6549999713897705,scalar
events.out.tfevents.1776294211.15e97987a4b5.21254.0,eval/samples_per_second,300,1776311903.37824,3.638000011444092,scalar
events.out.tfevents.1776294211.15e97987a4b5.21254.0,eval/samples_per_second,310,1776312487.82508,3.6549999713897705,scalar
events.out.tfevents.1776294211.15e97987a4b5.21254.0,eval/samples_per_second,320,1776313081.1070936,3.6549999713897705,scalar
events.out.tfevents.1776294211.15e97987a4b5.21254.0,eval/samples_per_second,330,1776313671.8914523,3.6500000953674316,scalar
events.out.tfevents.1776294211.15e97987a4b5.21254.0,eval/samples_per_second,340,1776314263.8688784,3.6489999294281006,scalar
events.out.tfevents.1776294211.15e97987a4b5.21254.0,eval/samples_per_second,350,1776314860.353706,3.486999988555908,scalar
events.out.tfevents.1776294211.15e97987a4b5.21254.0,eval/samples_per_second,360,1776315443.742206,3.6440000534057617,scalar
events.out.tfevents.1776294211.15e97987a4b5.21254.0,eval/samples_per_second,370,1776316038.172922,3.631999969482422,scalar
events.out.tfevents.1776294211.15e97987a4b5.21254.0,eval/samples_per_second,380,1776316625.187081,3.628000020980835,scalar
events.out.tfevents.1776294211.15e97987a4b5.21254.0,eval/samples_per_second,390,1776317221.0264442,3.3410000801086426,scalar
events.out.tfevents.1776294211.15e97987a4b5.21254.0,eval/samples_per_second,400,1776317813.8288202,3.638000011444092,scalar
events.out.tfevents.1776294211.15e97987a4b5.21254.0,eval/samples_per_second,410,1776318404.1147642,3.6579999923706055,scalar
events.out.tfevents.1776294211.15e97987a4b5.21254.0,eval/samples_per_second,420,1776318995.9597006,3.48799991607666,scalar
events.out.tfevents.1776294211.15e97987a4b5.21254.0,eval/samples_per_second,430,1776319586.1457756,3.6649999618530273,scalar
events.out.tfevents.1776294211.15e97987a4b5.21254.0,eval/samples_per_second,440,1776320175.5192478,3.6419999599456787,scalar
events.out.tfevents.1776294211.15e97987a4b5.21254.0,eval/samples_per_second,450,1776320773.3849688,3.638000011444092,scalar
events.out.tfevents.1776294211.15e97987a4b5.21254.0,eval/samples_per_second,460,1776321361.9337976,3.6619999408721924,scalar
events.out.tfevents.1776294211.15e97987a4b5.21254.0,eval/samples_per_second,470,1776321958.090789,3.6440000534057617,scalar
events.out.tfevents.1776294211.15e97987a4b5.21254.0,eval/samples_per_second,480,1776322548.5724773,3.6500000953674316,scalar
events.out.tfevents.1776294211.15e97987a4b5.21254.0,eval/samples_per_second,490,1776323143.397575,3.6530001163482666,scalar
events.out.tfevents.1776294211.15e97987a4b5.21254.0,eval/samples_per_second,500,1776323743.3708355,3.6549999713897705,scalar
events.out.tfevents.1776294211.15e97987a4b5.21254.0,eval/samples_per_second,510,1776324330.6042805,3.6679999828338623,scalar
events.out.tfevents.1776294211.15e97987a4b5.21254.0,eval/samples_per_second,520,1776324900.6446824,3.6579999923706055,scalar
events.out.tfevents.1776294211.15e97987a4b5.21254.0,eval/samples_per_second,530,1776325488.4103038,3.546999931335449,scalar
events.out.tfevents.1776294211.15e97987a4b5.21254.0,eval/samples_per_second,540,1776326085.2941287,3.6530001163482666,scalar
events.out.tfevents.1776294211.15e97987a4b5.21254.0,eval/samples_per_second,550,1776326682.3486834,3.6640000343322754,scalar
events.out.tfevents.1776294211.15e97987a4b5.21254.0,eval/samples_per_second,560,1776327276.231695,3.6470000743865967,scalar
events.out.tfevents.1776294211.15e97987a4b5.21254.0,eval/samples_per_second,570,1776327876.3787713,3.6710000038146973,scalar
events.out.tfevents.1776294211.15e97987a4b5.21254.0,eval/samples_per_second,580,1776328467.577775,3.6610000133514404,scalar
events.out.tfevents.1776294211.15e97987a4b5.21254.0,eval/samples_per_second,590,1776329062.7609766,3.5789999961853027,scalar
events.out.tfevents.1776294211.15e97987a4b5.21254.0,eval/samples_per_second,600,1776329657.0752969,3.6619999408721924,scalar
events.out.tfevents.1776294211.15e97987a4b5.21254.0,eval/samples_per_second,610,1776330253.368302,3.6579999923706055,scalar
events.out.tfevents.1776294211.15e97987a4b5.21254.0,eval/samples_per_second,620,1776330840.537055,3.6470000743865967,scalar
events.out.tfevents.1776294211.15e97987a4b5.21254.0,eval/samples_per_second,630,1776331433.3833573,3.6710000038146973,scalar
events.out.tfevents.1776294211.15e97987a4b5.21254.0,eval/samples_per_second,640,1776332030.1540682,3.6459999084472656,scalar
events.out.tfevents.1776294211.15e97987a4b5.21254.0,eval/samples_per_second,650,1776332626.4420776,3.6579999923706055,scalar
events.out.tfevents.1776294211.15e97987a4b5.21254.0,eval/samples_per_second,660,1776333209.498434,3.6530001163482666,scalar
events.out.tfevents.1776294211.15e97987a4b5.21254.0,eval/samples_per_second,670,1776333794.8321612,3.6570000648498535,scalar
events.out.tfevents.1776294211.15e97987a4b5.21254.0,eval/samples_per_second,680,1776334387.5459151,3.6659998893737793,scalar
events.out.tfevents.1776294211.15e97987a4b5.21254.0,eval/samples_per_second,690,1776334981.1909652,3.6570000648498535,scalar
events.out.tfevents.1776294211.15e97987a4b5.21254.0,eval/samples_per_second,700,1776335571.3379345,3.5820000171661377,scalar
events.out.tfevents.1776294211.15e97987a4b5.21254.0,eval/samples_per_second,710,1776336169.26029,3.6489999294281006,scalar
events.out.tfevents.1776294211.15e97987a4b5.21254.0,eval/samples_per_second,720,1776336758.2744367,3.6500000953674316,scalar
events.out.tfevents.1776294211.15e97987a4b5.21254.0,eval/samples_per_second,730,1776337349.9825602,3.6549999713897705,scalar
events.out.tfevents.1776294211.15e97987a4b5.21254.0,eval/samples_per_second,740,1776337950.3425438,3.6610000133514404,scalar
events.out.tfevents.1776294211.15e97987a4b5.21254.0,eval/samples_per_second,750,1776338538.5446708,3.6630001068115234,scalar
events.out.tfevents.1776294211.15e97987a4b5.21254.0,eval/samples_per_second,760,1776339128.735247,3.6480000019073486,scalar
events.out.tfevents.1776294211.15e97987a4b5.21254.0,eval/samples_per_second,770,1776339724.4714231,3.6519999504089355,scalar
events.out.tfevents.1776294211.15e97987a4b5.21254.0,eval/samples_per_second,780,1776340294.3080041,3.6649999618530273,scalar
events.out.tfevents.1776294211.15e97987a4b5.21254.0,eval/samples_per_second,790,1776340891.4768133,3.632999897003174,scalar
events.out.tfevents.1776294211.15e97987a4b5.21254.0,eval/samples_per_second,800,1776341479.6459424,3.6429998874664307,scalar
events.out.tfevents.1776294211.15e97987a4b5.21254.0,eval/samples_per_second,810,1776342076.5235076,3.565999984741211,scalar
events.out.tfevents.1776294211.15e97987a4b5.21254.0,eval/samples_per_second,820,1776342669.802113,3.6570000648498535,scalar
events.out.tfevents.1776294211.15e97987a4b5.21254.0,eval/samples_per_second,830,1776343258.590784,3.63700008392334,scalar
events.out.tfevents.1776294211.15e97987a4b5.21254.0,eval/samples_per_second,840,1776343856.2310362,3.6559998989105225,scalar
events.out.tfevents.1776294211.15e97987a4b5.21254.0,eval/samples_per_second,850,1776344442.9644573,3.6600000858306885,scalar
events.out.tfevents.1776294211.15e97987a4b5.21254.0,eval/samples_per_second,860,1776345030.5544674,3.6579999923706055,scalar
events.out.tfevents.1776294211.15e97987a4b5.21254.0,eval/samples_per_second,870,1776345634.6833062,3.6449999809265137,scalar
events.out.tfevents.1776294211.15e97987a4b5.21254.0,eval/samples_per_second,880,1776346223.0542815,3.6619999408721924,scalar
events.out.tfevents.1776294211.15e97987a4b5.21254.0,eval/samples_per_second,890,1776346822.698497,3.5810000896453857,scalar
events.out.tfevents.1776294211.15e97987a4b5.21254.0,eval/samples_per_second,900,1776347417.0645018,3.6510000228881836,scalar
events.out.tfevents.1776294211.15e97987a4b5.21254.0,eval/samples_per_second,910,1776348006.117142,2.806999921798706,scalar
events.out.tfevents.1776294211.15e97987a4b5.21254.0,eval/samples_per_second,920,1776348603.4740617,3.563999891281128,scalar
events.out.tfevents.1776294211.15e97987a4b5.21254.0,eval/samples_per_second,930,1776349201.0721366,3.6649999618530273,scalar
events.out.tfevents.1776294211.15e97987a4b5.21254.0,eval/samples_per_second,940,1776349798.0785115,3.6449999809265137,scalar
events.out.tfevents.1776294211.15e97987a4b5.21254.0,eval/samples_per_second,950,1776350390.191145,3.6530001163482666,scalar
events.out.tfevents.1776294211.15e97987a4b5.21254.0,eval/samples_per_second,960,1776350978.4974174,3.6470000743865967,scalar
events.out.tfevents.1776294211.15e97987a4b5.21254.0,eval/samples_per_second,970,1776351576.9630275,3.5409998893737793,scalar
events.out.tfevents.1776294211.15e97987a4b5.21254.0,eval/samples_per_second,980,1776352169.2340279,3.6459999084472656,scalar
events.out.tfevents.1776294211.15e97987a4b5.21254.0,eval/samples_per_second,990,1776352765.932345,3.635999917984009,scalar
events.out.tfevents.1776294211.15e97987a4b5.21254.0,eval/samples_per_second,1000,1776353364.4533389,3.6419999599456787,scalar
events.out.tfevents.1776294211.15e97987a4b5.21254.0,eval/samples_per_second,1010,1776353961.427367,3.6510000228881836,scalar
events.out.tfevents.1776294211.15e97987a4b5.21254.0,eval/samples_per_second,1020,1776354542.2757468,3.6500000953674316,scalar
events.out.tfevents.1776294211.15e97987a4b5.21254.0,eval/samples_per_second,1030,1776355135.1460268,3.6589999198913574,scalar
events.out.tfevents.1776294211.15e97987a4b5.21254.0,eval/samples_per_second,1040,1776355710.138425,3.6570000648498535,scalar
events.out.tfevents.1776294211.15e97987a4b5.21254.0,eval/samples_per_second,1050,1776356303.0391543,3.634000062942505,scalar
events.out.tfevents.1776294211.15e97987a4b5.21254.0,eval/samples_per_second,1060,1776356893.1060598,3.6429998874664307,scalar
events.out.tfevents.1776294211.15e97987a4b5.21254.0,eval/samples_per_second,1070,1776357479.3401592,3.6480000019073486,scalar
events.out.tfevents.1776294211.15e97987a4b5.21254.0,eval/samples_per_second,1080,1776358065.9833596,3.6449999809265137,scalar
events.out.tfevents.1776294211.15e97987a4b5.21254.0,eval/samples_per_second,1090,1776358657.196252,3.6500000953674316,scalar
events.out.tfevents.1776294211.15e97987a4b5.21254.0,eval/samples_per_second,1100,1776359249.6938164,3.63700008392334,scalar
events.out.tfevents.1776294211.15e97987a4b5.21254.0,eval/samples_per_second,1110,1776359841.023783,3.638000011444092,scalar
events.out.tfevents.1776294211.15e97987a4b5.21254.0,eval/samples_per_second,1120,1776360432.7390778,3.6630001068115234,scalar
events.out.tfevents.1776294211.15e97987a4b5.21254.0,eval/samples_per_second,1130,1776361038.0559351,3.6559998989105225,scalar
events.out.tfevents.1776294211.15e97987a4b5.21254.0,eval/samples_per_second,1140,1776361629.3524787,3.6470000743865967,scalar
events.out.tfevents.1776294211.15e97987a4b5.21254.0,eval/samples_per_second,1150,1776362224.9083538,3.638000011444092,scalar
events.out.tfevents.1776294211.15e97987a4b5.21254.0,eval/samples_per_second,1160,1776362814.791398,3.638000011444092,scalar
events.out.tfevents.1776294211.15e97987a4b5.21254.0,eval/samples_per_second,1170,1776363410.3171387,3.63700008392334,scalar
events.out.tfevents.1776294211.15e97987a4b5.21254.0,eval/samples_per_second,1180,1776364000.9281483,3.631999969482422,scalar
events.out.tfevents.1776294211.15e97987a4b5.21254.0,eval/samples_per_second,1190,1776364592.9440196,3.6480000019073486,scalar
events.out.tfevents.1776294211.15e97987a4b5.21254.0,eval/samples_per_second,1200,1776365185.5415177,3.6659998893737793,scalar
events.out.tfevents.1776294211.15e97987a4b5.21254.0,eval/samples_per_second,1210,1776365779.6447814,3.6480000019073486,scalar
events.out.tfevents.1776294211.15e97987a4b5.21254.0,eval/samples_per_second,1220,1776366372.1519792,3.6570000648498535,scalar
events.out.tfevents.1776294211.15e97987a4b5.21254.0,eval/samples_per_second,1230,1776366962.4930365,3.6419999599456787,scalar
events.out.tfevents.1776294211.15e97987a4b5.21254.0,eval/samples_per_second,1240,1776367549.8325965,3.6559998989105225,scalar
events.out.tfevents.1776294211.15e97987a4b5.21254.0,eval/samples_per_second,1250,1776368145.998305,3.6449999809265137,scalar
events.out.tfevents.1776294211.15e97987a4b5.21254.0,eval/samples_per_second,1260,1776368737.1080015,3.6459999084472656,scalar
events.out.tfevents.1776294211.15e97987a4b5.21254.0,eval/samples_per_second,1270,1776369333.3575642,3.496999979019165,scalar
events.out.tfevents.1776294211.15e97987a4b5.21254.0,eval/samples_per_second,1280,1776369922.802854,3.635999917984009,scalar
events.out.tfevents.1776294211.15e97987a4b5.21254.0,eval/samples_per_second,1290,1776370515.6814437,3.6410000324249268,scalar
events.out.tfevents.1776294211.15e97987a4b5.21254.0,eval/samples_per_second,1295,1776370768.2458382,3.5869998931884766,scalar
events.out.tfevents.1776294211.15e97987a4b5.21254.0,eval/steps_per_second,10,1776294800.5820842,3.6630001068115234,scalar
events.out.tfevents.1776294211.15e97987a4b5.21254.0,eval/steps_per_second,20,1776295394.6198475,3.6679999828338623,scalar
events.out.tfevents.1776294211.15e97987a4b5.21254.0,eval/steps_per_second,30,1776295979.3581722,3.6740000247955322,scalar
events.out.tfevents.1776294211.15e97987a4b5.21254.0,eval/steps_per_second,40,1776296570.6687627,3.6519999504089355,scalar
events.out.tfevents.1776294211.15e97987a4b5.21254.0,eval/steps_per_second,50,1776297165.195392,3.6510000228881836,scalar
events.out.tfevents.1776294211.15e97987a4b5.21254.0,eval/steps_per_second,60,1776297760.1387804,3.6659998893737793,scalar
events.out.tfevents.1776294211.15e97987a4b5.21254.0,eval/steps_per_second,70,1776298347.7576842,3.6559998989105225,scalar
events.out.tfevents.1776294211.15e97987a4b5.21254.0,eval/steps_per_second,80,1776298929.9889984,3.6679999828338623,scalar
events.out.tfevents.1776294211.15e97987a4b5.21254.0,eval/steps_per_second,90,1776299513.1667635,3.6659998893737793,scalar
events.out.tfevents.1776294211.15e97987a4b5.21254.0,eval/steps_per_second,100,1776300099.6215587,3.6710000038146973,scalar
events.out.tfevents.1776294211.15e97987a4b5.21254.0,eval/steps_per_second,110,1776300696.3721986,3.6449999809265137,scalar
events.out.tfevents.1776294211.15e97987a4b5.21254.0,eval/steps_per_second,120,1776301283.4618273,3.6480000019073486,scalar
events.out.tfevents.1776294211.15e97987a4b5.21254.0,eval/steps_per_second,130,1776301871.1856563,3.6530001163482666,scalar
events.out.tfevents.1776294211.15e97987a4b5.21254.0,eval/steps_per_second,140,1776302459.0400696,3.635999917984009,scalar
events.out.tfevents.1776294211.15e97987a4b5.21254.0,eval/steps_per_second,150,1776303047.1108441,3.6730000972747803,scalar
events.out.tfevents.1776294211.15e97987a4b5.21254.0,eval/steps_per_second,160,1776303636.8792226,3.6670000553131104,scalar
events.out.tfevents.1776294211.15e97987a4b5.21254.0,eval/steps_per_second,170,1776304222.370382,3.6689999103546143,scalar
events.out.tfevents.1776294211.15e97987a4b5.21254.0,eval/steps_per_second,180,1776304818.9515882,3.6570000648498535,scalar
events.out.tfevents.1776294211.15e97987a4b5.21254.0,eval/steps_per_second,190,1776305415.1269035,3.6519999504089355,scalar
events.out.tfevents.1776294211.15e97987a4b5.21254.0,eval/steps_per_second,200,1776306013.08932,3.6480000019073486,scalar
events.out.tfevents.1776294211.15e97987a4b5.21254.0,eval/steps_per_second,210,1776306603.6478477,3.6659998893737793,scalar
events.out.tfevents.1776294211.15e97987a4b5.21254.0,eval/steps_per_second,220,1776307198.5431762,3.6679999828338623,scalar
events.out.tfevents.1776294211.15e97987a4b5.21254.0,eval/steps_per_second,230,1776307785.1321166,3.6510000228881836,scalar
events.out.tfevents.1776294211.15e97987a4b5.21254.0,eval/steps_per_second,240,1776308379.82372,3.6510000228881836,scalar
events.out.tfevents.1776294211.15e97987a4b5.21254.0,eval/steps_per_second,250,1776308967.2423086,3.6480000019073486,scalar
events.out.tfevents.1776294211.15e97987a4b5.21254.0,eval/steps_per_second,260,1776309532.4968026,3.6630001068115234,scalar
events.out.tfevents.1776294211.15e97987a4b5.21254.0,eval/steps_per_second,270,1776310123.584912,3.6559998989105225,scalar
events.out.tfevents.1776294211.15e97987a4b5.21254.0,eval/steps_per_second,280,1776310717.1699026,3.6579999923706055,scalar
events.out.tfevents.1776294211.15e97987a4b5.21254.0,eval/steps_per_second,290,1776311310.1730027,3.6549999713897705,scalar
events.out.tfevents.1776294211.15e97987a4b5.21254.0,eval/steps_per_second,300,1776311903.3782449,3.638000011444092,scalar
events.out.tfevents.1776294211.15e97987a4b5.21254.0,eval/steps_per_second,310,1776312487.8250844,3.6549999713897705,scalar
events.out.tfevents.1776294211.15e97987a4b5.21254.0,eval/steps_per_second,320,1776313081.1070983,3.6549999713897705,scalar
events.out.tfevents.1776294211.15e97987a4b5.21254.0,eval/steps_per_second,330,1776313671.891457,3.6500000953674316,scalar
events.out.tfevents.1776294211.15e97987a4b5.21254.0,eval/steps_per_second,340,1776314263.8688831,3.6489999294281006,scalar
events.out.tfevents.1776294211.15e97987a4b5.21254.0,eval/steps_per_second,350,1776314860.353711,3.486999988555908,scalar
events.out.tfevents.1776294211.15e97987a4b5.21254.0,eval/steps_per_second,360,1776315443.7422113,3.6440000534057617,scalar
events.out.tfevents.1776294211.15e97987a4b5.21254.0,eval/steps_per_second,370,1776316038.1729267,3.631999969482422,scalar
events.out.tfevents.1776294211.15e97987a4b5.21254.0,eval/steps_per_second,380,1776316625.1870859,3.628000020980835,scalar
events.out.tfevents.1776294211.15e97987a4b5.21254.0,eval/steps_per_second,390,1776317221.026449,3.3410000801086426,scalar
events.out.tfevents.1776294211.15e97987a4b5.21254.0,eval/steps_per_second,400,1776317813.8288248,3.638000011444092,scalar
events.out.tfevents.1776294211.15e97987a4b5.21254.0,eval/steps_per_second,410,1776318404.1147692,3.6579999923706055,scalar
events.out.tfevents.1776294211.15e97987a4b5.21254.0,eval/steps_per_second,420,1776318995.959705,3.48799991607666,scalar
events.out.tfevents.1776294211.15e97987a4b5.21254.0,eval/steps_per_second,430,1776319586.1457808,3.6649999618530273,scalar
events.out.tfevents.1776294211.15e97987a4b5.21254.0,eval/steps_per_second,440,1776320175.5192528,3.6419999599456787,scalar
events.out.tfevents.1776294211.15e97987a4b5.21254.0,eval/steps_per_second,450,1776320773.384973,3.638000011444092,scalar
events.out.tfevents.1776294211.15e97987a4b5.21254.0,eval/steps_per_second,460,1776321361.9338021,3.6619999408721924,scalar
events.out.tfevents.1776294211.15e97987a4b5.21254.0,eval/steps_per_second,470,1776321958.0907936,3.6440000534057617,scalar
events.out.tfevents.1776294211.15e97987a4b5.21254.0,eval/steps_per_second,480,1776322548.5724823,3.6500000953674316,scalar
events.out.tfevents.1776294211.15e97987a4b5.21254.0,eval/steps_per_second,490,1776323143.3975797,3.6530001163482666,scalar
events.out.tfevents.1776294211.15e97987a4b5.21254.0,eval/steps_per_second,500,1776323743.3708408,3.6549999713897705,scalar
events.out.tfevents.1776294211.15e97987a4b5.21254.0,eval/steps_per_second,510,1776324330.604286,3.6679999828338623,scalar
events.out.tfevents.1776294211.15e97987a4b5.21254.0,eval/steps_per_second,520,1776324900.6446877,3.6579999923706055,scalar
events.out.tfevents.1776294211.15e97987a4b5.21254.0,eval/steps_per_second,530,1776325488.4103093,3.546999931335449,scalar
events.out.tfevents.1776294211.15e97987a4b5.21254.0,eval/steps_per_second,540,1776326085.2941334,3.6530001163482666,scalar
events.out.tfevents.1776294211.15e97987a4b5.21254.0,eval/steps_per_second,550,1776326682.3486886,3.6640000343322754,scalar
events.out.tfevents.1776294211.15e97987a4b5.21254.0,eval/steps_per_second,560,1776327276.2316997,3.6470000743865967,scalar
events.out.tfevents.1776294211.15e97987a4b5.21254.0,eval/steps_per_second,570,1776327876.378776,3.6710000038146973,scalar
events.out.tfevents.1776294211.15e97987a4b5.21254.0,eval/steps_per_second,580,1776328467.57778,3.6610000133514404,scalar
events.out.tfevents.1776294211.15e97987a4b5.21254.0,eval/steps_per_second,590,1776329062.760982,3.5789999961853027,scalar
events.out.tfevents.1776294211.15e97987a4b5.21254.0,eval/steps_per_second,600,1776329657.0753014,3.6619999408721924,scalar
events.out.tfevents.1776294211.15e97987a4b5.21254.0,eval/steps_per_second,610,1776330253.3683069,3.6579999923706055,scalar
events.out.tfevents.1776294211.15e97987a4b5.21254.0,eval/steps_per_second,620,1776330840.5370598,3.6470000743865967,scalar
events.out.tfevents.1776294211.15e97987a4b5.21254.0,eval/steps_per_second,630,1776331433.383362,3.6710000038146973,scalar
events.out.tfevents.1776294211.15e97987a4b5.21254.0,eval/steps_per_second,640,1776332030.1540737,3.6459999084472656,scalar
events.out.tfevents.1776294211.15e97987a4b5.21254.0,eval/steps_per_second,650,1776332626.4420831,3.6579999923706055,scalar
events.out.tfevents.1776294211.15e97987a4b5.21254.0,eval/steps_per_second,660,1776333209.4984388,3.6530001163482666,scalar
events.out.tfevents.1776294211.15e97987a4b5.21254.0,eval/steps_per_second,670,1776333794.8321662,3.6570000648498535,scalar
events.out.tfevents.1776294211.15e97987a4b5.21254.0,eval/steps_per_second,680,1776334387.54592,3.6659998893737793,scalar
events.out.tfevents.1776294211.15e97987a4b5.21254.0,eval/steps_per_second,690,1776334981.1909704,3.6570000648498535,scalar
events.out.tfevents.1776294211.15e97987a4b5.21254.0,eval/steps_per_second,700,1776335571.3379402,3.5820000171661377,scalar
events.out.tfevents.1776294211.15e97987a4b5.21254.0,eval/steps_per_second,710,1776336169.2602942,3.6489999294281006,scalar
events.out.tfevents.1776294211.15e97987a4b5.21254.0,eval/steps_per_second,720,1776336758.2744415,3.6500000953674316,scalar
events.out.tfevents.1776294211.15e97987a4b5.21254.0,eval/steps_per_second,730,1776337349.982565,3.6549999713897705,scalar
events.out.tfevents.1776294211.15e97987a4b5.21254.0,eval/steps_per_second,740,1776337950.342549,3.6610000133514404,scalar
events.out.tfevents.1776294211.15e97987a4b5.21254.0,eval/steps_per_second,750,1776338538.544675,3.6630001068115234,scalar
events.out.tfevents.1776294211.15e97987a4b5.21254.0,eval/steps_per_second,760,1776339128.735252,3.6480000019073486,scalar
events.out.tfevents.1776294211.15e97987a4b5.21254.0,eval/steps_per_second,770,1776339724.4714282,3.6519999504089355,scalar
events.out.tfevents.1776294211.15e97987a4b5.21254.0,eval/steps_per_second,780,1776340294.3080115,3.6649999618530273,scalar
events.out.tfevents.1776294211.15e97987a4b5.21254.0,eval/steps_per_second,790,1776340891.476818,3.632999897003174,scalar
events.out.tfevents.1776294211.15e97987a4b5.21254.0,eval/steps_per_second,800,1776341479.6459477,3.6429998874664307,scalar
events.out.tfevents.1776294211.15e97987a4b5.21254.0,eval/steps_per_second,810,1776342076.5235124,3.565999984741211,scalar
events.out.tfevents.1776294211.15e97987a4b5.21254.0,eval/steps_per_second,820,1776342669.8021176,3.6570000648498535,scalar
events.out.tfevents.1776294211.15e97987a4b5.21254.0,eval/steps_per_second,830,1776343258.5907886,3.63700008392334,scalar
events.out.tfevents.1776294211.15e97987a4b5.21254.0,eval/steps_per_second,840,1776343856.231041,3.6559998989105225,scalar
events.out.tfevents.1776294211.15e97987a4b5.21254.0,eval/steps_per_second,850,1776344442.9644623,3.6600000858306885,scalar
events.out.tfevents.1776294211.15e97987a4b5.21254.0,eval/steps_per_second,860,1776345030.5544722,3.6579999923706055,scalar
events.out.tfevents.1776294211.15e97987a4b5.21254.0,eval/steps_per_second,870,1776345634.6833107,3.6449999809265137,scalar
events.out.tfevents.1776294211.15e97987a4b5.21254.0,eval/steps_per_second,880,1776346223.054287,3.6619999408721924,scalar
events.out.tfevents.1776294211.15e97987a4b5.21254.0,eval/steps_per_second,890,1776346822.6985016,3.5810000896453857,scalar
events.out.tfevents.1776294211.15e97987a4b5.21254.0,eval/steps_per_second,900,1776347417.0645065,3.6510000228881836,scalar
events.out.tfevents.1776294211.15e97987a4b5.21254.0,eval/steps_per_second,910,1776348006.117147,2.806999921798706,scalar
events.out.tfevents.1776294211.15e97987a4b5.21254.0,eval/steps_per_second,920,1776348603.4740667,3.563999891281128,scalar
events.out.tfevents.1776294211.15e97987a4b5.21254.0,eval/steps_per_second,930,1776349201.0721416,3.6649999618530273,scalar
events.out.tfevents.1776294211.15e97987a4b5.21254.0,eval/steps_per_second,940,1776349798.078516,3.6449999809265137,scalar
events.out.tfevents.1776294211.15e97987a4b5.21254.0,eval/steps_per_second,950,1776350390.1911497,3.6530001163482666,scalar
events.out.tfevents.1776294211.15e97987a4b5.21254.0,eval/steps_per_second,960,1776350978.497422,3.6470000743865967,scalar
events.out.tfevents.1776294211.15e97987a4b5.21254.0,eval/steps_per_second,970,1776351576.963032,3.5409998893737793,scalar
events.out.tfevents.1776294211.15e97987a4b5.21254.0,eval/steps_per_second,980,1776352169.2340329,3.6459999084472656,scalar
events.out.tfevents.1776294211.15e97987a4b5.21254.0,eval/steps_per_second,990,1776352765.9323497,3.635999917984009,scalar
events.out.tfevents.1776294211.15e97987a4b5.21254.0,eval/steps_per_second,1000,1776353364.453344,3.6419999599456787,scalar
events.out.tfevents.1776294211.15e97987a4b5.21254.0,eval/steps_per_second,1010,1776353961.4273717,3.6510000228881836,scalar
events.out.tfevents.1776294211.15e97987a4b5.21254.0,eval/steps_per_second,1020,1776354542.2757516,3.6500000953674316,scalar
events.out.tfevents.1776294211.15e97987a4b5.21254.0,eval/steps_per_second,1030,1776355135.1460319,3.6589999198913574,scalar
events.out.tfevents.1776294211.15e97987a4b5.21254.0,eval/steps_per_second,1040,1776355710.1384296,3.6570000648498535,scalar
events.out.tfevents.1776294211.15e97987a4b5.21254.0,eval/steps_per_second,1050,1776356303.039159,3.634000062942505,scalar
events.out.tfevents.1776294211.15e97987a4b5.21254.0,eval/steps_per_second,1060,1776356893.1060648,3.6429998874664307,scalar
events.out.tfevents.1776294211.15e97987a4b5.21254.0,eval/steps_per_second,1070,1776357479.340164,3.6480000019073486,scalar
events.out.tfevents.1776294211.15e97987a4b5.21254.0,eval/steps_per_second,1080,1776358065.983364,3.6449999809265137,scalar
events.out.tfevents.1776294211.15e97987a4b5.21254.0,eval/steps_per_second,1090,1776358657.196257,3.6500000953674316,scalar
events.out.tfevents.1776294211.15e97987a4b5.21254.0,eval/steps_per_second,1100,1776359249.6938217,3.63700008392334,scalar
events.out.tfevents.1776294211.15e97987a4b5.21254.0,eval/steps_per_second,1110,1776359841.0237877,3.638000011444092,scalar
events.out.tfevents.1776294211.15e97987a4b5.21254.0,eval/steps_per_second,1120,1776360432.7390826,3.6630001068115234,scalar
events.out.tfevents.1776294211.15e97987a4b5.21254.0,eval/steps_per_second,1130,1776361038.0559404,3.6559998989105225,scalar
events.out.tfevents.1776294211.15e97987a4b5.21254.0,eval/steps_per_second,1140,1776361629.3524833,3.6470000743865967,scalar
events.out.tfevents.1776294211.15e97987a4b5.21254.0,eval/steps_per_second,1150,1776362224.9083586,3.638000011444092,scalar
events.out.tfevents.1776294211.15e97987a4b5.21254.0,eval/steps_per_second,1160,1776362814.791403,3.638000011444092,scalar
events.out.tfevents.1776294211.15e97987a4b5.21254.0,eval/steps_per_second,1170,1776363410.3171434,3.63700008392334,scalar
events.out.tfevents.1776294211.15e97987a4b5.21254.0,eval/steps_per_second,1180,1776364000.928153,3.631999969482422,scalar
events.out.tfevents.1776294211.15e97987a4b5.21254.0,eval/steps_per_second,1190,1776364592.944024,3.6480000019073486,scalar
events.out.tfevents.1776294211.15e97987a4b5.21254.0,eval/steps_per_second,1200,1776365185.5415223,3.6659998893737793,scalar
events.out.tfevents.1776294211.15e97987a4b5.21254.0,eval/steps_per_second,1210,1776365779.6447861,3.6480000019073486,scalar
events.out.tfevents.1776294211.15e97987a4b5.21254.0,eval/steps_per_second,1220,1776366372.151984,3.6570000648498535,scalar
events.out.tfevents.1776294211.15e97987a4b5.21254.0,eval/steps_per_second,1230,1776366962.4930418,3.6419999599456787,scalar
events.out.tfevents.1776294211.15e97987a4b5.21254.0,eval/steps_per_second,1240,1776367549.8326008,3.6559998989105225,scalar
events.out.tfevents.1776294211.15e97987a4b5.21254.0,eval/steps_per_second,1250,1776368145.9983094,3.6449999809265137,scalar
events.out.tfevents.1776294211.15e97987a4b5.21254.0,eval/steps_per_second,1260,1776368737.1080067,3.6459999084472656,scalar
events.out.tfevents.1776294211.15e97987a4b5.21254.0,eval/steps_per_second,1270,1776369333.3575692,3.496999979019165,scalar
events.out.tfevents.1776294211.15e97987a4b5.21254.0,eval/steps_per_second,1280,1776369922.80287,3.635999917984009,scalar
events.out.tfevents.1776294211.15e97987a4b5.21254.0,eval/steps_per_second,1290,1776370515.6814482,3.6410000324249268,scalar
events.out.tfevents.1776294211.15e97987a4b5.21254.0,eval/steps_per_second,1295,1776370768.245843,3.5869998931884766,scalar
events.out.tfevents.1776294211.15e97987a4b5.21254.0,eval/entropy,10,1776294800.5820887,1.2864141464233398,scalar
events.out.tfevents.1776294211.15e97987a4b5.21254.0,eval/entropy,20,1776295394.6198523,1.919661045074463,scalar
events.out.tfevents.1776294211.15e97987a4b5.21254.0,eval/entropy,30,1776295979.3581772,1.607251524925232,scalar
events.out.tfevents.1776294211.15e97987a4b5.21254.0,eval/entropy,40,1776296570.6687672,0.5157392024993896,scalar
events.out.tfevents.1776294211.15e97987a4b5.21254.0,eval/entropy,50,1776297165.1953967,0.28234583139419556,scalar
events.out.tfevents.1776294211.15e97987a4b5.21254.0,eval/entropy,60,1776297760.1387854,0.2495078295469284,scalar
events.out.tfevents.1776294211.15e97987a4b5.21254.0,eval/entropy,70,1776298347.7576888,0.23422206938266754,scalar
events.out.tfevents.1776294211.15e97987a4b5.21254.0,eval/entropy,80,1776298929.9890027,0.223246231675148,scalar
events.out.tfevents.1776294211.15e97987a4b5.21254.0,eval/entropy,90,1776299513.166768,0.21803060173988342,scalar
events.out.tfevents.1776294211.15e97987a4b5.21254.0,eval/entropy,100,1776300099.6215632,0.20985348522663116,scalar
events.out.tfevents.1776294211.15e97987a4b5.21254.0,eval/entropy,110,1776300696.372203,0.20258168876171112,scalar
events.out.tfevents.1776294211.15e97987a4b5.21254.0,eval/entropy,120,1776301283.4618323,0.20222660899162292,scalar
events.out.tfevents.1776294211.15e97987a4b5.21254.0,eval/entropy,130,1776301871.1856608,0.20928868651390076,scalar
events.out.tfevents.1776294211.15e97987a4b5.21254.0,eval/entropy,140,1776302459.0400739,0.19619092345237732,scalar
events.out.tfevents.1776294211.15e97987a4b5.21254.0,eval/entropy,150,1776303047.1108487,0.19712558388710022,scalar
events.out.tfevents.1776294211.15e97987a4b5.21254.0,eval/entropy,160,1776303636.879227,0.19693171977996826,scalar
events.out.tfevents.1776294211.15e97987a4b5.21254.0,eval/entropy,170,1776304222.3703864,0.19222687184810638,scalar
events.out.tfevents.1776294211.15e97987a4b5.21254.0,eval/entropy,180,1776304818.9515932,0.19493640959262848,scalar
events.out.tfevents.1776294211.15e97987a4b5.21254.0,eval/entropy,190,1776305415.1269083,0.192466601729393,scalar
events.out.tfevents.1776294211.15e97987a4b5.21254.0,eval/entropy,200,1776306013.0893242,0.20087352395057678,scalar
events.out.tfevents.1776294211.15e97987a4b5.21254.0,eval/entropy,210,1776306603.6478527,0.2009495496749878,scalar
events.out.tfevents.1776294211.15e97987a4b5.21254.0,eval/entropy,220,1776307198.5431802,0.19350682199001312,scalar
events.out.tfevents.1776294211.15e97987a4b5.21254.0,eval/entropy,230,1776307785.1321223,0.19122867286205292,scalar
events.out.tfevents.1776294211.15e97987a4b5.21254.0,eval/entropy,240,1776308379.823724,0.200447678565979,scalar
events.out.tfevents.1776294211.15e97987a4b5.21254.0,eval/entropy,250,1776308967.242313,0.19388525187969208,scalar
events.out.tfevents.1776294211.15e97987a4b5.21254.0,eval/entropy,260,1776309532.4968066,0.20459966361522675,scalar
events.out.tfevents.1776294211.15e97987a4b5.21254.0,eval/entropy,270,1776310123.5849168,0.1975284218788147,scalar
events.out.tfevents.1776294211.15e97987a4b5.21254.0,eval/entropy,280,1776310717.1699069,0.19662849605083466,scalar
events.out.tfevents.1776294211.15e97987a4b5.21254.0,eval/entropy,290,1776311310.1730072,0.19674095511436462,scalar
events.out.tfevents.1776294211.15e97987a4b5.21254.0,eval/entropy,300,1776311903.3782496,0.19836919009685516,scalar
events.out.tfevents.1776294211.15e97987a4b5.21254.0,eval/entropy,310,1776312487.8250887,0.19876915216445923,scalar
events.out.tfevents.1776294211.15e97987a4b5.21254.0,eval/entropy,320,1776313081.1071029,0.19146248698234558,scalar
events.out.tfevents.1776294211.15e97987a4b5.21254.0,eval/entropy,330,1776313671.8914616,0.20345044136047363,scalar
events.out.tfevents.1776294211.15e97987a4b5.21254.0,eval/entropy,340,1776314263.8688877,0.19786964356899261,scalar
events.out.tfevents.1776294211.15e97987a4b5.21254.0,eval/entropy,350,1776314860.3537154,0.19623927772045135,scalar
events.out.tfevents.1776294211.15e97987a4b5.21254.0,eval/entropy,360,1776315443.7422159,0.19921991229057312,scalar
events.out.tfevents.1776294211.15e97987a4b5.21254.0,eval/entropy,370,1776316038.1729314,0.1984824240207672,scalar
events.out.tfevents.1776294211.15e97987a4b5.21254.0,eval/entropy,380,1776316625.1870904,0.1990443766117096,scalar
events.out.tfevents.1776294211.15e97987a4b5.21254.0,eval/entropy,390,1776317221.026453,0.19926461577415466,scalar
events.out.tfevents.1776294211.15e97987a4b5.21254.0,eval/entropy,400,1776317813.8288288,0.1995944082736969,scalar
events.out.tfevents.1776294211.15e97987a4b5.21254.0,eval/entropy,410,1776318404.1147735,0.19890309870243073,scalar
events.out.tfevents.1776294211.15e97987a4b5.21254.0,eval/entropy,420,1776318995.9597092,0.20249788463115692,scalar
events.out.tfevents.1776294211.15e97987a4b5.21254.0,eval/entropy,430,1776319586.1457856,0.19795767962932587,scalar
events.out.tfevents.1776294211.15e97987a4b5.21254.0,eval/entropy,440,1776320175.5192575,0.19881990551948547,scalar
events.out.tfevents.1776294211.15e97987a4b5.21254.0,eval/entropy,450,1776320773.3849773,0.19787341356277466,scalar
events.out.tfevents.1776294211.15e97987a4b5.21254.0,eval/entropy,460,1776321361.9338067,0.19243347644805908,scalar
events.out.tfevents.1776294211.15e97987a4b5.21254.0,eval/entropy,470,1776321958.090798,0.18909341096878052,scalar
events.out.tfevents.1776294211.15e97987a4b5.21254.0,eval/entropy,480,1776322548.5724869,0.19740988314151764,scalar
events.out.tfevents.1776294211.15e97987a4b5.21254.0,eval/entropy,490,1776323143.3975842,0.19235561788082123,scalar
events.out.tfevents.1776294211.15e97987a4b5.21254.0,eval/entropy,500,1776323743.3708456,0.19622905552387238,scalar
events.out.tfevents.1776294211.15e97987a4b5.21254.0,eval/entropy,510,1776324330.604291,0.19825483858585358,scalar
events.out.tfevents.1776294211.15e97987a4b5.21254.0,eval/entropy,520,1776324900.6446924,0.20452888309955597,scalar
events.out.tfevents.1776294211.15e97987a4b5.21254.0,eval/entropy,530,1776325488.4103146,0.20585371553897858,scalar
events.out.tfevents.1776294211.15e97987a4b5.21254.0,eval/entropy,540,1776326085.2941384,0.19979660212993622,scalar
events.out.tfevents.1776294211.15e97987a4b5.21254.0,eval/entropy,550,1776326682.3486936,0.19008532166481018,scalar
events.out.tfevents.1776294211.15e97987a4b5.21254.0,eval/entropy,560,1776327276.2317042,0.19156640768051147,scalar
events.out.tfevents.1776294211.15e97987a4b5.21254.0,eval/entropy,570,1776327876.378781,0.191513791680336,scalar
events.out.tfevents.1776294211.15e97987a4b5.21254.0,eval/entropy,580,1776328467.5777845,0.18796306848526,scalar
events.out.tfevents.1776294211.15e97987a4b5.21254.0,eval/entropy,590,1776329062.7609863,0.18639105558395386,scalar
events.out.tfevents.1776294211.15e97987a4b5.21254.0,eval/entropy,600,1776329657.0753055,0.19096902012825012,scalar
events.out.tfevents.1776294211.15e97987a4b5.21254.0,eval/entropy,610,1776330253.368311,0.18950578570365906,scalar
events.out.tfevents.1776294211.15e97987a4b5.21254.0,eval/entropy,620,1776330840.537065,0.18822109699249268,scalar
events.out.tfevents.1776294211.15e97987a4b5.21254.0,eval/entropy,630,1776331433.383367,0.19154801964759827,scalar
events.out.tfevents.1776294211.15e97987a4b5.21254.0,eval/entropy,640,1776332030.1540787,0.19412128627300262,scalar
events.out.tfevents.1776294211.15e97987a4b5.21254.0,eval/entropy,650,1776332626.4420877,0.18877741694450378,scalar
events.out.tfevents.1776294211.15e97987a4b5.21254.0,eval/entropy,660,1776333209.4984438,0.1892225295305252,scalar
events.out.tfevents.1776294211.15e97987a4b5.21254.0,eval/entropy,670,1776333794.8321712,0.18510112166404724,scalar
events.out.tfevents.1776294211.15e97987a4b5.21254.0,eval/entropy,680,1776334387.5459247,0.18729637563228607,scalar
events.out.tfevents.1776294211.15e97987a4b5.21254.0,eval/entropy,690,1776334981.190975,0.18871226906776428,scalar
events.out.tfevents.1776294211.15e97987a4b5.21254.0,eval/entropy,700,1776335571.337945,0.1848118007183075,scalar
events.out.tfevents.1776294211.15e97987a4b5.21254.0,eval/entropy,710,1776336169.2602983,0.18735946714878082,scalar
events.out.tfevents.1776294211.15e97987a4b5.21254.0,eval/entropy,720,1776336758.2744462,0.18976187705993652,scalar
events.out.tfevents.1776294211.15e97987a4b5.21254.0,eval/entropy,730,1776337349.9825687,0.19097402691841125,scalar
events.out.tfevents.1776294211.15e97987a4b5.21254.0,eval/entropy,740,1776337950.342554,0.18549978733062744,scalar
events.out.tfevents.1776294211.15e97987a4b5.21254.0,eval/entropy,750,1776338538.5446794,0.18850645422935486,scalar
events.out.tfevents.1776294211.15e97987a4b5.21254.0,eval/entropy,760,1776339128.7352564,0.18574213981628418,scalar
events.out.tfevents.1776294211.15e97987a4b5.21254.0,eval/entropy,770,1776339724.4714327,0.18882519006729126,scalar
events.out.tfevents.1776294211.15e97987a4b5.21254.0,eval/entropy,780,1776340294.3080173,0.19139966368675232,scalar
events.out.tfevents.1776294211.15e97987a4b5.21254.0,eval/entropy,790,1776340891.4768226,0.18896649777889252,scalar
events.out.tfevents.1776294211.15e97987a4b5.21254.0,eval/entropy,800,1776341479.6459522,0.19045650959014893,scalar
events.out.tfevents.1776294211.15e97987a4b5.21254.0,eval/entropy,810,1776342076.523517,0.19045229256153107,scalar
events.out.tfevents.1776294211.15e97987a4b5.21254.0,eval/entropy,820,1776342669.8021224,0.18864455819129944,scalar
events.out.tfevents.1776294211.15e97987a4b5.21254.0,eval/entropy,830,1776343258.5907934,0.18780499696731567,scalar
events.out.tfevents.1776294211.15e97987a4b5.21254.0,eval/entropy,840,1776343856.2310455,0.18271653354167938,scalar
events.out.tfevents.1776294211.15e97987a4b5.21254.0,eval/entropy,850,1776344442.964467,0.18519145250320435,scalar
events.out.tfevents.1776294211.15e97987a4b5.21254.0,eval/entropy,860,1776345030.5544763,0.18884137272834778,scalar
events.out.tfevents.1776294211.15e97987a4b5.21254.0,eval/entropy,870,1776345634.6833158,0.18806800246238708,scalar
events.out.tfevents.1776294211.15e97987a4b5.21254.0,eval/entropy,880,1776346223.0542912,0.1887592375278473,scalar
events.out.tfevents.1776294211.15e97987a4b5.21254.0,eval/entropy,890,1776346822.6985056,0.18736159801483154,scalar
events.out.tfevents.1776294211.15e97987a4b5.21254.0,eval/entropy,900,1776347417.064511,0.1885536164045334,scalar
events.out.tfevents.1776294211.15e97987a4b5.21254.0,eval/entropy,910,1776348006.117151,0.18730944395065308,scalar
events.out.tfevents.1776294211.15e97987a4b5.21254.0,eval/entropy,920,1776348603.4740713,0.18814997375011444,scalar
events.out.tfevents.1776294211.15e97987a4b5.21254.0,eval/entropy,930,1776349201.0721457,0.1887846291065216,scalar
events.out.tfevents.1776294211.15e97987a4b5.21254.0,eval/entropy,940,1776349798.0785205,0.1844945251941681,scalar
events.out.tfevents.1776294211.15e97987a4b5.21254.0,eval/entropy,950,1776350390.1911542,0.18613621592521667,scalar
events.out.tfevents.1776294211.15e97987a4b5.21254.0,eval/entropy,960,1776350978.4974263,0.187102809548378,scalar
events.out.tfevents.1776294211.15e97987a4b5.21254.0,eval/entropy,970,1776351576.9630363,0.18361565470695496,scalar
events.out.tfevents.1776294211.15e97987a4b5.21254.0,eval/entropy,980,1776352169.2340374,0.18634697794914246,scalar
events.out.tfevents.1776294211.15e97987a4b5.21254.0,eval/entropy,990,1776352765.932355,0.18284094333648682,scalar
events.out.tfevents.1776294211.15e97987a4b5.21254.0,eval/entropy,1000,1776353364.4533486,0.18453212082386017,scalar
events.out.tfevents.1776294211.15e97987a4b5.21254.0,eval/entropy,1010,1776353961.427376,0.18616648018360138,scalar
events.out.tfevents.1776294211.15e97987a4b5.21254.0,eval/entropy,1020,1776354542.2757564,0.18551005423069,scalar
events.out.tfevents.1776294211.15e97987a4b5.21254.0,eval/entropy,1030,1776355135.1460366,0.18880212306976318,scalar
events.out.tfevents.1776294211.15e97987a4b5.21254.0,eval/entropy,1040,1776355710.1384344,0.18545450270175934,scalar
events.out.tfevents.1776294211.15e97987a4b5.21254.0,eval/entropy,1050,1776356303.0391636,0.1839514821767807,scalar
events.out.tfevents.1776294211.15e97987a4b5.21254.0,eval/entropy,1060,1776356893.1060693,0.1842060387134552,scalar
events.out.tfevents.1776294211.15e97987a4b5.21254.0,eval/entropy,1070,1776357479.340168,0.18434402346611023,scalar
events.out.tfevents.1776294211.15e97987a4b5.21254.0,eval/entropy,1080,1776358065.9833684,0.1849900782108307,scalar
events.out.tfevents.1776294211.15e97987a4b5.21254.0,eval/entropy,1090,1776358657.1962612,0.1844986528158188,scalar
events.out.tfevents.1776294211.15e97987a4b5.21254.0,eval/entropy,1100,1776359249.6938267,0.18615508079528809,scalar
events.out.tfevents.1776294211.15e97987a4b5.21254.0,eval/entropy,1110,1776359841.0237923,0.18326435983181,scalar
events.out.tfevents.1776294211.15e97987a4b5.21254.0,eval/entropy,1120,1776360432.7390869,0.18540191650390625,scalar
events.out.tfevents.1776294211.15e97987a4b5.21254.0,eval/entropy,1130,1776361038.0559447,0.18514636158943176,scalar
events.out.tfevents.1776294211.15e97987a4b5.21254.0,eval/entropy,1140,1776361629.3524883,0.1858779788017273,scalar
events.out.tfevents.1776294211.15e97987a4b5.21254.0,eval/entropy,1150,1776362224.9083638,0.18307051062583923,scalar
events.out.tfevents.1776294211.15e97987a4b5.21254.0,eval/entropy,1160,1776362814.791407,0.1858031004667282,scalar
events.out.tfevents.1776294211.15e97987a4b5.21254.0,eval/entropy,1170,1776363410.3171477,0.18506857752799988,scalar
events.out.tfevents.1776294211.15e97987a4b5.21254.0,eval/entropy,1180,1776364000.9281578,0.18532979488372803,scalar
events.out.tfevents.1776294211.15e97987a4b5.21254.0,eval/entropy,1190,1776364592.9440284,0.18395644426345825,scalar
events.out.tfevents.1776294211.15e97987a4b5.21254.0,eval/entropy,1200,1776365185.5415266,0.1836526244878769,scalar
events.out.tfevents.1776294211.15e97987a4b5.21254.0,eval/entropy,1210,1776365779.6447904,0.1829785853624344,scalar
events.out.tfevents.1776294211.15e97987a4b5.21254.0,eval/entropy,1220,1776366372.151988,0.18283547461032867,scalar
events.out.tfevents.1776294211.15e97987a4b5.21254.0,eval/entropy,1230,1776366962.493046,0.18420392274856567,scalar
events.out.tfevents.1776294211.15e97987a4b5.21254.0,eval/entropy,1240,1776367549.8326051,0.18426665663719177,scalar
events.out.tfevents.1776294211.15e97987a4b5.21254.0,eval/entropy,1250,1776368145.9983134,0.18316301703453064,scalar
events.out.tfevents.1776294211.15e97987a4b5.21254.0,eval/entropy,1260,1776368737.1080115,0.18377023935317993,scalar
events.out.tfevents.1776294211.15e97987a4b5.21254.0,eval/entropy,1270,1776369333.3575742,0.1827658861875534,scalar
events.out.tfevents.1776294211.15e97987a4b5.21254.0,eval/entropy,1280,1776369922.8028743,0.18301664292812347,scalar
events.out.tfevents.1776294211.15e97987a4b5.21254.0,eval/entropy,1290,1776370515.6814523,0.18378177285194397,scalar
events.out.tfevents.1776294211.15e97987a4b5.21254.0,eval/entropy,1295,1776370768.2458472,0.18303874135017395,scalar
events.out.tfevents.1776294211.15e97987a4b5.21254.0,eval/num_tokens,10,1776294800.5820932,548761.0,scalar
events.out.tfevents.1776294211.15e97987a4b5.21254.0,eval/num_tokens,20,1776295394.6198683,1097538.0,scalar
events.out.tfevents.1776294211.15e97987a4b5.21254.0,eval/num_tokens,30,1776295979.3581815,1646311.0,scalar
events.out.tfevents.1776294211.15e97987a4b5.21254.0,eval/num_tokens,40,1776296570.6687715,2195076.0,scalar
events.out.tfevents.1776294211.15e97987a4b5.21254.0,eval/num_tokens,50,1776297165.1954012,2743860.0,scalar
events.out.tfevents.1776294211.15e97987a4b5.21254.0,eval/num_tokens,60,1776297760.13879,3292649.0,scalar
events.out.tfevents.1776294211.15e97987a4b5.21254.0,eval/num_tokens,70,1776298347.7576933,3841461.0,scalar
events.out.tfevents.1776294211.15e97987a4b5.21254.0,eval/num_tokens,80,1776298929.9890065,4390242.0,scalar
events.out.tfevents.1776294211.15e97987a4b5.21254.0,eval/num_tokens,90,1776299513.1667724,4939040.0,scalar
events.out.tfevents.1776294211.15e97987a4b5.21254.0,eval/num_tokens,100,1776300099.6215672,5487838.0,scalar
events.out.tfevents.1776294211.15e97987a4b5.21254.0,eval/num_tokens,110,1776300696.3722074,6036613.0,scalar
events.out.tfevents.1776294211.15e97987a4b5.21254.0,eval/num_tokens,120,1776301283.4618366,6585381.0,scalar
events.out.tfevents.1776294211.15e97987a4b5.21254.0,eval/num_tokens,130,1776301871.1856651,7134162.0,scalar
events.out.tfevents.1776294211.15e97987a4b5.21254.0,eval/num_tokens,140,1776302459.0400782,7682953.0,scalar
events.out.tfevents.1776294211.15e97987a4b5.21254.0,eval/num_tokens,150,1776303047.110853,8231737.0,scalar
events.out.tfevents.1776294211.15e97987a4b5.21254.0,eval/num_tokens,160,1776303636.879231,8780516.0,scalar
events.out.tfevents.1776294211.15e97987a4b5.21254.0,eval/num_tokens,170,1776304222.3703904,9329318.0,scalar
events.out.tfevents.1776294211.15e97987a4b5.21254.0,eval/num_tokens,180,1776304818.9515975,9878090.0,scalar
events.out.tfevents.1776294211.15e97987a4b5.21254.0,eval/num_tokens,190,1776305415.1269128,10426889.0,scalar
events.out.tfevents.1776294211.15e97987a4b5.21254.0,eval/num_tokens,200,1776306013.0893283,10975661.0,scalar
events.out.tfevents.1776294211.15e97987a4b5.21254.0,eval/num_tokens,210,1776306603.6478684,11524459.0,scalar
events.out.tfevents.1776294211.15e97987a4b5.21254.0,eval/num_tokens,220,1776307198.5431843,12073261.0,scalar
events.out.tfevents.1776294211.15e97987a4b5.21254.0,eval/num_tokens,230,1776307785.1321273,12622033.0,scalar
events.out.tfevents.1776294211.15e97987a4b5.21254.0,eval/num_tokens,240,1776308379.8237278,13170810.0,scalar
events.out.tfevents.1776294211.15e97987a4b5.21254.0,eval/num_tokens,250,1776308967.2423172,13719601.0,scalar
events.out.tfevents.1776294211.15e97987a4b5.21254.0,eval/num_tokens,260,1776309532.4968107,14220367.0,scalar
events.out.tfevents.1776294211.15e97987a4b5.21254.0,eval/num_tokens,270,1776310123.5849206,14769150.0,scalar
events.out.tfevents.1776294211.15e97987a4b5.21254.0,eval/num_tokens,280,1776310717.1699114,15317925.0,scalar
events.out.tfevents.1776294211.15e97987a4b5.21254.0,eval/num_tokens,290,1776311310.1730113,15866701.0,scalar
events.out.tfevents.1776294211.15e97987a4b5.21254.0,eval/num_tokens,300,1776311903.3782547,16415482.0,scalar
events.out.tfevents.1776294211.15e97987a4b5.21254.0,eval/num_tokens,310,1776312487.8250926,16964272.0,scalar
events.out.tfevents.1776294211.15e97987a4b5.21254.0,eval/num_tokens,320,1776313081.1071072,17513056.0,scalar
events.out.tfevents.1776294211.15e97987a4b5.21254.0,eval/num_tokens,330,1776313671.8914661,18061840.0,scalar
events.out.tfevents.1776294211.15e97987a4b5.21254.0,eval/num_tokens,340,1776314263.8688917,18610648.0,scalar
events.out.tfevents.1776294211.15e97987a4b5.21254.0,eval/num_tokens,350,1776314860.3537197,19159424.0,scalar
events.out.tfevents.1776294211.15e97987a4b5.21254.0,eval/num_tokens,360,1776315443.7422206,19708204.0,scalar
events.out.tfevents.1776294211.15e97987a4b5.21254.0,eval/num_tokens,370,1776316038.1729355,20256992.0,scalar
events.out.tfevents.1776294211.15e97987a4b5.21254.0,eval/num_tokens,380,1776316625.1870944,20805790.0,scalar
events.out.tfevents.1776294211.15e97987a4b5.21254.0,eval/num_tokens,390,1776317221.0264573,21354552.0,scalar
events.out.tfevents.1776294211.15e97987a4b5.21254.0,eval/num_tokens,400,1776317813.8288333,21903314.0,scalar
events.out.tfevents.1776294211.15e97987a4b5.21254.0,eval/num_tokens,410,1776318404.1147776,22452096.0,scalar
events.out.tfevents.1776294211.15e97987a4b5.21254.0,eval/num_tokens,420,1776318995.959713,23000882.0,scalar
events.out.tfevents.1776294211.15e97987a4b5.21254.0,eval/num_tokens,430,1776319586.14579,23549678.0,scalar
events.out.tfevents.1776294211.15e97987a4b5.21254.0,eval/num_tokens,440,1776320175.5192616,24098456.0,scalar
events.out.tfevents.1776294211.15e97987a4b5.21254.0,eval/num_tokens,450,1776320773.3849812,24647270.0,scalar
events.out.tfevents.1776294211.15e97987a4b5.21254.0,eval/num_tokens,460,1776321361.9338107,25196044.0,scalar
events.out.tfevents.1776294211.15e97987a4b5.21254.0,eval/num_tokens,470,1776321958.090802,25744824.0,scalar
events.out.tfevents.1776294211.15e97987a4b5.21254.0,eval/num_tokens,480,1776322548.572491,26293608.0,scalar
events.out.tfevents.1776294211.15e97987a4b5.21254.0,eval/num_tokens,490,1776323143.3975885,26842372.0,scalar
events.out.tfevents.1776294211.15e97987a4b5.21254.0,eval/num_tokens,500,1776323743.3708498,27391164.0,scalar
events.out.tfevents.1776294211.15e97987a4b5.21254.0,eval/num_tokens,510,1776324330.6042953,27939952.0,scalar
events.out.tfevents.1776294211.15e97987a4b5.21254.0,eval/num_tokens,520,1776324900.644697,28440734.0,scalar
events.out.tfevents.1776294211.15e97987a4b5.21254.0,eval/num_tokens,530,1776325488.4103193,28989504.0,scalar
events.out.tfevents.1776294211.15e97987a4b5.21254.0,eval/num_tokens,540,1776326085.2941427,29538268.0,scalar
events.out.tfevents.1776294211.15e97987a4b5.21254.0,eval/num_tokens,550,1776326682.348698,30087052.0,scalar
events.out.tfevents.1776294211.15e97987a4b5.21254.0,eval/num_tokens,560,1776327276.2317088,30635820.0,scalar
events.out.tfevents.1776294211.15e97987a4b5.21254.0,eval/num_tokens,570,1776327876.3787858,31184616.0,scalar
events.out.tfevents.1776294211.15e97987a4b5.21254.0,eval/num_tokens,580,1776328467.5777888,31733400.0,scalar
events.out.tfevents.1776294211.15e97987a4b5.21254.0,eval/num_tokens,590,1776329062.7609904,32282176.0,scalar
events.out.tfevents.1776294211.15e97987a4b5.21254.0,eval/num_tokens,600,1776329657.0753095,32830952.0,scalar
events.out.tfevents.1776294211.15e97987a4b5.21254.0,eval/num_tokens,610,1776330253.3683155,33379724.0,scalar
events.out.tfevents.1776294211.15e97987a4b5.21254.0,eval/num_tokens,620,1776330840.5370693,33928496.0,scalar
events.out.tfevents.1776294211.15e97987a4b5.21254.0,eval/num_tokens,630,1776331433.3833716,34477288.0,scalar
events.out.tfevents.1776294211.15e97987a4b5.21254.0,eval/num_tokens,640,1776332030.1540833,35026072.0,scalar
events.out.tfevents.1776294211.15e97987a4b5.21254.0,eval/num_tokens,650,1776332626.442092,35574856.0,scalar
events.out.tfevents.1776294211.15e97987a4b5.21254.0,eval/num_tokens,660,1776333209.4984484,36123656.0,scalar
events.out.tfevents.1776294211.15e97987a4b5.21254.0,eval/num_tokens,670,1776333794.8321753,36672460.0,scalar
events.out.tfevents.1776294211.15e97987a4b5.21254.0,eval/num_tokens,680,1776334387.5459285,37221240.0,scalar
events.out.tfevents.1776294211.15e97987a4b5.21254.0,eval/num_tokens,690,1776334981.190979,37770036.0,scalar
events.out.tfevents.1776294211.15e97987a4b5.21254.0,eval/num_tokens,700,1776335571.3379498,38318836.0,scalar
events.out.tfevents.1776294211.15e97987a4b5.21254.0,eval/num_tokens,710,1776336169.2603025,38867608.0,scalar
events.out.tfevents.1776294211.15e97987a4b5.21254.0,eval/num_tokens,720,1776336758.274451,39416408.0,scalar
events.out.tfevents.1776294211.15e97987a4b5.21254.0,eval/num_tokens,730,1776337349.9825728,39965188.0,scalar
events.out.tfevents.1776294211.15e97987a4b5.21254.0,eval/num_tokens,740,1776337950.3425586,40513972.0,scalar
events.out.tfevents.1776294211.15e97987a4b5.21254.0,eval/num_tokens,750,1776338538.5446837,41062752.0,scalar
events.out.tfevents.1776294211.15e97987a4b5.21254.0,eval/num_tokens,760,1776339128.735261,41611540.0,scalar
events.out.tfevents.1776294211.15e97987a4b5.21254.0,eval/num_tokens,770,1776339724.4714367,42160328.0,scalar
events.out.tfevents.1776294211.15e97987a4b5.21254.0,eval/num_tokens,780,1776340294.3080218,42661088.0,scalar
events.out.tfevents.1776294211.15e97987a4b5.21254.0,eval/num_tokens,790,1776340891.4768264,43209848.0,scalar
events.out.tfevents.1776294211.15e97987a4b5.21254.0,eval/num_tokens,800,1776341479.6459565,43758648.0,scalar
events.out.tfevents.1776294211.15e97987a4b5.21254.0,eval/num_tokens,810,1776342076.523521,44307464.0,scalar
events.out.tfevents.1776294211.15e97987a4b5.21254.0,eval/num_tokens,820,1776342669.8021264,44856240.0,scalar
events.out.tfevents.1776294211.15e97987a4b5.21254.0,eval/num_tokens,830,1776343258.590798,45405020.0,scalar
events.out.tfevents.1776294211.15e97987a4b5.21254.0,eval/num_tokens,840,1776343856.2310493,45953816.0,scalar
events.out.tfevents.1776294211.15e97987a4b5.21254.0,eval/num_tokens,850,1776344442.9644713,46502576.0,scalar
events.out.tfevents.1776294211.15e97987a4b5.21254.0,eval/num_tokens,860,1776345030.5544806,47051348.0,scalar
events.out.tfevents.1776294211.15e97987a4b5.21254.0,eval/num_tokens,870,1776345634.6833203,47600120.0,scalar
events.out.tfevents.1776294211.15e97987a4b5.21254.0,eval/num_tokens,880,1776346223.0542958,48148912.0,scalar
events.out.tfevents.1776294211.15e97987a4b5.21254.0,eval/num_tokens,890,1776346822.6985095,48697704.0,scalar
events.out.tfevents.1776294211.15e97987a4b5.21254.0,eval/num_tokens,900,1776347417.064515,49246472.0,scalar
events.out.tfevents.1776294211.15e97987a4b5.21254.0,eval/num_tokens,910,1776348006.117155,49795288.0,scalar
events.out.tfevents.1776294211.15e97987a4b5.21254.0,eval/num_tokens,920,1776348603.474075,50344064.0,scalar
events.out.tfevents.1776294211.15e97987a4b5.21254.0,eval/num_tokens,930,1776349201.0721495,50892820.0,scalar
events.out.tfevents.1776294211.15e97987a4b5.21254.0,eval/num_tokens,940,1776349798.0785246,51441620.0,scalar
events.out.tfevents.1776294211.15e97987a4b5.21254.0,eval/num_tokens,950,1776350390.1911583,51990396.0,scalar
events.out.tfevents.1776294211.15e97987a4b5.21254.0,eval/num_tokens,960,1776350978.49743,52539172.0,scalar
events.out.tfevents.1776294211.15e97987a4b5.21254.0,eval/num_tokens,970,1776351576.9630404,53087960.0,scalar
events.out.tfevents.1776294211.15e97987a4b5.21254.0,eval/num_tokens,980,1776352169.2340424,53636744.0,scalar
events.out.tfevents.1776294211.15e97987a4b5.21254.0,eval/num_tokens,990,1776352765.9323592,54185532.0,scalar
events.out.tfevents.1776294211.15e97987a4b5.21254.0,eval/num_tokens,1000,1776353364.4533532,54734324.0,scalar
events.out.tfevents.1776294211.15e97987a4b5.21254.0,eval/num_tokens,1010,1776353961.4273806,55283136.0,scalar
events.out.tfevents.1776294211.15e97987a4b5.21254.0,eval/num_tokens,1020,1776354542.2757604,55831928.0,scalar
events.out.tfevents.1776294211.15e97987a4b5.21254.0,eval/num_tokens,1030,1776355135.1460412,56380680.0,scalar
events.out.tfevents.1776294211.15e97987a4b5.21254.0,eval/num_tokens,1040,1776355710.138439,56881440.0,scalar
events.out.tfevents.1776294211.15e97987a4b5.21254.0,eval/num_tokens,1050,1776356303.039168,57430200.0,scalar
events.out.tfevents.1776294211.15e97987a4b5.21254.0,eval/num_tokens,1060,1776356893.1060736,57978968.0,scalar
events.out.tfevents.1776294211.15e97987a4b5.21254.0,eval/num_tokens,1070,1776357479.340172,58527756.0,scalar
events.out.tfevents.1776294211.15e97987a4b5.21254.0,eval/num_tokens,1080,1776358065.9833724,59076552.0,scalar
events.out.tfevents.1776294211.15e97987a4b5.21254.0,eval/num_tokens,1090,1776358657.1962655,59625336.0,scalar
events.out.tfevents.1776294211.15e97987a4b5.21254.0,eval/num_tokens,1100,1776359249.693831,60174112.0,scalar
events.out.tfevents.1776294211.15e97987a4b5.21254.0,eval/num_tokens,1110,1776359841.0237968,60722912.0,scalar
events.out.tfevents.1776294211.15e97987a4b5.21254.0,eval/num_tokens,1120,1776360432.739091,61271708.0,scalar
events.out.tfevents.1776294211.15e97987a4b5.21254.0,eval/num_tokens,1130,1776361038.055949,61820500.0,scalar
events.out.tfevents.1776294211.15e97987a4b5.21254.0,eval/num_tokens,1140,1776361629.3524923,62369280.0,scalar
events.out.tfevents.1776294211.15e97987a4b5.21254.0,eval/num_tokens,1150,1776362224.9083679,62918052.0,scalar
events.out.tfevents.1776294211.15e97987a4b5.21254.0,eval/num_tokens,1160,1776362814.7914114,63466844.0,scalar
events.out.tfevents.1776294211.15e97987a4b5.21254.0,eval/num_tokens,1170,1776363410.317152,64015636.0,scalar
events.out.tfevents.1776294211.15e97987a4b5.21254.0,eval/num_tokens,1180,1776364000.9281619,64564436.0,scalar
events.out.tfevents.1776294211.15e97987a4b5.21254.0,eval/num_tokens,1190,1776364592.9440324,65113232.0,scalar
events.out.tfevents.1776294211.15e97987a4b5.21254.0,eval/num_tokens,1200,1776365185.5415306,65662016.0,scalar
events.out.tfevents.1776294211.15e97987a4b5.21254.0,eval/num_tokens,1210,1776365779.6447952,66210804.0,scalar
events.out.tfevents.1776294211.15e97987a4b5.21254.0,eval/num_tokens,1220,1776366372.1519918,66759568.0,scalar
events.out.tfevents.1776294211.15e97987a4b5.21254.0,eval/num_tokens,1230,1776366962.49305,67308368.0,scalar
events.out.tfevents.1776294211.15e97987a4b5.21254.0,eval/num_tokens,1240,1776367549.8326092,67857160.0,scalar
events.out.tfevents.1776294211.15e97987a4b5.21254.0,eval/num_tokens,1250,1776368145.9983175,68405944.0,scalar
events.out.tfevents.1776294211.15e97987a4b5.21254.0,eval/num_tokens,1260,1776368737.1080155,68954720.0,scalar
events.out.tfevents.1776294211.15e97987a4b5.21254.0,eval/num_tokens,1270,1776369333.3575783,69503480.0,scalar
events.out.tfevents.1776294211.15e97987a4b5.21254.0,eval/num_tokens,1280,1776369922.8028784,70052280.0,scalar
events.out.tfevents.1776294211.15e97987a4b5.21254.0,eval/num_tokens,1290,1776370515.681456,70601056.0,scalar
events.out.tfevents.1776294211.15e97987a4b5.21254.0,eval/num_tokens,1295,1776370768.245852,70827424.0,scalar
events.out.tfevents.1776294211.15e97987a4b5.21254.0,eval/mean_token_accuracy,10,1776294800.5820982,0.6502769589424133,scalar
events.out.tfevents.1776294211.15e97987a4b5.21254.0,eval/mean_token_accuracy,20,1776295394.6198723,0.7900184988975525,scalar
events.out.tfevents.1776294211.15e97987a4b5.21254.0,eval/mean_token_accuracy,30,1776295979.3581855,0.8670289516448975,scalar
events.out.tfevents.1776294211.15e97987a4b5.21254.0,eval/mean_token_accuracy,40,1776296570.668776,0.8792751431465149,scalar
events.out.tfevents.1776294211.15e97987a4b5.21254.0,eval/mean_token_accuracy,50,1776297165.1954055,0.8848800659179688,scalar
events.out.tfevents.1776294211.15e97987a4b5.21254.0,eval/mean_token_accuracy,60,1776297760.1387942,0.8893511295318604,scalar
events.out.tfevents.1776294211.15e97987a4b5.21254.0,eval/mean_token_accuracy,70,1776298347.7576973,0.8930204510688782,scalar
events.out.tfevents.1776294211.15e97987a4b5.21254.0,eval/mean_token_accuracy,80,1776298929.9890103,0.8956911563873291,scalar
events.out.tfevents.1776294211.15e97987a4b5.21254.0,eval/mean_token_accuracy,90,1776299513.1667767,0.8953571319580078,scalar
events.out.tfevents.1776294211.15e97987a4b5.21254.0,eval/mean_token_accuracy,100,1776300099.6215713,0.8978602886199951,scalar
events.out.tfevents.1776294211.15e97987a4b5.21254.0,eval/mean_token_accuracy,110,1776300696.3722117,0.8997621536254883,scalar
events.out.tfevents.1776294211.15e97987a4b5.21254.0,eval/mean_token_accuracy,120,1776301283.4618404,0.8998950719833374,scalar
events.out.tfevents.1776294211.15e97987a4b5.21254.0,eval/mean_token_accuracy,130,1776301871.1856692,0.9008949995040894,scalar
events.out.tfevents.1776294211.15e97987a4b5.21254.0,eval/mean_token_accuracy,140,1776302459.0400825,0.9018620848655701,scalar
events.out.tfevents.1776294211.15e97987a4b5.21254.0,eval/mean_token_accuracy,150,1776303047.110869,0.904231607913971,scalar
events.out.tfevents.1776294211.15e97987a4b5.21254.0,eval/mean_token_accuracy,160,1776303636.8792353,0.904998242855072,scalar
events.out.tfevents.1776294211.15e97987a4b5.21254.0,eval/mean_token_accuracy,170,1776304222.3703947,0.9041988253593445,scalar
events.out.tfevents.1776294211.15e97987a4b5.21254.0,eval/mean_token_accuracy,180,1776304818.9516017,0.9050659537315369,scalar
events.out.tfevents.1776294211.15e97987a4b5.21254.0,eval/mean_token_accuracy,190,1776305415.126917,0.905699610710144,scalar
events.out.tfevents.1776294211.15e97987a4b5.21254.0,eval/mean_token_accuracy,200,1776306013.0893328,0.9055994153022766,scalar
events.out.tfevents.1776294211.15e97987a4b5.21254.0,eval/mean_token_accuracy,210,1776306603.6478724,0.9039300680160522,scalar
events.out.tfevents.1776294211.15e97987a4b5.21254.0,eval/mean_token_accuracy,220,1776307198.5431883,0.9064331650733948,scalar
events.out.tfevents.1776294211.15e97987a4b5.21254.0,eval/mean_token_accuracy,230,1776307785.1321313,0.9062315821647644,scalar
events.out.tfevents.1776294211.15e97987a4b5.21254.0,eval/mean_token_accuracy,240,1776308379.8237314,0.9076015949249268,scalar
events.out.tfevents.1776294211.15e97987a4b5.21254.0,eval/mean_token_accuracy,250,1776308967.2423215,0.9074682593345642,scalar
events.out.tfevents.1776294211.15e97987a4b5.21254.0,eval/mean_token_accuracy,260,1776309532.4968145,0.9068337082862854,scalar
events.out.tfevents.1776294211.15e97987a4b5.21254.0,eval/mean_token_accuracy,270,1776310123.5849247,0.9075003862380981,scalar
events.out.tfevents.1776294211.15e97987a4b5.21254.0,eval/mean_token_accuracy,280,1776310717.1699154,0.9073012471199036,scalar
events.out.tfevents.1776294211.15e97987a4b5.21254.0,eval/mean_token_accuracy,290,1776311310.173015,0.909034788608551,scalar
events.out.tfevents.1776294211.15e97987a4b5.21254.0,eval/mean_token_accuracy,300,1776311903.378259,0.9090678691864014,scalar
events.out.tfevents.1776294211.15e97987a4b5.21254.0,eval/mean_token_accuracy,310,1776312487.8250964,0.9088354706764221,scalar
events.out.tfevents.1776294211.15e97987a4b5.21254.0,eval/mean_token_accuracy,320,1776313081.107111,0.9089677929878235,scalar
events.out.tfevents.1776294211.15e97987a4b5.21254.0,eval/mean_token_accuracy,330,1776313671.8914707,0.9094693064689636,scalar
events.out.tfevents.1776294211.15e97987a4b5.21254.0,eval/mean_token_accuracy,340,1776314263.868896,0.9098697304725647,scalar
events.out.tfevents.1776294211.15e97987a4b5.21254.0,eval/mean_token_accuracy,350,1776314860.3537238,0.9084363579750061,scalar
events.out.tfevents.1776294211.15e97987a4b5.21254.0,eval/mean_token_accuracy,360,1776315443.7422247,0.9105716943740845,scalar
events.out.tfevents.1776294211.15e97987a4b5.21254.0,eval/mean_token_accuracy,370,1776316038.1729393,0.9081346392631531,scalar
events.out.tfevents.1776294211.15e97987a4b5.21254.0,eval/mean_token_accuracy,380,1776316625.187099,0.9101033806800842,scalar
events.out.tfevents.1776294211.15e97987a4b5.21254.0,eval/mean_token_accuracy,390,1776317221.0264614,0.9111022353172302,scalar
events.out.tfevents.1776294211.15e97987a4b5.21254.0,eval/mean_token_accuracy,400,1776317813.8288372,0.9105361700057983,scalar
events.out.tfevents.1776294211.15e97987a4b5.21254.0,eval/mean_token_accuracy,410,1776318404.1147814,0.909702479839325,scalar
events.out.tfevents.1776294211.15e97987a4b5.21254.0,eval/mean_token_accuracy,420,1776318995.9597173,0.910903811454773,scalar
events.out.tfevents.1776294211.15e97987a4b5.21254.0,eval/mean_token_accuracy,430,1776319586.1457944,0.9103025197982788,scalar
events.out.tfevents.1776294211.15e97987a4b5.21254.0,eval/mean_token_accuracy,440,1776320175.5192657,0.9116712808609009,scalar
events.out.tfevents.1776294211.15e97987a4b5.21254.0,eval/mean_token_accuracy,450,1776320773.384985,0.9114366769790649,scalar
events.out.tfevents.1776294211.15e97987a4b5.21254.0,eval/mean_token_accuracy,460,1776321361.9338145,0.9096692800521851,scalar
events.out.tfevents.1776294211.15e97987a4b5.21254.0,eval/mean_token_accuracy,470,1776321958.090806,0.9116036891937256,scalar
events.out.tfevents.1776294211.15e97987a4b5.21254.0,eval/mean_token_accuracy,480,1776322548.5724955,0.9116700887680054,scalar
events.out.tfevents.1776294211.15e97987a4b5.21254.0,eval/mean_token_accuracy,490,1776323143.3975928,0.9111701846122742,scalar
events.out.tfevents.1776294211.15e97987a4b5.21254.0,eval/mean_token_accuracy,500,1776323743.370854,0.9115375876426697,scalar
events.out.tfevents.1776294211.15e97987a4b5.21254.0,eval/mean_token_accuracy,510,1776324330.6042998,0.9111356735229492,scalar
events.out.tfevents.1776294211.15e97987a4b5.21254.0,eval/mean_token_accuracy,520,1776324900.6447012,0.9120385646820068,scalar
events.out.tfevents.1776294211.15e97987a4b5.21254.0,eval/mean_token_accuracy,530,1776325488.4103236,0.9122055172920227,scalar
events.out.tfevents.1776294211.15e97987a4b5.21254.0,eval/mean_token_accuracy,540,1776326085.2941468,0.9122380614280701,scalar
events.out.tfevents.1776294211.15e97987a4b5.21254.0,eval/mean_token_accuracy,550,1776326682.348702,0.9130048155784607,scalar
events.out.tfevents.1776294211.15e97987a4b5.21254.0,eval/mean_token_accuracy,560,1776327276.2317126,0.9121046662330627,scalar
events.out.tfevents.1776294211.15e97987a4b5.21254.0,eval/mean_token_accuracy,570,1776327876.37879,0.9132053256034851,scalar
events.out.tfevents.1776294211.15e97987a4b5.21254.0,eval/mean_token_accuracy,580,1776328467.5777931,0.9132393598556519,scalar
events.out.tfevents.1776294211.15e97987a4b5.21254.0,eval/mean_token_accuracy,590,1776329062.760995,0.9124048352241516,scalar
events.out.tfevents.1776294211.15e97987a4b5.21254.0,eval/mean_token_accuracy,600,1776329657.0753136,0.9122720956802368,scalar
events.out.tfevents.1776294211.15e97987a4b5.21254.0,eval/mean_token_accuracy,610,1776330253.3683195,0.9127721190452576,scalar
events.out.tfevents.1776294211.15e97987a4b5.21254.0,eval/mean_token_accuracy,620,1776330840.5370734,0.9127046465873718,scalar
events.out.tfevents.1776294211.15e97987a4b5.21254.0,eval/mean_token_accuracy,630,1776331433.383376,0.9132723808288574,scalar
events.out.tfevents.1776294211.15e97987a4b5.21254.0,eval/mean_token_accuracy,640,1776332030.1540873,0.9119046926498413,scalar
events.out.tfevents.1776294211.15e97987a4b5.21254.0,eval/mean_token_accuracy,650,1776332626.4420962,0.9130047559738159,scalar
events.out.tfevents.1776294211.15e97987a4b5.21254.0,eval/mean_token_accuracy,660,1776333209.4984524,0.9123724102973938,scalar
events.out.tfevents.1776294211.15e97987a4b5.21254.0,eval/mean_token_accuracy,670,1776333794.8321798,0.9129716753959656,scalar
events.out.tfevents.1776294211.15e97987a4b5.21254.0,eval/mean_token_accuracy,680,1776334387.5459325,0.913206160068512,scalar
events.out.tfevents.1776294211.15e97987a4b5.21254.0,eval/mean_token_accuracy,690,1776334981.1909828,0.912939190864563,scalar
events.out.tfevents.1776294211.15e97987a4b5.21254.0,eval/mean_token_accuracy,700,1776335571.337954,0.9133721590042114,scalar
events.out.tfevents.1776294211.15e97987a4b5.21254.0,eval/mean_token_accuracy,710,1776336169.2603064,0.9138733148574829,scalar
events.out.tfevents.1776294211.15e97987a4b5.21254.0,eval/mean_token_accuracy,720,1776336758.274455,0.9143081903457642,scalar
events.out.tfevents.1776294211.15e97987a4b5.21254.0,eval/mean_token_accuracy,730,1776337349.9825768,0.9138414859771729,scalar
events.out.tfevents.1776294211.15e97987a4b5.21254.0,eval/mean_token_accuracy,740,1776337950.342563,0.912738561630249,scalar
events.out.tfevents.1776294211.15e97987a4b5.21254.0,eval/mean_token_accuracy,750,1776338538.544688,0.9142743945121765,scalar
events.out.tfevents.1776294211.15e97987a4b5.21254.0,eval/mean_token_accuracy,760,1776339128.7352655,0.9136402606964111,scalar
events.out.tfevents.1776294211.15e97987a4b5.21254.0,eval/mean_token_accuracy,770,1776339724.4714408,0.9132061004638672,scalar
events.out.tfevents.1776294211.15e97987a4b5.21254.0,eval/mean_token_accuracy,780,1776340294.308026,0.9139068722724915,scalar
events.out.tfevents.1776294211.15e97987a4b5.21254.0,eval/mean_token_accuracy,790,1776340891.4768305,0.9144064784049988,scalar
events.out.tfevents.1776294211.15e97987a4b5.21254.0,eval/mean_token_accuracy,800,1776341479.6459608,0.9140731692314148,scalar
events.out.tfevents.1776294211.15e97987a4b5.21254.0,eval/mean_token_accuracy,810,1776342076.5235252,0.9153077006340027,scalar
events.out.tfevents.1776294211.15e97987a4b5.21254.0,eval/mean_token_accuracy,820,1776342669.8021302,0.9143404364585876,scalar
events.out.tfevents.1776294211.15e97987a4b5.21254.0,eval/mean_token_accuracy,830,1776343258.590802,0.9148415923118591,scalar
events.out.tfevents.1776294211.15e97987a4b5.21254.0,eval/mean_token_accuracy,840,1776343856.2310534,0.9148734211921692,scalar
events.out.tfevents.1776294211.15e97987a4b5.21254.0,eval/mean_token_accuracy,850,1776344442.9644752,0.9140401482582092,scalar
events.out.tfevents.1776294211.15e97987a4b5.21254.0,eval/mean_token_accuracy,860,1776345030.5544848,0.9137066006660461,scalar
events.out.tfevents.1776294211.15e97987a4b5.21254.0,eval/mean_token_accuracy,870,1776345634.6833243,0.9149407744407654,scalar
events.out.tfevents.1776294211.15e97987a4b5.21254.0,eval/mean_token_accuracy,880,1776346223.0542998,0.9145742654800415,scalar
events.out.tfevents.1776294211.15e97987a4b5.21254.0,eval/mean_token_accuracy,890,1776346822.6985137,0.9135727882385254,scalar
events.out.tfevents.1776294211.15e97987a4b5.21254.0,eval/mean_token_accuracy,900,1776347417.0645192,0.9153072834014893,scalar
events.out.tfevents.1776294211.15e97987a4b5.21254.0,eval/mean_token_accuracy,910,1776348006.1171591,0.9151089191436768,scalar
events.out.tfevents.1776294211.15e97987a4b5.21254.0,eval/mean_token_accuracy,920,1776348603.4740794,0.9140403866767883,scalar
events.out.tfevents.1776294211.15e97987a4b5.21254.0,eval/mean_token_accuracy,930,1776349201.0721533,0.913873016834259,scalar
events.out.tfevents.1776294211.15e97987a4b5.21254.0,eval/mean_token_accuracy,940,1776349798.0785291,0.9150069952011108,scalar
events.out.tfevents.1776294211.15e97987a4b5.21254.0,eval/mean_token_accuracy,950,1776350390.1911623,0.9157407879829407,scalar
events.out.tfevents.1776294211.15e97987a4b5.21254.0,eval/mean_token_accuracy,960,1776350978.4974341,0.9148737788200378,scalar
events.out.tfevents.1776294211.15e97987a4b5.21254.0,eval/mean_token_accuracy,970,1776351576.9630444,0.9154420495033264,scalar
events.out.tfevents.1776294211.15e97987a4b5.21254.0,eval/mean_token_accuracy,980,1776352169.2340465,0.9150755405426025,scalar
events.out.tfevents.1776294211.15e97987a4b5.21254.0,eval/mean_token_accuracy,990,1776352765.9323635,0.9153070449829102,scalar
events.out.tfevents.1776294211.15e97987a4b5.21254.0,eval/mean_token_accuracy,1000,1776353364.4533572,0.9151748418807983,scalar
events.out.tfevents.1776294211.15e97987a4b5.21254.0,eval/mean_token_accuracy,1010,1776353961.4273849,0.9146406650543213,scalar
events.out.tfevents.1776294211.15e97987a4b5.21254.0,eval/mean_token_accuracy,1020,1776354542.2757642,0.9159417152404785,scalar
events.out.tfevents.1776294211.15e97987a4b5.21254.0,eval/mean_token_accuracy,1030,1776355135.1460454,0.9150083065032959,scalar
events.out.tfevents.1776294211.15e97987a4b5.21254.0,eval/mean_token_accuracy,1040,1776355710.1384432,0.9152412414550781,scalar
events.out.tfevents.1776294211.15e97987a4b5.21254.0,eval/mean_token_accuracy,1050,1776356303.0391726,0.9149746298789978,scalar
events.out.tfevents.1776294211.15e97987a4b5.21254.0,eval/mean_token_accuracy,1060,1776356893.1060777,0.9154740571975708,scalar
events.out.tfevents.1776294211.15e97987a4b5.21254.0,eval/mean_token_accuracy,1070,1776357479.3401756,0.9152746200561523,scalar
events.out.tfevents.1776294211.15e97987a4b5.21254.0,eval/mean_token_accuracy,1080,1776358065.9833767,0.9148737788200378,scalar
events.out.tfevents.1776294211.15e97987a4b5.21254.0,eval/mean_token_accuracy,1090,1776358657.1962698,0.9154075384140015,scalar
events.out.tfevents.1776294211.15e97987a4b5.21254.0,eval/mean_token_accuracy,1100,1776359249.693835,0.9161747694015503,scalar
events.out.tfevents.1776294211.15e97987a4b5.21254.0,eval/mean_token_accuracy,1110,1776359841.0238008,0.9159414768218994,scalar
events.out.tfevents.1776294211.15e97987a4b5.21254.0,eval/mean_token_accuracy,1120,1776360432.739095,0.9152072072029114,scalar
events.out.tfevents.1776294211.15e97987a4b5.21254.0,eval/mean_token_accuracy,1130,1776361038.0559535,0.9150404334068298,scalar
events.out.tfevents.1776294211.15e97987a4b5.21254.0,eval/mean_token_accuracy,1140,1776361629.3524964,0.9156408309936523,scalar
events.out.tfevents.1776294211.15e97987a4b5.21254.0,eval/mean_token_accuracy,1150,1776362224.9083717,0.915941596031189,scalar
events.out.tfevents.1776294211.15e97987a4b5.21254.0,eval/mean_token_accuracy,1160,1776362814.7914157,0.9160414338111877,scalar
events.out.tfevents.1776294211.15e97987a4b5.21254.0,eval/mean_token_accuracy,1170,1776363410.317156,0.9157410264015198,scalar
events.out.tfevents.1776294211.15e97987a4b5.21254.0,eval/mean_token_accuracy,1180,1776364000.9281662,0.9155747890472412,scalar
events.out.tfevents.1776294211.15e97987a4b5.21254.0,eval/mean_token_accuracy,1190,1776364592.9440362,0.9156423211097717,scalar
events.out.tfevents.1776294211.15e97987a4b5.21254.0,eval/mean_token_accuracy,1200,1776365185.541535,0.9164754152297974,scalar
events.out.tfevents.1776294211.15e97987a4b5.21254.0,eval/mean_token_accuracy,1210,1776365779.6447997,0.9153079390525818,scalar
events.out.tfevents.1776294211.15e97987a4b5.21254.0,eval/mean_token_accuracy,1220,1776366372.1519957,0.915908932685852,scalar
events.out.tfevents.1776294211.15e97987a4b5.21254.0,eval/mean_token_accuracy,1230,1776366962.4930542,0.9158416986465454,scalar
events.out.tfevents.1776294211.15e97987a4b5.21254.0,eval/mean_token_accuracy,1240,1776367549.8326132,0.9161758422851562,scalar
events.out.tfevents.1776294211.15e97987a4b5.21254.0,eval/mean_token_accuracy,1250,1776368145.9983218,0.9157086610794067,scalar
events.out.tfevents.1776294211.15e97987a4b5.21254.0,eval/mean_token_accuracy,1260,1776368737.10802,0.9154418706893921,scalar
events.out.tfevents.1776294211.15e97987a4b5.21254.0,eval/mean_token_accuracy,1270,1776369333.3575823,0.9155082702636719,scalar
events.out.tfevents.1776294211.15e97987a4b5.21254.0,eval/mean_token_accuracy,1280,1776369922.8028827,0.9153406620025635,scalar
events.out.tfevents.1776294211.15e97987a4b5.21254.0,eval/mean_token_accuracy,1290,1776370515.68146,0.9161751866340637,scalar
events.out.tfevents.1776294211.15e97987a4b5.21254.0,eval/mean_token_accuracy,1295,1776370768.2458682,0.9161088466644287,scalar
events.out.tfevents.1776294211.15e97987a4b5.21254.0,train/train_runtime,1295,1776370798.138963,76586.8515625,scalar
events.out.tfevents.1776294211.15e97987a4b5.21254.0,train/train_samples_per_second,1295,1776370798.138991,1.0789999961853027,scalar
events.out.tfevents.1776294211.15e97987a4b5.21254.0,train/train_steps_per_second,1295,1776370798.1389978,0.017000000923871994,scalar
events.out.tfevents.1776294211.15e97987a4b5.21254.0,train/total_flos,1295,1776370798.139003,1.8591068993628406e+18,scalar
events.out.tfevents.1776294211.15e97987a4b5.21254.0,train/train_loss,1295,1776370798.1390078,0.23243474960327148,scalar
