run_file,tag,step,wall_time,value,type
events.out.tfevents.1770456721.15f3a867024b.5912.0,train/loss,5,1770456953.4815912,1.3146847486495972,scalar
events.out.tfevents.1770456721.15f3a867024b.5912.0,train/loss,10,1770457179.6462572,0.8589979410171509,scalar
events.out.tfevents.1770456721.15f3a867024b.5912.0,train/loss,15,1770457431.2965517,0.4024977684020996,scalar
events.out.tfevents.1770456721.15f3a867024b.5912.0,train/loss,20,1770457654.271368,0.28398311138153076,scalar
events.out.tfevents.1770456721.15f3a867024b.5912.0,train/loss,25,1770457907.1047304,0.25046467781066895,scalar
events.out.tfevents.1770456721.15f3a867024b.5912.0,train/loss,30,1770458129.6030176,0.2361479550600052,scalar
events.out.tfevents.1770456721.15f3a867024b.5912.0,train/loss,35,1770458384.0667446,0.23534896969795227,scalar
events.out.tfevents.1770456721.15f3a867024b.5912.0,train/loss,40,1770458608.5790625,0.2390460968017578,scalar
events.out.tfevents.1770456721.15f3a867024b.5912.0,train/loss,45,1770458858.6563518,0.22105984389781952,scalar
events.out.tfevents.1770456721.15f3a867024b.5912.0,train/loss,50,1770459083.0256546,0.2233312875032425,scalar
events.out.tfevents.1770456721.15f3a867024b.5912.0,train/loss,55,1770459334.3733597,0.2212020605802536,scalar
events.out.tfevents.1770456721.15f3a867024b.5912.0,train/loss,60,1770459558.1964657,0.21842613816261292,scalar
events.out.tfevents.1770456721.15f3a867024b.5912.0,train/loss,65,1770459808.3474917,0.21854226291179657,scalar
events.out.tfevents.1770456721.15f3a867024b.5912.0,train/loss,70,1770460033.8683984,0.21954743564128876,scalar
events.out.tfevents.1770456721.15f3a867024b.5912.0,train/loss,75,1770460283.3627498,0.21544483304023743,scalar
events.out.tfevents.1770456721.15f3a867024b.5912.0,train/loss,80,1770460507.537528,0.21434016525745392,scalar
events.out.tfevents.1770456721.15f3a867024b.5912.0,train/loss,85,1770460758.3278081,0.2123849093914032,scalar
events.out.tfevents.1770456721.15f3a867024b.5912.0,train/loss,90,1770460982.3619797,0.21066932380199432,scalar
events.out.tfevents.1770456721.15f3a867024b.5912.0,train/loss,95,1770461232.7383466,0.2104065865278244,scalar
events.out.tfevents.1770456721.15f3a867024b.5912.0,train/loss,100,1770461457.2633092,0.21302573382854462,scalar
events.out.tfevents.1770456721.15f3a867024b.5912.0,train/loss,105,1770461709.8447273,0.20949316024780273,scalar
events.out.tfevents.1770456721.15f3a867024b.5912.0,train/loss,110,1770461941.443648,0.217874214053154,scalar
events.out.tfevents.1770456721.15f3a867024b.5912.0,train/loss,115,1770462201.7543004,0.20558233559131622,scalar
events.out.tfevents.1770456721.15f3a867024b.5912.0,train/loss,120,1770462431.384795,0.21116359531879425,scalar
events.out.tfevents.1770456721.15f3a867024b.5912.0,train/loss,125,1770462690.235616,0.2072877436876297,scalar
events.out.tfevents.1770456721.15f3a867024b.5912.0,train/loss,130,1770462920.927894,0.20417580008506775,scalar
events.out.tfevents.1770456721.15f3a867024b.5912.0,train/loss,135,1770463178.829161,0.20261184871196747,scalar
events.out.tfevents.1770456721.15f3a867024b.5912.0,train/loss,140,1770463408.0495698,0.20731696486473083,scalar
events.out.tfevents.1770456721.15f3a867024b.5912.0,train/loss,145,1770463681.802044,0.20391526818275452,scalar
events.out.tfevents.1770456721.15f3a867024b.5912.0,train/loss,150,1770463912.1427662,0.20107439160346985,scalar
events.out.tfevents.1770456721.15f3a867024b.5912.0,train/loss,155,1770464177.730131,0.20819254219532013,scalar
events.out.tfevents.1770456721.15f3a867024b.5912.0,train/loss,160,1770464407.1960316,0.20020313560962677,scalar
events.out.tfevents.1770456721.15f3a867024b.5912.0,train/loss,165,1770464666.5794482,0.2024281919002533,scalar
events.out.tfevents.1770456721.15f3a867024b.5912.0,train/loss,170,1770464897.0071564,0.19721928238868713,scalar
events.out.tfevents.1770456721.15f3a867024b.5912.0,train/loss,175,1770465158.5105853,0.20126597583293915,scalar
events.out.tfevents.1770456721.15f3a867024b.5912.0,train/loss,180,1770465390.773244,0.20540377497673035,scalar
events.out.tfevents.1770456721.15f3a867024b.5912.0,train/loss,185,1770465650.138748,0.1973603069782257,scalar
events.out.tfevents.1770456721.15f3a867024b.5912.0,train/loss,190,1770465885.3518927,0.21014270186424255,scalar
events.out.tfevents.1770456721.15f3a867024b.5912.0,train/loss,195,1770466143.5628448,0.19449098408222198,scalar
events.out.tfevents.1770456721.15f3a867024b.5912.0,train/loss,200,1770466373.179732,0.19241924583911896,scalar
events.out.tfevents.1770456721.15f3a867024b.5912.0,train/loss,205,1770466632.1827462,0.2008647471666336,scalar
events.out.tfevents.1770456721.15f3a867024b.5912.0,train/loss,210,1770466862.617557,0.1942974478006363,scalar
events.out.tfevents.1770456721.15f3a867024b.5912.0,train/loss,215,1770467121.0929952,0.19125136733055115,scalar
events.out.tfevents.1770456721.15f3a867024b.5912.0,train/loss,220,1770467351.5052836,0.19948497414588928,scalar
events.out.tfevents.1770456721.15f3a867024b.5912.0,train/loss,225,1770467610.0128167,0.19449546933174133,scalar
events.out.tfevents.1770456721.15f3a867024b.5912.0,train/loss,230,1770467840.1670275,0.19403240084648132,scalar
events.out.tfevents.1770456721.15f3a867024b.5912.0,train/loss,235,1770468099.7944586,0.19403360784053802,scalar
events.out.tfevents.1770456721.15f3a867024b.5912.0,train/loss,240,1770468329.4492006,0.19250532984733582,scalar
events.out.tfevents.1770456721.15f3a867024b.5912.0,train/loss,245,1770468588.1623483,0.19669708609580994,scalar
events.out.tfevents.1770456721.15f3a867024b.5912.0,train/loss,250,1770468815.8518298,0.19804713129997253,scalar
events.out.tfevents.1770456721.15f3a867024b.5912.0,train/loss,255,1770469075.6166804,0.19767753779888153,scalar
events.out.tfevents.1770456721.15f3a867024b.5912.0,train/loss,260,1770469306.8683448,0.1910097897052765,scalar
events.out.tfevents.1770456721.15f3a867024b.5912.0,train/loss,265,1770469565.4512322,0.19400344789028168,scalar
events.out.tfevents.1770456721.15f3a867024b.5912.0,train/loss,270,1770469795.7361639,0.19238510727882385,scalar
events.out.tfevents.1770456721.15f3a867024b.5912.0,train/loss,275,1770470055.8534544,0.19824835658073425,scalar
events.out.tfevents.1770456721.15f3a867024b.5912.0,train/loss,280,1770470285.3110278,0.18933381140232086,scalar
events.out.tfevents.1770456721.15f3a867024b.5912.0,train/loss,285,1770470558.0755317,0.19396471977233887,scalar
events.out.tfevents.1770456721.15f3a867024b.5912.0,train/loss,290,1770470782.8469157,0.19090008735656738,scalar
events.out.tfevents.1770456721.15f3a867024b.5912.0,train/loss,295,1770471033.506697,0.18916526436805725,scalar
events.out.tfevents.1770456721.15f3a867024b.5912.0,train/loss,300,1770471258.2113004,0.1912333369255066,scalar
events.out.tfevents.1770456721.15f3a867024b.5912.0,train/loss,305,1770471508.5576086,0.18807685375213623,scalar
events.out.tfevents.1770456721.15f3a867024b.5912.0,train/loss,310,1770471733.8144534,0.19423572719097137,scalar
events.out.tfevents.1770456721.15f3a867024b.5912.0,train/loss,315,1770471984.371913,0.18795448541641235,scalar
events.out.tfevents.1770456721.15f3a867024b.5912.0,train/loss,320,1770472208.3416033,0.19053779542446136,scalar
events.out.tfevents.1770456721.15f3a867024b.5912.0,train/loss,325,1770472459.9114292,0.1925942599773407,scalar
events.out.tfevents.1770456721.15f3a867024b.5912.0,train/loss,330,1770472685.138819,0.18989133834838867,scalar
events.out.tfevents.1770456721.15f3a867024b.5912.0,train/loss,335,1770472935.8875747,0.19455459713935852,scalar
events.out.tfevents.1770456721.15f3a867024b.5912.0,train/loss,340,1770473161.2586007,0.1904042363166809,scalar
events.out.tfevents.1770456721.15f3a867024b.5912.0,train/loss,345,1770473411.9510987,0.18595576286315918,scalar
events.out.tfevents.1770456721.15f3a867024b.5912.0,train/loss,350,1770473641.089748,0.19366183876991272,scalar
events.out.tfevents.1770456721.15f3a867024b.5912.0,train/loss,355,1770473895.3805897,0.19143052399158478,scalar
events.out.tfevents.1770456721.15f3a867024b.5912.0,train/loss,360,1770474124.026425,0.18631507456302643,scalar
events.out.tfevents.1770456721.15f3a867024b.5912.0,train/loss,365,1770474380.1183689,0.1939113587141037,scalar
events.out.tfevents.1770456721.15f3a867024b.5912.0,train/loss,370,1770474605.0214853,0.18607096374034882,scalar
events.out.tfevents.1770456721.15f3a867024b.5912.0,train/loss,375,1770474854.5586846,0.18289974331855774,scalar
events.out.tfevents.1770456721.15f3a867024b.5912.0,train/loss,380,1770475079.792269,0.18424125015735626,scalar
events.out.tfevents.1770456721.15f3a867024b.5912.0,train/loss,385,1770475330.8467152,0.1910657286643982,scalar
events.out.tfevents.1770456721.15f3a867024b.5912.0,train/loss,390,1770475555.1092372,0.1839340180158615,scalar
events.out.tfevents.1770456721.15f3a867024b.5912.0,train/loss,395,1770475804.5889554,0.18552961945533752,scalar
events.out.tfevents.1770456721.15f3a867024b.5912.0,train/loss,400,1770476029.1002848,0.1865987330675125,scalar
events.out.tfevents.1770456721.15f3a867024b.5912.0,train/loss,405,1770476280.784613,0.19241097569465637,scalar
events.out.tfevents.1770456721.15f3a867024b.5912.0,train/loss,410,1770476505.2671993,0.18447282910346985,scalar
events.out.tfevents.1770456721.15f3a867024b.5912.0,train/loss,415,1770476754.3590155,0.18292568624019623,scalar
events.out.tfevents.1770456721.15f3a867024b.5912.0,train/loss,420,1770476978.8999603,0.18539226055145264,scalar
events.out.tfevents.1770456721.15f3a867024b.5912.0,train/grad_norm,5,1770456953.4816394,2.828125,scalar
events.out.tfevents.1770456721.15f3a867024b.5912.0,train/grad_norm,10,1770457179.646305,2.796875,scalar
events.out.tfevents.1770456721.15f3a867024b.5912.0,train/grad_norm,15,1770457431.2965946,0.68359375,scalar
events.out.tfevents.1770456721.15f3a867024b.5912.0,train/grad_norm,20,1770457654.2714193,0.470703125,scalar
events.out.tfevents.1770456721.15f3a867024b.5912.0,train/grad_norm,25,1770457907.1047726,0.490234375,scalar
events.out.tfevents.1770456721.15f3a867024b.5912.0,train/grad_norm,30,1770458129.6030629,0.380859375,scalar
events.out.tfevents.1770456721.15f3a867024b.5912.0,train/grad_norm,35,1770458384.0667887,0.322265625,scalar
events.out.tfevents.1770456721.15f3a867024b.5912.0,train/grad_norm,40,1770458608.5791054,0.234375,scalar
events.out.tfevents.1770456721.15f3a867024b.5912.0,train/grad_norm,45,1770458858.6563973,0.30859375,scalar
events.out.tfevents.1770456721.15f3a867024b.5912.0,train/grad_norm,50,1770459083.025697,0.310546875,scalar
events.out.tfevents.1770456721.15f3a867024b.5912.0,train/grad_norm,55,1770459334.3734052,0.2216796875,scalar
events.out.tfevents.1770456721.15f3a867024b.5912.0,train/grad_norm,60,1770459558.196511,0.32421875,scalar
events.out.tfevents.1770456721.15f3a867024b.5912.0,train/grad_norm,65,1770459808.3475432,0.29296875,scalar
events.out.tfevents.1770456721.15f3a867024b.5912.0,train/grad_norm,70,1770460033.8684416,0.296875,scalar
events.out.tfevents.1770456721.15f3a867024b.5912.0,train/grad_norm,75,1770460283.3627942,0.2333984375,scalar
events.out.tfevents.1770456721.15f3a867024b.5912.0,train/grad_norm,80,1770460507.5375717,0.3046875,scalar
events.out.tfevents.1770456721.15f3a867024b.5912.0,train/grad_norm,85,1770460758.3278508,0.2060546875,scalar
events.out.tfevents.1770456721.15f3a867024b.5912.0,train/grad_norm,90,1770460982.3620229,0.2197265625,scalar
events.out.tfevents.1770456721.15f3a867024b.5912.0,train/grad_norm,95,1770461232.7383928,0.236328125,scalar
events.out.tfevents.1770456721.15f3a867024b.5912.0,train/grad_norm,100,1770461457.2633524,0.244140625,scalar
events.out.tfevents.1770456721.15f3a867024b.5912.0,train/grad_norm,105,1770461709.8447716,0.216796875,scalar
events.out.tfevents.1770456721.15f3a867024b.5912.0,train/grad_norm,110,1770461941.4436996,0.2265625,scalar
events.out.tfevents.1770456721.15f3a867024b.5912.0,train/grad_norm,115,1770462201.7543437,0.296875,scalar
events.out.tfevents.1770456721.15f3a867024b.5912.0,train/grad_norm,120,1770462431.384839,0.2578125,scalar
events.out.tfevents.1770456721.15f3a867024b.5912.0,train/grad_norm,125,1770462690.2356613,0.26953125,scalar
events.out.tfevents.1770456721.15f3a867024b.5912.0,train/grad_norm,130,1770462920.9279454,0.2294921875,scalar
events.out.tfevents.1770456721.15f3a867024b.5912.0,train/grad_norm,135,1770463178.8292181,0.26171875,scalar
events.out.tfevents.1770456721.15f3a867024b.5912.0,train/grad_norm,140,1770463408.0496128,0.24609375,scalar
events.out.tfevents.1770456721.15f3a867024b.5912.0,train/grad_norm,145,1770463681.8020878,0.203125,scalar
events.out.tfevents.1770456721.15f3a867024b.5912.0,train/grad_norm,150,1770463912.1428092,0.2734375,scalar
events.out.tfevents.1770456721.15f3a867024b.5912.0,train/grad_norm,155,1770464177.730206,0.201171875,scalar
events.out.tfevents.1770456721.15f3a867024b.5912.0,train/grad_norm,160,1770464407.1960754,0.2373046875,scalar
events.out.tfevents.1770456721.15f3a867024b.5912.0,train/grad_norm,165,1770464666.579507,0.248046875,scalar
events.out.tfevents.1770456721.15f3a867024b.5912.0,train/grad_norm,170,1770464897.007213,0.16796875,scalar
events.out.tfevents.1770456721.15f3a867024b.5912.0,train/grad_norm,175,1770465158.510634,0.173828125,scalar
events.out.tfevents.1770456721.15f3a867024b.5912.0,train/grad_norm,180,1770465390.7732856,0.1767578125,scalar
events.out.tfevents.1770456721.15f3a867024b.5912.0,train/grad_norm,185,1770465650.138796,0.166015625,scalar
events.out.tfevents.1770456721.15f3a867024b.5912.0,train/grad_norm,190,1770465885.351943,0.21484375,scalar
events.out.tfevents.1770456721.15f3a867024b.5912.0,train/grad_norm,195,1770466143.562888,0.1767578125,scalar
events.out.tfevents.1770456721.15f3a867024b.5912.0,train/grad_norm,200,1770466373.179776,0.1689453125,scalar
events.out.tfevents.1770456721.15f3a867024b.5912.0,train/grad_norm,205,1770466632.182788,0.1943359375,scalar
events.out.tfevents.1770456721.15f3a867024b.5912.0,train/grad_norm,210,1770466862.6176002,0.2041015625,scalar
events.out.tfevents.1770456721.15f3a867024b.5912.0,train/grad_norm,215,1770467121.0930474,0.216796875,scalar
events.out.tfevents.1770456721.15f3a867024b.5912.0,train/grad_norm,220,1770467351.5053275,0.20703125,scalar
events.out.tfevents.1770456721.15f3a867024b.5912.0,train/grad_norm,225,1770467610.0128586,0.2236328125,scalar
events.out.tfevents.1770456721.15f3a867024b.5912.0,train/grad_norm,230,1770467840.1670735,0.271484375,scalar
events.out.tfevents.1770456721.15f3a867024b.5912.0,train/grad_norm,235,1770468099.7945027,0.2890625,scalar
events.out.tfevents.1770456721.15f3a867024b.5912.0,train/grad_norm,240,1770468329.4492528,0.318359375,scalar
events.out.tfevents.1770456721.15f3a867024b.5912.0,train/grad_norm,245,1770468588.1623893,0.2177734375,scalar
events.out.tfevents.1770456721.15f3a867024b.5912.0,train/grad_norm,250,1770468815.851874,0.177734375,scalar
events.out.tfevents.1770456721.15f3a867024b.5912.0,train/grad_norm,255,1770469075.6167252,0.166015625,scalar
events.out.tfevents.1770456721.15f3a867024b.5912.0,train/grad_norm,260,1770469306.868388,0.19140625,scalar
events.out.tfevents.1770456721.15f3a867024b.5912.0,train/grad_norm,265,1770469565.4512727,0.2021484375,scalar
events.out.tfevents.1770456721.15f3a867024b.5912.0,train/grad_norm,270,1770469795.7362132,0.16796875,scalar
events.out.tfevents.1770456721.15f3a867024b.5912.0,train/grad_norm,275,1770470055.8534982,0.1982421875,scalar
events.out.tfevents.1770456721.15f3a867024b.5912.0,train/grad_norm,280,1770470285.3110702,0.1962890625,scalar
events.out.tfevents.1770456721.15f3a867024b.5912.0,train/grad_norm,285,1770470558.0755749,0.279296875,scalar
events.out.tfevents.1770456721.15f3a867024b.5912.0,train/grad_norm,290,1770470782.8469584,0.236328125,scalar
events.out.tfevents.1770456721.15f3a867024b.5912.0,train/grad_norm,295,1770471033.5067396,0.341796875,scalar
events.out.tfevents.1770456721.15f3a867024b.5912.0,train/grad_norm,300,1770471258.211343,0.23828125,scalar
events.out.tfevents.1770456721.15f3a867024b.5912.0,train/grad_norm,305,1770471508.557651,0.265625,scalar
events.out.tfevents.1770456721.15f3a867024b.5912.0,train/grad_norm,310,1770471733.8144965,0.236328125,scalar
events.out.tfevents.1770456721.15f3a867024b.5912.0,train/grad_norm,315,1770471984.3719552,0.23046875,scalar
events.out.tfevents.1770456721.15f3a867024b.5912.0,train/grad_norm,320,1770472208.3416555,0.361328125,scalar
events.out.tfevents.1770456721.15f3a867024b.5912.0,train/grad_norm,325,1770472459.911475,0.2294921875,scalar
events.out.tfevents.1770456721.15f3a867024b.5912.0,train/grad_norm,330,1770472685.1388638,0.203125,scalar
events.out.tfevents.1770456721.15f3a867024b.5912.0,train/grad_norm,335,1770472935.8876357,0.205078125,scalar
events.out.tfevents.1770456721.15f3a867024b.5912.0,train/grad_norm,340,1770473161.2586434,0.1943359375,scalar
events.out.tfevents.1770456721.15f3a867024b.5912.0,train/grad_norm,345,1770473411.9511552,0.2158203125,scalar
events.out.tfevents.1770456721.15f3a867024b.5912.0,train/grad_norm,350,1770473641.0897942,0.2138671875,scalar
events.out.tfevents.1770456721.15f3a867024b.5912.0,train/grad_norm,355,1770473895.3806365,0.1953125,scalar
events.out.tfevents.1770456721.15f3a867024b.5912.0,train/grad_norm,360,1770474124.0264773,0.2021484375,scalar
events.out.tfevents.1770456721.15f3a867024b.5912.0,train/grad_norm,365,1770474380.1184123,0.1826171875,scalar
events.out.tfevents.1770456721.15f3a867024b.5912.0,train/grad_norm,370,1770474605.02153,0.2060546875,scalar
events.out.tfevents.1770456721.15f3a867024b.5912.0,train/grad_norm,375,1770474854.55873,0.19921875,scalar
events.out.tfevents.1770456721.15f3a867024b.5912.0,train/grad_norm,380,1770475079.7923112,0.1875,scalar
events.out.tfevents.1770456721.15f3a867024b.5912.0,train/grad_norm,385,1770475330.8467636,0.1923828125,scalar
events.out.tfevents.1770456721.15f3a867024b.5912.0,train/grad_norm,390,1770475555.109279,0.1806640625,scalar
events.out.tfevents.1770456721.15f3a867024b.5912.0,train/grad_norm,395,1770475804.5890002,0.171875,scalar
events.out.tfevents.1770456721.15f3a867024b.5912.0,train/grad_norm,400,1770476029.1003284,0.1875,scalar
events.out.tfevents.1770456721.15f3a867024b.5912.0,train/grad_norm,405,1770476280.784659,0.16015625,scalar
events.out.tfevents.1770456721.15f3a867024b.5912.0,train/grad_norm,410,1770476505.2672586,0.181640625,scalar
events.out.tfevents.1770456721.15f3a867024b.5912.0,train/grad_norm,415,1770476754.3590581,0.18359375,scalar
events.out.tfevents.1770456721.15f3a867024b.5912.0,train/grad_norm,420,1770476978.9000041,0.1826171875,scalar
events.out.tfevents.1770456721.15f3a867024b.5912.0,train/learning_rate,5,1770456953.4816587,6.153846334200352e-05,scalar
events.out.tfevents.1770456721.15f3a867024b.5912.0,train/learning_rate,10,1770457179.6463213,0.0001384615316055715,scalar
events.out.tfevents.1770456721.15f3a867024b.5912.0,train/learning_rate,15,1770457431.296611,0.00019951220019720495,scalar
events.out.tfevents.1770456721.15f3a867024b.5912.0,train/learning_rate,20,1770457654.2714357,0.0001970731682376936,scalar
events.out.tfevents.1770456721.15f3a867024b.5912.0,train/learning_rate,25,1770457907.1047895,0.0001946341508300975,scalar
events.out.tfevents.1770456721.15f3a867024b.5912.0,train/learning_rate,30,1770458129.6030786,0.00019219511887058616,scalar
events.out.tfevents.1770456721.15f3a867024b.5912.0,train/learning_rate,35,1770458384.0668044,0.00018975610146299005,scalar
events.out.tfevents.1770456721.15f3a867024b.5912.0,train/learning_rate,40,1770458608.5791216,0.0001873170695034787,scalar
events.out.tfevents.1770456721.15f3a867024b.5912.0,train/learning_rate,45,1770458858.6564136,0.0001848780520958826,scalar
events.out.tfevents.1770456721.15f3a867024b.5912.0,train/learning_rate,50,1770459083.025714,0.00018243902013637125,scalar
events.out.tfevents.1770456721.15f3a867024b.5912.0,train/learning_rate,55,1770459334.3734226,0.00018000000272877514,scalar
events.out.tfevents.1770456721.15f3a867024b.5912.0,train/learning_rate,60,1770459558.1965272,0.0001775609707692638,scalar
events.out.tfevents.1770456721.15f3a867024b.5912.0,train/learning_rate,65,1770459808.3475664,0.0001751219533616677,scalar
events.out.tfevents.1770456721.15f3a867024b.5912.0,train/learning_rate,70,1770460033.868458,0.00017268292140215635,scalar
events.out.tfevents.1770456721.15f3a867024b.5912.0,train/learning_rate,75,1770460283.3628109,0.00017024390399456024,scalar
events.out.tfevents.1770456721.15f3a867024b.5912.0,train/learning_rate,80,1770460507.5375872,0.0001678048720350489,scalar
events.out.tfevents.1770456721.15f3a867024b.5912.0,train/learning_rate,85,1770460758.327868,0.0001653658546274528,scalar
events.out.tfevents.1770456721.15f3a867024b.5912.0,train/learning_rate,90,1770460982.3620398,0.00016292682266794145,scalar
events.out.tfevents.1770456721.15f3a867024b.5912.0,train/learning_rate,95,1770461232.738409,0.00016048780526034534,scalar
events.out.tfevents.1770456721.15f3a867024b.5912.0,train/learning_rate,100,1770461457.2633684,0.000158048773300834,scalar
events.out.tfevents.1770456721.15f3a867024b.5912.0,train/learning_rate,105,1770461709.844788,0.0001556097558932379,scalar
events.out.tfevents.1770456721.15f3a867024b.5912.0,train/learning_rate,110,1770461941.4437258,0.00015317073848564178,scalar
events.out.tfevents.1770456721.15f3a867024b.5912.0,train/learning_rate,115,1770462201.7543597,0.00015073170652613044,scalar
events.out.tfevents.1770456721.15f3a867024b.5912.0,train/learning_rate,120,1770462431.3848553,0.00014829268911853433,scalar
events.out.tfevents.1770456721.15f3a867024b.5912.0,train/learning_rate,125,1770462690.2356775,0.000145853657159023,scalar
events.out.tfevents.1770456721.15f3a867024b.5912.0,train/learning_rate,130,1770462920.9279692,0.00014341463975142688,scalar
events.out.tfevents.1770456721.15f3a867024b.5912.0,train/learning_rate,135,1770463178.829236,0.00014097560779191554,scalar
events.out.tfevents.1770456721.15f3a867024b.5912.0,train/learning_rate,140,1770463408.0496297,0.00013853659038431942,scalar
events.out.tfevents.1770456721.15f3a867024b.5912.0,train/learning_rate,145,1770463681.8021042,0.00013609755842480808,scalar
events.out.tfevents.1770456721.15f3a867024b.5912.0,train/learning_rate,150,1770463912.142825,0.00013365854101721197,scalar
events.out.tfevents.1770456721.15f3a867024b.5912.0,train/learning_rate,155,1770464177.7302244,0.00013121950905770063,scalar
events.out.tfevents.1770456721.15f3a867024b.5912.0,train/learning_rate,160,1770464407.1960914,0.00012878049165010452,scalar
events.out.tfevents.1770456721.15f3a867024b.5912.0,train/learning_rate,165,1770464666.5795307,0.00012634145969059318,scalar
events.out.tfevents.1770456721.15f3a867024b.5912.0,train/learning_rate,170,1770464897.0072308,0.00012390244228299707,scalar
events.out.tfevents.1770456721.15f3a867024b.5912.0,train/learning_rate,175,1770465158.5106583,0.00012146341759944335,scalar
events.out.tfevents.1770456721.15f3a867024b.5912.0,train/learning_rate,180,1770465390.7733033,0.00011902439291588962,scalar
events.out.tfevents.1770456721.15f3a867024b.5912.0,train/learning_rate,185,1770465650.1388128,0.0001165853682323359,scalar
events.out.tfevents.1770456721.15f3a867024b.5912.0,train/learning_rate,190,1770465885.3519678,0.00011414634354878217,scalar
events.out.tfevents.1770456721.15f3a867024b.5912.0,train/learning_rate,195,1770466143.5629048,0.00011170731886522844,scalar
events.out.tfevents.1770456721.15f3a867024b.5912.0,train/learning_rate,200,1770466373.1797926,0.00010926829418167472,scalar
events.out.tfevents.1770456721.15f3a867024b.5912.0,train/learning_rate,205,1770466632.1828036,0.000106829269498121,scalar
events.out.tfevents.1770456721.15f3a867024b.5912.0,train/learning_rate,210,1770466862.6176164,0.00010439024481456727,scalar
events.out.tfevents.1770456721.15f3a867024b.5912.0,train/learning_rate,215,1770467121.0930722,0.00010195122013101354,scalar
events.out.tfevents.1770456721.15f3a867024b.5912.0,train/learning_rate,220,1770467351.5053449,9.951219544745982e-05,scalar
events.out.tfevents.1770456721.15f3a867024b.5912.0,train/learning_rate,225,1770467610.0128741,9.707317076390609e-05,scalar
events.out.tfevents.1770456721.15f3a867024b.5912.0,train/learning_rate,230,1770467840.1670902,9.463414608035237e-05,scalar
events.out.tfevents.1770456721.15f3a867024b.5912.0,train/learning_rate,235,1770468099.794519,9.219512139679864e-05,scalar
events.out.tfevents.1770456721.15f3a867024b.5912.0,train/learning_rate,240,1770468329.4492702,8.975609671324492e-05,scalar
events.out.tfevents.1770456721.15f3a867024b.5912.0,train/learning_rate,245,1770468588.1624048,8.731707202969119e-05,scalar
events.out.tfevents.1770456721.15f3a867024b.5912.0,train/learning_rate,250,1770468815.851891,8.487804734613746e-05,scalar
events.out.tfevents.1770456721.15f3a867024b.5912.0,train/learning_rate,255,1770469075.6167414,8.243902266258374e-05,scalar
events.out.tfevents.1770456721.15f3a867024b.5912.0,train/learning_rate,260,1770469306.8684046,7.999999797903001e-05,scalar
events.out.tfevents.1770456721.15f3a867024b.5912.0,train/learning_rate,265,1770469565.4512897,7.756097329547629e-05,scalar
events.out.tfevents.1770456721.15f3a867024b.5912.0,train/learning_rate,270,1770469795.7362468,7.512194861192256e-05,scalar
events.out.tfevents.1770456721.15f3a867024b.5912.0,train/learning_rate,275,1770470055.853514,7.268292392836884e-05,scalar
events.out.tfevents.1770456721.15f3a867024b.5912.0,train/learning_rate,280,1770470285.3110867,7.024389924481511e-05,scalar
events.out.tfevents.1770456721.15f3a867024b.5912.0,train/learning_rate,285,1770470558.0755904,6.780487456126139e-05,scalar
events.out.tfevents.1770456721.15f3a867024b.5912.0,train/learning_rate,290,1770470782.8469753,6.536585715366527e-05,scalar
events.out.tfevents.1770456721.15f3a867024b.5912.0,train/learning_rate,295,1770471033.5067563,6.292683247011155e-05,scalar
events.out.tfevents.1770456721.15f3a867024b.5912.0,train/learning_rate,300,1770471258.2113593,6.0487804148579016e-05,scalar
events.out.tfevents.1770456721.15f3a867024b.5912.0,train/learning_rate,305,1770471508.5576687,5.804877946502529e-05,scalar
events.out.tfevents.1770456721.15f3a867024b.5912.0,train/learning_rate,310,1770471733.8145134,5.5609754781471565e-05,scalar
events.out.tfevents.1770456721.15f3a867024b.5912.0,train/learning_rate,315,1770471984.3719711,5.317073009791784e-05,scalar
events.out.tfevents.1770456721.15f3a867024b.5912.0,train/learning_rate,320,1770472208.3416798,5.073170905234292e-05,scalar
events.out.tfevents.1770456721.15f3a867024b.5912.0,train/learning_rate,325,1770472459.911492,4.8292684368789196e-05,scalar
events.out.tfevents.1770456721.15f3a867024b.5912.0,train/learning_rate,330,1770472685.1388805,4.585365968523547e-05,scalar
events.out.tfevents.1770456721.15f3a867024b.5912.0,train/learning_rate,335,1770472935.8876605,4.3414635001681745e-05,scalar
events.out.tfevents.1770456721.15f3a867024b.5912.0,train/learning_rate,340,1770473161.2586594,4.097561031812802e-05,scalar
events.out.tfevents.1770456721.15f3a867024b.5912.0,train/learning_rate,345,1770473411.9511728,3.8536585634574294e-05,scalar
events.out.tfevents.1770456721.15f3a867024b.5912.0,train/learning_rate,350,1770473641.08981,3.609756095102057e-05,scalar
events.out.tfevents.1770456721.15f3a867024b.5912.0,train/learning_rate,355,1770473895.3806539,3.365853626746684e-05,scalar
events.out.tfevents.1770456721.15f3a867024b.5912.0,train/learning_rate,360,1770474124.0264952,3.121951158391312e-05,scalar
events.out.tfevents.1770456721.15f3a867024b.5912.0,train/learning_rate,365,1770474380.118429,2.8780486900359392e-05,scalar
events.out.tfevents.1770456721.15f3a867024b.5912.0,train/learning_rate,370,1770474605.0215461,2.634146403579507e-05,scalar
events.out.tfevents.1770456721.15f3a867024b.5912.0,train/learning_rate,375,1770474854.5587468,2.3902439352241345e-05,scalar
events.out.tfevents.1770456721.15f3a867024b.5912.0,train/learning_rate,380,1770475079.792328,2.146341466868762e-05,scalar
events.out.tfevents.1770456721.15f3a867024b.5912.0,train/learning_rate,385,1770475330.8467877,1.9024389985133894e-05,scalar
events.out.tfevents.1770456721.15f3a867024b.5912.0,train/learning_rate,390,1770475555.1092956,1.658536530158017e-05,scalar
events.out.tfevents.1770456721.15f3a867024b.5912.0,train/learning_rate,395,1770475804.5890164,1.4146341527521145e-05,scalar
events.out.tfevents.1770456721.15f3a867024b.5912.0,train/learning_rate,400,1770476029.1003456,1.1707316843967419e-05,scalar
events.out.tfevents.1770456721.15f3a867024b.5912.0,train/learning_rate,405,1770476280.7846751,9.268293069908395e-06,scalar
events.out.tfevents.1770456721.15f3a867024b.5912.0,train/learning_rate,410,1770476505.267276,6.82926838635467e-06,scalar
events.out.tfevents.1770456721.15f3a867024b.5912.0,train/learning_rate,415,1770476754.3590744,4.3902437028009444e-06,scalar
events.out.tfevents.1770456721.15f3a867024b.5912.0,train/learning_rate,420,1770476978.9000201,1.95121947399457e-06,scalar
events.out.tfevents.1770456721.15f3a867024b.5912.0,train/entropy,5,1770456953.4816735,0.990435779094696,scalar
events.out.tfevents.1770456721.15f3a867024b.5912.0,train/entropy,10,1770457179.6463358,1.2465054988861084,scalar
events.out.tfevents.1770456721.15f3a867024b.5912.0,train/entropy,15,1770457431.2966251,1.6752359867095947,scalar
events.out.tfevents.1770456721.15f3a867024b.5912.0,train/entropy,20,1770457654.2714493,1.5812536478042603,scalar
events.out.tfevents.1770456721.15f3a867024b.5912.0,train/entropy,25,1770457907.1048033,0.4260565936565399,scalar
events.out.tfevents.1770456721.15f3a867024b.5912.0,train/entropy,30,1770458129.6030915,0.19999535381793976,scalar
events.out.tfevents.1770456721.15f3a867024b.5912.0,train/entropy,35,1770458384.0668182,0.18537688255310059,scalar
events.out.tfevents.1770456721.15f3a867024b.5912.0,train/entropy,40,1770458608.579135,0.18429876863956451,scalar
events.out.tfevents.1770456721.15f3a867024b.5912.0,train/entropy,45,1770458858.6564262,0.17242531478405,scalar
events.out.tfevents.1770456721.15f3a867024b.5912.0,train/entropy,50,1770459083.0257275,0.17277215421199799,scalar
events.out.tfevents.1770456721.15f3a867024b.5912.0,train/entropy,55,1770459334.3734367,0.1725989580154419,scalar
events.out.tfevents.1770456721.15f3a867024b.5912.0,train/entropy,60,1770459558.196542,0.170433908700943,scalar
events.out.tfevents.1770456721.15f3a867024b.5912.0,train/entropy,65,1770459808.3475814,0.17225031554698944,scalar
events.out.tfevents.1770456721.15f3a867024b.5912.0,train/entropy,70,1770460033.8684707,0.170006662607193,scalar
events.out.tfevents.1770456721.15f3a867024b.5912.0,train/entropy,75,1770460283.3628247,0.16977615654468536,scalar
events.out.tfevents.1770456721.15f3a867024b.5912.0,train/entropy,80,1770460507.5376008,0.16446146368980408,scalar
events.out.tfevents.1770456721.15f3a867024b.5912.0,train/entropy,85,1770460758.327882,0.17067858576774597,scalar
events.out.tfevents.1770456721.15f3a867024b.5912.0,train/entropy,90,1770460982.3620539,0.1662774682044983,scalar
events.out.tfevents.1770456721.15f3a867024b.5912.0,train/entropy,95,1770461232.7384222,0.16871002316474915,scalar
events.out.tfevents.1770456721.15f3a867024b.5912.0,train/entropy,100,1770461457.2633815,0.1687501221895218,scalar
events.out.tfevents.1770456721.15f3a867024b.5912.0,train/entropy,105,1770461709.844802,0.16821640729904175,scalar
events.out.tfevents.1770456721.15f3a867024b.5912.0,train/entropy,110,1770461941.4437432,0.17250822484493256,scalar
events.out.tfevents.1770456721.15f3a867024b.5912.0,train/entropy,115,1770462201.7543738,0.16697551310062408,scalar
events.out.tfevents.1770456721.15f3a867024b.5912.0,train/entropy,120,1770462431.3848689,0.16515415906906128,scalar
events.out.tfevents.1770456721.15f3a867024b.5912.0,train/entropy,125,1770462690.2356908,0.16498950123786926,scalar
events.out.tfevents.1770456721.15f3a867024b.5912.0,train/entropy,130,1770462920.9279847,0.16577404737472534,scalar
events.out.tfevents.1770456721.15f3a867024b.5912.0,train/entropy,135,1770463178.8292499,0.16074024140834808,scalar
events.out.tfevents.1770456721.15f3a867024b.5912.0,train/entropy,140,1770463408.0496438,0.1694132685661316,scalar
events.out.tfevents.1770456721.15f3a867024b.5912.0,train/entropy,145,1770463681.802118,0.16387778520584106,scalar
events.out.tfevents.1770456721.15f3a867024b.5912.0,train/entropy,150,1770463912.142839,0.1596137136220932,scalar
events.out.tfevents.1770456721.15f3a867024b.5912.0,train/entropy,155,1770464177.730238,0.16655810177326202,scalar
events.out.tfevents.1770456721.15f3a867024b.5912.0,train/entropy,160,1770464407.1961045,0.1600589156150818,scalar
events.out.tfevents.1770456721.15f3a867024b.5912.0,train/entropy,165,1770464666.5795448,0.1604926437139511,scalar
events.out.tfevents.1770456721.15f3a867024b.5912.0,train/entropy,170,1770464897.0072443,0.15849313139915466,scalar
events.out.tfevents.1770456721.15f3a867024b.5912.0,train/entropy,175,1770465158.5106783,0.16468869149684906,scalar
events.out.tfevents.1770456721.15f3a867024b.5912.0,train/entropy,180,1770465390.7733173,0.16620461642742157,scalar
events.out.tfevents.1770456721.15f3a867024b.5912.0,train/entropy,185,1770465650.1388257,0.16040734946727753,scalar
events.out.tfevents.1770456721.15f3a867024b.5912.0,train/entropy,190,1770465885.3519847,0.1693161129951477,scalar
events.out.tfevents.1770456721.15f3a867024b.5912.0,train/entropy,195,1770466143.562919,0.15592063963413239,scalar
events.out.tfevents.1770456721.15f3a867024b.5912.0,train/entropy,200,1770466373.1798065,0.15255478024482727,scalar
events.out.tfevents.1770456721.15f3a867024b.5912.0,train/entropy,205,1770466632.1828167,0.16078142821788788,scalar
events.out.tfevents.1770456721.15f3a867024b.5912.0,train/entropy,210,1770466862.6176298,0.15509843826293945,scalar
events.out.tfevents.1770456721.15f3a867024b.5912.0,train/entropy,215,1770467121.0930874,0.1525404006242752,scalar
events.out.tfevents.1770456721.15f3a867024b.5912.0,train/entropy,220,1770467351.5053587,0.15916205942630768,scalar
events.out.tfevents.1770456721.15f3a867024b.5912.0,train/entropy,225,1770467610.0128868,0.15592797100543976,scalar
events.out.tfevents.1770456721.15f3a867024b.5912.0,train/entropy,230,1770467840.167104,0.1565970480442047,scalar
events.out.tfevents.1770456721.15f3a867024b.5912.0,train/entropy,235,1770468099.794533,0.15495656430721283,scalar
events.out.tfevents.1770456721.15f3a867024b.5912.0,train/entropy,240,1770468329.4492843,0.1551470160484314,scalar
events.out.tfevents.1770456721.15f3a867024b.5912.0,train/entropy,245,1770468588.1624172,0.15862323343753815,scalar
events.out.tfevents.1770456721.15f3a867024b.5912.0,train/entropy,250,1770468815.8519046,0.157952219247818,scalar
events.out.tfevents.1770456721.15f3a867024b.5912.0,train/entropy,255,1770469075.6167545,0.16102570295333862,scalar
events.out.tfevents.1770456721.15f3a867024b.5912.0,train/entropy,260,1770469306.8684194,0.15615206956863403,scalar
events.out.tfevents.1770456721.15f3a867024b.5912.0,train/entropy,265,1770469565.451303,0.15790480375289917,scalar
events.out.tfevents.1770456721.15f3a867024b.5912.0,train/entropy,270,1770469795.7362676,0.154762402176857,scalar
events.out.tfevents.1770456721.15f3a867024b.5912.0,train/entropy,275,1770470055.853527,0.16200363636016846,scalar
events.out.tfevents.1770456721.15f3a867024b.5912.0,train/entropy,280,1770470285.3111007,0.1523025631904602,scalar
events.out.tfevents.1770456721.15f3a867024b.5912.0,train/entropy,285,1770470558.075604,0.15653830766677856,scalar
events.out.tfevents.1770456721.15f3a867024b.5912.0,train/entropy,290,1770470782.8469892,0.15611040592193604,scalar
events.out.tfevents.1770456721.15f3a867024b.5912.0,train/entropy,295,1770471033.506771,0.15367451310157776,scalar
events.out.tfevents.1770456721.15f3a867024b.5912.0,train/entropy,300,1770471258.2113726,0.1547268033027649,scalar
events.out.tfevents.1770456721.15f3a867024b.5912.0,train/entropy,305,1770471508.5576828,0.1545838564634323,scalar
events.out.tfevents.1770456721.15f3a867024b.5912.0,train/entropy,310,1770471733.8145263,0.15593113005161285,scalar
events.out.tfevents.1770456721.15f3a867024b.5912.0,train/entropy,315,1770471984.3719847,0.15465067327022552,scalar
events.out.tfevents.1770456721.15f3a867024b.5912.0,train/entropy,320,1770472208.3416975,0.15386034548282623,scalar
events.out.tfevents.1770456721.15f3a867024b.5912.0,train/entropy,325,1770472459.9115055,0.1541128009557724,scalar
events.out.tfevents.1770456721.15f3a867024b.5912.0,train/entropy,330,1770472685.1388948,0.15666143596172333,scalar
events.out.tfevents.1770456721.15f3a867024b.5912.0,train/entropy,335,1770472935.8876836,0.156720831990242,scalar
events.out.tfevents.1770456721.15f3a867024b.5912.0,train/entropy,340,1770473161.2586732,0.15471947193145752,scalar
events.out.tfevents.1770456721.15f3a867024b.5912.0,train/entropy,345,1770473411.9511867,0.1522558033466339,scalar
events.out.tfevents.1770456721.15f3a867024b.5912.0,train/entropy,350,1770473641.0898237,0.15667660534381866,scalar
events.out.tfevents.1770456721.15f3a867024b.5912.0,train/entropy,355,1770473895.3806674,0.15487925708293915,scalar
events.out.tfevents.1770456721.15f3a867024b.5912.0,train/entropy,360,1770474124.0265093,0.15257446467876434,scalar
events.out.tfevents.1770456721.15f3a867024b.5912.0,train/entropy,365,1770474380.1184425,0.15828944742679596,scalar
events.out.tfevents.1770456721.15f3a867024b.5912.0,train/entropy,370,1770474605.02156,0.15243980288505554,scalar
events.out.tfevents.1770456721.15f3a867024b.5912.0,train/entropy,375,1770474854.5587606,0.14969851076602936,scalar
events.out.tfevents.1770456721.15f3a867024b.5912.0,train/entropy,380,1770475079.792341,0.14925435185432434,scalar
events.out.tfevents.1770456721.15f3a867024b.5912.0,train/entropy,385,1770475330.846808,0.1547228991985321,scalar
events.out.tfevents.1770456721.15f3a867024b.5912.0,train/entropy,390,1770475555.1093085,0.15261200070381165,scalar
events.out.tfevents.1770456721.15f3a867024b.5912.0,train/entropy,395,1770475804.5890296,0.15107175707817078,scalar
events.out.tfevents.1770456721.15f3a867024b.5912.0,train/entropy,400,1770476029.10036,0.1524028480052948,scalar
events.out.tfevents.1770456721.15f3a867024b.5912.0,train/entropy,405,1770476280.7846882,0.15742893517017365,scalar
events.out.tfevents.1770456721.15f3a867024b.5912.0,train/entropy,410,1770476505.2672896,0.15124034881591797,scalar
events.out.tfevents.1770456721.15f3a867024b.5912.0,train/entropy,415,1770476754.3590884,0.15003696084022522,scalar
events.out.tfevents.1770456721.15f3a867024b.5912.0,train/entropy,420,1770476978.9000337,0.1496966928243637,scalar
events.out.tfevents.1770456721.15f3a867024b.5912.0,train/entropy,423,1770477153.5496786,0.1496128886938095,scalar
events.out.tfevents.1770456721.15f3a867024b.5912.0,train/num_tokens,5,1770456953.4816873,156433.0,scalar
events.out.tfevents.1770456721.15f3a867024b.5912.0,train/num_tokens,10,1770457179.6463497,311793.0,scalar
events.out.tfevents.1770456721.15f3a867024b.5912.0,train/num_tokens,15,1770457431.2966392,467991.0,scalar
events.out.tfevents.1770456721.15f3a867024b.5912.0,train/num_tokens,20,1770457654.2714617,623770.0,scalar
events.out.tfevents.1770456721.15f3a867024b.5912.0,train/num_tokens,25,1770457907.1048152,779127.0,scalar
events.out.tfevents.1770456721.15f3a867024b.5912.0,train/num_tokens,30,1770458129.6031036,934465.0,scalar
events.out.tfevents.1770456721.15f3a867024b.5912.0,train/num_tokens,35,1770458384.0668302,1091083.0,scalar
events.out.tfevents.1770456721.15f3a867024b.5912.0,train/num_tokens,40,1770458608.5791638,1247703.0,scalar
events.out.tfevents.1770456721.15f3a867024b.5912.0,train/num_tokens,45,1770458858.6564386,1403061.0,scalar
events.out.tfevents.1770456721.15f3a867024b.5912.0,train/num_tokens,50,1770459083.0257394,1559260.0,scalar
events.out.tfevents.1770456721.15f3a867024b.5912.0,train/num_tokens,55,1770459334.3734496,1715696.0,scalar
events.out.tfevents.1770456721.15f3a867024b.5912.0,train/num_tokens,60,1770459558.1965547,1870951.0,scalar
events.out.tfevents.1770456721.15f3a867024b.5912.0,train/num_tokens,65,1770459808.3475938,2026731.0,scalar
events.out.tfevents.1770456721.15f3a867024b.5912.0,train/num_tokens,70,1770460033.8684838,2183349.0,scalar
events.out.tfevents.1770456721.15f3a867024b.5912.0,train/num_tokens,75,1770460283.3628373,2338708.0,scalar
events.out.tfevents.1770456721.15f3a867024b.5912.0,train/num_tokens,80,1770460507.537613,2494485.0,scalar
events.out.tfevents.1770456721.15f3a867024b.5912.0,train/num_tokens,85,1770460758.327895,2650915.0,scalar
events.out.tfevents.1770456721.15f3a867024b.5912.0,train/num_tokens,90,1770460982.3620665,2806264.0,scalar
events.out.tfevents.1770456721.15f3a867024b.5912.0,train/num_tokens,95,1770461232.7384346,2962464.0,scalar
events.out.tfevents.1770456721.15f3a867024b.5912.0,train/num_tokens,100,1770461457.2633939,3119079.0,scalar
events.out.tfevents.1770456721.15f3a867024b.5912.0,train/num_tokens,105,1770461709.844814,3275935.0,scalar
events.out.tfevents.1770456721.15f3a867024b.5912.0,train/num_tokens,110,1770461941.4437566,3432525.0,scalar
events.out.tfevents.1770456721.15f3a867024b.5912.0,train/num_tokens,115,1770462201.7543857,3588725.0,scalar
events.out.tfevents.1770456721.15f3a867024b.5912.0,train/num_tokens,120,1770462431.3848808,3744923.0,scalar
events.out.tfevents.1770456721.15f3a867024b.5912.0,train/num_tokens,125,1770462690.2357032,3901122.0,scalar
events.out.tfevents.1770456721.15f3a867024b.5912.0,train/num_tokens,130,1770462920.9279976,4056901.0,scalar
events.out.tfevents.1770456721.15f3a867024b.5912.0,train/num_tokens,135,1770463178.8292634,4212252.0,scalar
events.out.tfevents.1770456721.15f3a867024b.5912.0,train/num_tokens,140,1770463408.049656,4368682.0,scalar
events.out.tfevents.1770456721.15f3a867024b.5912.0,train/num_tokens,145,1770463681.8021307,4513220.0,scalar
events.out.tfevents.1770456721.15f3a867024b.5912.0,train/num_tokens,150,1770463912.1428514,4669000.0,scalar
events.out.tfevents.1770456721.15f3a867024b.5912.0,train/num_tokens,155,1770464177.7302508,4825588.0,scalar
events.out.tfevents.1770456721.15f3a867024b.5912.0,train/num_tokens,160,1770464407.1961167,4980945.0,scalar
events.out.tfevents.1770456721.15f3a867024b.5912.0,train/num_tokens,165,1770464666.5795574,5137382.0,scalar
events.out.tfevents.1770456721.15f3a867024b.5912.0,train/num_tokens,170,1770464897.0072565,5293160.0,scalar
events.out.tfevents.1770456721.15f3a867024b.5912.0,train/num_tokens,175,1770465158.5106916,5450430.0,scalar
events.out.tfevents.1770456721.15f3a867024b.5912.0,train/num_tokens,180,1770465390.7733297,5607701.0,scalar
events.out.tfevents.1770456721.15f3a867024b.5912.0,train/num_tokens,185,1770465650.138838,5763480.0,scalar
events.out.tfevents.1770456721.15f3a867024b.5912.0,train/num_tokens,190,1770465885.3519974,5922432.0,scalar
events.out.tfevents.1770456721.15f3a867024b.5912.0,train/num_tokens,195,1770466143.5629318,6077788.0,scalar
events.out.tfevents.1770456721.15f3a867024b.5912.0,train/num_tokens,200,1770466373.1798189,6233146.0,scalar
events.out.tfevents.1770456721.15f3a867024b.5912.0,train/num_tokens,205,1770466632.1828284,6389343.0,scalar
events.out.tfevents.1770456721.15f3a867024b.5912.0,train/num_tokens,210,1770466862.617642,6544703.0,scalar
events.out.tfevents.1770456721.15f3a867024b.5912.0,train/num_tokens,215,1770467121.0931003,6700058.0,scalar
events.out.tfevents.1770456721.15f3a867024b.5912.0,train/num_tokens,220,1770467351.5053716,6856252.0,scalar
events.out.tfevents.1770456721.15f3a867024b.5912.0,train/num_tokens,225,1770467610.0128984,7011605.0,scalar
events.out.tfevents.1770456721.15f3a867024b.5912.0,train/num_tokens,230,1770467840.1671166,7166958.0,scalar
events.out.tfevents.1770456721.15f3a867024b.5912.0,train/num_tokens,235,1770468099.7945454,7322737.0,scalar
events.out.tfevents.1770456721.15f3a867024b.5912.0,train/num_tokens,240,1770468329.449297,7478097.0,scalar
events.out.tfevents.1770456721.15f3a867024b.5912.0,train/num_tokens,245,1770468588.162429,7633455.0,scalar
events.out.tfevents.1770456721.15f3a867024b.5912.0,train/num_tokens,250,1770468815.8519168,7790074.0,scalar
events.out.tfevents.1770456721.15f3a867024b.5912.0,train/num_tokens,255,1770469075.616767,7946272.0,scalar
events.out.tfevents.1770456721.15f3a867024b.5912.0,train/num_tokens,260,1770469306.868432,8102709.0,scalar
events.out.tfevents.1770456721.15f3a867024b.5912.0,train/num_tokens,265,1770469565.4513156,8258062.0,scalar
events.out.tfevents.1770456721.15f3a867024b.5912.0,train/num_tokens,270,1770469795.7362802,8413414.0,scalar
events.out.tfevents.1770456721.15f3a867024b.5912.0,train/num_tokens,275,1770470055.853539,8570034.0,scalar
events.out.tfevents.1770456721.15f3a867024b.5912.0,train/num_tokens,280,1770470285.3111129,8725292.0,scalar
events.out.tfevents.1770456721.15f3a867024b.5912.0,train/num_tokens,285,1770470558.075616,8869840.0,scalar
events.out.tfevents.1770456721.15f3a867024b.5912.0,train/num_tokens,290,1770470782.8470013,9026039.0,scalar
events.out.tfevents.1770456721.15f3a867024b.5912.0,train/num_tokens,295,1770471033.5067844,9182659.0,scalar
events.out.tfevents.1770456721.15f3a867024b.5912.0,train/num_tokens,300,1770471258.211386,9338439.0,scalar
events.out.tfevents.1770456721.15f3a867024b.5912.0,train/num_tokens,305,1770471508.5576954,9494213.0,scalar
events.out.tfevents.1770456721.15f3a867024b.5912.0,train/num_tokens,310,1770471733.8145382,9651253.0,scalar
events.out.tfevents.1770456721.15f3a867024b.5912.0,train/num_tokens,315,1770471984.3719966,9807449.0,scalar
events.out.tfevents.1770456721.15f3a867024b.5912.0,train/num_tokens,320,1770472208.3417099,9962801.0,scalar
events.out.tfevents.1770456721.15f3a867024b.5912.0,train/num_tokens,325,1770472459.9115179,10119233.0,scalar
events.out.tfevents.1770456721.15f3a867024b.5912.0,train/num_tokens,330,1770472685.1389077,10274491.0,scalar
events.out.tfevents.1770456721.15f3a867024b.5912.0,train/num_tokens,335,1770472935.8877032,10430270.0,scalar
events.out.tfevents.1770456721.15f3a867024b.5912.0,train/num_tokens,340,1770473161.258686,10586042.0,scalar
events.out.tfevents.1770456721.15f3a867024b.5912.0,train/num_tokens,345,1770473411.9511993,10741390.0,scalar
events.out.tfevents.1770456721.15f3a867024b.5912.0,train/num_tokens,350,1770473641.0898361,10898660.0,scalar
events.out.tfevents.1770456721.15f3a867024b.5912.0,train/num_tokens,355,1770473895.3806808,11054860.0,scalar
events.out.tfevents.1770456721.15f3a867024b.5912.0,train/num_tokens,360,1770474124.026522,11211057.0,scalar
events.out.tfevents.1770456721.15f3a867024b.5912.0,train/num_tokens,365,1770474380.1184545,11368090.0,scalar
events.out.tfevents.1770456721.15f3a867024b.5912.0,train/num_tokens,370,1770474605.0215726,11523870.0,scalar
events.out.tfevents.1770456721.15f3a867024b.5912.0,train/num_tokens,375,1770474854.5587735,11679227.0,scalar
events.out.tfevents.1770456721.15f3a867024b.5912.0,train/num_tokens,380,1770475079.792354,11835663.0,scalar
events.out.tfevents.1770456721.15f3a867024b.5912.0,train/num_tokens,385,1770475330.8468227,11992095.0,scalar
events.out.tfevents.1770456721.15f3a867024b.5912.0,train/num_tokens,390,1770475555.1093204,12147870.0,scalar
events.out.tfevents.1770456721.15f3a867024b.5912.0,train/num_tokens,395,1770475804.5890417,12303228.0,scalar
events.out.tfevents.1770456721.15f3a867024b.5912.0,train/num_tokens,400,1770476029.1003733,12458585.0,scalar
events.out.tfevents.1770456721.15f3a867024b.5912.0,train/num_tokens,405,1770476280.7847006,12615862.0,scalar
events.out.tfevents.1770456721.15f3a867024b.5912.0,train/num_tokens,410,1770476505.2673025,12771619.0,scalar
events.out.tfevents.1770456721.15f3a867024b.5912.0,train/num_tokens,415,1770476754.3591013,12927393.0,scalar
events.out.tfevents.1770456721.15f3a867024b.5912.0,train/num_tokens,420,1770476978.9000468,13082744.0,scalar
events.out.tfevents.1770456721.15f3a867024b.5912.0,train/num_tokens,423,1770477153.549691,13164306.0,scalar
events.out.tfevents.1770456721.15f3a867024b.5912.0,train/mean_token_accuracy,5,1770456953.4817002,0.7067021131515503,scalar
events.out.tfevents.1770456721.15f3a867024b.5912.0,train/mean_token_accuracy,10,1770457179.6463614,0.7806627154350281,scalar
events.out.tfevents.1770456721.15f3a867024b.5912.0,train/mean_token_accuracy,15,1770457431.2966516,0.8808218836784363,scalar
events.out.tfevents.1770456721.15f3a867024b.5912.0,train/mean_token_accuracy,20,1770457654.2714732,0.9005424380302429,scalar
events.out.tfevents.1770456721.15f3a867024b.5912.0,train/mean_token_accuracy,25,1770457907.1048272,0.9049586057662964,scalar
events.out.tfevents.1770456721.15f3a867024b.5912.0,train/mean_token_accuracy,30,1770458129.6031153,0.9077141880989075,scalar
events.out.tfevents.1770456721.15f3a867024b.5912.0,train/mean_token_accuracy,35,1770458384.0668416,0.9094477295875549,scalar
events.out.tfevents.1770456721.15f3a867024b.5912.0,train/mean_token_accuracy,40,1770458608.5791838,0.9061700701713562,scalar
events.out.tfevents.1770456721.15f3a867024b.5912.0,train/mean_token_accuracy,45,1770458858.65645,0.9126561880111694,scalar
events.out.tfevents.1770456721.15f3a867024b.5912.0,train/mean_token_accuracy,50,1770459083.0257514,0.9109832644462585,scalar
events.out.tfevents.1770456721.15f3a867024b.5912.0,train/mean_token_accuracy,55,1770459334.373461,0.9127797484397888,scalar
events.out.tfevents.1770456721.15f3a867024b.5912.0,train/mean_token_accuracy,60,1770459558.1965659,0.9130226969718933,scalar
events.out.tfevents.1770456721.15f3a867024b.5912.0,train/mean_token_accuracy,65,1770459808.3476057,0.9126724004745483,scalar
events.out.tfevents.1770456721.15f3a867024b.5912.0,train/mean_token_accuracy,70,1770460033.8684962,0.9122976064682007,scalar
events.out.tfevents.1770456721.15f3a867024b.5912.0,train/mean_token_accuracy,75,1770460283.3628492,0.9137000441551208,scalar
events.out.tfevents.1770456721.15f3a867024b.5912.0,train/mean_token_accuracy,80,1770460507.5376253,0.9142532348632812,scalar
events.out.tfevents.1770456721.15f3a867024b.5912.0,train/mean_token_accuracy,85,1770460758.327907,0.9152796268463135,scalar
events.out.tfevents.1770456721.15f3a867024b.5912.0,train/mean_token_accuracy,90,1770460982.3620784,0.9160240888595581,scalar
events.out.tfevents.1770456721.15f3a867024b.5912.0,train/mean_token_accuracy,95,1770461232.738446,0.9158811569213867,scalar
events.out.tfevents.1770456721.15f3a867024b.5912.0,train/mean_token_accuracy,100,1770461457.2634056,0.9149443507194519,scalar
events.out.tfevents.1770456721.15f3a867024b.5912.0,train/mean_token_accuracy,105,1770461709.8448255,0.9167132377624512,scalar
events.out.tfevents.1770456721.15f3a867024b.5912.0,train/mean_token_accuracy,110,1770461941.443769,0.9121851921081543,scalar
events.out.tfevents.1770456721.15f3a867024b.5912.0,train/mean_token_accuracy,115,1770462201.7543993,0.9160071611404419,scalar
events.out.tfevents.1770456721.15f3a867024b.5912.0,train/mean_token_accuracy,120,1770462431.3848932,0.9149349927902222,scalar
events.out.tfevents.1770456721.15f3a867024b.5912.0,train/mean_token_accuracy,125,1770462690.2357147,0.9170652627944946,scalar
events.out.tfevents.1770456721.15f3a867024b.5912.0,train/mean_token_accuracy,130,1770462920.92801,0.9177315831184387,scalar
events.out.tfevents.1770456721.15f3a867024b.5912.0,train/mean_token_accuracy,135,1770463178.8292756,0.9171479344367981,scalar
events.out.tfevents.1770456721.15f3a867024b.5912.0,train/mean_token_accuracy,140,1770463408.0496674,0.9170480966567993,scalar
events.out.tfevents.1770456721.15f3a867024b.5912.0,train/mean_token_accuracy,145,1770463681.8021545,0.9173623919487,scalar
events.out.tfevents.1770456721.15f3a867024b.5912.0,train/mean_token_accuracy,150,1770463912.1428642,0.9179381728172302,scalar
events.out.tfevents.1770456721.15f3a867024b.5912.0,train/mean_token_accuracy,155,1770464177.7302628,0.9164108037948608,scalar
events.out.tfevents.1770456721.15f3a867024b.5912.0,train/mean_token_accuracy,160,1770464407.1961286,0.9190021753311157,scalar
events.out.tfevents.1770456721.15f3a867024b.5912.0,train/mean_token_accuracy,165,1770464666.579569,0.9182839393615723,scalar
events.out.tfevents.1770456721.15f3a867024b.5912.0,train/mean_token_accuracy,170,1770464897.0072682,0.9202203750610352,scalar
events.out.tfevents.1770456721.15f3a867024b.5912.0,train/mean_token_accuracy,175,1770465158.5107036,0.918404221534729,scalar
events.out.tfevents.1770456721.15f3a867024b.5912.0,train/mean_token_accuracy,180,1770465390.7733414,0.916686475276947,scalar
events.out.tfevents.1770456721.15f3a867024b.5912.0,train/mean_token_accuracy,185,1770465650.1388497,0.919579803943634,scalar
events.out.tfevents.1770456721.15f3a867024b.5912.0,train/mean_token_accuracy,190,1770465885.3520093,0.9151430726051331,scalar
events.out.tfevents.1770456721.15f3a867024b.5912.0,train/mean_token_accuracy,195,1770466143.5629432,0.9202716946601868,scalar
events.out.tfevents.1770456721.15f3a867024b.5912.0,train/mean_token_accuracy,200,1770466373.17983,0.9217292070388794,scalar
events.out.tfevents.1770456721.15f3a867024b.5912.0,train/mean_token_accuracy,205,1770466632.1828406,0.9188860058784485,scalar
events.out.tfevents.1770456721.15f3a867024b.5912.0,train/mean_token_accuracy,210,1770466862.6176538,0.9208800792694092,scalar
events.out.tfevents.1770456721.15f3a867024b.5912.0,train/mean_token_accuracy,215,1770467121.093113,0.9214809536933899,scalar
events.out.tfevents.1770456721.15f3a867024b.5912.0,train/mean_token_accuracy,220,1770467351.5053837,0.9191511273384094,scalar
events.out.tfevents.1770456721.15f3a867024b.5912.0,train/mean_token_accuracy,225,1770467610.0129097,0.9210323095321655,scalar
events.out.tfevents.1770456721.15f3a867024b.5912.0,train/mean_token_accuracy,230,1770467840.1671283,0.9205766320228577,scalar
events.out.tfevents.1770456721.15f3a867024b.5912.0,train/mean_token_accuracy,235,1770468099.7945569,0.9211808443069458,scalar
events.out.tfevents.1770456721.15f3a867024b.5912.0,train/mean_token_accuracy,240,1770468329.449309,0.9215988516807556,scalar
events.out.tfevents.1770456721.15f3a867024b.5912.0,train/mean_token_accuracy,245,1770468588.1624405,0.9208084344863892,scalar
events.out.tfevents.1770456721.15f3a867024b.5912.0,train/mean_token_accuracy,250,1770468815.851929,0.9191614389419556,scalar
events.out.tfevents.1770456721.15f3a867024b.5912.0,train/mean_token_accuracy,255,1770469075.616779,0.9203258156776428,scalar
events.out.tfevents.1770456721.15f3a867024b.5912.0,train/mean_token_accuracy,260,1770469306.8684444,0.9212663769721985,scalar
events.out.tfevents.1770456721.15f3a867024b.5912.0,train/mean_token_accuracy,265,1770469565.4513276,0.9215413331985474,scalar
events.out.tfevents.1770456721.15f3a867024b.5912.0,train/mean_token_accuracy,270,1770469795.7362921,0.9208571910858154,scalar
events.out.tfevents.1770456721.15f3a867024b.5912.0,train/mean_token_accuracy,275,1770470055.8535507,0.9190002679824829,scalar
events.out.tfevents.1770456721.15f3a867024b.5912.0,train/mean_token_accuracy,280,1770470285.3111248,0.9222959280014038,scalar
events.out.tfevents.1770456721.15f3a867024b.5912.0,train/mean_token_accuracy,285,1770470558.0756276,0.9220123291015625,scalar
events.out.tfevents.1770456721.15f3a867024b.5912.0,train/mean_token_accuracy,290,1770470782.847014,0.9220121502876282,scalar
events.out.tfevents.1770456721.15f3a867024b.5912.0,train/mean_token_accuracy,295,1770471033.5067966,0.9234883189201355,scalar
events.out.tfevents.1770456721.15f3a867024b.5912.0,train/mean_token_accuracy,300,1770471258.2113984,0.9219328165054321,scalar
events.out.tfevents.1770456721.15f3a867024b.5912.0,train/mean_token_accuracy,305,1770471508.5577075,0.9225947260856628,scalar
events.out.tfevents.1770456721.15f3a867024b.5912.0,train/mean_token_accuracy,310,1770471733.8145492,0.9201990962028503,scalar
events.out.tfevents.1770456721.15f3a867024b.5912.0,train/mean_token_accuracy,315,1770471984.372008,0.9239247441291809,scalar
events.out.tfevents.1770456721.15f3a867024b.5912.0,train/mean_token_accuracy,320,1770472208.3417218,0.921891987323761,scalar
events.out.tfevents.1770456721.15f3a867024b.5912.0,train/mean_token_accuracy,325,1770472459.9115307,0.9209438562393188,scalar
events.out.tfevents.1770456721.15f3a867024b.5912.0,train/mean_token_accuracy,330,1770472685.1389198,0.9222351908683777,scalar
events.out.tfevents.1770456721.15f3a867024b.5912.0,train/mean_token_accuracy,335,1770472935.887716,0.921057403087616,scalar
events.out.tfevents.1770456721.15f3a867024b.5912.0,train/mean_token_accuracy,340,1770473161.258698,0.9224221706390381,scalar
events.out.tfevents.1770456721.15f3a867024b.5912.0,train/mean_token_accuracy,345,1770473411.951211,0.9239921569824219,scalar
events.out.tfevents.1770456721.15f3a867024b.5912.0,train/mean_token_accuracy,350,1770473641.0898476,0.9215455651283264,scalar
events.out.tfevents.1770456721.15f3a867024b.5912.0,train/mean_token_accuracy,355,1770473895.3806932,0.9216769933700562,scalar
events.out.tfevents.1770456721.15f3a867024b.5912.0,train/mean_token_accuracy,360,1770474124.026534,0.9232915639877319,scalar
events.out.tfevents.1770456721.15f3a867024b.5912.0,train/mean_token_accuracy,365,1770474380.1184666,0.92120361328125,scalar
events.out.tfevents.1770456721.15f3a867024b.5912.0,train/mean_token_accuracy,370,1770474605.0215843,0.9238148331642151,scalar
events.out.tfevents.1770456721.15f3a867024b.5912.0,train/mean_token_accuracy,375,1770474854.558785,0.92436683177948,scalar
events.out.tfevents.1770456721.15f3a867024b.5912.0,train/mean_token_accuracy,380,1770475079.7923658,0.9249499440193176,scalar
events.out.tfevents.1770456721.15f3a867024b.5912.0,train/mean_token_accuracy,385,1770475330.8468342,0.9225167632102966,scalar
events.out.tfevents.1770456721.15f3a867024b.5912.0,train/mean_token_accuracy,390,1770475555.1093323,0.9238795042037964,scalar
events.out.tfevents.1770456721.15f3a867024b.5912.0,train/mean_token_accuracy,395,1770475804.5890532,0.9243062138557434,scalar
events.out.tfevents.1770456721.15f3a867024b.5912.0,train/mean_token_accuracy,400,1770476029.1003854,0.9227189421653748,scalar
events.out.tfevents.1770456721.15f3a867024b.5912.0,train/mean_token_accuracy,405,1770476280.784713,0.9215364456176758,scalar
events.out.tfevents.1770456721.15f3a867024b.5912.0,train/mean_token_accuracy,410,1770476505.2673147,0.9249480962753296,scalar
events.out.tfevents.1770456721.15f3a867024b.5912.0,train/mean_token_accuracy,415,1770476754.3591135,0.9249292612075806,scalar
events.out.tfevents.1770456721.15f3a867024b.5912.0,train/mean_token_accuracy,420,1770476978.9000585,0.9240729212760925,scalar
events.out.tfevents.1770456721.15f3a867024b.5912.0,train/mean_token_accuracy,423,1770477153.5497024,0.9249120950698853,scalar
events.out.tfevents.1770456721.15f3a867024b.5912.0,train/epoch,5,1770456953.4817123,0.035555556416511536,scalar
events.out.tfevents.1770456721.15f3a867024b.5912.0,train/epoch,10,1770457179.6463728,0.07111111283302307,scalar
events.out.tfevents.1770456721.15f3a867024b.5912.0,train/epoch,10,1770457205.2186916,0.07111111283302307,scalar
events.out.tfevents.1770456721.15f3a867024b.5912.0,train/epoch,15,1770457431.2966626,0.1066666692495346,scalar
events.out.tfevents.1770456721.15f3a867024b.5912.0,train/epoch,20,1770457654.2714846,0.14222222566604614,scalar
events.out.tfevents.1770456721.15f3a867024b.5912.0,train/epoch,20,1770457679.805005,0.14222222566604614,scalar
events.out.tfevents.1770456721.15f3a867024b.5912.0,train/epoch,25,1770457907.1048384,0.17777778208255768,scalar
events.out.tfevents.1770456721.15f3a867024b.5912.0,train/epoch,30,1770458129.6031277,0.2133333384990692,scalar
events.out.tfevents.1770456721.15f3a867024b.5912.0,train/epoch,30,1770458155.1161723,0.2133333384990692,scalar
events.out.tfevents.1770456721.15f3a867024b.5912.0,train/epoch,35,1770458384.066853,0.24888889491558075,scalar
events.out.tfevents.1770456721.15f3a867024b.5912.0,train/epoch,40,1770458608.5792036,0.2844444513320923,scalar
events.out.tfevents.1770456721.15f3a867024b.5912.0,train/epoch,40,1770458634.2264044,0.2844444513320923,scalar
events.out.tfevents.1770456721.15f3a867024b.5912.0,train/epoch,45,1770458858.6564615,0.3199999928474426,scalar
events.out.tfevents.1770456721.15f3a867024b.5912.0,train/epoch,50,1770459083.0257623,0.35555556416511536,scalar
events.out.tfevents.1770456721.15f3a867024b.5912.0,train/epoch,50,1770459108.5741699,0.35555556416511536,scalar
events.out.tfevents.1770456721.15f3a867024b.5912.0,train/epoch,55,1770459334.3734727,0.3911111056804657,scalar
events.out.tfevents.1770456721.15f3a867024b.5912.0,train/epoch,60,1770459558.1965768,0.4266666769981384,scalar
events.out.tfevents.1770456721.15f3a867024b.5912.0,train/epoch,60,1770459583.7776256,0.4266666769981384,scalar
events.out.tfevents.1770456721.15f3a867024b.5912.0,train/epoch,65,1770459808.347617,0.46222221851348877,scalar
events.out.tfevents.1770456721.15f3a867024b.5912.0,train/epoch,70,1770460033.8685076,0.4977777898311615,scalar
events.out.tfevents.1770456721.15f3a867024b.5912.0,train/epoch,70,1770460059.4288406,0.4977777898311615,scalar
events.out.tfevents.1770456721.15f3a867024b.5912.0,train/epoch,75,1770460283.3628604,0.5333333611488342,scalar
events.out.tfevents.1770456721.15f3a867024b.5912.0,train/epoch,80,1770460507.5376368,0.5688889026641846,scalar
events.out.tfevents.1770456721.15f3a867024b.5912.0,train/epoch,80,1770460533.013411,0.5688889026641846,scalar
events.out.tfevents.1770456721.15f3a867024b.5912.0,train/epoch,85,1770460758.3279185,0.6044444441795349,scalar
events.out.tfevents.1770456721.15f3a867024b.5912.0,train/epoch,90,1770460982.3620896,0.6399999856948853,scalar
events.out.tfevents.1770456721.15f3a867024b.5912.0,train/epoch,90,1770461007.948956,0.6399999856948853,scalar
events.out.tfevents.1770456721.15f3a867024b.5912.0,train/epoch,95,1770461232.7384577,0.6755555272102356,scalar
events.out.tfevents.1770456721.15f3a867024b.5912.0,train/epoch,100,1770461457.263417,0.7111111283302307,scalar
events.out.tfevents.1770456721.15f3a867024b.5912.0,train/epoch,100,1770461482.8273404,0.7111111283302307,scalar
events.out.tfevents.1770456721.15f3a867024b.5912.0,train/epoch,105,1770461709.8448372,0.746666669845581,scalar
events.out.tfevents.1770456721.15f3a867024b.5912.0,train/epoch,110,1770461941.4437814,0.7822222113609314,scalar
events.out.tfevents.1770456721.15f3a867024b.5912.0,train/epoch,110,1770461967.0584545,0.7822222113609314,scalar
events.out.tfevents.1770456721.15f3a867024b.5912.0,train/epoch,115,1770462201.7544105,0.8177777528762817,scalar
events.out.tfevents.1770456721.15f3a867024b.5912.0,train/epoch,120,1770462431.3849044,0.8533333539962769,scalar
events.out.tfevents.1770456721.15f3a867024b.5912.0,train/epoch,120,1770462456.9485304,0.8533333539962769,scalar
events.out.tfevents.1770456721.15f3a867024b.5912.0,train/epoch,125,1770462690.2357259,0.8888888955116272,scalar
events.out.tfevents.1770456721.15f3a867024b.5912.0,train/epoch,130,1770462920.9280212,0.9244444370269775,scalar
events.out.tfevents.1770456721.15f3a867024b.5912.0,train/epoch,130,1770462946.535852,0.9244444370269775,scalar
events.out.tfevents.1770456721.15f3a867024b.5912.0,train/epoch,135,1770463178.829287,0.9599999785423279,scalar
events.out.tfevents.1770456721.15f3a867024b.5912.0,train/epoch,140,1770463408.0496788,0.995555579662323,scalar
events.out.tfevents.1770456721.15f3a867024b.5912.0,train/epoch,140,1770463433.5536497,0.995555579662323,scalar
events.out.tfevents.1770456721.15f3a867024b.5912.0,train/epoch,145,1770463681.802168,1.0284444093704224,scalar
events.out.tfevents.1770456721.15f3a867024b.5912.0,train/epoch,150,1770463912.1428757,1.0640000104904175,scalar
events.out.tfevents.1770456721.15f3a867024b.5912.0,train/epoch,150,1770463937.787335,1.0640000104904175,scalar
events.out.tfevents.1770456721.15f3a867024b.5912.0,train/epoch,155,1770464177.7302742,1.0995556116104126,scalar
events.out.tfevents.1770456721.15f3a867024b.5912.0,train/epoch,160,1770464407.19614,1.1351110935211182,scalar
events.out.tfevents.1770456721.15f3a867024b.5912.0,train/epoch,160,1770464432.799114,1.1351110935211182,scalar
events.out.tfevents.1770456721.15f3a867024b.5912.0,train/epoch,165,1770464666.5795813,1.1706666946411133,scalar
events.out.tfevents.1770456721.15f3a867024b.5912.0,train/epoch,170,1770464897.0072799,1.2062221765518188,scalar
events.out.tfevents.1770456721.15f3a867024b.5912.0,train/epoch,170,1770464922.5885193,1.2062221765518188,scalar
events.out.tfevents.1770456721.15f3a867024b.5912.0,train/epoch,175,1770465158.5107157,1.241777777671814,scalar
events.out.tfevents.1770456721.15f3a867024b.5912.0,train/epoch,180,1770465390.7733536,1.277333378791809,scalar
events.out.tfevents.1770456721.15f3a867024b.5912.0,train/epoch,180,1770465416.4162421,1.277333378791809,scalar
events.out.tfevents.1770456721.15f3a867024b.5912.0,train/epoch,185,1770465650.1388605,1.3128888607025146,scalar
events.out.tfevents.1770456721.15f3a867024b.5912.0,train/epoch,190,1770465885.3520212,1.3484444618225098,scalar
events.out.tfevents.1770456721.15f3a867024b.5912.0,train/epoch,190,1770465910.9096503,1.3484444618225098,scalar
events.out.tfevents.1770456721.15f3a867024b.5912.0,train/epoch,195,1770466143.562955,1.3839999437332153,scalar
events.out.tfevents.1770456721.15f3a867024b.5912.0,train/epoch,200,1770466373.1798415,1.4195555448532104,scalar
events.out.tfevents.1770456721.15f3a867024b.5912.0,train/epoch,200,1770466398.6903152,1.4195555448532104,scalar
events.out.tfevents.1770456721.15f3a867024b.5912.0,train/epoch,205,1770466632.1828518,1.4551111459732056,scalar
events.out.tfevents.1770456721.15f3a867024b.5912.0,train/epoch,210,1770466862.6176655,1.4906666278839111,scalar
events.out.tfevents.1770456721.15f3a867024b.5912.0,train/epoch,210,1770466888.2164643,1.4906666278839111,scalar
events.out.tfevents.1770456721.15f3a867024b.5912.0,train/epoch,215,1770467121.0931249,1.5262222290039062,scalar
events.out.tfevents.1770456721.15f3a867024b.5912.0,train/epoch,220,1770467351.5053957,1.5617778301239014,scalar
events.out.tfevents.1770456721.15f3a867024b.5912.0,train/epoch,220,1770467377.084191,1.5617778301239014,scalar
events.out.tfevents.1770456721.15f3a867024b.5912.0,train/epoch,225,1770467610.0129201,1.597333312034607,scalar
events.out.tfevents.1770456721.15f3a867024b.5912.0,train/epoch,230,1770467840.1671393,1.632888913154602,scalar
events.out.tfevents.1770456721.15f3a867024b.5912.0,train/epoch,230,1770467865.7110612,1.632888913154602,scalar
events.out.tfevents.1770456721.15f3a867024b.5912.0,train/epoch,235,1770468099.7945683,1.6684443950653076,scalar
events.out.tfevents.1770456721.15f3a867024b.5912.0,train/epoch,240,1770468329.449322,1.7039999961853027,scalar
events.out.tfevents.1770456721.15f3a867024b.5912.0,train/epoch,240,1770468355.01602,1.7039999961853027,scalar
events.out.tfevents.1770456721.15f3a867024b.5912.0,train/epoch,245,1770468588.1624517,1.7395555973052979,scalar
events.out.tfevents.1770456721.15f3a867024b.5912.0,train/epoch,250,1770468815.8519402,1.7751110792160034,scalar
events.out.tfevents.1770456721.15f3a867024b.5912.0,train/epoch,250,1770468841.47268,1.7751110792160034,scalar
events.out.tfevents.1770456721.15f3a867024b.5912.0,train/epoch,255,1770469075.6167912,1.8106666803359985,scalar
events.out.tfevents.1770456721.15f3a867024b.5912.0,train/epoch,260,1770469306.8684561,1.8462222814559937,scalar
events.out.tfevents.1770456721.15f3a867024b.5912.0,train/epoch,260,1770469332.5087113,1.8462222814559937,scalar
events.out.tfevents.1770456721.15f3a867024b.5912.0,train/epoch,265,1770469565.4513397,1.8817777633666992,scalar
events.out.tfevents.1770456721.15f3a867024b.5912.0,train/epoch,270,1770469795.7363036,1.9173333644866943,scalar
events.out.tfevents.1770456721.15f3a867024b.5912.0,train/epoch,270,1770469821.390532,1.9173333644866943,scalar
events.out.tfevents.1770456721.15f3a867024b.5912.0,train/epoch,275,1770470055.8535619,1.9528888463974,scalar
events.out.tfevents.1770456721.15f3a867024b.5912.0,train/epoch,280,1770470285.3111367,1.988444447517395,scalar
events.out.tfevents.1770456721.15f3a867024b.5912.0,train/epoch,280,1770470310.9503598,1.988444447517395,scalar
events.out.tfevents.1770456721.15f3a867024b.5912.0,train/epoch,285,1770470558.0756385,2.0213332176208496,scalar
events.out.tfevents.1770456721.15f3a867024b.5912.0,train/epoch,290,1770470782.8470254,2.0568888187408447,scalar
events.out.tfevents.1770456721.15f3a867024b.5912.0,train/epoch,290,1770470808.4542058,2.0568888187408447,scalar
events.out.tfevents.1770456721.15f3a867024b.5912.0,train/epoch,295,1770471033.506808,2.09244441986084,scalar
events.out.tfevents.1770456721.15f3a867024b.5912.0,train/epoch,300,1770471258.2114105,2.128000020980835,scalar
events.out.tfevents.1770456721.15f3a867024b.5912.0,train/epoch,300,1770471283.7972472,2.128000020980835,scalar
events.out.tfevents.1770456721.15f3a867024b.5912.0,train/epoch,305,1770471508.5577192,2.16355562210083,scalar
events.out.tfevents.1770456721.15f3a867024b.5912.0,train/epoch,310,1770471733.81456,2.199111223220825,scalar
events.out.tfevents.1770456721.15f3a867024b.5912.0,train/epoch,310,1770471759.4266374,2.199111223220825,scalar
events.out.tfevents.1770456721.15f3a867024b.5912.0,train/epoch,315,1770471984.37202,2.234666585922241,scalar
events.out.tfevents.1770456721.15f3a867024b.5912.0,train/epoch,320,1770472208.3417332,2.2702221870422363,scalar
events.out.tfevents.1770456721.15f3a867024b.5912.0,train/epoch,320,1770472233.9483998,2.2702221870422363,scalar
events.out.tfevents.1770456721.15f3a867024b.5912.0,train/epoch,325,1770472459.9115424,2.3057777881622314,scalar
events.out.tfevents.1770456721.15f3a867024b.5912.0,train/epoch,330,1770472685.1389318,2.3413333892822266,scalar
events.out.tfevents.1770456721.15f3a867024b.5912.0,train/epoch,330,1770472710.8450687,2.3413333892822266,scalar
events.out.tfevents.1770456721.15f3a867024b.5912.0,train/epoch,335,1770472935.8877275,2.3768889904022217,scalar
events.out.tfevents.1770456721.15f3a867024b.5912.0,train/epoch,340,1770473161.2587094,2.4124443531036377,scalar
events.out.tfevents.1770456721.15f3a867024b.5912.0,train/epoch,340,1770473186.9696884,2.4124443531036377,scalar
events.out.tfevents.1770456721.15f3a867024b.5912.0,train/epoch,345,1770473411.9512222,2.447999954223633,scalar
events.out.tfevents.1770456721.15f3a867024b.5912.0,train/epoch,350,1770473641.0898588,2.483555555343628,scalar
events.out.tfevents.1770456721.15f3a867024b.5912.0,train/epoch,350,1770473666.977077,2.483555555343628,scalar
events.out.tfevents.1770456721.15f3a867024b.5912.0,train/epoch,355,1770473895.3807054,2.519111156463623,scalar
events.out.tfevents.1770456721.15f3a867024b.5912.0,train/epoch,360,1770474124.0265458,2.554666757583618,scalar
events.out.tfevents.1770456721.15f3a867024b.5912.0,train/epoch,360,1770474150.0304496,2.554666757583618,scalar
events.out.tfevents.1770456721.15f3a867024b.5912.0,train/epoch,365,1770474380.1184778,2.590222120285034,scalar
events.out.tfevents.1770456721.15f3a867024b.5912.0,train/epoch,370,1770474605.0215964,2.6257777214050293,scalar
events.out.tfevents.1770456721.15f3a867024b.5912.0,train/epoch,370,1770474630.6047597,2.6257777214050293,scalar
events.out.tfevents.1770456721.15f3a867024b.5912.0,train/epoch,375,1770474854.5587966,2.6613333225250244,scalar
events.out.tfevents.1770456721.15f3a867024b.5912.0,train/epoch,380,1770475079.7923777,2.6968889236450195,scalar
events.out.tfevents.1770456721.15f3a867024b.5912.0,train/epoch,380,1770475105.4196017,2.6968889236450195,scalar
events.out.tfevents.1770456721.15f3a867024b.5912.0,train/epoch,385,1770475330.8468456,2.7324445247650146,scalar
events.out.tfevents.1770456721.15f3a867024b.5912.0,train/epoch,390,1770475555.1093435,2.7679998874664307,scalar
events.out.tfevents.1770456721.15f3a867024b.5912.0,train/epoch,390,1770475580.798249,2.7679998874664307,scalar
events.out.tfevents.1770456721.15f3a867024b.5912.0,train/epoch,395,1770475804.5890644,2.803555488586426,scalar
events.out.tfevents.1770456721.15f3a867024b.5912.0,train/epoch,400,1770476029.1003978,2.839111089706421,scalar
events.out.tfevents.1770456721.15f3a867024b.5912.0,train/epoch,400,1770476054.7725496,2.839111089706421,scalar
events.out.tfevents.1770456721.15f3a867024b.5912.0,train/epoch,405,1770476280.7847252,2.874666690826416,scalar
events.out.tfevents.1770456721.15f3a867024b.5912.0,train/epoch,410,1770476505.267326,2.910222291946411,scalar
events.out.tfevents.1770456721.15f3a867024b.5912.0,train/epoch,410,1770476530.9103081,2.910222291946411,scalar
events.out.tfevents.1770456721.15f3a867024b.5912.0,train/epoch,415,1770476754.359125,2.9457778930664062,scalar
events.out.tfevents.1770456721.15f3a867024b.5912.0,train/epoch,420,1770476978.9000702,2.9813332557678223,scalar
events.out.tfevents.1770456721.15f3a867024b.5912.0,train/epoch,420,1770477004.6315374,2.9813332557678223,scalar
events.out.tfevents.1770456721.15f3a867024b.5912.0,train/epoch,423,1770477153.5497143,3.0,scalar
events.out.tfevents.1770456721.15f3a867024b.5912.0,eval/loss,10,1770457205.2185745,0.510277271270752,scalar
events.out.tfevents.1770456721.15f3a867024b.5912.0,eval/loss,20,1770457679.8048854,0.2600356340408325,scalar
events.out.tfevents.1770456721.15f3a867024b.5912.0,eval/loss,30,1770458155.1160398,0.2383410632610321,scalar
events.out.tfevents.1770456721.15f3a867024b.5912.0,eval/loss,40,1770458634.2262847,0.23013673722743988,scalar
events.out.tfevents.1770456721.15f3a867024b.5912.0,eval/loss,50,1770459108.5740383,0.22349053621292114,scalar
events.out.tfevents.1770456721.15f3a867024b.5912.0,eval/loss,60,1770459583.7775056,0.22029490768909454,scalar
events.out.tfevents.1770456721.15f3a867024b.5912.0,eval/loss,70,1770460059.4287248,0.21778279542922974,scalar
events.out.tfevents.1770456721.15f3a867024b.5912.0,eval/loss,80,1770460533.0132904,0.2141866236925125,scalar
events.out.tfevents.1770456721.15f3a867024b.5912.0,eval/loss,90,1770461007.9488294,0.2138344794511795,scalar
events.out.tfevents.1770456721.15f3a867024b.5912.0,eval/loss,100,1770461482.8271801,0.2120528221130371,scalar
events.out.tfevents.1770456721.15f3a867024b.5912.0,eval/loss,110,1770461967.0583382,0.20975461602210999,scalar
events.out.tfevents.1770456721.15f3a867024b.5912.0,eval/loss,120,1770462456.9484112,0.2086958885192871,scalar
events.out.tfevents.1770456721.15f3a867024b.5912.0,eval/loss,130,1770462946.5357294,0.20932787656784058,scalar
events.out.tfevents.1770456721.15f3a867024b.5912.0,eval/loss,140,1770463433.553534,0.20864182710647583,scalar
events.out.tfevents.1770456721.15f3a867024b.5912.0,eval/loss,150,1770463937.7871108,0.20663194358348846,scalar
events.out.tfevents.1770456721.15f3a867024b.5912.0,eval/loss,160,1770464432.798996,0.20511144399642944,scalar
events.out.tfevents.1770456721.15f3a867024b.5912.0,eval/loss,170,1770464922.5883975,0.20442333817481995,scalar
events.out.tfevents.1770456721.15f3a867024b.5912.0,eval/loss,180,1770465416.4160874,0.20376533269882202,scalar
events.out.tfevents.1770456721.15f3a867024b.5912.0,eval/loss,190,1770465910.9094758,0.20253418385982513,scalar
events.out.tfevents.1770456721.15f3a867024b.5912.0,eval/loss,200,1770466398.690181,0.20155775547027588,scalar
events.out.tfevents.1770456721.15f3a867024b.5912.0,eval/loss,210,1770466888.2163453,0.20162035524845123,scalar
events.out.tfevents.1770456721.15f3a867024b.5912.0,eval/loss,220,1770467377.0840595,0.2018754631280899,scalar
events.out.tfevents.1770456721.15f3a867024b.5912.0,eval/loss,230,1770467865.710937,0.19980676472187042,scalar
events.out.tfevents.1770456721.15f3a867024b.5912.0,eval/loss,240,1770468355.015903,0.19975024461746216,scalar
events.out.tfevents.1770456721.15f3a867024b.5912.0,eval/loss,250,1770468841.4725647,0.1990041881799698,scalar
events.out.tfevents.1770456721.15f3a867024b.5912.0,eval/loss,260,1770469332.508589,0.19830532371997833,scalar
events.out.tfevents.1770456721.15f3a867024b.5912.0,eval/loss,270,1770469821.390419,0.19861862063407898,scalar
events.out.tfevents.1770456721.15f3a867024b.5912.0,eval/loss,280,1770470310.9502418,0.1977999061346054,scalar
events.out.tfevents.1770456721.15f3a867024b.5912.0,eval/loss,290,1770470808.4540687,0.19801798462867737,scalar
events.out.tfevents.1770456721.15f3a867024b.5912.0,eval/loss,300,1770471283.797113,0.19739608466625214,scalar
events.out.tfevents.1770456721.15f3a867024b.5912.0,eval/loss,310,1770471759.4265194,0.19649668037891388,scalar
events.out.tfevents.1770456721.15f3a867024b.5912.0,eval/loss,320,1770472233.9482825,0.19568435847759247,scalar
events.out.tfevents.1770456721.15f3a867024b.5912.0,eval/loss,330,1770472710.8449504,0.1959480345249176,scalar
events.out.tfevents.1770456721.15f3a867024b.5912.0,eval/loss,340,1770473186.969526,0.19469092786312103,scalar
events.out.tfevents.1770456721.15f3a867024b.5912.0,eval/loss,350,1770473666.9769568,0.19579844176769257,scalar
events.out.tfevents.1770456721.15f3a867024b.5912.0,eval/loss,360,1770474150.0303278,0.19454587996006012,scalar
events.out.tfevents.1770456721.15f3a867024b.5912.0,eval/loss,370,1770474630.6046426,0.19414396584033966,scalar
events.out.tfevents.1770456721.15f3a867024b.5912.0,eval/loss,380,1770475105.4194782,0.19386912882328033,scalar
events.out.tfevents.1770456721.15f3a867024b.5912.0,eval/loss,390,1770475580.7980964,0.19321006536483765,scalar
events.out.tfevents.1770456721.15f3a867024b.5912.0,eval/loss,400,1770476054.7724319,0.19348540902137756,scalar
events.out.tfevents.1770456721.15f3a867024b.5912.0,eval/loss,410,1770476530.9101624,0.1932315081357956,scalar
events.out.tfevents.1770456721.15f3a867024b.5912.0,eval/loss,420,1770477004.6314116,0.19326135516166687,scalar
events.out.tfevents.1770456721.15f3a867024b.5912.0,eval/runtime,10,1770457205.2186143,25.569700241088867,scalar
events.out.tfevents.1770456721.15f3a867024b.5912.0,eval/runtime,20,1770457679.8049273,25.5310001373291,scalar
events.out.tfevents.1770456721.15f3a867024b.5912.0,eval/runtime,30,1770458155.1160803,25.510499954223633,scalar
events.out.tfevents.1770456721.15f3a867024b.5912.0,eval/runtime,40,1770458634.2263286,25.64459991455078,scalar
events.out.tfevents.1770456721.15f3a867024b.5912.0,eval/runtime,50,1770459108.5740776,25.54599952697754,scalar
events.out.tfevents.1770456721.15f3a867024b.5912.0,eval/runtime,60,1770459583.7775476,25.57859992980957,scalar
events.out.tfevents.1770456721.15f3a867024b.5912.0,eval/runtime,70,1770460059.4287665,25.557899475097656,scalar
events.out.tfevents.1770456721.15f3a867024b.5912.0,eval/runtime,80,1770460533.0133305,25.47330093383789,scalar
events.out.tfevents.1770456721.15f3a867024b.5912.0,eval/runtime,90,1770461007.9488766,25.584299087524414,scalar
events.out.tfevents.1770456721.15f3a867024b.5912.0,eval/runtime,100,1770461482.82725,25.561399459838867,scalar
events.out.tfevents.1770456721.15f3a867024b.5912.0,eval/runtime,110,1770461967.0583785,25.612199783325195,scalar
events.out.tfevents.1770456721.15f3a867024b.5912.0,eval/runtime,120,1770462456.948451,25.561100006103516,scalar
events.out.tfevents.1770456721.15f3a867024b.5912.0,eval/runtime,130,1770462946.535775,25.605300903320312,scalar
events.out.tfevents.1770456721.15f3a867024b.5912.0,eval/runtime,140,1770463433.5535736,25.501399993896484,scalar
events.out.tfevents.1770456721.15f3a867024b.5912.0,eval/runtime,150,1770463937.7871897,25.641799926757812,scalar
events.out.tfevents.1770456721.15f3a867024b.5912.0,eval/runtime,160,1770464432.7990363,25.600500106811523,scalar
events.out.tfevents.1770456721.15f3a867024b.5912.0,eval/runtime,170,1770464922.5884392,25.578800201416016,scalar
events.out.tfevents.1770456721.15f3a867024b.5912.0,eval/runtime,180,1770465416.4161549,25.640499114990234,scalar
events.out.tfevents.1770456721.15f3a867024b.5912.0,eval/runtime,190,1770465910.9095335,25.555099487304688,scalar
events.out.tfevents.1770456721.15f3a867024b.5912.0,eval/runtime,200,1770466398.690241,25.507999420166016,scalar
events.out.tfevents.1770456721.15f3a867024b.5912.0,eval/runtime,210,1770466888.216388,25.596399307250977,scalar
events.out.tfevents.1770456721.15f3a867024b.5912.0,eval/runtime,220,1770467377.0840998,25.5762996673584,scalar
events.out.tfevents.1770456721.15f3a867024b.5912.0,eval/runtime,230,1770467865.7109778,25.541400909423828,scalar
events.out.tfevents.1770456721.15f3a867024b.5912.0,eval/runtime,240,1770468355.015942,25.564199447631836,scalar
events.out.tfevents.1770456721.15f3a867024b.5912.0,eval/runtime,250,1770468841.4726048,25.618200302124023,scalar
events.out.tfevents.1770456721.15f3a867024b.5912.0,eval/runtime,260,1770469332.5086308,25.637800216674805,scalar
events.out.tfevents.1770456721.15f3a867024b.5912.0,eval/runtime,270,1770469821.390459,25.65180015563965,scalar
events.out.tfevents.1770456721.15f3a867024b.5912.0,eval/runtime,280,1770470310.9502828,25.636699676513672,scalar
events.out.tfevents.1770456721.15f3a867024b.5912.0,eval/runtime,290,1770470808.4541125,25.60460090637207,scalar
events.out.tfevents.1770456721.15f3a867024b.5912.0,eval/runtime,300,1770471283.7971637,25.583200454711914,scalar
events.out.tfevents.1770456721.15f3a867024b.5912.0,eval/runtime,310,1770471759.4265602,25.609399795532227,scalar
events.out.tfevents.1770456721.15f3a867024b.5912.0,eval/runtime,320,1770472233.9483237,25.60409927368164,scalar
events.out.tfevents.1770456721.15f3a867024b.5912.0,eval/runtime,330,1770472710.8449914,25.703699111938477,scalar
events.out.tfevents.1770456721.15f3a867024b.5912.0,eval/runtime,340,1770473186.9695747,25.70840072631836,scalar
events.out.tfevents.1770456721.15f3a867024b.5912.0,eval/runtime,350,1770473666.9769979,25.884599685668945,scalar
events.out.tfevents.1770456721.15f3a867024b.5912.0,eval/runtime,360,1770474150.0303702,26.00119972229004,scalar
events.out.tfevents.1770456721.15f3a867024b.5912.0,eval/runtime,370,1770474630.6046846,25.580699920654297,scalar
events.out.tfevents.1770456721.15f3a867024b.5912.0,eval/runtime,380,1770475105.4195201,25.62470054626465,scalar
events.out.tfevents.1770456721.15f3a867024b.5912.0,eval/runtime,390,1770475580.7981386,25.686500549316406,scalar
events.out.tfevents.1770456721.15f3a867024b.5912.0,eval/runtime,400,1770476054.772472,25.669700622558594,scalar
events.out.tfevents.1770456721.15f3a867024b.5912.0,eval/runtime,410,1770476530.910211,25.640600204467773,scalar
events.out.tfevents.1770456721.15f3a867024b.5912.0,eval/runtime,420,1770477004.6314523,25.728900909423828,scalar
events.out.tfevents.1770456721.15f3a867024b.5912.0,eval/samples_per_second,10,1770457205.2186303,1.9550000429153442,scalar
events.out.tfevents.1770456721.15f3a867024b.5912.0,eval/samples_per_second,20,1770457679.8049436,1.9579999446868896,scalar
events.out.tfevents.1770456721.15f3a867024b.5912.0,eval/samples_per_second,30,1770458155.1160965,1.9600000381469727,scalar
events.out.tfevents.1770456721.15f3a867024b.5912.0,eval/samples_per_second,40,1770458634.226345,1.9500000476837158,scalar
events.out.tfevents.1770456721.15f3a867024b.5912.0,eval/samples_per_second,50,1770459108.5740948,1.9570000171661377,scalar
events.out.tfevents.1770456721.15f3a867024b.5912.0,eval/samples_per_second,60,1770459583.7775638,1.9550000429153442,scalar
events.out.tfevents.1770456721.15f3a867024b.5912.0,eval/samples_per_second,70,1770460059.4287822,1.9559999704360962,scalar
events.out.tfevents.1770456721.15f3a867024b.5912.0,eval/samples_per_second,80,1770460533.0133467,1.9630000591278076,scalar
events.out.tfevents.1770456721.15f3a867024b.5912.0,eval/samples_per_second,90,1770461007.9488938,1.9539999961853027,scalar
events.out.tfevents.1770456721.15f3a867024b.5912.0,eval/samples_per_second,100,1770461482.827277,1.9559999704360962,scalar
events.out.tfevents.1770456721.15f3a867024b.5912.0,eval/samples_per_second,110,1770461967.058395,1.9520000219345093,scalar
events.out.tfevents.1770456721.15f3a867024b.5912.0,eval/samples_per_second,120,1770462456.9484675,1.9559999704360962,scalar
events.out.tfevents.1770456721.15f3a867024b.5912.0,eval/samples_per_second,130,1770462946.5357916,1.9529999494552612,scalar
events.out.tfevents.1770456721.15f3a867024b.5912.0,eval/samples_per_second,140,1770463433.5535896,1.9609999656677246,scalar
events.out.tfevents.1770456721.15f3a867024b.5912.0,eval/samples_per_second,150,1770463937.7872343,1.9500000476837158,scalar
events.out.tfevents.1770456721.15f3a867024b.5912.0,eval/samples_per_second,160,1770464432.7990537,1.9529999494552612,scalar
events.out.tfevents.1770456721.15f3a867024b.5912.0,eval/samples_per_second,170,1770464922.5884566,1.9550000429153442,scalar
events.out.tfevents.1770456721.15f3a867024b.5912.0,eval/samples_per_second,180,1770465416.416174,1.9500000476837158,scalar
events.out.tfevents.1770456721.15f3a867024b.5912.0,eval/samples_per_second,190,1770465910.9095573,1.9570000171661377,scalar
events.out.tfevents.1770456721.15f3a867024b.5912.0,eval/samples_per_second,200,1770466398.6902573,1.9600000381469727,scalar
events.out.tfevents.1770456721.15f3a867024b.5912.0,eval/samples_per_second,210,1770466888.2164047,1.9529999494552612,scalar
events.out.tfevents.1770456721.15f3a867024b.5912.0,eval/samples_per_second,220,1770467377.0841167,1.9550000429153442,scalar
events.out.tfevents.1770456721.15f3a867024b.5912.0,eval/samples_per_second,230,1770467865.710995,1.9579999446868896,scalar
events.out.tfevents.1770456721.15f3a867024b.5912.0,eval/samples_per_second,240,1770468355.015959,1.9559999704360962,scalar
events.out.tfevents.1770456721.15f3a867024b.5912.0,eval/samples_per_second,250,1770468841.4726207,1.9520000219345093,scalar
events.out.tfevents.1770456721.15f3a867024b.5912.0,eval/samples_per_second,260,1770469332.5086513,1.9500000476837158,scalar
events.out.tfevents.1770456721.15f3a867024b.5912.0,eval/samples_per_second,270,1770469821.3904746,1.9490000009536743,scalar
events.out.tfevents.1770456721.15f3a867024b.5912.0,eval/samples_per_second,280,1770470310.950299,1.9500000476837158,scalar
events.out.tfevents.1770456721.15f3a867024b.5912.0,eval/samples_per_second,290,1770470808.4541295,1.9529999494552612,scalar
events.out.tfevents.1770456721.15f3a867024b.5912.0,eval/samples_per_second,300,1770471283.7971804,1.9539999961853027,scalar
events.out.tfevents.1770456721.15f3a867024b.5912.0,eval/samples_per_second,310,1770471759.426577,1.9520000219345093,scalar
events.out.tfevents.1770456721.15f3a867024b.5912.0,eval/samples_per_second,320,1770472233.9483407,1.9529999494552612,scalar
events.out.tfevents.1770456721.15f3a867024b.5912.0,eval/samples_per_second,330,1770472710.8450081,1.9450000524520874,scalar
events.out.tfevents.1770456721.15f3a867024b.5912.0,eval/samples_per_second,340,1770473186.9695988,1.9450000524520874,scalar
events.out.tfevents.1770456721.15f3a867024b.5912.0,eval/samples_per_second,350,1770473666.9770145,1.9320000410079956,scalar
events.out.tfevents.1770456721.15f3a867024b.5912.0,eval/samples_per_second,360,1770474150.0303876,1.9229999780654907,scalar
events.out.tfevents.1770456721.15f3a867024b.5912.0,eval/samples_per_second,370,1770474630.604701,1.9550000429153442,scalar
events.out.tfevents.1770456721.15f3a867024b.5912.0,eval/samples_per_second,380,1770475105.419538,1.9509999752044678,scalar
events.out.tfevents.1770456721.15f3a867024b.5912.0,eval/samples_per_second,390,1770475580.7981768,1.9470000267028809,scalar
events.out.tfevents.1770456721.15f3a867024b.5912.0,eval/samples_per_second,400,1770476054.7724884,1.9479999542236328,scalar
events.out.tfevents.1770456721.15f3a867024b.5912.0,eval/samples_per_second,410,1770476530.910243,1.9500000476837158,scalar
events.out.tfevents.1770456721.15f3a867024b.5912.0,eval/samples_per_second,420,1770477004.6314692,1.9429999589920044,scalar
events.out.tfevents.1770456721.15f3a867024b.5912.0,eval/steps_per_second,10,1770457205.2186441,1.9550000429153442,scalar
events.out.tfevents.1770456721.15f3a867024b.5912.0,eval/steps_per_second,20,1770457679.8049572,1.9579999446868896,scalar
events.out.tfevents.1770456721.15f3a867024b.5912.0,eval/steps_per_second,30,1770458155.1161103,1.9600000381469727,scalar
events.out.tfevents.1770456721.15f3a867024b.5912.0,eval/steps_per_second,40,1770458634.2263582,1.9500000476837158,scalar
events.out.tfevents.1770456721.15f3a867024b.5912.0,eval/steps_per_second,50,1770459108.5741088,1.9570000171661377,scalar
events.out.tfevents.1770456721.15f3a867024b.5912.0,eval/steps_per_second,60,1770459583.7775776,1.9550000429153442,scalar
events.out.tfevents.1770456721.15f3a867024b.5912.0,eval/steps_per_second,70,1770460059.428795,1.9559999704360962,scalar
events.out.tfevents.1770456721.15f3a867024b.5912.0,eval/steps_per_second,80,1770460533.0133607,1.9630000591278076,scalar
events.out.tfevents.1770456721.15f3a867024b.5912.0,eval/steps_per_second,90,1770461007.9489079,1.9539999961853027,scalar
events.out.tfevents.1770456721.15f3a867024b.5912.0,eval/steps_per_second,100,1770461482.8272917,1.9559999704360962,scalar
events.out.tfevents.1770456721.15f3a867024b.5912.0,eval/steps_per_second,110,1770461967.0584085,1.9520000219345093,scalar
events.out.tfevents.1770456721.15f3a867024b.5912.0,eval/steps_per_second,120,1770462456.9484818,1.9559999704360962,scalar
events.out.tfevents.1770456721.15f3a867024b.5912.0,eval/steps_per_second,130,1770462946.5358057,1.9529999494552612,scalar
events.out.tfevents.1770456721.15f3a867024b.5912.0,eval/steps_per_second,140,1770463433.5536036,1.9609999656677246,scalar
events.out.tfevents.1770456721.15f3a867024b.5912.0,eval/steps_per_second,150,1770463937.7872558,1.9500000476837158,scalar
events.out.tfevents.1770456721.15f3a867024b.5912.0,eval/steps_per_second,160,1770464432.7990675,1.9529999494552612,scalar
events.out.tfevents.1770456721.15f3a867024b.5912.0,eval/steps_per_second,170,1770464922.5884714,1.9550000429153442,scalar
events.out.tfevents.1770456721.15f3a867024b.5912.0,eval/steps_per_second,180,1770465416.4161942,1.9500000476837158,scalar
events.out.tfevents.1770456721.15f3a867024b.5912.0,eval/steps_per_second,190,1770465910.9095778,1.9570000171661377,scalar
events.out.tfevents.1770456721.15f3a867024b.5912.0,eval/steps_per_second,200,1770466398.69027,1.9600000381469727,scalar
events.out.tfevents.1770456721.15f3a867024b.5912.0,eval/steps_per_second,210,1770466888.216418,1.9529999494552612,scalar
events.out.tfevents.1770456721.15f3a867024b.5912.0,eval/steps_per_second,220,1770467377.0841298,1.9550000429153442,scalar
events.out.tfevents.1770456721.15f3a867024b.5912.0,eval/steps_per_second,230,1770467865.71101,1.9579999446868896,scalar
events.out.tfevents.1770456721.15f3a867024b.5912.0,eval/steps_per_second,240,1770468355.015973,1.9559999704360962,scalar
events.out.tfevents.1770456721.15f3a867024b.5912.0,eval/steps_per_second,250,1770468841.4726338,1.9520000219345093,scalar
events.out.tfevents.1770456721.15f3a867024b.5912.0,eval/steps_per_second,260,1770469332.5086653,1.9500000476837158,scalar
events.out.tfevents.1770456721.15f3a867024b.5912.0,eval/steps_per_second,270,1770469821.390488,1.9490000009536743,scalar
events.out.tfevents.1770456721.15f3a867024b.5912.0,eval/steps_per_second,280,1770470310.9503126,1.9500000476837158,scalar
events.out.tfevents.1770456721.15f3a867024b.5912.0,eval/steps_per_second,290,1770470808.4541566,1.9529999494552612,scalar
events.out.tfevents.1770456721.15f3a867024b.5912.0,eval/steps_per_second,300,1770471283.7971945,1.9539999961853027,scalar
events.out.tfevents.1770456721.15f3a867024b.5912.0,eval/steps_per_second,310,1770471759.4265912,1.9520000219345093,scalar
events.out.tfevents.1770456721.15f3a867024b.5912.0,eval/steps_per_second,320,1770472233.9483542,1.9529999494552612,scalar
events.out.tfevents.1770456721.15f3a867024b.5912.0,eval/steps_per_second,330,1770472710.845022,1.9450000524520874,scalar
events.out.tfevents.1770456721.15f3a867024b.5912.0,eval/steps_per_second,340,1770473186.9696188,1.9450000524520874,scalar
events.out.tfevents.1770456721.15f3a867024b.5912.0,eval/steps_per_second,350,1770473666.9770288,1.9320000410079956,scalar
events.out.tfevents.1770456721.15f3a867024b.5912.0,eval/steps_per_second,360,1770474150.030402,1.9229999780654907,scalar
events.out.tfevents.1770456721.15f3a867024b.5912.0,eval/steps_per_second,370,1770474630.604715,1.9550000429153442,scalar
events.out.tfevents.1770456721.15f3a867024b.5912.0,eval/steps_per_second,380,1770475105.4195526,1.9509999752044678,scalar
events.out.tfevents.1770456721.15f3a867024b.5912.0,eval/steps_per_second,390,1770475580.7981956,1.9470000267028809,scalar
events.out.tfevents.1770456721.15f3a867024b.5912.0,eval/steps_per_second,400,1770476054.7725022,1.9479999542236328,scalar
events.out.tfevents.1770456721.15f3a867024b.5912.0,eval/steps_per_second,410,1770476530.91026,1.9500000476837158,scalar
events.out.tfevents.1770456721.15f3a867024b.5912.0,eval/steps_per_second,420,1770477004.6314833,1.9429999589920044,scalar
events.out.tfevents.1770456721.15f3a867024b.5912.0,eval/entropy,10,1770457205.2186568,1.5654785633087158,scalar
events.out.tfevents.1770456721.15f3a867024b.5912.0,eval/entropy,20,1770457679.8049695,0.7310138940811157,scalar
events.out.tfevents.1770456721.15f3a867024b.5912.0,eval/entropy,30,1770458155.116123,0.19750182330608368,scalar
events.out.tfevents.1770456721.15f3a867024b.5912.0,eval/entropy,40,1770458634.2263706,0.17598022520542145,scalar
events.out.tfevents.1770456721.15f3a867024b.5912.0,eval/entropy,50,1770459108.5741215,0.17397010326385498,scalar
events.out.tfevents.1770456721.15f3a867024b.5912.0,eval/entropy,60,1770459583.7775905,0.16704785823822021,scalar
events.out.tfevents.1770456721.15f3a867024b.5912.0,eval/entropy,70,1770460059.4288073,0.16382424533367157,scalar
events.out.tfevents.1770456721.15f3a867024b.5912.0,eval/entropy,80,1770460533.0133762,0.16961970925331116,scalar
events.out.tfevents.1770456721.15f3a867024b.5912.0,eval/entropy,90,1770461007.9489207,0.1701161414384842,scalar
events.out.tfevents.1770456721.15f3a867024b.5912.0,eval/entropy,100,1770461482.8273044,0.17172344028949738,scalar
events.out.tfevents.1770456721.15f3a867024b.5912.0,eval/entropy,110,1770461967.0584204,0.16793565452098846,scalar
events.out.tfevents.1770456721.15f3a867024b.5912.0,eval/entropy,120,1770462456.9484947,0.16667740046977997,scalar
events.out.tfevents.1770456721.15f3a867024b.5912.0,eval/entropy,130,1770462946.5358186,0.16170161962509155,scalar
events.out.tfevents.1770456721.15f3a867024b.5912.0,eval/entropy,140,1770463433.5536156,0.16504386067390442,scalar
events.out.tfevents.1770456721.15f3a867024b.5912.0,eval/entropy,150,1770463937.7872765,0.16764742136001587,scalar
events.out.tfevents.1770456721.15f3a867024b.5912.0,eval/entropy,160,1770464432.7990797,0.16098879277706146,scalar
events.out.tfevents.1770456721.15f3a867024b.5912.0,eval/entropy,170,1770464922.5884843,0.1647006869316101,scalar
events.out.tfevents.1770456721.15f3a867024b.5912.0,eval/entropy,180,1770465416.416208,0.16769857704639435,scalar
events.out.tfevents.1770456721.15f3a867024b.5912.0,eval/entropy,190,1770465910.9095988,0.15849058330059052,scalar
events.out.tfevents.1770456721.15f3a867024b.5912.0,eval/entropy,200,1770466398.6902816,0.15934357047080994,scalar
events.out.tfevents.1770456721.15f3a867024b.5912.0,eval/entropy,210,1770466888.2164307,0.15993545949459076,scalar
events.out.tfevents.1770456721.15f3a867024b.5912.0,eval/entropy,220,1770467377.0841553,0.15979865193367004,scalar
events.out.tfevents.1770456721.15f3a867024b.5912.0,eval/entropy,230,1770467865.7110252,0.15888410806655884,scalar
events.out.tfevents.1770456721.15f3a867024b.5912.0,eval/entropy,240,1770468355.0159857,0.16079963743686676,scalar
events.out.tfevents.1770456721.15f3a867024b.5912.0,eval/entropy,250,1770468841.4726462,0.16113218665122986,scalar
events.out.tfevents.1770456721.15f3a867024b.5912.0,eval/entropy,260,1770469332.508678,0.16020551323890686,scalar
events.out.tfevents.1770456721.15f3a867024b.5912.0,eval/entropy,270,1770469821.3904996,0.15827269852161407,scalar
events.out.tfevents.1770456721.15f3a867024b.5912.0,eval/entropy,280,1770470310.9503253,0.15771010518074036,scalar
events.out.tfevents.1770456721.15f3a867024b.5912.0,eval/entropy,290,1770470808.4541707,0.15955308079719543,scalar
events.out.tfevents.1770456721.15f3a867024b.5912.0,eval/entropy,300,1770471283.797207,0.1592501550912857,scalar
events.out.tfevents.1770456721.15f3a867024b.5912.0,eval/entropy,310,1770471759.4266036,0.15974321961402893,scalar
events.out.tfevents.1770456721.15f3a867024b.5912.0,eval/entropy,320,1770472233.948367,0.1574060320854187,scalar
events.out.tfevents.1770456721.15f3a867024b.5912.0,eval/entropy,330,1770472710.8450346,0.15539035201072693,scalar
events.out.tfevents.1770456721.15f3a867024b.5912.0,eval/entropy,340,1770473186.9696372,0.1572742760181427,scalar
events.out.tfevents.1770456721.15f3a867024b.5912.0,eval/entropy,350,1770473666.9770415,0.1517908126115799,scalar
events.out.tfevents.1770456721.15f3a867024b.5912.0,eval/entropy,360,1770474150.0304153,0.1536581814289093,scalar
events.out.tfevents.1770456721.15f3a867024b.5912.0,eval/entropy,370,1770474630.604727,0.15665343403816223,scalar
events.out.tfevents.1770456721.15f3a867024b.5912.0,eval/entropy,380,1770475105.4195657,0.15289181470870972,scalar
events.out.tfevents.1770456721.15f3a867024b.5912.0,eval/entropy,390,1770475580.7982147,0.1558227688074112,scalar
events.out.tfevents.1770456721.15f3a867024b.5912.0,eval/entropy,400,1770476054.7725146,0.1548587828874588,scalar
events.out.tfevents.1770456721.15f3a867024b.5912.0,eval/entropy,410,1770476530.9102728,0.15424776077270508,scalar
events.out.tfevents.1770456721.15f3a867024b.5912.0,eval/entropy,420,1770477004.6315033,0.1541682481765747,scalar
events.out.tfevents.1770456721.15f3a867024b.5912.0,eval/num_tokens,10,1770457205.2186685,311793.0,scalar
events.out.tfevents.1770456721.15f3a867024b.5912.0,eval/num_tokens,20,1770457679.8049817,623770.0,scalar
events.out.tfevents.1770456721.15f3a867024b.5912.0,eval/num_tokens,30,1770458155.116135,934465.0,scalar
events.out.tfevents.1770456721.15f3a867024b.5912.0,eval/num_tokens,40,1770458634.2263823,1247703.0,scalar
events.out.tfevents.1770456721.15f3a867024b.5912.0,eval/num_tokens,50,1770459108.5741334,1559260.0,scalar
events.out.tfevents.1770456721.15f3a867024b.5912.0,eval/num_tokens,60,1770459583.7776027,1870951.0,scalar
events.out.tfevents.1770456721.15f3a867024b.5912.0,eval/num_tokens,70,1770460059.4288187,2183349.0,scalar
events.out.tfevents.1770456721.15f3a867024b.5912.0,eval/num_tokens,80,1770460533.0133886,2494485.0,scalar
events.out.tfevents.1770456721.15f3a867024b.5912.0,eval/num_tokens,90,1770461007.9489331,2806264.0,scalar
events.out.tfevents.1770456721.15f3a867024b.5912.0,eval/num_tokens,100,1770461482.8273163,3119079.0,scalar
events.out.tfevents.1770456721.15f3a867024b.5912.0,eval/num_tokens,110,1770461967.0584323,3432525.0,scalar
events.out.tfevents.1770456721.15f3a867024b.5912.0,eval/num_tokens,120,1770462456.9485066,3744923.0,scalar
events.out.tfevents.1770456721.15f3a867024b.5912.0,eval/num_tokens,130,1770462946.5358303,4056901.0,scalar
events.out.tfevents.1770456721.15f3a867024b.5912.0,eval/num_tokens,140,1770463433.5536273,4368682.0,scalar
events.out.tfevents.1770456721.15f3a867024b.5912.0,eval/num_tokens,150,1770463937.7872965,4669000.0,scalar
events.out.tfevents.1770456721.15f3a867024b.5912.0,eval/num_tokens,160,1770464432.7990913,4980945.0,scalar
events.out.tfevents.1770456721.15f3a867024b.5912.0,eval/num_tokens,170,1770464922.5884967,5293160.0,scalar
events.out.tfevents.1770456721.15f3a867024b.5912.0,eval/num_tokens,180,1770465416.4162197,5607701.0,scalar
events.out.tfevents.1770456721.15f3a867024b.5912.0,eval/num_tokens,190,1770465910.9096167,5922432.0,scalar
events.out.tfevents.1770456721.15f3a867024b.5912.0,eval/num_tokens,200,1770466398.6902928,6233146.0,scalar
events.out.tfevents.1770456721.15f3a867024b.5912.0,eval/num_tokens,210,1770466888.216442,6544703.0,scalar
events.out.tfevents.1770456721.15f3a867024b.5912.0,eval/num_tokens,220,1770467377.084169,6856252.0,scalar
events.out.tfevents.1770456721.15f3a867024b.5912.0,eval/num_tokens,230,1770467865.7110376,7166958.0,scalar
events.out.tfevents.1770456721.15f3a867024b.5912.0,eval/num_tokens,240,1770468355.0159976,7478097.0,scalar
events.out.tfevents.1770456721.15f3a867024b.5912.0,eval/num_tokens,250,1770468841.4726574,7790074.0,scalar
events.out.tfevents.1770456721.15f3a867024b.5912.0,eval/num_tokens,260,1770469332.5086892,8102709.0,scalar
events.out.tfevents.1770456721.15f3a867024b.5912.0,eval/num_tokens,270,1770469821.3905108,8413414.0,scalar
events.out.tfevents.1770456721.15f3a867024b.5912.0,eval/num_tokens,280,1770470310.9503362,8725292.0,scalar
events.out.tfevents.1770456721.15f3a867024b.5912.0,eval/num_tokens,290,1770470808.4541829,9026039.0,scalar
events.out.tfevents.1770456721.15f3a867024b.5912.0,eval/num_tokens,300,1770471283.7972186,9338439.0,scalar
events.out.tfevents.1770456721.15f3a867024b.5912.0,eval/num_tokens,310,1770471759.4266152,9651253.0,scalar
events.out.tfevents.1770456721.15f3a867024b.5912.0,eval/num_tokens,320,1770472233.9483786,9962801.0,scalar
events.out.tfevents.1770456721.15f3a867024b.5912.0,eval/num_tokens,330,1770472710.845046,10274491.0,scalar
events.out.tfevents.1770456721.15f3a867024b.5912.0,eval/num_tokens,340,1770473186.9696543,10586042.0,scalar
events.out.tfevents.1770456721.15f3a867024b.5912.0,eval/num_tokens,350,1770473666.9770536,10898660.0,scalar
events.out.tfevents.1770456721.15f3a867024b.5912.0,eval/num_tokens,360,1770474150.030427,11211057.0,scalar
events.out.tfevents.1770456721.15f3a867024b.5912.0,eval/num_tokens,370,1770474630.604738,11523870.0,scalar
events.out.tfevents.1770456721.15f3a867024b.5912.0,eval/num_tokens,380,1770475105.4195778,11835663.0,scalar
events.out.tfevents.1770456721.15f3a867024b.5912.0,eval/num_tokens,390,1770475580.7982266,12147870.0,scalar
events.out.tfevents.1770456721.15f3a867024b.5912.0,eval/num_tokens,400,1770476054.7725265,12458585.0,scalar
events.out.tfevents.1770456721.15f3a867024b.5912.0,eval/num_tokens,410,1770476530.9102848,12771619.0,scalar
events.out.tfevents.1770456721.15f3a867024b.5912.0,eval/num_tokens,420,1770477004.6315155,13082744.0,scalar
events.out.tfevents.1770456721.15f3a867024b.5912.0,eval/mean_token_accuracy,10,1770457205.2186804,0.8614193201065063,scalar
events.out.tfevents.1770456721.15f3a867024b.5912.0,eval/mean_token_accuracy,20,1770457679.8049936,0.9032551646232605,scalar
events.out.tfevents.1770456721.15f3a867024b.5912.0,eval/mean_token_accuracy,30,1770458155.11616,0.9073918461799622,scalar
events.out.tfevents.1770456721.15f3a867024b.5912.0,eval/mean_token_accuracy,40,1770458634.2263937,0.9082465767860413,scalar
events.out.tfevents.1770456721.15f3a867024b.5912.0,eval/mean_token_accuracy,50,1770459108.5741575,0.9104698896408081,scalar
events.out.tfevents.1770456721.15f3a867024b.5912.0,eval/mean_token_accuracy,60,1770459583.7776146,0.9121800065040588,scalar
events.out.tfevents.1770456721.15f3a867024b.5912.0,eval/mean_token_accuracy,70,1770460059.4288297,0.9129548072814941,scalar
events.out.tfevents.1770456721.15f3a867024b.5912.0,eval/mean_token_accuracy,80,1770460533.0134,0.9143607020378113,scalar
events.out.tfevents.1770456721.15f3a867024b.5912.0,eval/mean_token_accuracy,90,1770461007.9489448,0.9142835736274719,scalar
events.out.tfevents.1770456721.15f3a867024b.5912.0,eval/mean_token_accuracy,100,1770461482.8273284,0.9154422283172607,scalar
events.out.tfevents.1770456721.15f3a867024b.5912.0,eval/mean_token_accuracy,110,1770461967.0584435,0.9156928062438965,scalar
events.out.tfevents.1770456721.15f3a867024b.5912.0,eval/mean_token_accuracy,120,1770462456.9485188,0.9156093597412109,scalar
events.out.tfevents.1770456721.15f3a867024b.5912.0,eval/mean_token_accuracy,130,1770462946.5358412,0.9149735569953918,scalar
events.out.tfevents.1770456721.15f3a867024b.5912.0,eval/mean_token_accuracy,140,1770463433.5536385,0.9151730537414551,scalar
events.out.tfevents.1770456721.15f3a867024b.5912.0,eval/mean_token_accuracy,150,1770463937.7873151,0.916200578212738,scalar
events.out.tfevents.1770456721.15f3a867024b.5912.0,eval/mean_token_accuracy,160,1770464432.7991028,0.9174743890762329,scalar
events.out.tfevents.1770456721.15f3a867024b.5912.0,eval/mean_token_accuracy,170,1770464922.588508,0.9174144268035889,scalar
events.out.tfevents.1770456721.15f3a867024b.5912.0,eval/mean_token_accuracy,180,1770465416.4162307,0.9175441861152649,scalar
events.out.tfevents.1770456721.15f3a867024b.5912.0,eval/mean_token_accuracy,190,1770465910.9096334,0.9185666441917419,scalar
events.out.tfevents.1770456721.15f3a867024b.5912.0,eval/mean_token_accuracy,200,1770466398.690304,0.9178435206413269,scalar
events.out.tfevents.1770456721.15f3a867024b.5912.0,eval/mean_token_accuracy,210,1770466888.2164536,0.9187690615653992,scalar
events.out.tfevents.1770456721.15f3a867024b.5912.0,eval/mean_token_accuracy,220,1770467377.08418,0.9179443717002869,scalar
events.out.tfevents.1770456721.15f3a867024b.5912.0,eval/mean_token_accuracy,230,1770467865.71105,0.9183026552200317,scalar
events.out.tfevents.1770456721.15f3a867024b.5912.0,eval/mean_token_accuracy,240,1770468355.0160089,0.9179825186729431,scalar
events.out.tfevents.1770456721.15f3a867024b.5912.0,eval/mean_token_accuracy,250,1770468841.4726691,0.9189749956130981,scalar
events.out.tfevents.1770456721.15f3a867024b.5912.0,eval/mean_token_accuracy,260,1770469332.5087004,0.9187297821044922,scalar
events.out.tfevents.1770456721.15f3a867024b.5912.0,eval/mean_token_accuracy,270,1770469821.3905215,0.9192553758621216,scalar
events.out.tfevents.1770456721.15f3a867024b.5912.0,eval/mean_token_accuracy,280,1770470310.9503477,0.9186100363731384,scalar
events.out.tfevents.1770456721.15f3a867024b.5912.0,eval/mean_token_accuracy,290,1770470808.4541945,0.9187255501747131,scalar
events.out.tfevents.1770456721.15f3a867024b.5912.0,eval/mean_token_accuracy,300,1770471283.7972298,0.9198309183120728,scalar
events.out.tfevents.1770456721.15f3a867024b.5912.0,eval/mean_token_accuracy,310,1770471759.4266264,0.9191712737083435,scalar
events.out.tfevents.1770456721.15f3a867024b.5912.0,eval/mean_token_accuracy,320,1770472233.9483893,0.919318675994873,scalar
events.out.tfevents.1770456721.15f3a867024b.5912.0,eval/mean_token_accuracy,330,1770472710.8450575,0.919659435749054,scalar
events.out.tfevents.1770456721.15f3a867024b.5912.0,eval/mean_token_accuracy,340,1770473186.9696715,0.9200273752212524,scalar
events.out.tfevents.1770456721.15f3a867024b.5912.0,eval/mean_token_accuracy,350,1770473666.9770658,0.9192240238189697,scalar
events.out.tfevents.1770456721.15f3a867024b.5912.0,eval/mean_token_accuracy,360,1770474150.0304382,0.9206132292747498,scalar
events.out.tfevents.1770456721.15f3a867024b.5912.0,eval/mean_token_accuracy,370,1770474630.604749,0.9208687543869019,scalar
events.out.tfevents.1770456721.15f3a867024b.5912.0,eval/mean_token_accuracy,380,1770475105.41959,0.9209147691726685,scalar
events.out.tfevents.1770456721.15f3a867024b.5912.0,eval/mean_token_accuracy,390,1770475580.798238,0.9205852746963501,scalar
events.out.tfevents.1770456721.15f3a867024b.5912.0,eval/mean_token_accuracy,400,1770476054.7725382,0.9208967685699463,scalar
events.out.tfevents.1770456721.15f3a867024b.5912.0,eval/mean_token_accuracy,410,1770476530.9102967,0.9212127327919006,scalar
events.out.tfevents.1770456721.15f3a867024b.5912.0,eval/mean_token_accuracy,420,1770477004.6315267,0.921128511428833,scalar
events.out.tfevents.1770456721.15f3a867024b.5912.0,train/train_runtime,423,1770477153.549573,20432.16796875,scalar
events.out.tfevents.1770456721.15f3a867024b.5912.0,train/train_samples_per_second,423,1770477153.549624,0.6610000133514404,scalar
events.out.tfevents.1770456721.15f3a867024b.5912.0,train/train_steps_per_second,423,1770477153.54964,0.020999999716877937,scalar
events.out.tfevents.1770456721.15f3a867024b.5912.0,train/total_flos,423,1770477153.5496535,3.4377426761311846e+17,scalar
events.out.tfevents.1770456721.15f3a867024b.5912.0,train/train_loss,423,1770477153.5496664,0.22480525076389313,scalar
events.out.tfevents.1771930286.938c31f14087.16817.0,train/loss,5,1771930517.6316938,1.5950803756713867,scalar
events.out.tfevents.1771930286.938c31f14087.16817.0,train/loss,10,1771930743.9556518,1.5777537822723389,scalar
events.out.tfevents.1771930286.938c31f14087.16817.0,train/loss,15,1771930993.2206602,1.5350035429000854,scalar
events.out.tfevents.1771930286.938c31f14087.16817.0,train/loss,20,1771931210.3556476,1.4834232330322266,scalar
events.out.tfevents.1771930286.938c31f14087.16817.0,train/loss,25,1771931452.3286989,1.4278091192245483,scalar
events.out.tfevents.1771930286.938c31f14087.16817.0,train/loss,30,1771931669.2462394,1.3682321310043335,scalar
events.out.tfevents.1771930286.938c31f14087.16817.0,train/loss,35,1771931913.4171176,1.3168903589248657,scalar
events.out.tfevents.1771930286.938c31f14087.16817.0,train/loss,40,1771932131.4418967,1.2663156986236572,scalar
events.out.tfevents.1771930286.938c31f14087.16817.0,train/loss,45,1771932375.3926826,1.2212646007537842,scalar
events.out.tfevents.1771930286.938c31f14087.16817.0,train/loss,50,1771932593.1177924,1.1731724739074707,scalar
events.out.tfevents.1771930286.938c31f14087.16817.0,train/loss,55,1771932876.401038,1.1308010816574097,scalar
events.out.tfevents.1771930286.938c31f14087.16817.0,train/loss,60,1771933093.761012,1.0867840051651,scalar
events.out.tfevents.1771930286.938c31f14087.16817.0,train/loss,65,1771933338.3172364,1.0480363368988037,scalar
events.out.tfevents.1771930286.938c31f14087.16817.0,train/loss,70,1771933556.8295867,1.008711814880371,scalar
events.out.tfevents.1771930286.938c31f14087.16817.0,train/loss,75,1771933801.4088125,0.9713011980056763,scalar
events.out.tfevents.1771930286.938c31f14087.16817.0,train/loss,80,1771934018.562731,0.9351969957351685,scalar
events.out.tfevents.1771930286.938c31f14087.16817.0,train/loss,85,1771934262.8321636,0.9071065783500671,scalar
events.out.tfevents.1771930286.938c31f14087.16817.0,train/loss,90,1771934480.26944,0.8769515752792358,scalar
events.out.tfevents.1771930286.938c31f14087.16817.0,train/loss,95,1771934724.474043,0.8552279472351074,scalar
events.out.tfevents.1771930286.938c31f14087.16817.0,train/loss,100,1771934941.2126534,0.831628680229187,scalar
events.out.tfevents.1771930286.938c31f14087.16817.0,train/loss,105,1771935222.0180225,0.8127538561820984,scalar
events.out.tfevents.1771930286.938c31f14087.16817.0,train/loss,110,1771935440.2541795,0.7978058457374573,scalar
events.out.tfevents.1771930286.938c31f14087.16817.0,train/loss,115,1771935684.1425912,0.78249591588974,scalar
events.out.tfevents.1771930286.938c31f14087.16817.0,train/loss,120,1771935902.3900137,0.7695040106773376,scalar
events.out.tfevents.1771930286.938c31f14087.16817.0,train/loss,125,1771936147.162789,0.7595713138580322,scalar
events.out.tfevents.1771930286.938c31f14087.16817.0,train/loss,130,1771936366.0396185,0.7546499371528625,scalar
events.out.tfevents.1771930286.938c31f14087.16817.0,train/loss,135,1771936610.556646,0.7505250573158264,scalar
events.out.tfevents.1771930286.938c31f14087.16817.0,train/loss,140,1771936827.9491036,0.7457141876220703,scalar
events.out.tfevents.1771930286.938c31f14087.16817.0,train/loss,145,1771937072.3712635,0.7444568276405334,scalar
events.out.tfevents.1771930286.938c31f14087.16817.0,train/loss,150,1771937289.7175057,0.7444119453430176,scalar
events.out.tfevents.1771930286.938c31f14087.16817.0,train/grad_norm,5,1771930517.6317418,0.234375,scalar
events.out.tfevents.1771930286.938c31f14087.16817.0,train/grad_norm,10,1771930743.955695,0.23046875,scalar
events.out.tfevents.1771930286.938c31f14087.16817.0,train/grad_norm,15,1771930993.2207122,0.228515625,scalar
events.out.tfevents.1771930286.938c31f14087.16817.0,train/grad_norm,20,1771931210.3556902,0.22265625,scalar
events.out.tfevents.1771930286.938c31f14087.16817.0,train/grad_norm,25,1771931452.3287408,0.2177734375,scalar
events.out.tfevents.1771930286.938c31f14087.16817.0,train/grad_norm,30,1771931669.246294,0.2119140625,scalar
events.out.tfevents.1771930286.938c31f14087.16817.0,train/grad_norm,35,1771931913.4171603,0.203125,scalar
events.out.tfevents.1771930286.938c31f14087.16817.0,train/grad_norm,40,1771932131.441942,0.2001953125,scalar
events.out.tfevents.1771930286.938c31f14087.16817.0,train/grad_norm,45,1771932375.3927305,0.197265625,scalar
events.out.tfevents.1771930286.938c31f14087.16817.0,train/grad_norm,50,1771932593.1178353,0.205078125,scalar
events.out.tfevents.1771930286.938c31f14087.16817.0,train/grad_norm,55,1771932876.40108,0.1962890625,scalar
events.out.tfevents.1771930286.938c31f14087.16817.0,train/grad_norm,60,1771933093.7610538,0.2255859375,scalar
events.out.tfevents.1771930286.938c31f14087.16817.0,train/grad_norm,65,1771933338.3172832,0.205078125,scalar
events.out.tfevents.1771930286.938c31f14087.16817.0,train/grad_norm,70,1771933556.8296297,0.1962890625,scalar
events.out.tfevents.1771930286.938c31f14087.16817.0,train/grad_norm,75,1771933801.4088616,0.2158203125,scalar
events.out.tfevents.1771930286.938c31f14087.16817.0,train/grad_norm,80,1771934018.562776,0.2021484375,scalar
events.out.tfevents.1771930286.938c31f14087.16817.0,train/grad_norm,85,1771934262.832206,0.1953125,scalar
events.out.tfevents.1771930286.938c31f14087.16817.0,train/grad_norm,90,1771934480.269482,0.2255859375,scalar
events.out.tfevents.1771930286.938c31f14087.16817.0,train/grad_norm,95,1771934724.4740853,0.1845703125,scalar
events.out.tfevents.1771930286.938c31f14087.16817.0,train/grad_norm,100,1771934941.2127035,0.220703125,scalar
events.out.tfevents.1771930286.938c31f14087.16817.0,train/grad_norm,105,1771935222.0180688,0.1689453125,scalar
events.out.tfevents.1771930286.938c31f14087.16817.0,train/grad_norm,110,1771935440.2542272,0.1865234375,scalar
events.out.tfevents.1771930286.938c31f14087.16817.0,train/grad_norm,115,1771935684.142635,0.173828125,scalar
events.out.tfevents.1771930286.938c31f14087.16817.0,train/grad_norm,120,1771935902.3900635,0.2138671875,scalar
events.out.tfevents.1771930286.938c31f14087.16817.0,train/grad_norm,125,1771936147.162834,0.1787109375,scalar
events.out.tfevents.1771930286.938c31f14087.16817.0,train/grad_norm,130,1771936366.0396628,0.2197265625,scalar
events.out.tfevents.1771930286.938c31f14087.16817.0,train/grad_norm,135,1771936610.55669,0.1767578125,scalar
events.out.tfevents.1771930286.938c31f14087.16817.0,train/grad_norm,140,1771936827.9491525,0.18359375,scalar
events.out.tfevents.1771930286.938c31f14087.16817.0,train/grad_norm,145,1771937072.371309,0.224609375,scalar
events.out.tfevents.1771930286.938c31f14087.16817.0,train/grad_norm,150,1771937289.7175574,0.1943359375,scalar
events.out.tfevents.1771930286.938c31f14087.16817.0,train/learning_rate,5,1771930517.6317604,7.999999979801942e-06,scalar
events.out.tfevents.1771930286.938c31f14087.16817.0,train/learning_rate,10,1771930743.955711,9.7241381808999e-06,scalar
events.out.tfevents.1771930286.938c31f14087.16817.0,train/learning_rate,15,1771930993.2207384,9.379310540680308e-06,scalar
events.out.tfevents.1771930286.938c31f14087.16817.0,train/learning_rate,20,1771931210.3557062,9.034482900460716e-06,scalar
events.out.tfevents.1771930286.938c31f14087.16817.0,train/learning_rate,25,1771931452.3287559,8.689655260241125e-06,scalar
events.out.tfevents.1771930286.938c31f14087.16817.0,train/learning_rate,30,1771931669.2463193,8.344827620021533e-06,scalar
events.out.tfevents.1771930286.938c31f14087.16817.0,train/learning_rate,35,1771931913.417176,7.999999979801942e-06,scalar
events.out.tfevents.1771930286.938c31f14087.16817.0,train/learning_rate,40,1771932131.4419742,7.65517233958235e-06,scalar
events.out.tfevents.1771930286.938c31f14087.16817.0,train/learning_rate,45,1771932375.3927462,7.3103446993627585e-06,scalar
events.out.tfevents.1771930286.938c31f14087.16817.0,train/learning_rate,50,1771932593.1178515,6.965517059143167e-06,scalar
events.out.tfevents.1771930286.938c31f14087.16817.0,train/learning_rate,55,1771932876.4010959,6.620689873670926e-06,scalar
events.out.tfevents.1771930286.938c31f14087.16817.0,train/learning_rate,60,1771933093.7610695,6.275862233451335e-06,scalar
events.out.tfevents.1771930286.938c31f14087.16817.0,train/learning_rate,65,1771933338.3172994,5.931034593231743e-06,scalar
events.out.tfevents.1771930286.938c31f14087.16817.0,train/learning_rate,70,1771933556.8296459,5.586206953012152e-06,scalar
events.out.tfevents.1771930286.938c31f14087.16817.0,train/learning_rate,75,1771933801.4088857,5.24137931279256e-06,scalar
events.out.tfevents.1771930286.938c31f14087.16817.0,train/learning_rate,80,1771934018.562791,4.8965516725729685e-06,scalar
events.out.tfevents.1771930286.938c31f14087.16817.0,train/learning_rate,85,1771934262.832228,4.551724032353377e-06,scalar
events.out.tfevents.1771930286.938c31f14087.16817.0,train/learning_rate,90,1771934480.2694983,4.206896392133785e-06,scalar
events.out.tfevents.1771930286.938c31f14087.16817.0,train/learning_rate,95,1771934724.4741008,3.862068751914194e-06,scalar
events.out.tfevents.1771930286.938c31f14087.16817.0,train/learning_rate,100,1771934941.212727,3.5172413390682777e-06,scalar
events.out.tfevents.1771930286.938c31f14087.16817.0,train/learning_rate,105,1771935222.018085,3.172413698848686e-06,scalar
events.out.tfevents.1771930286.938c31f14087.16817.0,train/learning_rate,110,1771935440.2542431,2.82758628600277e-06,scalar
events.out.tfevents.1771930286.938c31f14087.16817.0,train/learning_rate,115,1771935684.1426501,2.4827586457831785e-06,scalar
events.out.tfevents.1771930286.938c31f14087.16817.0,train/learning_rate,120,1771935902.390079,2.137931005563587e-06,scalar
events.out.tfevents.1771930286.938c31f14087.16817.0,train/learning_rate,125,1771936147.1628509,1.7931034790308331e-06,scalar
events.out.tfevents.1771930286.938c31f14087.16817.0,train/learning_rate,130,1771936366.0396798,1.4482758388112416e-06,scalar
events.out.tfevents.1771930286.938c31f14087.16817.0,train/learning_rate,135,1771936610.5567067,1.1034483122784877e-06,scalar
events.out.tfevents.1771930286.938c31f14087.16817.0,train/learning_rate,140,1771936827.9491777,7.586206720588962e-07,scalar
events.out.tfevents.1771930286.938c31f14087.16817.0,train/learning_rate,145,1771937072.3713257,4.137931171044329e-07,scalar
events.out.tfevents.1771930286.938c31f14087.16817.0,train/learning_rate,150,1771937289.717582,6.896551951740548e-08,scalar
events.out.tfevents.1771930286.938c31f14087.16817.0,train/entropy,5,1771930517.6317751,1.1670989990234375,scalar
events.out.tfevents.1771930286.938c31f14087.16817.0,train/entropy,10,1771930743.9557238,1.1735984086990356,scalar
events.out.tfevents.1771930286.938c31f14087.16817.0,train/entropy,15,1771930993.2207553,1.1883258819580078,scalar
events.out.tfevents.1771930286.938c31f14087.16817.0,train/entropy,20,1771931210.3557189,1.2160677909851074,scalar
events.out.tfevents.1771930286.938c31f14087.16817.0,train/entropy,25,1771931452.3287687,1.244017481803894,scalar
events.out.tfevents.1771930286.938c31f14087.16817.0,train/entropy,30,1771931669.246339,1.2738169431686401,scalar
events.out.tfevents.1771930286.938c31f14087.16817.0,train/entropy,35,1771931913.417189,1.3007439374923706,scalar
events.out.tfevents.1771930286.938c31f14087.16817.0,train/entropy,40,1771932131.4419944,1.319074273109436,scalar
events.out.tfevents.1771930286.938c31f14087.16817.0,train/entropy,45,1771932375.392759,1.3439371585845947,scalar
events.out.tfevents.1771930286.938c31f14087.16817.0,train/entropy,50,1771932593.1178646,1.3575892448425293,scalar
events.out.tfevents.1771930286.938c31f14087.16817.0,train/entropy,55,1771932876.4011095,1.3680968284606934,scalar
events.out.tfevents.1771930286.938c31f14087.16817.0,train/entropy,60,1771933093.761085,1.375594973564148,scalar
events.out.tfevents.1771930286.938c31f14087.16817.0,train/entropy,65,1771933338.3173134,1.3806811571121216,scalar
events.out.tfevents.1771930286.938c31f14087.16817.0,train/entropy,70,1771933556.82966,1.3821052312850952,scalar
events.out.tfevents.1771930286.938c31f14087.16817.0,train/entropy,75,1771933801.4089053,1.381143569946289,scalar
events.out.tfevents.1771930286.938c31f14087.16817.0,train/entropy,80,1771934018.5628033,1.3743473291397095,scalar
events.out.tfevents.1771930286.938c31f14087.16817.0,train/entropy,85,1771934262.832241,1.3649836778640747,scalar
events.out.tfevents.1771930286.938c31f14087.16817.0,train/entropy,90,1771934480.2695115,1.3627238273620605,scalar
events.out.tfevents.1771930286.938c31f14087.16817.0,train/entropy,95,1771934724.4741132,1.347839117050171,scalar
events.out.tfevents.1771930286.938c31f14087.16817.0,train/entropy,100,1771934941.2127457,1.3473094701766968,scalar
events.out.tfevents.1771930286.938c31f14087.16817.0,train/entropy,105,1771935222.0180986,1.3366645574569702,scalar
events.out.tfevents.1771930286.938c31f14087.16817.0,train/entropy,110,1771935440.254256,1.330095648765564,scalar
events.out.tfevents.1771930286.938c31f14087.16817.0,train/entropy,115,1771935684.142664,1.3222795724868774,scalar
events.out.tfevents.1771930286.938c31f14087.16817.0,train/entropy,120,1771935902.3900921,1.3204694986343384,scalar
events.out.tfevents.1771930286.938c31f14087.16817.0,train/entropy,125,1771936147.1628652,1.3055052757263184,scalar
events.out.tfevents.1771930286.938c31f14087.16817.0,train/entropy,130,1771936366.0396936,1.2986421585083008,scalar
events.out.tfevents.1771930286.938c31f14087.16817.0,train/entropy,135,1771936610.5567198,1.298365831375122,scalar
events.out.tfevents.1771930286.938c31f14087.16817.0,train/entropy,140,1771936827.9491942,1.2901592254638672,scalar
events.out.tfevents.1771930286.938c31f14087.16817.0,train/entropy,145,1771937072.3713388,1.2943941354751587,scalar
events.out.tfevents.1771930286.938c31f14087.16817.0,train/entropy,150,1771937289.717601,1.2890864610671997,scalar
events.out.tfevents.1771930286.938c31f14087.16817.0,train/num_tokens,5,1771930517.6317887,137194.0,scalar
events.out.tfevents.1771930286.938c31f14087.16817.0,train/num_tokens,10,1771930743.9557376,274407.0,scalar
events.out.tfevents.1771930286.938c31f14087.16817.0,train/num_tokens,15,1771930993.2207708,411604.0,scalar
events.out.tfevents.1771930286.938c31f14087.16817.0,train/num_tokens,20,1771931210.3557312,548807.0,scalar
events.out.tfevents.1771930286.938c31f14087.16817.0,train/num_tokens,25,1771931452.3287807,685995.0,scalar
events.out.tfevents.1771930286.938c31f14087.16817.0,train/num_tokens,30,1771931669.2463586,823189.0,scalar
events.out.tfevents.1771930286.938c31f14087.16817.0,train/num_tokens,35,1771931913.4172077,960385.0,scalar
events.out.tfevents.1771930286.938c31f14087.16817.0,train/num_tokens,40,1771932131.442007,1097578.0,scalar
events.out.tfevents.1771930286.938c31f14087.16817.0,train/num_tokens,45,1771932375.3927703,1234789.0,scalar
events.out.tfevents.1771930286.938c31f14087.16817.0,train/num_tokens,50,1771932593.1178765,1371977.0,scalar
events.out.tfevents.1771930286.938c31f14087.16817.0,train/num_tokens,55,1771932876.4011211,1509182.0,scalar
events.out.tfevents.1771930286.938c31f14087.16817.0,train/num_tokens,60,1771933093.7610977,1646375.0,scalar
events.out.tfevents.1771930286.938c31f14087.16817.0,train/num_tokens,65,1771933338.317326,1783574.0,scalar
events.out.tfevents.1771930286.938c31f14087.16817.0,train/num_tokens,70,1771933556.8296719,1920772.0,scalar
events.out.tfevents.1771930286.938c31f14087.16817.0,train/num_tokens,75,1771933801.4089184,2057968.0,scalar
events.out.tfevents.1771930286.938c31f14087.16817.0,train/num_tokens,80,1771934018.5628142,2195159.0,scalar
events.out.tfevents.1771930286.938c31f14087.16817.0,train/num_tokens,85,1771934262.832253,2332362.0,scalar
events.out.tfevents.1771930286.938c31f14087.16817.0,train/num_tokens,90,1771934480.2695231,2469563.0,scalar
events.out.tfevents.1771930286.938c31f14087.16817.0,train/num_tokens,95,1771934724.474124,2606763.0,scalar
events.out.tfevents.1771930286.938c31f14087.16817.0,train/num_tokens,100,1771934941.2127576,2743954.0,scalar
events.out.tfevents.1771930286.938c31f14087.16817.0,train/num_tokens,105,1771935222.0181115,2881142.0,scalar
events.out.tfevents.1771930286.938c31f14087.16817.0,train/num_tokens,110,1771935440.254268,3018341.0,scalar
events.out.tfevents.1771930286.938c31f14087.16817.0,train/num_tokens,115,1771935684.142676,3155539.0,scalar
events.out.tfevents.1771930286.938c31f14087.16817.0,train/num_tokens,120,1771935902.3901043,3292731.0,scalar
events.out.tfevents.1771930286.938c31f14087.16817.0,train/num_tokens,125,1771936147.1628768,3429926.0,scalar
events.out.tfevents.1771930286.938c31f14087.16817.0,train/num_tokens,130,1771936366.0397062,3567131.0,scalar
events.out.tfevents.1771930286.938c31f14087.16817.0,train/num_tokens,135,1771936610.556732,3704345.0,scalar
events.out.tfevents.1771930286.938c31f14087.16817.0,train/num_tokens,140,1771936827.9492064,3841543.0,scalar
events.out.tfevents.1771930286.938c31f14087.16817.0,train/num_tokens,145,1771937072.3713508,3978735.0,scalar
events.out.tfevents.1771930286.938c31f14087.16817.0,train/num_tokens,150,1771937289.7176142,4115931.0,scalar
events.out.tfevents.1771930286.938c31f14087.16817.0,train/mean_token_accuracy,5,1771930517.6318011,0.6360499858856201,scalar
events.out.tfevents.1771930286.938c31f14087.16817.0,train/mean_token_accuracy,10,1771930743.9557488,0.6347979307174683,scalar
events.out.tfevents.1771930286.938c31f14087.16817.0,train/mean_token_accuracy,15,1771930993.2207835,0.6367914080619812,scalar
events.out.tfevents.1771930286.938c31f14087.16817.0,train/mean_token_accuracy,20,1771931210.3557422,0.6408384442329407,scalar
events.out.tfevents.1771930286.938c31f14087.16817.0,train/mean_token_accuracy,25,1771931452.3287919,0.6508750915527344,scalar
events.out.tfevents.1771930286.938c31f14087.16817.0,train/mean_token_accuracy,30,1771931669.2463741,0.6604470610618591,scalar
events.out.tfevents.1771930286.938c31f14087.16817.0,train/mean_token_accuracy,35,1771931913.4172194,0.6659169793128967,scalar
events.out.tfevents.1771930286.938c31f14087.16817.0,train/mean_token_accuracy,40,1771932131.4420187,0.6715685725212097,scalar
events.out.tfevents.1771930286.938c31f14087.16817.0,train/mean_token_accuracy,45,1771932375.3927813,0.6776868104934692,scalar
events.out.tfevents.1771930286.938c31f14087.16817.0,train/mean_token_accuracy,50,1771932593.1178877,0.6867538690567017,scalar
events.out.tfevents.1771930286.938c31f14087.16817.0,train/mean_token_accuracy,55,1771932876.4011323,0.6954089403152466,scalar
events.out.tfevents.1771930286.938c31f14087.16817.0,train/mean_token_accuracy,60,1771933093.7611096,0.7078942656517029,scalar
events.out.tfevents.1771930286.938c31f14087.16817.0,train/mean_token_accuracy,65,1771933338.3173378,0.7175443172454834,scalar
events.out.tfevents.1771930286.938c31f14087.16817.0,train/mean_token_accuracy,70,1771933556.8296835,0.7276129126548767,scalar
events.out.tfevents.1771930286.938c31f14087.16817.0,train/mean_token_accuracy,75,1771933801.4089296,0.7362498641014099,scalar
events.out.tfevents.1771930286.938c31f14087.16817.0,train/mean_token_accuracy,80,1771934018.5628245,0.7450150847434998,scalar
events.out.tfevents.1771930286.938c31f14087.16817.0,train/mean_token_accuracy,85,1771934262.8322644,0.7565982937812805,scalar
events.out.tfevents.1771930286.938c31f14087.16817.0,train/mean_token_accuracy,90,1771934480.2695343,0.764370322227478,scalar
events.out.tfevents.1771930286.938c31f14087.16817.0,train/mean_token_accuracy,95,1771934724.4741359,0.7666714787483215,scalar
events.out.tfevents.1771930286.938c31f14087.16817.0,train/mean_token_accuracy,100,1771934941.2127688,0.7729795575141907,scalar
events.out.tfevents.1771930286.938c31f14087.16817.0,train/mean_token_accuracy,105,1771935222.0181227,0.7774232029914856,scalar
events.out.tfevents.1771930286.938c31f14087.16817.0,train/mean_token_accuracy,110,1771935440.2542794,0.7791492342948914,scalar
events.out.tfevents.1771930286.938c31f14087.16817.0,train/mean_token_accuracy,115,1771935684.1426892,0.7833999395370483,scalar
events.out.tfevents.1771930286.938c31f14087.16817.0,train/mean_token_accuracy,120,1771935902.3901162,0.7879955768585205,scalar
events.out.tfevents.1771930286.938c31f14087.16817.0,train/mean_token_accuracy,125,1771936147.1628883,0.7880538105964661,scalar
events.out.tfevents.1771930286.938c31f14087.16817.0,train/mean_token_accuracy,130,1771936366.0397182,0.7884820699691772,scalar
events.out.tfevents.1771930286.938c31f14087.16817.0,train/mean_token_accuracy,135,1771936610.5567434,0.790044903755188,scalar
events.out.tfevents.1771930286.938c31f14087.16817.0,train/mean_token_accuracy,140,1771936827.9492178,0.7919174432754517,scalar
events.out.tfevents.1771930286.938c31f14087.16817.0,train/mean_token_accuracy,145,1771937072.371362,0.7924570441246033,scalar
events.out.tfevents.1771930286.938c31f14087.16817.0,train/mean_token_accuracy,150,1771937289.7176256,0.7920496463775635,scalar
events.out.tfevents.1771930286.938c31f14087.16817.0,train/epoch,5,1771930517.6318123,0.10000000149011612,scalar
events.out.tfevents.1771930286.938c31f14087.16817.0,train/epoch,10,1771930743.9557598,0.20000000298023224,scalar
events.out.tfevents.1771930286.938c31f14087.16817.0,train/epoch,10,1771930770.4846728,0.20000000298023224,scalar
events.out.tfevents.1771930286.938c31f14087.16817.0,train/epoch,15,1771930993.2207954,0.30000001192092896,scalar
events.out.tfevents.1771930286.938c31f14087.16817.0,train/epoch,20,1771931210.355753,0.4000000059604645,scalar
events.out.tfevents.1771930286.938c31f14087.16817.0,train/epoch,20,1771931236.703527,0.4000000059604645,scalar
events.out.tfevents.1771930286.938c31f14087.16817.0,train/epoch,25,1771931452.3288028,0.5,scalar
events.out.tfevents.1771930286.938c31f14087.16817.0,train/epoch,30,1771931669.246397,0.6000000238418579,scalar
events.out.tfevents.1771930286.938c31f14087.16817.0,train/epoch,30,1771931695.7020748,0.6000000238418579,scalar
events.out.tfevents.1771930286.938c31f14087.16817.0,train/epoch,35,1771931913.41723,0.699999988079071,scalar
events.out.tfevents.1771930286.938c31f14087.16817.0,train/epoch,40,1771932131.4420302,0.800000011920929,scalar
events.out.tfevents.1771930286.938c31f14087.16817.0,train/epoch,40,1771932158.0963254,0.800000011920929,scalar
events.out.tfevents.1771930286.938c31f14087.16817.0,train/epoch,45,1771932375.3927917,0.8999999761581421,scalar
events.out.tfevents.1771930286.938c31f14087.16817.0,train/epoch,50,1771932593.117899,1.0,scalar
events.out.tfevents.1771930286.938c31f14087.16817.0,train/epoch,50,1771932619.7161186,1.0,scalar
events.out.tfevents.1771930286.938c31f14087.16817.0,train/epoch,55,1771932876.4011428,1.100000023841858,scalar
events.out.tfevents.1771930286.938c31f14087.16817.0,train/epoch,60,1771933093.7611208,1.2000000476837158,scalar
events.out.tfevents.1771930286.938c31f14087.16817.0,train/epoch,60,1771933120.575082,1.2000000476837158,scalar
events.out.tfevents.1771930286.938c31f14087.16817.0,train/epoch,65,1771933338.3173494,1.2999999523162842,scalar
events.out.tfevents.1771930286.938c31f14087.16817.0,train/epoch,70,1771933556.8296947,1.399999976158142,scalar
events.out.tfevents.1771930286.938c31f14087.16817.0,train/epoch,70,1771933583.2422588,1.399999976158142,scalar
events.out.tfevents.1771930286.938c31f14087.16817.0,train/epoch,75,1771933801.4089406,1.5,scalar
events.out.tfevents.1771930286.938c31f14087.16817.0,train/epoch,80,1771934018.5628347,1.600000023841858,scalar
events.out.tfevents.1771930286.938c31f14087.16817.0,train/epoch,80,1771934045.0334868,1.600000023841858,scalar
events.out.tfevents.1771930286.938c31f14087.16817.0,train/epoch,85,1771934262.8322754,1.7000000476837158,scalar
events.out.tfevents.1771930286.938c31f14087.16817.0,train/epoch,90,1771934480.2695453,1.7999999523162842,scalar
events.out.tfevents.1771930286.938c31f14087.16817.0,train/epoch,90,1771934506.8524184,1.7999999523162842,scalar
events.out.tfevents.1771930286.938c31f14087.16817.0,train/epoch,95,1771934724.4741468,1.899999976158142,scalar
events.out.tfevents.1771930286.938c31f14087.16817.0,train/epoch,100,1771934941.2127802,2.0,scalar
events.out.tfevents.1771930286.938c31f14087.16817.0,train/epoch,100,1771934967.8596585,2.0,scalar
events.out.tfevents.1771930286.938c31f14087.16817.0,train/epoch,105,1771935222.018134,2.0999999046325684,scalar
events.out.tfevents.1771930286.938c31f14087.16817.0,train/epoch,110,1771935440.2542899,2.200000047683716,scalar
events.out.tfevents.1771930286.938c31f14087.16817.0,train/epoch,110,1771935466.8439841,2.200000047683716,scalar
events.out.tfevents.1771930286.938c31f14087.16817.0,train/epoch,115,1771935684.142701,2.299999952316284,scalar
events.out.tfevents.1771930286.938c31f14087.16817.0,train/epoch,120,1771935902.3901274,2.4000000953674316,scalar
events.out.tfevents.1771930286.938c31f14087.16817.0,train/epoch,120,1771935928.934141,2.4000000953674316,scalar
events.out.tfevents.1771930286.938c31f14087.16817.0,train/epoch,125,1771936147.1629,2.5,scalar
events.out.tfevents.1771930286.938c31f14087.16817.0,train/epoch,130,1771936366.0397294,2.5999999046325684,scalar
events.out.tfevents.1771930286.938c31f14087.16817.0,train/epoch,130,1771936392.537983,2.5999999046325684,scalar
events.out.tfevents.1771930286.938c31f14087.16817.0,train/epoch,135,1771936610.5567546,2.700000047683716,scalar
events.out.tfevents.1771930286.938c31f14087.16817.0,train/epoch,140,1771936827.9492295,2.799999952316284,scalar
events.out.tfevents.1771930286.938c31f14087.16817.0,train/epoch,140,1771936854.4545908,2.799999952316284,scalar
events.out.tfevents.1771930286.938c31f14087.16817.0,train/epoch,145,1771937072.3713748,2.9000000953674316,scalar
events.out.tfevents.1771930286.938c31f14087.16817.0,train/epoch,150,1771937289.7176375,3.0,scalar
events.out.tfevents.1771930286.938c31f14087.16817.0,train/epoch,150,1771937316.6030612,3.0,scalar
events.out.tfevents.1771930286.938c31f14087.16817.0,train/epoch,150,1771937350.0755281,3.0,scalar
events.out.tfevents.1771930286.938c31f14087.16817.0,eval/loss,10,1771930770.4845564,1.5641459226608276,scalar
events.out.tfevents.1771930286.938c31f14087.16817.0,eval/loss,20,1771931236.703411,1.4586344957351685,scalar
events.out.tfevents.1771930286.938c31f14087.16817.0,eval/loss,30,1771931695.7019355,1.3443901538848877,scalar
events.out.tfevents.1771930286.938c31f14087.16817.0,eval/loss,40,1771932158.0962098,1.2452236413955688,scalar
events.out.tfevents.1771930286.938c31f14087.16817.0,eval/loss,50,1771932619.7159228,1.155019760131836,scalar
events.out.tfevents.1771930286.938c31f14087.16817.0,eval/loss,60,1771933120.5749602,1.0706170797348022,scalar
events.out.tfevents.1771930286.938c31f14087.16817.0,eval/loss,70,1771933583.242141,0.993206799030304,scalar
events.out.tfevents.1771930286.938c31f14087.16817.0,eval/loss,80,1771934045.0333714,0.9247220754623413,scalar
events.out.tfevents.1771930286.938c31f14087.16817.0,eval/loss,90,1771934506.852303,0.8695897459983826,scalar
events.out.tfevents.1771930286.938c31f14087.16817.0,eval/loss,100,1771934967.8595169,0.8285759091377258,scalar
events.out.tfevents.1771930286.938c31f14087.16817.0,eval/loss,110,1771935466.843852,0.7963008284568787,scalar
events.out.tfevents.1771930286.938c31f14087.16817.0,eval/loss,120,1771935928.934027,0.7721555829048157,scalar
events.out.tfevents.1771930286.938c31f14087.16817.0,eval/loss,130,1771936392.5378401,0.7570568323135376,scalar
events.out.tfevents.1771930286.938c31f14087.16817.0,eval/loss,140,1771936854.4544578,0.7526494860649109,scalar
events.out.tfevents.1771930286.938c31f14087.16817.0,eval/loss,150,1771937316.6029065,0.7519387602806091,scalar
events.out.tfevents.1771930286.938c31f14087.16817.0,eval/runtime,10,1771930770.484598,26.526399612426758,scalar
events.out.tfevents.1771930286.938c31f14087.16817.0,eval/runtime,20,1771931236.7034519,26.345199584960938,scalar
events.out.tfevents.1771930286.938c31f14087.16817.0,eval/runtime,30,1771931695.7019975,26.452600479125977,scalar
events.out.tfevents.1771930286.938c31f14087.16817.0,eval/runtime,40,1771932158.0962498,26.651899337768555,scalar
events.out.tfevents.1771930286.938c31f14087.16817.0,eval/runtime,50,1771932619.7160072,26.595600128173828,scalar
events.out.tfevents.1771930286.938c31f14087.16817.0,eval/runtime,60,1771933120.575001,26.811500549316406,scalar
events.out.tfevents.1771930286.938c31f14087.16817.0,eval/runtime,70,1771933583.2421787,26.41010093688965,scalar
events.out.tfevents.1771930286.938c31f14087.16817.0,eval/runtime,80,1771934045.0334108,26.468000411987305,scalar
events.out.tfevents.1771930286.938c31f14087.16817.0,eval/runtime,90,1771934506.852345,26.580400466918945,scalar
events.out.tfevents.1771930286.938c31f14087.16817.0,eval/runtime,100,1771934967.8595638,26.64430046081543,scalar
events.out.tfevents.1771930286.938c31f14087.16817.0,eval/runtime,110,1771935466.8438938,26.586999893188477,scalar
events.out.tfevents.1771930286.938c31f14087.16817.0,eval/runtime,120,1771935928.9340668,26.541500091552734,scalar
events.out.tfevents.1771930286.938c31f14087.16817.0,eval/runtime,130,1771936392.537883,26.49570083618164,scalar
events.out.tfevents.1771930286.938c31f14087.16817.0,eval/runtime,140,1771936854.454503,26.502899169921875,scalar
events.out.tfevents.1771930286.938c31f14087.16817.0,eval/runtime,150,1771937316.6029665,26.882699966430664,scalar
events.out.tfevents.1771930286.938c31f14087.16817.0,eval/samples_per_second,10,1771930770.484614,1.8849999904632568,scalar
events.out.tfevents.1771930286.938c31f14087.16817.0,eval/samples_per_second,20,1771931236.7034683,1.8980000019073486,scalar
events.out.tfevents.1771930286.938c31f14087.16817.0,eval/samples_per_second,30,1771931695.7020154,1.8899999856948853,scalar
events.out.tfevents.1771930286.938c31f14087.16817.0,eval/samples_per_second,40,1771932158.096266,1.8760000467300415,scalar
events.out.tfevents.1771930286.938c31f14087.16817.0,eval/samples_per_second,50,1771932619.716029,1.8799999952316284,scalar
events.out.tfevents.1771930286.938c31f14087.16817.0,eval/samples_per_second,60,1771933120.5750253,1.8650000095367432,scalar
events.out.tfevents.1771930286.938c31f14087.16817.0,eval/samples_per_second,70,1771933583.242194,1.8930000066757202,scalar
events.out.tfevents.1771930286.938c31f14087.16817.0,eval/samples_per_second,80,1771934045.033427,1.8890000581741333,scalar
events.out.tfevents.1771930286.938c31f14087.16817.0,eval/samples_per_second,90,1771934506.8523617,1.88100004196167,scalar
events.out.tfevents.1771930286.938c31f14087.16817.0,eval/samples_per_second,100,1771934967.8595881,1.8769999742507935,scalar
events.out.tfevents.1771930286.938c31f14087.16817.0,eval/samples_per_second,110,1771935466.8439088,1.88100004196167,scalar
events.out.tfevents.1771930286.938c31f14087.16817.0,eval/samples_per_second,120,1771935928.9340827,1.8839999437332153,scalar
events.out.tfevents.1771930286.938c31f14087.16817.0,eval/samples_per_second,130,1771936392.5378997,1.8869999647140503,scalar
events.out.tfevents.1771930286.938c31f14087.16817.0,eval/samples_per_second,140,1771936854.4545274,1.8869999647140503,scalar
events.out.tfevents.1771930286.938c31f14087.16817.0,eval/samples_per_second,150,1771937316.6030002,1.8600000143051147,scalar
events.out.tfevents.1771930286.938c31f14087.16817.0,eval/steps_per_second,10,1771930770.4846272,1.8849999904632568,scalar
events.out.tfevents.1771930286.938c31f14087.16817.0,eval/steps_per_second,20,1771931236.703482,1.8980000019073486,scalar
events.out.tfevents.1771930286.938c31f14087.16817.0,eval/steps_per_second,30,1771931695.702029,1.8899999856948853,scalar
events.out.tfevents.1771930286.938c31f14087.16817.0,eval/steps_per_second,40,1771932158.0962791,1.8760000467300415,scalar
events.out.tfevents.1771930286.938c31f14087.16817.0,eval/steps_per_second,50,1771932619.716049,1.8799999952316284,scalar
events.out.tfevents.1771930286.938c31f14087.16817.0,eval/steps_per_second,60,1771933120.575039,1.8650000095367432,scalar
events.out.tfevents.1771930286.938c31f14087.16817.0,eval/steps_per_second,70,1771933583.242207,1.8930000066757202,scalar
events.out.tfevents.1771930286.938c31f14087.16817.0,eval/steps_per_second,80,1771934045.0334408,1.8890000581741333,scalar
events.out.tfevents.1771930286.938c31f14087.16817.0,eval/steps_per_second,90,1771934506.852374,1.88100004196167,scalar
events.out.tfevents.1771930286.938c31f14087.16817.0,eval/steps_per_second,100,1771934967.8596087,1.8769999742507935,scalar
events.out.tfevents.1771930286.938c31f14087.16817.0,eval/steps_per_second,110,1771935466.8439221,1.88100004196167,scalar
events.out.tfevents.1771930286.938c31f14087.16817.0,eval/steps_per_second,120,1771935928.9340963,1.8839999437332153,scalar
events.out.tfevents.1771930286.938c31f14087.16817.0,eval/steps_per_second,130,1771936392.5379136,1.8869999647140503,scalar
events.out.tfevents.1771930286.938c31f14087.16817.0,eval/steps_per_second,140,1771936854.454546,1.8869999647140503,scalar
events.out.tfevents.1771930286.938c31f14087.16817.0,eval/steps_per_second,150,1771937316.6030145,1.8600000143051147,scalar
events.out.tfevents.1771930286.938c31f14087.16817.0,eval/entropy,10,1771930770.4846394,1.1824301481246948,scalar
events.out.tfevents.1771930286.938c31f14087.16817.0,eval/entropy,20,1771931236.7034938,1.2317792177200317,scalar
events.out.tfevents.1771930286.938c31f14087.16817.0,eval/entropy,30,1771931695.7020414,1.2921206951141357,scalar
events.out.tfevents.1771930286.938c31f14087.16817.0,eval/entropy,40,1771932158.096291,1.3412455320358276,scalar
events.out.tfevents.1771930286.938c31f14087.16817.0,eval/entropy,50,1771932619.7160678,1.3708335161209106,scalar
events.out.tfevents.1771930286.938c31f14087.16817.0,eval/entropy,60,1771933120.5750506,1.3880372047424316,scalar
events.out.tfevents.1771930286.938c31f14087.16817.0,eval/entropy,70,1771933583.2422187,1.3830381631851196,scalar
events.out.tfevents.1771930286.938c31f14087.16817.0,eval/entropy,80,1771934045.0334532,1.37187659740448,scalar
events.out.tfevents.1771930286.938c31f14087.16817.0,eval/entropy,90,1771934506.8523858,1.358035922050476,scalar
events.out.tfevents.1771930286.938c31f14087.16817.0,eval/entropy,100,1771934967.8596244,1.340864896774292,scalar
events.out.tfevents.1771930286.938c31f14087.16817.0,eval/entropy,110,1771935466.8439336,1.32798433303833,scalar
events.out.tfevents.1771930286.938c31f14087.16817.0,eval/entropy,120,1771935928.9341085,1.3106887340545654,scalar
events.out.tfevents.1771930286.938c31f14087.16817.0,eval/entropy,130,1771936392.5379262,1.3041033744812012,scalar
events.out.tfevents.1771930286.938c31f14087.16817.0,eval/entropy,140,1771936854.4545581,1.2937135696411133,scalar
events.out.tfevents.1771930286.938c31f14087.16817.0,eval/entropy,150,1771937316.603027,1.29644775390625,scalar
events.out.tfevents.1771930286.938c31f14087.16817.0,eval/num_tokens,10,1771930770.484651,274407.0,scalar
events.out.tfevents.1771930286.938c31f14087.16817.0,eval/num_tokens,20,1771931236.703505,548807.0,scalar
events.out.tfevents.1771930286.938c31f14087.16817.0,eval/num_tokens,30,1771931695.7020528,823189.0,scalar
events.out.tfevents.1771930286.938c31f14087.16817.0,eval/num_tokens,40,1771932158.0963023,1097578.0,scalar
events.out.tfevents.1771930286.938c31f14087.16817.0,eval/num_tokens,50,1771932619.7160845,1371977.0,scalar
events.out.tfevents.1771930286.938c31f14087.16817.0,eval/num_tokens,60,1771933120.575061,1646375.0,scalar
events.out.tfevents.1771930286.938c31f14087.16817.0,eval/num_tokens,70,1771933583.2422366,1920772.0,scalar
events.out.tfevents.1771930286.938c31f14087.16817.0,eval/num_tokens,80,1771934045.033465,2195159.0,scalar
events.out.tfevents.1771930286.938c31f14087.16817.0,eval/num_tokens,90,1771934506.852397,2469563.0,scalar
events.out.tfevents.1771930286.938c31f14087.16817.0,eval/num_tokens,100,1771934967.859636,2743954.0,scalar
events.out.tfevents.1771930286.938c31f14087.16817.0,eval/num_tokens,110,1771935466.84396,3018341.0,scalar
events.out.tfevents.1771930286.938c31f14087.16817.0,eval/num_tokens,120,1771935928.9341197,3292731.0,scalar
events.out.tfevents.1771930286.938c31f14087.16817.0,eval/num_tokens,130,1771936392.5379379,3567131.0,scalar
events.out.tfevents.1771930286.938c31f14087.16817.0,eval/num_tokens,140,1771936854.4545698,3841543.0,scalar
events.out.tfevents.1771930286.938c31f14087.16817.0,eval/num_tokens,150,1771937316.6030388,4115931.0,scalar
events.out.tfevents.1771930286.938c31f14087.16817.0,eval/mean_token_accuracy,10,1771930770.484662,0.6342870593070984,scalar
events.out.tfevents.1771930286.938c31f14087.16817.0,eval/mean_token_accuracy,20,1771931236.703516,0.644995927810669,scalar
events.out.tfevents.1771930286.938c31f14087.16817.0,eval/mean_token_accuracy,30,1771931695.7020638,0.6609739065170288,scalar
events.out.tfevents.1771930286.938c31f14087.16817.0,eval/mean_token_accuracy,40,1771932158.0963137,0.6735844016075134,scalar
events.out.tfevents.1771930286.938c31f14087.16817.0,eval/mean_token_accuracy,50,1771932619.716102,0.689163088798523,scalar
events.out.tfevents.1771930286.938c31f14087.16817.0,eval/mean_token_accuracy,60,1771933120.5750716,0.711412250995636,scalar
events.out.tfevents.1771930286.938c31f14087.16817.0,eval/mean_token_accuracy,70,1771933583.2422478,0.7309943437576294,scalar
events.out.tfevents.1771930286.938c31f14087.16817.0,eval/mean_token_accuracy,80,1771934045.0334759,0.7504100799560547,scalar
events.out.tfevents.1771930286.938c31f14087.16817.0,eval/mean_token_accuracy,90,1771934506.8524077,0.7637202143669128,scalar
events.out.tfevents.1771930286.938c31f14087.16817.0,eval/mean_token_accuracy,100,1771934967.8596475,0.7739289999008179,scalar
events.out.tfevents.1771930286.938c31f14087.16817.0,eval/mean_token_accuracy,110,1771935466.8439734,0.7795670628547668,scalar
events.out.tfevents.1771930286.938c31f14087.16817.0,eval/mean_token_accuracy,120,1771935928.9341304,0.785671055316925,scalar
events.out.tfevents.1771930286.938c31f14087.16817.0,eval/mean_token_accuracy,130,1771936392.5379705,0.7886732220649719,scalar
events.out.tfevents.1771930286.938c31f14087.16817.0,eval/mean_token_accuracy,140,1771936854.4545803,0.7895399332046509,scalar
events.out.tfevents.1771930286.938c31f14087.16817.0,eval/mean_token_accuracy,150,1771937316.6030502,0.7898406982421875,scalar
events.out.tfevents.1771930286.938c31f14087.16817.0,train/train_runtime,150,1771937350.0754066,7063.7236328125,scalar
events.out.tfevents.1771930286.938c31f14087.16817.0,train/train_samples_per_second,150,1771937350.0754607,0.6800000071525574,scalar
events.out.tfevents.1771930286.938c31f14087.16817.0,train/train_steps_per_second,150,1771937350.0754857,0.020999999716877937,scalar
events.out.tfevents.1771930286.938c31f14087.16817.0,train/total_flos,150,1771937350.0755012,1.0705986810334413e+17,scalar
events.out.tfevents.1771930286.938c31f14087.16817.0,train/train_loss,150,1771937350.0755148,1.0426193475723267,scalar
events.out.tfevents.1771950289.0b5e3829cdda.1883.0,train/loss,5,1771950520.1589146,0.7863684892654419,scalar
events.out.tfevents.1771950289.0b5e3829cdda.1883.0,train/loss,10,1771950744.652531,0.6578422784805298,scalar
events.out.tfevents.1771950289.0b5e3829cdda.1883.0,train/loss,15,1771950997.6893966,0.6033447980880737,scalar
events.out.tfevents.1771950289.0b5e3829cdda.1883.0,train/loss,20,1771951222.9559605,0.5588706135749817,scalar
events.out.tfevents.1771950289.0b5e3829cdda.1883.0,train/loss,25,1771951476.564811,0.5324121713638306,scalar
events.out.tfevents.1771950289.0b5e3829cdda.1883.0,train/loss,30,1771951703.678087,0.5138047933578491,scalar
events.out.tfevents.1771950289.0b5e3829cdda.1883.0,train/loss,35,1771951957.5928633,0.5039979219436646,scalar
events.out.tfevents.1771950289.0b5e3829cdda.1883.0,train/loss,40,1771952184.977365,0.49399232864379883,scalar
events.out.tfevents.1771950289.0b5e3829cdda.1883.0,train/loss,45,1771952436.1970143,0.48473644256591797,scalar
events.out.tfevents.1771950289.0b5e3829cdda.1883.0,train/loss,50,1771952691.4862638,0.4751473069190979,scalar
events.out.tfevents.1771950289.0b5e3829cdda.1883.0,train/loss,55,1771952941.1622798,0.4653523862361908,scalar
events.out.tfevents.1771950289.0b5e3829cdda.1883.0,train/loss,60,1771953164.4899695,0.46954256296157837,scalar
events.out.tfevents.1771950289.0b5e3829cdda.1883.0,train/loss,65,1771953413.8976629,0.4640064239501953,scalar
events.out.tfevents.1771950289.0b5e3829cdda.1883.0,train/loss,70,1771953637.9162772,0.4624260365962982,scalar
events.out.tfevents.1771950289.0b5e3829cdda.1883.0,train/loss,75,1771953886.6267505,0.45026445388793945,scalar
events.out.tfevents.1771950289.0b5e3829cdda.1883.0,train/loss,80,1771954110.5507407,0.45072221755981445,scalar
events.out.tfevents.1771950289.0b5e3829cdda.1883.0,train/loss,85,1771954359.445004,0.4488089680671692,scalar
events.out.tfevents.1771950289.0b5e3829cdda.1883.0,train/loss,90,1771954583.7788367,0.44534292817115784,scalar
events.out.tfevents.1771950289.0b5e3829cdda.1883.0,train/loss,95,1771954861.9503064,0.43833526968955994,scalar
events.out.tfevents.1771950289.0b5e3829cdda.1883.0,train/loss,100,1771955086.6440296,0.4317165017127991,scalar
events.out.tfevents.1771950289.0b5e3829cdda.1883.0,train/loss,105,1771955335.6314325,0.43147334456443787,scalar
events.out.tfevents.1771950289.0b5e3829cdda.1883.0,train/loss,110,1771955559.1786716,0.4343777298927307,scalar
events.out.tfevents.1771950289.0b5e3829cdda.1883.0,train/loss,115,1771955808.4192722,0.4309433102607727,scalar
events.out.tfevents.1771950289.0b5e3829cdda.1883.0,train/loss,120,1771956031.0590599,0.4258371889591217,scalar
events.out.tfevents.1771950289.0b5e3829cdda.1883.0,train/loss,125,1771956280.266571,0.42702728509902954,scalar
events.out.tfevents.1771950289.0b5e3829cdda.1883.0,train/loss,130,1771956503.75632,0.42473214864730835,scalar
events.out.tfevents.1771950289.0b5e3829cdda.1883.0,train/loss,135,1771956752.3722608,0.4272859990596771,scalar
events.out.tfevents.1771950289.0b5e3829cdda.1883.0,train/loss,140,1771956975.5024018,0.42482995986938477,scalar
events.out.tfevents.1771950289.0b5e3829cdda.1883.0,train/loss,145,1771957254.9605238,0.41827982664108276,scalar
events.out.tfevents.1771950289.0b5e3829cdda.1883.0,train/loss,150,1771957478.449767,0.4189303517341614,scalar
events.out.tfevents.1771950289.0b5e3829cdda.1883.0,train/loss,155,1771957728.4266622,0.41438525915145874,scalar
events.out.tfevents.1771950289.0b5e3829cdda.1883.0,train/loss,160,1771957952.5468338,0.40802305936813354,scalar
events.out.tfevents.1771950289.0b5e3829cdda.1883.0,train/loss,165,1771958201.5172896,0.4103655219078064,scalar
events.out.tfevents.1771950289.0b5e3829cdda.1883.0,train/loss,170,1771958424.7433462,0.410738468170166,scalar
events.out.tfevents.1771950289.0b5e3829cdda.1883.0,train/loss,175,1771958673.7335966,0.41368770599365234,scalar
events.out.tfevents.1771950289.0b5e3829cdda.1883.0,train/loss,180,1771958896.0479796,0.41501742601394653,scalar
events.out.tfevents.1771950289.0b5e3829cdda.1883.0,train/loss,185,1771959144.5239172,0.4151970446109772,scalar
events.out.tfevents.1771950289.0b5e3829cdda.1883.0,train/loss,190,1771959399.8223708,0.4057800769805908,scalar
events.out.tfevents.1771950289.0b5e3829cdda.1883.0,train/loss,195,1771959660.0715344,0.4032110273838043,scalar
events.out.tfevents.1771950289.0b5e3829cdda.1883.0,train/loss,200,1771959886.028411,0.40820208191871643,scalar
events.out.tfevents.1771950289.0b5e3829cdda.1883.0,train/loss,205,1771960136.061238,0.40467000007629395,scalar
events.out.tfevents.1771950289.0b5e3829cdda.1883.0,train/loss,210,1771960361.4525402,0.4041289687156677,scalar
events.out.tfevents.1771950289.0b5e3829cdda.1883.0,train/loss,215,1771960612.4757264,0.4018312990665436,scalar
events.out.tfevents.1771950289.0b5e3829cdda.1883.0,train/loss,220,1771960838.2477162,0.39643460512161255,scalar
events.out.tfevents.1771950289.0b5e3829cdda.1883.0,train/loss,225,1771961088.9526136,0.40255188941955566,scalar
events.out.tfevents.1771950289.0b5e3829cdda.1883.0,train/loss,230,1771961314.3143156,0.40112265944480896,scalar
events.out.tfevents.1771950289.0b5e3829cdda.1883.0,train/loss,235,1771961559.9332175,0.39853647351264954,scalar
events.out.tfevents.1771950289.0b5e3829cdda.1883.0,train/loss,240,1771961824.0950274,0.3968297839164734,scalar
events.out.tfevents.1771950289.0b5e3829cdda.1883.0,train/loss,245,1771962075.0836406,0.3944167494773865,scalar
events.out.tfevents.1771950289.0b5e3829cdda.1883.0,train/loss,250,1771962299.7640786,0.3950583338737488,scalar
events.out.tfevents.1771950289.0b5e3829cdda.1883.0,train/loss,255,1771962550.887806,0.3960583209991455,scalar
events.out.tfevents.1771950289.0b5e3829cdda.1883.0,train/loss,260,1771962775.9729009,0.39693182706832886,scalar
events.out.tfevents.1771950289.0b5e3829cdda.1883.0,train/loss,265,1771963026.5875638,0.39713919162750244,scalar
events.out.tfevents.1771950289.0b5e3829cdda.1883.0,train/loss,270,1771963252.0734384,0.39011186361312866,scalar
events.out.tfevents.1771950289.0b5e3829cdda.1883.0,train/loss,275,1771963503.5876038,0.3888487219810486,scalar
events.out.tfevents.1771950289.0b5e3829cdda.1883.0,train/loss,280,1771963729.4562879,0.3893781006336212,scalar
events.out.tfevents.1771950289.0b5e3829cdda.1883.0,train/loss,285,1771964012.1583061,0.38979053497314453,scalar
events.out.tfevents.1771950289.0b5e3829cdda.1883.0,train/loss,290,1771964238.3128195,0.3929712772369385,scalar
events.out.tfevents.1771950289.0b5e3829cdda.1883.0,train/loss,295,1771964489.3854568,0.38764244318008423,scalar
events.out.tfevents.1771950289.0b5e3829cdda.1883.0,train/loss,300,1771964714.4577672,0.38599202036857605,scalar
events.out.tfevents.1771950289.0b5e3829cdda.1883.0,train/loss,305,1771964965.345439,0.38752782344818115,scalar
events.out.tfevents.1771950289.0b5e3829cdda.1883.0,train/loss,310,1771965195.54648,0.3881717920303345,scalar
events.out.tfevents.1771950289.0b5e3829cdda.1883.0,train/loss,315,1771965449.8343914,0.38911935687065125,scalar
events.out.tfevents.1771950289.0b5e3829cdda.1883.0,train/loss,320,1771965674.3276966,0.38055306673049927,scalar
events.out.tfevents.1771950289.0b5e3829cdda.1883.0,train/loss,325,1771965928.9402502,0.3841686546802521,scalar
events.out.tfevents.1771950289.0b5e3829cdda.1883.0,train/loss,330,1771966186.9850976,0.38648679852485657,scalar
events.out.tfevents.1771950289.0b5e3829cdda.1883.0,train/loss,335,1771966448.7101624,0.379332959651947,scalar
events.out.tfevents.1771950289.0b5e3829cdda.1883.0,train/loss,340,1771966682.816058,0.38910311460494995,scalar
events.out.tfevents.1771950289.0b5e3829cdda.1883.0,train/loss,345,1771966944.8396344,0.3807183802127838,scalar
events.out.tfevents.1771950289.0b5e3829cdda.1883.0,train/loss,350,1771967179.1070905,0.38422471284866333,scalar
events.out.tfevents.1771950289.0b5e3829cdda.1883.0,train/loss,355,1771967440.053482,0.3806301951408386,scalar
events.out.tfevents.1771950289.0b5e3829cdda.1883.0,train/loss,360,1771967672.3659286,0.38001662492752075,scalar
events.out.tfevents.1771950289.0b5e3829cdda.1883.0,train/loss,365,1771967932.4728005,0.3806453049182892,scalar
events.out.tfevents.1771950289.0b5e3829cdda.1883.0,train/loss,370,1771968164.694686,0.38185203075408936,scalar
events.out.tfevents.1771950289.0b5e3829cdda.1883.0,train/loss,375,1771968424.035577,0.38133367896080017,scalar
events.out.tfevents.1771950289.0b5e3829cdda.1883.0,train/grad_norm,5,1771950520.158968,0.1044921875,scalar
events.out.tfevents.1771950289.0b5e3829cdda.1883.0,train/grad_norm,10,1771950744.6525805,0.3828125,scalar
events.out.tfevents.1771950289.0b5e3829cdda.1883.0,train/grad_norm,15,1771950997.6894403,0.07080078125,scalar
events.out.tfevents.1771950289.0b5e3829cdda.1883.0,train/grad_norm,20,1771951222.9560041,0.06982421875,scalar
events.out.tfevents.1771950289.0b5e3829cdda.1883.0,train/grad_norm,25,1771951476.5648873,0.041748046875,scalar
events.out.tfevents.1771950289.0b5e3829cdda.1883.0,train/grad_norm,30,1771951703.6781325,0.039794921875,scalar
events.out.tfevents.1771950289.0b5e3829cdda.1883.0,train/grad_norm,35,1771951957.5929086,0.04443359375,scalar
events.out.tfevents.1771950289.0b5e3829cdda.1883.0,train/grad_norm,40,1771952184.97741,0.027099609375,scalar
events.out.tfevents.1771950289.0b5e3829cdda.1883.0,train/grad_norm,45,1771952436.197058,0.03515625,scalar
events.out.tfevents.1771950289.0b5e3829cdda.1883.0,train/grad_norm,50,1771952691.4863105,0.0302734375,scalar
events.out.tfevents.1771950289.0b5e3829cdda.1883.0,train/grad_norm,55,1771952941.1623244,0.058349609375,scalar
events.out.tfevents.1771950289.0b5e3829cdda.1883.0,train/grad_norm,60,1771953164.4900131,0.048095703125,scalar
events.out.tfevents.1771950289.0b5e3829cdda.1883.0,train/grad_norm,65,1771953413.8977072,0.038818359375,scalar
events.out.tfevents.1771950289.0b5e3829cdda.1883.0,train/grad_norm,70,1771953637.9163213,0.037841796875,scalar
events.out.tfevents.1771950289.0b5e3829cdda.1883.0,train/grad_norm,75,1771953886.6267958,0.05615234375,scalar
events.out.tfevents.1771950289.0b5e3829cdda.1883.0,train/grad_norm,80,1771954110.5508168,0.034423828125,scalar
events.out.tfevents.1771950289.0b5e3829cdda.1883.0,train/grad_norm,85,1771954359.4450612,0.04345703125,scalar
events.out.tfevents.1771950289.0b5e3829cdda.1883.0,train/grad_norm,90,1771954583.7788947,0.060302734375,scalar
events.out.tfevents.1771950289.0b5e3829cdda.1883.0,train/grad_norm,95,1771954861.95035,0.03759765625,scalar
events.out.tfevents.1771950289.0b5e3829cdda.1883.0,train/grad_norm,100,1771955086.644073,0.051513671875,scalar
events.out.tfevents.1771950289.0b5e3829cdda.1883.0,train/grad_norm,105,1771955335.6314766,0.05712890625,scalar
events.out.tfevents.1771950289.0b5e3829cdda.1883.0,train/grad_norm,110,1771955559.1787171,0.044921875,scalar
events.out.tfevents.1771950289.0b5e3829cdda.1883.0,train/grad_norm,115,1771955808.4193146,0.042236328125,scalar
events.out.tfevents.1771950289.0b5e3829cdda.1883.0,train/grad_norm,120,1771956031.0591073,0.0458984375,scalar
events.out.tfevents.1771950289.0b5e3829cdda.1883.0,train/grad_norm,125,1771956280.2666144,0.037353515625,scalar
events.out.tfevents.1771950289.0b5e3829cdda.1883.0,train/grad_norm,130,1771956503.756363,0.0439453125,scalar
events.out.tfevents.1771950289.0b5e3829cdda.1883.0,train/grad_norm,135,1771956752.372304,0.04296875,scalar
events.out.tfevents.1771950289.0b5e3829cdda.1883.0,train/grad_norm,140,1771956975.5024452,0.046630859375,scalar
events.out.tfevents.1771950289.0b5e3829cdda.1883.0,train/grad_norm,145,1771957254.9605708,0.076171875,scalar
events.out.tfevents.1771950289.0b5e3829cdda.1883.0,train/grad_norm,150,1771957478.4498122,0.0673828125,scalar
events.out.tfevents.1771950289.0b5e3829cdda.1883.0,train/grad_norm,155,1771957728.4267082,0.047119140625,scalar
events.out.tfevents.1771950289.0b5e3829cdda.1883.0,train/grad_norm,160,1771957952.546904,0.04638671875,scalar
events.out.tfevents.1771950289.0b5e3829cdda.1883.0,train/grad_norm,165,1771958201.5173342,0.04541015625,scalar
events.out.tfevents.1771950289.0b5e3829cdda.1883.0,train/grad_norm,170,1771958424.743391,0.0546875,scalar
events.out.tfevents.1771950289.0b5e3829cdda.1883.0,train/grad_norm,175,1771958673.7336416,0.07666015625,scalar
events.out.tfevents.1771950289.0b5e3829cdda.1883.0,train/grad_norm,180,1771958896.0480227,0.06201171875,scalar
events.out.tfevents.1771950289.0b5e3829cdda.1883.0,train/grad_norm,185,1771959144.5239651,0.057861328125,scalar
events.out.tfevents.1771950289.0b5e3829cdda.1883.0,train/grad_norm,190,1771959399.8224168,0.049560546875,scalar
events.out.tfevents.1771950289.0b5e3829cdda.1883.0,train/grad_norm,195,1771959660.0715795,0.0517578125,scalar
events.out.tfevents.1771950289.0b5e3829cdda.1883.0,train/grad_norm,200,1771959886.0284567,0.0673828125,scalar
events.out.tfevents.1771950289.0b5e3829cdda.1883.0,train/grad_norm,205,1771960136.0612848,0.051025390625,scalar
events.out.tfevents.1771950289.0b5e3829cdda.1883.0,train/grad_norm,210,1771960361.4525857,0.0478515625,scalar
events.out.tfevents.1771950289.0b5e3829cdda.1883.0,train/grad_norm,215,1771960612.4757762,0.045166015625,scalar
events.out.tfevents.1771950289.0b5e3829cdda.1883.0,train/grad_norm,220,1771960838.247768,0.04638671875,scalar
events.out.tfevents.1771950289.0b5e3829cdda.1883.0,train/grad_norm,225,1771961088.9526591,0.0634765625,scalar
events.out.tfevents.1771950289.0b5e3829cdda.1883.0,train/grad_norm,230,1771961314.3143647,0.04296875,scalar
events.out.tfevents.1771950289.0b5e3829cdda.1883.0,train/grad_norm,235,1771961559.9332669,0.060791015625,scalar
events.out.tfevents.1771950289.0b5e3829cdda.1883.0,train/grad_norm,240,1771961824.0950704,0.038330078125,scalar
events.out.tfevents.1771950289.0b5e3829cdda.1883.0,train/grad_norm,245,1771962075.0836842,0.046630859375,scalar
events.out.tfevents.1771950289.0b5e3829cdda.1883.0,train/grad_norm,250,1771962299.7641225,0.043701171875,scalar
events.out.tfevents.1771950289.0b5e3829cdda.1883.0,train/grad_norm,255,1771962550.8878663,0.072265625,scalar
events.out.tfevents.1771950289.0b5e3829cdda.1883.0,train/grad_norm,260,1771962775.972952,0.0380859375,scalar
events.out.tfevents.1771950289.0b5e3829cdda.1883.0,train/grad_norm,265,1771963026.58761,0.04248046875,scalar
events.out.tfevents.1771950289.0b5e3829cdda.1883.0,train/grad_norm,270,1771963252.0734847,0.03759765625,scalar
events.out.tfevents.1771950289.0b5e3829cdda.1883.0,train/grad_norm,275,1771963503.5876505,0.043212890625,scalar
events.out.tfevents.1771950289.0b5e3829cdda.1883.0,train/grad_norm,280,1771963729.4563317,0.0498046875,scalar
events.out.tfevents.1771950289.0b5e3829cdda.1883.0,train/grad_norm,285,1771964012.1583562,0.051025390625,scalar
events.out.tfevents.1771950289.0b5e3829cdda.1883.0,train/grad_norm,290,1771964238.3128967,0.05126953125,scalar
events.out.tfevents.1771950289.0b5e3829cdda.1883.0,train/grad_norm,295,1771964489.3855028,0.07275390625,scalar
events.out.tfevents.1771950289.0b5e3829cdda.1883.0,train/grad_norm,300,1771964714.4578123,0.061767578125,scalar
events.out.tfevents.1771950289.0b5e3829cdda.1883.0,train/grad_norm,305,1771964965.3454828,0.04638671875,scalar
events.out.tfevents.1771950289.0b5e3829cdda.1883.0,train/grad_norm,310,1771965195.5465255,0.046875,scalar
events.out.tfevents.1771950289.0b5e3829cdda.1883.0,train/grad_norm,315,1771965449.8344367,0.05224609375,scalar
events.out.tfevents.1771950289.0b5e3829cdda.1883.0,train/grad_norm,320,1771965674.3277426,0.05224609375,scalar
events.out.tfevents.1771950289.0b5e3829cdda.1883.0,train/grad_norm,325,1771965928.9402952,0.03564453125,scalar
events.out.tfevents.1771950289.0b5e3829cdda.1883.0,train/grad_norm,330,1771966186.9851406,0.045654296875,scalar
events.out.tfevents.1771950289.0b5e3829cdda.1883.0,train/grad_norm,335,1771966448.7102075,0.03857421875,scalar
events.out.tfevents.1771950289.0b5e3829cdda.1883.0,train/grad_norm,340,1771966682.816102,0.040771484375,scalar
events.out.tfevents.1771950289.0b5e3829cdda.1883.0,train/grad_norm,345,1771966944.8396795,0.038330078125,scalar
events.out.tfevents.1771950289.0b5e3829cdda.1883.0,train/grad_norm,350,1771967179.107135,0.033935546875,scalar
events.out.tfevents.1771950289.0b5e3829cdda.1883.0,train/grad_norm,355,1771967440.0535257,0.04443359375,scalar
events.out.tfevents.1771950289.0b5e3829cdda.1883.0,train/grad_norm,360,1771967672.365973,0.035888671875,scalar
events.out.tfevents.1771950289.0b5e3829cdda.1883.0,train/grad_norm,365,1771967932.4728596,0.03564453125,scalar
events.out.tfevents.1771950289.0b5e3829cdda.1883.0,train/grad_norm,370,1771968164.6947315,0.041748046875,scalar
events.out.tfevents.1771950289.0b5e3829cdda.1883.0,train/grad_norm,375,1771968424.0356278,0.033447265625,scalar
events.out.tfevents.1771950289.0b5e3829cdda.1883.0,train/learning_rate,5,1771950520.158987,6.666666740784422e-05,scalar
events.out.tfevents.1771950289.0b5e3829cdda.1883.0,train/learning_rate,10,1771950744.6526048,0.0001500000071246177,scalar
events.out.tfevents.1771950289.0b5e3829cdda.1883.0,train/learning_rate,15,1771950997.6894572,0.00019890109251718968,scalar
events.out.tfevents.1771950289.0b5e3829cdda.1883.0,train/learning_rate,20,1771951222.95602,0.00019615385099314153,scalar
events.out.tfevents.1771950289.0b5e3829cdda.1883.0,train/learning_rate,25,1771951476.5649104,0.00019340659491717815,scalar
events.out.tfevents.1771950289.0b5e3829cdda.1883.0,train/learning_rate,30,1771951703.6781492,0.00019065933884121478,scalar
events.out.tfevents.1771950289.0b5e3829cdda.1883.0,train/learning_rate,35,1771951957.5929255,0.0001879120827652514,scalar
events.out.tfevents.1771950289.0b5e3829cdda.1883.0,train/learning_rate,40,1771952184.9774265,0.00018516484124120325,scalar
events.out.tfevents.1771950289.0b5e3829cdda.1883.0,train/learning_rate,45,1771952436.1970737,0.00018241758516523987,scalar
events.out.tfevents.1771950289.0b5e3829cdda.1883.0,train/learning_rate,50,1771952691.4863262,0.0001796703290892765,scalar
events.out.tfevents.1771950289.0b5e3829cdda.1883.0,train/learning_rate,55,1771952941.1623406,0.00017692307301331311,scalar
events.out.tfevents.1771950289.0b5e3829cdda.1883.0,train/learning_rate,60,1771953164.49003,0.00017417581693734974,scalar
events.out.tfevents.1771950289.0b5e3829cdda.1883.0,train/learning_rate,65,1771953413.8977246,0.0001714285754133016,scalar
events.out.tfevents.1771950289.0b5e3829cdda.1883.0,train/learning_rate,70,1771953637.9163375,0.0001686813193373382,scalar
events.out.tfevents.1771950289.0b5e3829cdda.1883.0,train/learning_rate,75,1771953886.6268117,0.00016593406326137483,scalar
events.out.tfevents.1771950289.0b5e3829cdda.1883.0,train/learning_rate,80,1771954110.5508676,0.00016318680718541145,scalar
events.out.tfevents.1771950289.0b5e3829cdda.1883.0,train/learning_rate,85,1771954359.4450867,0.0001604395656613633,scalar
events.out.tfevents.1771950289.0b5e3829cdda.1883.0,train/learning_rate,90,1771954583.7789104,0.00015769230958539993,scalar
events.out.tfevents.1771950289.0b5e3829cdda.1883.0,train/learning_rate,95,1771954861.9503663,0.00015494505350943655,scalar
events.out.tfevents.1771950289.0b5e3829cdda.1883.0,train/learning_rate,100,1771955086.6440895,0.00015219779743347317,scalar
events.out.tfevents.1771950289.0b5e3829cdda.1883.0,train/learning_rate,105,1771955335.6314924,0.00014945055590942502,scalar
events.out.tfevents.1771950289.0b5e3829cdda.1883.0,train/learning_rate,110,1771955559.178734,0.00014670329983346164,scalar
events.out.tfevents.1771950289.0b5e3829cdda.1883.0,train/learning_rate,115,1771955808.419331,0.00014395604375749826,scalar
events.out.tfevents.1771950289.0b5e3829cdda.1883.0,train/learning_rate,120,1771956031.0591235,0.00014120878768153489,scalar
events.out.tfevents.1771950289.0b5e3829cdda.1883.0,train/learning_rate,125,1771956280.26663,0.0001384615316055715,scalar
events.out.tfevents.1771950289.0b5e3829cdda.1883.0,train/learning_rate,130,1771956503.7563791,0.00013571429008152336,scalar
events.out.tfevents.1771950289.0b5e3829cdda.1883.0,train/learning_rate,135,1771956752.37232,0.00013296703400555998,scalar
events.out.tfevents.1771950289.0b5e3829cdda.1883.0,train/learning_rate,140,1771956975.5024612,0.0001302197779295966,scalar
events.out.tfevents.1771950289.0b5e3829cdda.1883.0,train/learning_rate,145,1771957254.9605873,0.00012747252185363322,scalar
events.out.tfevents.1771950289.0b5e3829cdda.1883.0,train/learning_rate,150,1771957478.449828,0.00012472528032958508,scalar
events.out.tfevents.1771950289.0b5e3829cdda.1883.0,train/learning_rate,155,1771957728.4267242,0.0001219780242536217,scalar
events.out.tfevents.1771950289.0b5e3829cdda.1883.0,train/learning_rate,160,1771957952.5469213,0.00011923076817765832,scalar
events.out.tfevents.1771950289.0b5e3829cdda.1883.0,train/learning_rate,165,1771958201.5173495,0.00011648351937765256,scalar
events.out.tfevents.1771950289.0b5e3829cdda.1883.0,train/learning_rate,170,1771958424.743407,0.00011373626330168918,scalar
events.out.tfevents.1771950289.0b5e3829cdda.1883.0,train/learning_rate,175,1771958673.7336576,0.00011098901450168341,scalar
events.out.tfevents.1771950289.0b5e3829cdda.1883.0,train/learning_rate,180,1771958896.0480387,0.00010824175842572004,scalar
events.out.tfevents.1771950289.0b5e3829cdda.1883.0,train/learning_rate,185,1771959144.5239847,0.00010549450234975666,scalar
events.out.tfevents.1771950289.0b5e3829cdda.1883.0,train/learning_rate,190,1771959399.8224325,0.0001027472535497509,scalar
events.out.tfevents.1771950289.0b5e3829cdda.1883.0,train/learning_rate,195,1771959660.0715966,9.999999747378752e-05,scalar
events.out.tfevents.1771950289.0b5e3829cdda.1883.0,train/learning_rate,200,1771959886.0284731,9.725274867378175e-05,scalar
events.out.tfevents.1771950289.0b5e3829cdda.1883.0,train/learning_rate,205,1771960136.061301,9.450549259781837e-05,scalar
events.out.tfevents.1771950289.0b5e3829cdda.1883.0,train/learning_rate,210,1771960361.452602,9.175824379781261e-05,scalar
events.out.tfevents.1771950289.0b5e3829cdda.1883.0,train/learning_rate,215,1771960612.4757993,8.901098772184923e-05,scalar
events.out.tfevents.1771950289.0b5e3829cdda.1883.0,train/learning_rate,220,1771960838.2477906,8.626373892184347e-05,scalar
events.out.tfevents.1771950289.0b5e3829cdda.1883.0,train/learning_rate,225,1771961088.9526799,8.351648284588009e-05,scalar
events.out.tfevents.1771950289.0b5e3829cdda.1883.0,train/learning_rate,230,1771961314.3143802,8.076923404587433e-05,scalar
events.out.tfevents.1771950289.0b5e3829cdda.1883.0,train/learning_rate,235,1771961559.933283,7.802197796991095e-05,scalar
events.out.tfevents.1771950289.0b5e3829cdda.1883.0,train/learning_rate,240,1771961824.0950863,7.527472189394757e-05,scalar
events.out.tfevents.1771950289.0b5e3829cdda.1883.0,train/learning_rate,245,1771962075.0837002,7.252747309394181e-05,scalar
events.out.tfevents.1771950289.0b5e3829cdda.1883.0,train/learning_rate,250,1771962299.7641387,6.978021701797843e-05,scalar
events.out.tfevents.1771950289.0b5e3829cdda.1883.0,train/learning_rate,255,1771962550.8878827,6.703296821797267e-05,scalar
events.out.tfevents.1771950289.0b5e3829cdda.1883.0,train/learning_rate,260,1771962775.9729683,6.428571214200929e-05,scalar
events.out.tfevents.1771950289.0b5e3829cdda.1883.0,train/learning_rate,265,1771963026.587626,6.153846334200352e-05,scalar
events.out.tfevents.1771950289.0b5e3829cdda.1883.0,train/learning_rate,270,1771963252.073501,5.8791207266040146e-05,scalar
events.out.tfevents.1771950289.0b5e3829cdda.1883.0,train/learning_rate,275,1771963503.5876665,5.6043954828055575e-05,scalar
events.out.tfevents.1771950289.0b5e3829cdda.1883.0,train/learning_rate,280,1771963729.4563465,5.3296702390071005e-05,scalar
events.out.tfevents.1771950289.0b5e3829cdda.1883.0,train/learning_rate,285,1771964012.1583736,5.0549449952086434e-05,scalar
events.out.tfevents.1771950289.0b5e3829cdda.1883.0,train/learning_rate,290,1771964238.3129208,4.780219751410186e-05,scalar
events.out.tfevents.1771950289.0b5e3829cdda.1883.0,train/learning_rate,295,1771964489.3855183,4.505494507611729e-05,scalar
events.out.tfevents.1771950289.0b5e3829cdda.1883.0,train/learning_rate,300,1771964714.4578292,4.230769263813272e-05,scalar
events.out.tfevents.1771950289.0b5e3829cdda.1883.0,train/learning_rate,305,1771964965.3454983,3.956044020014815e-05,scalar
events.out.tfevents.1771950289.0b5e3829cdda.1883.0,train/learning_rate,310,1771965195.5465412,3.681318776216358e-05,scalar
events.out.tfevents.1771950289.0b5e3829cdda.1883.0,train/learning_rate,315,1771965449.8344526,3.406593532417901e-05,scalar
events.out.tfevents.1771950289.0b5e3829cdda.1883.0,train/learning_rate,320,1771965674.3277588,3.131868288619444e-05,scalar
events.out.tfevents.1771950289.0b5e3829cdda.1883.0,train/learning_rate,325,1771965928.9403121,2.8571428629220463e-05,scalar
events.out.tfevents.1771950289.0b5e3829cdda.1883.0,train/learning_rate,330,1771966186.9851563,2.5824176191235892e-05,scalar
events.out.tfevents.1771950289.0b5e3829cdda.1883.0,train/learning_rate,335,1771966448.710224,2.307692375325132e-05,scalar
events.out.tfevents.1771950289.0b5e3829cdda.1883.0,train/learning_rate,340,1771966682.8161192,2.0329669496277347e-05,scalar
events.out.tfevents.1771950289.0b5e3829cdda.1883.0,train/learning_rate,345,1771966944.8396952,1.7582417058292776e-05,scalar
events.out.tfevents.1771950289.0b5e3829cdda.1883.0,train/learning_rate,350,1771967179.1071503,1.4835164620308205e-05,scalar
events.out.tfevents.1771950289.0b5e3829cdda.1883.0,train/learning_rate,355,1771967440.0535412,1.2087912182323635e-05,scalar
events.out.tfevents.1771950289.0b5e3829cdda.1883.0,train/learning_rate,360,1771967672.3659885,9.340659744339064e-06,scalar
events.out.tfevents.1771950289.0b5e3829cdda.1883.0,train/learning_rate,365,1771967932.472885,6.593406396859791e-06,scalar
events.out.tfevents.1771950289.0b5e3829cdda.1883.0,train/learning_rate,370,1771968164.6947477,3.84615395887522e-06,scalar
events.out.tfevents.1771950289.0b5e3829cdda.1883.0,train/learning_rate,375,1771968424.0356517,1.0989010661432985e-06,scalar
events.out.tfevents.1771950289.0b5e3829cdda.1883.0,train/entropy,5,1771950520.159002,1.1726127862930298,scalar
events.out.tfevents.1771950289.0b5e3829cdda.1883.0,train/entropy,10,1771950744.6526272,1.1764376163482666,scalar
events.out.tfevents.1771950289.0b5e3829cdda.1883.0,train/entropy,15,1771950997.689471,1.1579995155334473,scalar
events.out.tfevents.1771950289.0b5e3829cdda.1883.0,train/entropy,20,1771951222.9560335,1.1558703184127808,scalar
events.out.tfevents.1771950289.0b5e3829cdda.1883.0,train/entropy,25,1771951476.5649245,1.266006588935852,scalar
events.out.tfevents.1771950289.0b5e3829cdda.1883.0,train/entropy,30,1771951703.6781623,1.2774206399917603,scalar
events.out.tfevents.1771950289.0b5e3829cdda.1883.0,train/entropy,35,1771951957.5929394,1.2874654531478882,scalar
events.out.tfevents.1771950289.0b5e3829cdda.1883.0,train/entropy,40,1771952184.9774394,1.2895575761795044,scalar
events.out.tfevents.1771950289.0b5e3829cdda.1883.0,train/entropy,45,1771952436.197087,1.2966740131378174,scalar
events.out.tfevents.1771950289.0b5e3829cdda.1883.0,train/entropy,50,1771952691.48634,1.262885570526123,scalar
events.out.tfevents.1771950289.0b5e3829cdda.1883.0,train/entropy,55,1771952941.1623535,1.214805245399475,scalar
events.out.tfevents.1771950289.0b5e3829cdda.1883.0,train/entropy,60,1771953164.4900472,1.1963739395141602,scalar
events.out.tfevents.1771950289.0b5e3829cdda.1883.0,train/entropy,65,1771953413.8977377,1.1582578420639038,scalar
events.out.tfevents.1771950289.0b5e3829cdda.1883.0,train/entropy,70,1771953637.9163504,1.181318759918213,scalar
events.out.tfevents.1771950289.0b5e3829cdda.1883.0,train/entropy,75,1771953886.6268258,1.220494270324707,scalar
events.out.tfevents.1771950289.0b5e3829cdda.1883.0,train/entropy,80,1771954110.5508902,1.2616876363754272,scalar
events.out.tfevents.1771950289.0b5e3829cdda.1883.0,train/entropy,85,1771954359.4451067,1.2923877239227295,scalar
events.out.tfevents.1771950289.0b5e3829cdda.1883.0,train/entropy,90,1771954583.7789233,1.2996973991394043,scalar
events.out.tfevents.1771950289.0b5e3829cdda.1883.0,train/entropy,95,1771954861.9503796,1.3020436763763428,scalar
events.out.tfevents.1771950289.0b5e3829cdda.1883.0,train/entropy,100,1771955086.644102,1.2846461534500122,scalar
events.out.tfevents.1771950289.0b5e3829cdda.1883.0,train/entropy,105,1771955335.6315057,1.27576744556427,scalar
events.out.tfevents.1771950289.0b5e3829cdda.1883.0,train/entropy,110,1771955559.178748,1.269636869430542,scalar
events.out.tfevents.1771950289.0b5e3829cdda.1883.0,train/entropy,115,1771955808.4193456,1.2758680582046509,scalar
events.out.tfevents.1771950289.0b5e3829cdda.1883.0,train/entropy,120,1771956031.0591366,1.2648924589157104,scalar
events.out.tfevents.1771950289.0b5e3829cdda.1883.0,train/entropy,125,1771956280.2666426,1.2718404531478882,scalar
events.out.tfevents.1771950289.0b5e3829cdda.1883.0,train/entropy,130,1771956503.7563922,1.2705200910568237,scalar
events.out.tfevents.1771950289.0b5e3829cdda.1883.0,train/entropy,135,1771956752.372333,1.2681057453155518,scalar
events.out.tfevents.1771950289.0b5e3829cdda.1883.0,train/entropy,140,1771956975.502475,1.2690708637237549,scalar
events.out.tfevents.1771950289.0b5e3829cdda.1883.0,train/entropy,145,1771957254.9606001,1.2557672262191772,scalar
events.out.tfevents.1771950289.0b5e3829cdda.1883.0,train/entropy,150,1771957478.4498534,1.2499512434005737,scalar
events.out.tfevents.1771950289.0b5e3829cdda.1883.0,train/entropy,155,1771957728.4267366,1.2398008108139038,scalar
events.out.tfevents.1771950289.0b5e3829cdda.1883.0,train/entropy,160,1771957952.546935,1.232634425163269,scalar
events.out.tfevents.1771950289.0b5e3829cdda.1883.0,train/entropy,165,1771958201.5173619,1.2445449829101562,scalar
events.out.tfevents.1771950289.0b5e3829cdda.1883.0,train/entropy,170,1771958424.7434201,1.245383381843567,scalar
events.out.tfevents.1771950289.0b5e3829cdda.1883.0,train/entropy,175,1771958673.7336707,1.23195481300354,scalar
events.out.tfevents.1771950289.0b5e3829cdda.1883.0,train/entropy,180,1771958896.0480573,1.2397013902664185,scalar
events.out.tfevents.1771950289.0b5e3829cdda.1883.0,train/entropy,185,1771959144.523998,1.242432951927185,scalar
events.out.tfevents.1771950289.0b5e3829cdda.1883.0,train/entropy,190,1771959399.8224459,1.2460451126098633,scalar
events.out.tfevents.1771950289.0b5e3829cdda.1883.0,train/entropy,195,1771959660.07161,1.2405914068222046,scalar
events.out.tfevents.1771950289.0b5e3829cdda.1883.0,train/entropy,200,1771959886.0284863,1.2379851341247559,scalar
events.out.tfevents.1771950289.0b5e3829cdda.1883.0,train/entropy,205,1771960136.0613143,1.2324522733688354,scalar
events.out.tfevents.1771950289.0b5e3829cdda.1883.0,train/entropy,210,1771960361.452615,1.2337857484817505,scalar
events.out.tfevents.1771950289.0b5e3829cdda.1883.0,train/entropy,215,1771960612.4758184,1.256624460220337,scalar
events.out.tfevents.1771950289.0b5e3829cdda.1883.0,train/entropy,220,1771960838.2478106,1.2346572875976562,scalar
events.out.tfevents.1771950289.0b5e3829cdda.1883.0,train/entropy,225,1771961088.9526932,1.228487491607666,scalar
events.out.tfevents.1771950289.0b5e3829cdda.1883.0,train/entropy,230,1771961314.314393,1.2406758069992065,scalar
events.out.tfevents.1771950289.0b5e3829cdda.1883.0,train/entropy,235,1771961559.9332962,1.2431458234786987,scalar
events.out.tfevents.1771950289.0b5e3829cdda.1883.0,train/entropy,240,1771961824.0950997,1.2248480319976807,scalar
events.out.tfevents.1771950289.0b5e3829cdda.1883.0,train/entropy,245,1771962075.083714,1.226076364517212,scalar
events.out.tfevents.1771950289.0b5e3829cdda.1883.0,train/entropy,250,1771962299.7641523,1.2174065113067627,scalar
events.out.tfevents.1771950289.0b5e3829cdda.1883.0,train/entropy,255,1771962550.8878963,1.2156096696853638,scalar
events.out.tfevents.1771950289.0b5e3829cdda.1883.0,train/entropy,260,1771962775.9729817,1.2323943376541138,scalar
events.out.tfevents.1771950289.0b5e3829cdda.1883.0,train/entropy,265,1771963026.587639,1.229081630706787,scalar
events.out.tfevents.1771950289.0b5e3829cdda.1883.0,train/entropy,270,1771963252.0735147,1.211829423904419,scalar
events.out.tfevents.1771950289.0b5e3829cdda.1883.0,train/entropy,275,1771963503.5876791,1.2093405723571777,scalar
events.out.tfevents.1771950289.0b5e3829cdda.1883.0,train/entropy,280,1771963729.4563591,1.2192720174789429,scalar
events.out.tfevents.1771950289.0b5e3829cdda.1883.0,train/entropy,285,1771964012.1583884,1.215557336807251,scalar
events.out.tfevents.1771950289.0b5e3829cdda.1883.0,train/entropy,290,1771964238.3129413,1.209208607673645,scalar
events.out.tfevents.1771950289.0b5e3829cdda.1883.0,train/entropy,295,1771964489.3855307,1.2126140594482422,scalar
events.out.tfevents.1771950289.0b5e3829cdda.1883.0,train/entropy,300,1771964714.45786,1.2054673433303833,scalar
events.out.tfevents.1771950289.0b5e3829cdda.1883.0,train/entropy,305,1771964965.3455114,1.2092845439910889,scalar
events.out.tfevents.1771950289.0b5e3829cdda.1883.0,train/entropy,310,1771965195.546554,1.2146791219711304,scalar
events.out.tfevents.1771950289.0b5e3829cdda.1883.0,train/entropy,315,1771965449.834466,1.202862024307251,scalar
events.out.tfevents.1771950289.0b5e3829cdda.1883.0,train/entropy,320,1771965674.3277717,1.2085901498794556,scalar
events.out.tfevents.1771950289.0b5e3829cdda.1883.0,train/entropy,325,1771965928.940326,1.197582721710205,scalar
events.out.tfevents.1771950289.0b5e3829cdda.1883.0,train/entropy,330,1771966186.9851694,1.202993631362915,scalar
events.out.tfevents.1771950289.0b5e3829cdda.1883.0,train/entropy,335,1771966448.710237,1.2103320360183716,scalar
events.out.tfevents.1771950289.0b5e3829cdda.1883.0,train/entropy,340,1771966682.8161325,1.2001774311065674,scalar
events.out.tfevents.1771950289.0b5e3829cdda.1883.0,train/entropy,345,1771966944.8397086,1.1988770961761475,scalar
events.out.tfevents.1771950289.0b5e3829cdda.1883.0,train/entropy,350,1771967179.1071632,1.1973410844802856,scalar
events.out.tfevents.1771950289.0b5e3829cdda.1883.0,train/entropy,355,1771967440.0535538,1.198173999786377,scalar
events.out.tfevents.1771950289.0b5e3829cdda.1883.0,train/entropy,360,1771967672.3660016,1.2137378454208374,scalar
events.out.tfevents.1771950289.0b5e3829cdda.1883.0,train/entropy,365,1771967932.4728997,1.1926835775375366,scalar
events.out.tfevents.1771950289.0b5e3829cdda.1883.0,train/entropy,370,1771968164.694761,1.2054141759872437,scalar
events.out.tfevents.1771950289.0b5e3829cdda.1883.0,train/entropy,375,1771968424.0356674,1.2072291374206543,scalar
events.out.tfevents.1771950289.0b5e3829cdda.1883.0,train/entropy,376,1771968498.7634232,1.2170743942260742,scalar
events.out.tfevents.1771950289.0b5e3829cdda.1883.0,train/num_tokens,5,1771950520.159016,137757.0,scalar
events.out.tfevents.1771950289.0b5e3829cdda.1883.0,train/num_tokens,10,1771950744.652643,275517.0,scalar
events.out.tfevents.1771950289.0b5e3829cdda.1883.0,train/num_tokens,15,1771950997.6894848,413277.0,scalar
events.out.tfevents.1771950289.0b5e3829cdda.1883.0,train/num_tokens,20,1771951222.9560456,551037.0,scalar
events.out.tfevents.1771950289.0b5e3829cdda.1883.0,train/num_tokens,25,1771951476.564937,688793.0,scalar
events.out.tfevents.1771950289.0b5e3829cdda.1883.0,train/num_tokens,30,1771951703.6781752,826545.0,scalar
events.out.tfevents.1771950289.0b5e3829cdda.1883.0,train/num_tokens,35,1771951957.5929515,964304.0,scalar
events.out.tfevents.1771950289.0b5e3829cdda.1883.0,train/num_tokens,40,1771952184.977451,1102057.0,scalar
events.out.tfevents.1771950289.0b5e3829cdda.1883.0,train/num_tokens,45,1771952436.1970997,1239817.0,scalar
events.out.tfevents.1771950289.0b5e3829cdda.1883.0,train/num_tokens,50,1771952691.4863522,1374131.0,scalar
events.out.tfevents.1771950289.0b5e3829cdda.1883.0,train/num_tokens,55,1771952941.1623647,1511881.0,scalar
events.out.tfevents.1771950289.0b5e3829cdda.1883.0,train/num_tokens,60,1771953164.4900599,1649641.0,scalar
events.out.tfevents.1771950289.0b5e3829cdda.1883.0,train/num_tokens,65,1771953413.8977492,1787398.0,scalar
events.out.tfevents.1771950289.0b5e3829cdda.1883.0,train/num_tokens,70,1771953637.9163623,1925157.0,scalar
events.out.tfevents.1771950289.0b5e3829cdda.1883.0,train/num_tokens,75,1771953886.6268377,2062914.0,scalar
events.out.tfevents.1771950289.0b5e3829cdda.1883.0,train/num_tokens,80,1771954110.5509083,2200674.0,scalar
events.out.tfevents.1771950289.0b5e3829cdda.1883.0,train/num_tokens,85,1771954359.445119,2338433.0,scalar
events.out.tfevents.1771950289.0b5e3829cdda.1883.0,train/num_tokens,90,1771954583.7789352,2476190.0,scalar
events.out.tfevents.1771950289.0b5e3829cdda.1883.0,train/num_tokens,95,1771954861.950391,2610506.0,scalar
events.out.tfevents.1771950289.0b5e3829cdda.1883.0,train/num_tokens,100,1771955086.644114,2748263.0,scalar
events.out.tfevents.1771950289.0b5e3829cdda.1883.0,train/num_tokens,105,1771955335.631518,2886023.0,scalar
events.out.tfevents.1771950289.0b5e3829cdda.1883.0,train/num_tokens,110,1771955559.1787603,3023779.0,scalar
events.out.tfevents.1771950289.0b5e3829cdda.1883.0,train/num_tokens,115,1771955808.4193575,3161530.0,scalar
events.out.tfevents.1771950289.0b5e3829cdda.1883.0,train/num_tokens,120,1771956031.0591486,3299289.0,scalar
events.out.tfevents.1771950289.0b5e3829cdda.1883.0,train/num_tokens,125,1771956280.266654,3437047.0,scalar
events.out.tfevents.1771950289.0b5e3829cdda.1883.0,train/num_tokens,130,1771956503.7564042,3574806.0,scalar
events.out.tfevents.1771950289.0b5e3829cdda.1883.0,train/num_tokens,135,1771956752.3723454,3712565.0,scalar
events.out.tfevents.1771950289.0b5e3829cdda.1883.0,train/num_tokens,140,1771956975.502488,3850323.0,scalar
events.out.tfevents.1771950289.0b5e3829cdda.1883.0,train/num_tokens,145,1771957254.960612,3984639.0,scalar
events.out.tfevents.1771950289.0b5e3829cdda.1883.0,train/num_tokens,150,1771957478.4498668,4122395.0,scalar
events.out.tfevents.1771950289.0b5e3829cdda.1883.0,train/num_tokens,155,1771957728.4267483,4260155.0,scalar
events.out.tfevents.1771950289.0b5e3829cdda.1883.0,train/num_tokens,160,1771957952.5469475,4397912.0,scalar
events.out.tfevents.1771950289.0b5e3829cdda.1883.0,train/num_tokens,165,1771958201.5173745,4535670.0,scalar
events.out.tfevents.1771950289.0b5e3829cdda.1883.0,train/num_tokens,170,1771958424.7434323,4673429.0,scalar
events.out.tfevents.1771950289.0b5e3829cdda.1883.0,train/num_tokens,175,1771958673.7336822,4811186.0,scalar
events.out.tfevents.1771950289.0b5e3829cdda.1883.0,train/num_tokens,180,1771958896.0480692,4948937.0,scalar
events.out.tfevents.1771950289.0b5e3829cdda.1883.0,train/num_tokens,185,1771959144.5240097,5086697.0,scalar
events.out.tfevents.1771950289.0b5e3829cdda.1883.0,train/num_tokens,190,1771959399.822458,5221012.0,scalar
events.out.tfevents.1771950289.0b5e3829cdda.1883.0,train/num_tokens,195,1771959660.0716224,5358772.0,scalar
events.out.tfevents.1771950289.0b5e3829cdda.1883.0,train/num_tokens,200,1771959886.0284984,5496528.0,scalar
events.out.tfevents.1771950289.0b5e3829cdda.1883.0,train/num_tokens,205,1771960136.0613258,5634288.0,scalar
events.out.tfevents.1771950289.0b5e3829cdda.1883.0,train/num_tokens,210,1771960361.452627,5772044.0,scalar
events.out.tfevents.1771950289.0b5e3829cdda.1883.0,train/num_tokens,215,1771960612.4758356,5909803.0,scalar
events.out.tfevents.1771950289.0b5e3829cdda.1883.0,train/num_tokens,220,1771960838.2478237,6047561.0,scalar
events.out.tfevents.1771950289.0b5e3829cdda.1883.0,train/num_tokens,225,1771961088.952705,6185316.0,scalar
events.out.tfevents.1771950289.0b5e3829cdda.1883.0,train/num_tokens,230,1771961314.314405,6323071.0,scalar
events.out.tfevents.1771950289.0b5e3829cdda.1883.0,train/num_tokens,235,1771961559.9333084,6457385.0,scalar
events.out.tfevents.1771950289.0b5e3829cdda.1883.0,train/num_tokens,240,1771961824.0951114,6595137.0,scalar
events.out.tfevents.1771950289.0b5e3829cdda.1883.0,train/num_tokens,245,1771962075.0837262,6732897.0,scalar
events.out.tfevents.1771950289.0b5e3829cdda.1883.0,train/num_tokens,250,1771962299.7641668,6870657.0,scalar
events.out.tfevents.1771950289.0b5e3829cdda.1883.0,train/num_tokens,255,1771962550.8879168,7008417.0,scalar
events.out.tfevents.1771950289.0b5e3829cdda.1883.0,train/num_tokens,260,1771962775.973,7146175.0,scalar
events.out.tfevents.1771950289.0b5e3829cdda.1883.0,train/num_tokens,265,1771963026.5876508,7283933.0,scalar
events.out.tfevents.1771950289.0b5e3829cdda.1883.0,train/num_tokens,270,1771963252.0735266,7421688.0,scalar
events.out.tfevents.1771950289.0b5e3829cdda.1883.0,train/num_tokens,275,1771963503.5876908,7559447.0,scalar
events.out.tfevents.1771950289.0b5e3829cdda.1883.0,train/num_tokens,280,1771963729.4563706,7697203.0,scalar
events.out.tfevents.1771950289.0b5e3829cdda.1883.0,train/num_tokens,285,1771964012.1584017,7831517.0,scalar
events.out.tfevents.1771950289.0b5e3829cdda.1883.0,train/num_tokens,290,1771964238.3129532,7969277.0,scalar
events.out.tfevents.1771950289.0b5e3829cdda.1883.0,train/num_tokens,295,1771964489.3855422,8107035.0,scalar
events.out.tfevents.1771950289.0b5e3829cdda.1883.0,train/num_tokens,300,1771964714.457879,8244795.0,scalar
events.out.tfevents.1771950289.0b5e3829cdda.1883.0,train/num_tokens,305,1771964965.3455229,8382552.0,scalar
events.out.tfevents.1771950289.0b5e3829cdda.1883.0,train/num_tokens,310,1771965195.5465658,8520306.0,scalar
events.out.tfevents.1771950289.0b5e3829cdda.1883.0,train/num_tokens,315,1771965449.8344786,8658063.0,scalar
events.out.tfevents.1771950289.0b5e3829cdda.1883.0,train/num_tokens,320,1771965674.3277829,8795818.0,scalar
events.out.tfevents.1771950289.0b5e3829cdda.1883.0,train/num_tokens,325,1771965928.9403377,8933575.0,scalar
events.out.tfevents.1771950289.0b5e3829cdda.1883.0,train/num_tokens,330,1771966186.9851813,9067891.0,scalar
events.out.tfevents.1771950289.0b5e3829cdda.1883.0,train/num_tokens,335,1771966448.71025,9205647.0,scalar
events.out.tfevents.1771950289.0b5e3829cdda.1883.0,train/num_tokens,340,1771966682.8161447,9343406.0,scalar
events.out.tfevents.1771950289.0b5e3829cdda.1883.0,train/num_tokens,345,1771966944.8397214,9481165.0,scalar
events.out.tfevents.1771950289.0b5e3829cdda.1883.0,train/num_tokens,350,1771967179.1071746,9618919.0,scalar
events.out.tfevents.1771950289.0b5e3829cdda.1883.0,train/num_tokens,355,1771967440.0535657,9756679.0,scalar
events.out.tfevents.1771950289.0b5e3829cdda.1883.0,train/num_tokens,360,1771967672.3660135,9894430.0,scalar
events.out.tfevents.1771950289.0b5e3829cdda.1883.0,train/num_tokens,365,1771967932.4729111,10032190.0,scalar
events.out.tfevents.1771950289.0b5e3829cdda.1883.0,train/num_tokens,370,1771968164.6947727,10169948.0,scalar
events.out.tfevents.1771950289.0b5e3829cdda.1883.0,train/num_tokens,375,1771968424.03568,10307708.0,scalar
events.out.tfevents.1771950289.0b5e3829cdda.1883.0,train/num_tokens,376,1771968498.7634344,10331816.0,scalar
events.out.tfevents.1771950289.0b5e3829cdda.1883.0,train/mean_token_accuracy,5,1771950520.159029,0.7202569246292114,scalar
events.out.tfevents.1771950289.0b5e3829cdda.1883.0,train/mean_token_accuracy,10,1771950744.6526554,0.7501630187034607,scalar
events.out.tfevents.1771950289.0b5e3829cdda.1883.0,train/mean_token_accuracy,15,1771950997.689496,0.7673550844192505,scalar
events.out.tfevents.1771950289.0b5e3829cdda.1883.0,train/mean_token_accuracy,20,1771951222.9560568,0.7789311408996582,scalar
events.out.tfevents.1771950289.0b5e3829cdda.1883.0,train/mean_token_accuracy,25,1771951476.5649493,0.790744423866272,scalar
events.out.tfevents.1771950289.0b5e3829cdda.1883.0,train/mean_token_accuracy,30,1771951703.6781874,0.7956783175468445,scalar
events.out.tfevents.1771950289.0b5e3829cdda.1883.0,train/mean_token_accuracy,35,1771951957.5929632,0.8001778721809387,scalar
events.out.tfevents.1771950289.0b5e3829cdda.1883.0,train/mean_token_accuracy,40,1771952184.9774623,0.8039981722831726,scalar
events.out.tfevents.1771950289.0b5e3829cdda.1883.0,train/mean_token_accuracy,45,1771952436.1971116,0.8065398335456848,scalar
events.out.tfevents.1771950289.0b5e3829cdda.1883.0,train/mean_token_accuracy,50,1771952691.4863641,0.8095989227294922,scalar
events.out.tfevents.1771950289.0b5e3829cdda.1883.0,train/mean_token_accuracy,55,1771952941.1623755,0.812501072883606,scalar
events.out.tfevents.1771950289.0b5e3829cdda.1883.0,train/mean_token_accuracy,60,1771953164.490072,0.8115217089653015,scalar
events.out.tfevents.1771950289.0b5e3829cdda.1883.0,train/mean_token_accuracy,65,1771953413.89776,0.8137758374214172,scalar
events.out.tfevents.1771950289.0b5e3829cdda.1883.0,train/mean_token_accuracy,70,1771953637.9163735,0.8142539262771606,scalar
events.out.tfevents.1771950289.0b5e3829cdda.1883.0,train/mean_token_accuracy,75,1771953886.6268616,0.8192477226257324,scalar
events.out.tfevents.1771950289.0b5e3829cdda.1883.0,train/mean_token_accuracy,80,1771954110.550926,0.8192028999328613,scalar
events.out.tfevents.1771950289.0b5e3829cdda.1883.0,train/mean_token_accuracy,85,1771954359.4451303,0.8193990588188171,scalar
events.out.tfevents.1771950289.0b5e3829cdda.1883.0,train/mean_token_accuracy,90,1771954583.7789469,0.8213852643966675,scalar
events.out.tfevents.1771950289.0b5e3829cdda.1883.0,train/mean_token_accuracy,95,1771954861.950402,0.8223522901535034,scalar
events.out.tfevents.1771950289.0b5e3829cdda.1883.0,train/mean_token_accuracy,100,1771955086.6441245,0.8245367407798767,scalar
events.out.tfevents.1771950289.0b5e3829cdda.1883.0,train/mean_token_accuracy,105,1771955335.6315293,0.8265761137008667,scalar
events.out.tfevents.1771950289.0b5e3829cdda.1883.0,train/mean_token_accuracy,110,1771955559.178772,0.8244616985321045,scalar
events.out.tfevents.1771950289.0b5e3829cdda.1883.0,train/mean_token_accuracy,115,1771955808.4193707,0.824284553527832,scalar
events.out.tfevents.1771950289.0b5e3829cdda.1883.0,train/mean_token_accuracy,120,1771956031.0591602,0.8272613883018494,scalar
events.out.tfevents.1771950289.0b5e3829cdda.1883.0,train/mean_token_accuracy,125,1771956280.2666645,0.8264975547790527,scalar
events.out.tfevents.1771950289.0b5e3829cdda.1883.0,train/mean_token_accuracy,130,1771956503.7564158,0.8275333642959595,scalar
events.out.tfevents.1771950289.0b5e3829cdda.1883.0,train/mean_token_accuracy,135,1771956752.3723567,0.8249967694282532,scalar
events.out.tfevents.1771950289.0b5e3829cdda.1883.0,train/mean_token_accuracy,140,1771956975.5024998,0.8280373811721802,scalar
events.out.tfevents.1771950289.0b5e3829cdda.1883.0,train/mean_token_accuracy,145,1771957254.9606233,0.8297473192214966,scalar
events.out.tfevents.1771950289.0b5e3829cdda.1883.0,train/mean_token_accuracy,150,1771957478.4498787,0.8311471939086914,scalar
events.out.tfevents.1771950289.0b5e3829cdda.1883.0,train/mean_token_accuracy,155,1771957728.4267595,0.8312681317329407,scalar
events.out.tfevents.1771950289.0b5e3829cdda.1883.0,train/mean_token_accuracy,160,1771957952.546959,0.8333057165145874,scalar
events.out.tfevents.1771950289.0b5e3829cdda.1883.0,train/mean_token_accuracy,165,1771958201.5173855,0.8329111933708191,scalar
events.out.tfevents.1771950289.0b5e3829cdda.1883.0,train/mean_token_accuracy,170,1771958424.7434437,0.8324971795082092,scalar
events.out.tfevents.1771950289.0b5e3829cdda.1883.0,train/mean_token_accuracy,175,1771958673.7336936,0.8322734832763672,scalar
events.out.tfevents.1771950289.0b5e3829cdda.1883.0,train/mean_token_accuracy,180,1771958896.0480807,0.8314774632453918,scalar
events.out.tfevents.1771950289.0b5e3829cdda.1883.0,train/mean_token_accuracy,185,1771959144.5240207,0.8312137722969055,scalar
events.out.tfevents.1771950289.0b5e3829cdda.1883.0,train/mean_token_accuracy,190,1771959399.8224695,0.8354299664497375,scalar
events.out.tfevents.1771950289.0b5e3829cdda.1883.0,train/mean_token_accuracy,195,1771959660.0716345,0.8362681269645691,scalar
events.out.tfevents.1771950289.0b5e3829cdda.1883.0,train/mean_token_accuracy,200,1771959886.0285099,0.8347712755203247,scalar
events.out.tfevents.1771950289.0b5e3829cdda.1883.0,train/mean_token_accuracy,205,1771960136.0613372,0.8359057903289795,scalar
events.out.tfevents.1771950289.0b5e3829cdda.1883.0,train/mean_token_accuracy,210,1771960361.4526381,0.8354049324989319,scalar
events.out.tfevents.1771950289.0b5e3829cdda.1883.0,train/mean_token_accuracy,215,1771960612.47587,0.8380227088928223,scalar
events.out.tfevents.1771950289.0b5e3829cdda.1883.0,train/mean_token_accuracy,220,1771960838.2478356,0.8373486995697021,scalar
events.out.tfevents.1771950289.0b5e3829cdda.1883.0,train/mean_token_accuracy,225,1771961088.9527164,0.8375022411346436,scalar
events.out.tfevents.1771950289.0b5e3829cdda.1883.0,train/mean_token_accuracy,230,1771961314.3144162,0.8369415998458862,scalar
events.out.tfevents.1771950289.0b5e3829cdda.1883.0,train/mean_token_accuracy,235,1771961559.93332,0.837340772151947,scalar
events.out.tfevents.1771950289.0b5e3829cdda.1883.0,train/mean_token_accuracy,240,1771961824.095123,0.8390340209007263,scalar
events.out.tfevents.1771950289.0b5e3829cdda.1883.0,train/mean_token_accuracy,245,1771962075.0837374,0.8399456739425659,scalar
events.out.tfevents.1771950289.0b5e3829cdda.1883.0,train/mean_token_accuracy,250,1771962299.7641785,0.8384239077568054,scalar
events.out.tfevents.1771950289.0b5e3829cdda.1883.0,train/mean_token_accuracy,255,1771962550.8879287,0.8401086926460266,scalar
events.out.tfevents.1771950289.0b5e3829cdda.1883.0,train/mean_token_accuracy,260,1771962775.973012,0.8383097052574158,scalar
events.out.tfevents.1771950289.0b5e3829cdda.1883.0,train/mean_token_accuracy,265,1771963026.5876634,0.8380376100540161,scalar
events.out.tfevents.1771950289.0b5e3829cdda.1883.0,train/mean_token_accuracy,270,1771963252.073538,0.8414714336395264,scalar
events.out.tfevents.1771950289.0b5e3829cdda.1883.0,train/mean_token_accuracy,275,1771963503.587702,0.8416277766227722,scalar
events.out.tfevents.1771950289.0b5e3829cdda.1883.0,train/mean_token_accuracy,280,1771963729.4563813,0.8416920304298401,scalar
events.out.tfevents.1771950289.0b5e3829cdda.1883.0,train/mean_token_accuracy,285,1771964012.1584134,0.8419113755226135,scalar
events.out.tfevents.1771950289.0b5e3829cdda.1883.0,train/mean_token_accuracy,290,1771964238.312965,0.8392934799194336,scalar
events.out.tfevents.1771950289.0b5e3829cdda.1883.0,train/mean_token_accuracy,295,1771964489.3855534,0.8429476618766785,scalar
events.out.tfevents.1771950289.0b5e3829cdda.1883.0,train/mean_token_accuracy,300,1771964714.4578972,0.8431521654129028,scalar
events.out.tfevents.1771950289.0b5e3829cdda.1883.0,train/mean_token_accuracy,305,1771964965.3455338,0.8415853977203369,scalar
events.out.tfevents.1771950289.0b5e3829cdda.1883.0,train/mean_token_accuracy,310,1771965195.546577,0.8414503931999207,scalar
events.out.tfevents.1771950289.0b5e3829cdda.1883.0,train/mean_token_accuracy,315,1771965449.8344898,0.8415858149528503,scalar
events.out.tfevents.1771950289.0b5e3829cdda.1883.0,train/mean_token_accuracy,320,1771965674.3277938,0.8431562781333923,scalar
events.out.tfevents.1771950289.0b5e3829cdda.1883.0,train/mean_token_accuracy,325,1771965928.9403486,0.8441950678825378,scalar
events.out.tfevents.1771950289.0b5e3829cdda.1883.0,train/mean_token_accuracy,330,1771966186.9852,0.8413786888122559,scalar
events.out.tfevents.1771950289.0b5e3829cdda.1883.0,train/mean_token_accuracy,335,1771966448.710262,0.8458406329154968,scalar
events.out.tfevents.1771950289.0b5e3829cdda.1883.0,train/mean_token_accuracy,340,1771966682.816156,0.8413375616073608,scalar
events.out.tfevents.1771950289.0b5e3829cdda.1883.0,train/mean_token_accuracy,345,1771966944.8397336,0.8453232645988464,scalar
events.out.tfevents.1771950289.0b5e3829cdda.1883.0,train/mean_token_accuracy,350,1771967179.1071854,0.8436058163642883,scalar
events.out.tfevents.1771950289.0b5e3829cdda.1883.0,train/mean_token_accuracy,355,1771967440.0535765,0.8451630473136902,scalar
events.out.tfevents.1771950289.0b5e3829cdda.1883.0,train/mean_token_accuracy,360,1771967672.3660247,0.8450456261634827,scalar
events.out.tfevents.1771950289.0b5e3829cdda.1883.0,train/mean_token_accuracy,365,1771967932.4729226,0.8432790040969849,scalar
events.out.tfevents.1771950289.0b5e3829cdda.1883.0,train/mean_token_accuracy,370,1771968164.6947844,0.8439438343048096,scalar
events.out.tfevents.1771950289.0b5e3829cdda.1883.0,train/mean_token_accuracy,375,1771968424.0356915,0.8458152413368225,scalar
events.out.tfevents.1771950289.0b5e3829cdda.1883.0,train/mean_token_accuracy,376,1771968498.763445,0.8387163877487183,scalar
events.out.tfevents.1771950289.0b5e3829cdda.1883.0,train/epoch,5,1771950520.1590412,0.1066666692495346,scalar
events.out.tfevents.1771950289.0b5e3829cdda.1883.0,train/epoch,10,1771950744.652667,0.2133333384990692,scalar
events.out.tfevents.1771950289.0b5e3829cdda.1883.0,train/epoch,10,1771950771.781078,0.2133333384990692,scalar
events.out.tfevents.1771950289.0b5e3829cdda.1883.0,train/epoch,15,1771950997.689507,0.3199999928474426,scalar
events.out.tfevents.1771950289.0b5e3829cdda.1883.0,train/epoch,20,1771951222.9560678,0.4266666769981384,scalar
events.out.tfevents.1771950289.0b5e3829cdda.1883.0,train/epoch,20,1771951249.9695857,0.4266666769981384,scalar
events.out.tfevents.1771950289.0b5e3829cdda.1883.0,train/epoch,25,1771951476.5649605,0.5333333611488342,scalar
events.out.tfevents.1771950289.0b5e3829cdda.1883.0,train/epoch,30,1771951703.6782007,0.6399999856948853,scalar
events.out.tfevents.1771950289.0b5e3829cdda.1883.0,train/epoch,30,1771951731.1313655,0.6399999856948853,scalar
events.out.tfevents.1771950289.0b5e3829cdda.1883.0,train/epoch,35,1771951957.5929816,0.746666669845581,scalar
events.out.tfevents.1771950289.0b5e3829cdda.1883.0,train/epoch,40,1771952184.9774737,0.8533333539962769,scalar
events.out.tfevents.1771950289.0b5e3829cdda.1883.0,train/epoch,40,1771952212.6036353,0.8533333539962769,scalar
events.out.tfevents.1771950289.0b5e3829cdda.1883.0,train/epoch,45,1771952436.1971228,0.9599999785423279,scalar
events.out.tfevents.1771950289.0b5e3829cdda.1883.0,train/epoch,50,1771952691.4863753,1.0640000104904175,scalar
events.out.tfevents.1771950289.0b5e3829cdda.1883.0,train/epoch,50,1771952718.782481,1.0640000104904175,scalar
events.out.tfevents.1771950289.0b5e3829cdda.1883.0,train/epoch,55,1771952941.1623857,1.1706666946411133,scalar
events.out.tfevents.1771950289.0b5e3829cdda.1883.0,train/epoch,60,1771953164.490084,1.277333378791809,scalar
events.out.tfevents.1771950289.0b5e3829cdda.1883.0,train/epoch,60,1771953192.0545452,1.277333378791809,scalar
events.out.tfevents.1771950289.0b5e3829cdda.1883.0,train/epoch,65,1771953413.8977706,1.3839999437332153,scalar
events.out.tfevents.1771950289.0b5e3829cdda.1883.0,train/epoch,70,1771953637.9163842,1.4906666278839111,scalar
events.out.tfevents.1771950289.0b5e3829cdda.1883.0,train/epoch,70,1771953665.0697563,1.4906666278839111,scalar
events.out.tfevents.1771950289.0b5e3829cdda.1883.0,train/epoch,75,1771953886.6268728,1.597333312034607,scalar
events.out.tfevents.1771950289.0b5e3829cdda.1883.0,train/epoch,80,1771954110.5509431,1.7039999961853027,scalar
events.out.tfevents.1771950289.0b5e3829cdda.1883.0,train/epoch,80,1771954137.6634834,1.7039999961853027,scalar
events.out.tfevents.1771950289.0b5e3829cdda.1883.0,train/epoch,85,1771954359.4451413,1.8106666803359985,scalar
events.out.tfevents.1771950289.0b5e3829cdda.1883.0,train/epoch,90,1771954583.778958,1.9173333644866943,scalar
events.out.tfevents.1771950289.0b5e3829cdda.1883.0,train/epoch,90,1771954610.819182,1.9173333644866943,scalar
events.out.tfevents.1771950289.0b5e3829cdda.1883.0,train/epoch,95,1771954861.9504132,2.0213332176208496,scalar
events.out.tfevents.1771950289.0b5e3829cdda.1883.0,train/epoch,100,1771955086.6441352,2.128000020980835,scalar
events.out.tfevents.1771950289.0b5e3829cdda.1883.0,train/epoch,100,1771955113.7673893,2.128000020980835,scalar
events.out.tfevents.1771950289.0b5e3829cdda.1883.0,train/epoch,105,1771955335.6315405,2.234666585922241,scalar
events.out.tfevents.1771950289.0b5e3829cdda.1883.0,train/epoch,110,1771955559.178783,2.3413333892822266,scalar
events.out.tfevents.1771950289.0b5e3829cdda.1883.0,train/epoch,110,1771955586.243507,2.3413333892822266,scalar
events.out.tfevents.1771950289.0b5e3829cdda.1883.0,train/epoch,115,1771955808.419383,2.447999954223633,scalar
events.out.tfevents.1771950289.0b5e3829cdda.1883.0,train/epoch,120,1771956031.059171,2.554666757583618,scalar
events.out.tfevents.1771950289.0b5e3829cdda.1883.0,train/epoch,120,1771956058.5783403,2.554666757583618,scalar
events.out.tfevents.1771950289.0b5e3829cdda.1883.0,train/epoch,125,1771956280.266675,2.6613333225250244,scalar
events.out.tfevents.1771950289.0b5e3829cdda.1883.0,train/epoch,130,1771956503.7564263,2.7679998874664307,scalar
events.out.tfevents.1771950289.0b5e3829cdda.1883.0,train/epoch,130,1771956531.0157914,2.7679998874664307,scalar
events.out.tfevents.1771950289.0b5e3829cdda.1883.0,train/epoch,135,1771956752.3723676,2.874666690826416,scalar
events.out.tfevents.1771950289.0b5e3829cdda.1883.0,train/epoch,140,1771956975.5025108,2.9813332557678223,scalar
events.out.tfevents.1771950289.0b5e3829cdda.1883.0,train/epoch,140,1771957002.596829,2.9813332557678223,scalar
events.out.tfevents.1771950289.0b5e3829cdda.1883.0,train/epoch,145,1771957254.9606347,3.0853333473205566,scalar
events.out.tfevents.1771950289.0b5e3829cdda.1883.0,train/epoch,150,1771957478.44989,3.191999912261963,scalar
events.out.tfevents.1771950289.0b5e3829cdda.1883.0,train/epoch,150,1771957505.6417766,3.191999912261963,scalar
events.out.tfevents.1771950289.0b5e3829cdda.1883.0,train/epoch,155,1771957728.426771,3.2986667156219482,scalar
events.out.tfevents.1771950289.0b5e3829cdda.1883.0,train/epoch,160,1771957952.5469713,3.4053332805633545,scalar
events.out.tfevents.1771950289.0b5e3829cdda.1883.0,train/epoch,160,1771957979.6753523,3.4053332805633545,scalar
events.out.tfevents.1771950289.0b5e3829cdda.1883.0,train/epoch,165,1771958201.5173974,3.51200008392334,scalar
events.out.tfevents.1771950289.0b5e3829cdda.1883.0,train/epoch,170,1771958424.7434547,3.618666648864746,scalar
events.out.tfevents.1771950289.0b5e3829cdda.1883.0,train/epoch,170,1771958451.8722456,3.618666648864746,scalar
events.out.tfevents.1771950289.0b5e3829cdda.1883.0,train/epoch,175,1771958673.7337046,3.7253334522247314,scalar
events.out.tfevents.1771950289.0b5e3829cdda.1883.0,train/epoch,180,1771958896.0480914,3.8320000171661377,scalar
events.out.tfevents.1771950289.0b5e3829cdda.1883.0,train/epoch,180,1771958923.5339608,3.8320000171661377,scalar
events.out.tfevents.1771950289.0b5e3829cdda.1883.0,train/epoch,185,1771959144.5240324,3.938666582107544,scalar
events.out.tfevents.1771950289.0b5e3829cdda.1883.0,train/epoch,190,1771959399.8224807,4.042666435241699,scalar
events.out.tfevents.1771950289.0b5e3829cdda.1883.0,train/epoch,190,1771959427.4915226,4.042666435241699,scalar
events.out.tfevents.1771950289.0b5e3829cdda.1883.0,train/epoch,195,1771959660.071646,4.149333477020264,scalar
events.out.tfevents.1771950289.0b5e3829cdda.1883.0,train/epoch,200,1771959886.0285213,4.25600004196167,scalar
events.out.tfevents.1771950289.0b5e3829cdda.1883.0,train/epoch,200,1771959913.3034163,4.25600004196167,scalar
events.out.tfevents.1771950289.0b5e3829cdda.1883.0,train/epoch,205,1771960136.0613484,4.362666606903076,scalar
events.out.tfevents.1771950289.0b5e3829cdda.1883.0,train/epoch,210,1771960361.4526489,4.469333171844482,scalar
events.out.tfevents.1771950289.0b5e3829cdda.1883.0,train/epoch,210,1771960388.6912725,4.469333171844482,scalar
events.out.tfevents.1771950289.0b5e3829cdda.1883.0,train/epoch,215,1771960612.475889,4.576000213623047,scalar
events.out.tfevents.1771950289.0b5e3829cdda.1883.0,train/epoch,220,1771960838.2478669,4.682666778564453,scalar
events.out.tfevents.1771950289.0b5e3829cdda.1883.0,train/epoch,220,1771960865.4973817,4.682666778564453,scalar
events.out.tfevents.1771950289.0b5e3829cdda.1883.0,train/epoch,225,1771961088.9527273,4.789333343505859,scalar
events.out.tfevents.1771950289.0b5e3829cdda.1883.0,train/epoch,230,1771961314.314427,4.895999908447266,scalar
events.out.tfevents.1771950289.0b5e3829cdda.1883.0,train/epoch,230,1771961341.653911,4.895999908447266,scalar
events.out.tfevents.1771950289.0b5e3829cdda.1883.0,train/epoch,235,1771961559.9333313,5.0,scalar
events.out.tfevents.1771950289.0b5e3829cdda.1883.0,train/epoch,240,1771961824.095134,5.106666564941406,scalar
events.out.tfevents.1771950289.0b5e3829cdda.1883.0,train/epoch,240,1771961851.448245,5.106666564941406,scalar
events.out.tfevents.1771950289.0b5e3829cdda.1883.0,train/epoch,245,1771962075.0837483,5.2133331298828125,scalar
events.out.tfevents.1771950289.0b5e3829cdda.1883.0,train/epoch,250,1771962299.7641892,5.320000171661377,scalar
events.out.tfevents.1771950289.0b5e3829cdda.1883.0,train/epoch,250,1771962327.576016,5.320000171661377,scalar
events.out.tfevents.1771950289.0b5e3829cdda.1883.0,train/epoch,255,1771962550.88794,5.426666736602783,scalar
events.out.tfevents.1771950289.0b5e3829cdda.1883.0,train/epoch,260,1771962775.9730234,5.5333333015441895,scalar
events.out.tfevents.1771950289.0b5e3829cdda.1883.0,train/epoch,260,1771962803.285681,5.5333333015441895,scalar
events.out.tfevents.1771950289.0b5e3829cdda.1883.0,train/epoch,265,1771963026.5876753,5.639999866485596,scalar
events.out.tfevents.1771950289.0b5e3829cdda.1883.0,train/epoch,270,1771963252.0735493,5.746666431427002,scalar
events.out.tfevents.1771950289.0b5e3829cdda.1883.0,train/epoch,270,1771963279.412722,5.746666431427002,scalar
events.out.tfevents.1771950289.0b5e3829cdda.1883.0,train/epoch,275,1771963503.5877128,5.853333473205566,scalar
events.out.tfevents.1771950289.0b5e3829cdda.1883.0,train/epoch,280,1771963729.4563923,5.960000038146973,scalar
events.out.tfevents.1771950289.0b5e3829cdda.1883.0,train/epoch,280,1771963756.9306808,5.960000038146973,scalar
events.out.tfevents.1771950289.0b5e3829cdda.1883.0,train/epoch,285,1771964012.1584246,6.064000129699707,scalar
events.out.tfevents.1771950289.0b5e3829cdda.1883.0,train/epoch,290,1771964238.312976,6.170666694641113,scalar
events.out.tfevents.1771950289.0b5e3829cdda.1883.0,train/epoch,290,1771964265.71509,6.170666694641113,scalar
events.out.tfevents.1771950289.0b5e3829cdda.1883.0,train/epoch,295,1771964489.3855646,6.2773332595825195,scalar
events.out.tfevents.1771950289.0b5e3829cdda.1883.0,train/epoch,300,1771964714.4579136,6.383999824523926,scalar
events.out.tfevents.1771950289.0b5e3829cdda.1883.0,train/epoch,300,1771964741.6397583,6.383999824523926,scalar
events.out.tfevents.1771950289.0b5e3829cdda.1883.0,train/epoch,305,1771964965.3455458,6.49066686630249,scalar
events.out.tfevents.1771950289.0b5e3829cdda.1883.0,train/epoch,310,1771965195.5465882,6.5973334312438965,scalar
events.out.tfevents.1771950289.0b5e3829cdda.1883.0,train/epoch,310,1771965222.6729002,6.5973334312438965,scalar
events.out.tfevents.1771950289.0b5e3829cdda.1883.0,train/epoch,315,1771965449.8345008,6.703999996185303,scalar
events.out.tfevents.1771950289.0b5e3829cdda.1883.0,train/epoch,320,1771965674.3278039,6.810666561126709,scalar
events.out.tfevents.1771950289.0b5e3829cdda.1883.0,train/epoch,320,1771965702.0434575,6.810666561126709,scalar
events.out.tfevents.1771950289.0b5e3829cdda.1883.0,train/epoch,325,1771965928.9403589,6.917333126068115,scalar
events.out.tfevents.1771950289.0b5e3829cdda.1883.0,train/epoch,330,1771966186.9852114,7.02133321762085,scalar
events.out.tfevents.1771950289.0b5e3829cdda.1883.0,train/epoch,330,1771966214.7130675,7.02133321762085,scalar
events.out.tfevents.1771950289.0b5e3829cdda.1883.0,train/epoch,335,1771966448.7102733,7.127999782562256,scalar
events.out.tfevents.1771950289.0b5e3829cdda.1883.0,train/epoch,340,1771966682.8161669,7.23466682434082,scalar
events.out.tfevents.1771950289.0b5e3829cdda.1883.0,train/epoch,340,1771966710.3103518,7.23466682434082,scalar
events.out.tfevents.1771950289.0b5e3829cdda.1883.0,train/epoch,345,1771966944.8397446,7.341333389282227,scalar
events.out.tfevents.1771950289.0b5e3829cdda.1883.0,train/epoch,350,1771967179.1071963,7.447999954223633,scalar
events.out.tfevents.1771950289.0b5e3829cdda.1883.0,train/epoch,350,1771967206.372014,7.447999954223633,scalar
events.out.tfevents.1771950289.0b5e3829cdda.1883.0,train/epoch,355,1771967440.053587,7.554666519165039,scalar
events.out.tfevents.1771950289.0b5e3829cdda.1883.0,train/epoch,360,1771967672.3660355,7.6613335609436035,scalar
events.out.tfevents.1771950289.0b5e3829cdda.1883.0,train/epoch,360,1771967699.463517,7.6613335609436035,scalar
events.out.tfevents.1771950289.0b5e3829cdda.1883.0,train/epoch,365,1771967932.4729338,7.76800012588501,scalar
events.out.tfevents.1771950289.0b5e3829cdda.1883.0,train/epoch,370,1771968164.694796,7.874666690826416,scalar
events.out.tfevents.1771950289.0b5e3829cdda.1883.0,train/epoch,370,1771968191.6391299,7.874666690826416,scalar
events.out.tfevents.1771950289.0b5e3829cdda.1883.0,train/epoch,375,1771968424.0357022,7.981333255767822,scalar
events.out.tfevents.1771950289.0b5e3829cdda.1883.0,train/epoch,376,1771968498.7634554,8.0,scalar
events.out.tfevents.1771950289.0b5e3829cdda.1883.0,eval/loss,10,1771950771.7809231,0.6324732899665833,scalar
events.out.tfevents.1771950289.0b5e3829cdda.1883.0,eval/loss,20,1771951249.969472,0.5396565794944763,scalar
events.out.tfevents.1771950289.0b5e3829cdda.1883.0,eval/loss,30,1771951731.1312437,0.5060819387435913,scalar
events.out.tfevents.1771950289.0b5e3829cdda.1883.0,eval/loss,40,1771952212.6035228,0.48350802063941956,scalar
events.out.tfevents.1771950289.0b5e3829cdda.1883.0,eval/loss,50,1771952718.782368,0.4697416424751282,scalar
events.out.tfevents.1771950289.0b5e3829cdda.1883.0,eval/loss,60,1771953192.0544293,0.460389107465744,scalar
events.out.tfevents.1771950289.0b5e3829cdda.1883.0,eval/loss,70,1771953665.069639,0.4519176185131073,scalar
events.out.tfevents.1771950289.0b5e3829cdda.1883.0,eval/loss,80,1771954137.6633692,0.44368740916252136,scalar
events.out.tfevents.1771950289.0b5e3829cdda.1883.0,eval/loss,90,1771954610.8190677,0.43396690487861633,scalar
events.out.tfevents.1771950289.0b5e3829cdda.1883.0,eval/loss,100,1771955113.767272,0.43231475353240967,scalar
events.out.tfevents.1771950289.0b5e3829cdda.1883.0,eval/loss,110,1771955586.2433925,0.4288356304168701,scalar
events.out.tfevents.1771950289.0b5e3829cdda.1883.0,eval/loss,120,1771956058.5782251,0.42489832639694214,scalar
events.out.tfevents.1771950289.0b5e3829cdda.1883.0,eval/loss,130,1771956531.015676,0.4209981858730316,scalar
events.out.tfevents.1771950289.0b5e3829cdda.1883.0,eval/loss,140,1771957002.5967114,0.4157120883464813,scalar
events.out.tfevents.1771950289.0b5e3829cdda.1883.0,eval/loss,150,1771957505.641664,0.4118555784225464,scalar
events.out.tfevents.1771950289.0b5e3829cdda.1883.0,eval/loss,160,1771957979.675237,0.4139608144760132,scalar
events.out.tfevents.1771950289.0b5e3829cdda.1883.0,eval/loss,170,1771958451.8721282,0.41103947162628174,scalar
events.out.tfevents.1771950289.0b5e3829cdda.1883.0,eval/loss,180,1771958923.533814,0.41147029399871826,scalar
events.out.tfevents.1771950289.0b5e3829cdda.1883.0,eval/loss,190,1771959427.4914079,0.40306368470191956,scalar
events.out.tfevents.1771950289.0b5e3829cdda.1883.0,eval/loss,200,1771959913.3032992,0.40697237849235535,scalar
events.out.tfevents.1771950289.0b5e3829cdda.1883.0,eval/loss,210,1771960388.6911547,0.40567150712013245,scalar
events.out.tfevents.1771950289.0b5e3829cdda.1883.0,eval/loss,220,1771960865.4972694,0.40041816234588623,scalar
events.out.tfevents.1771950289.0b5e3829cdda.1883.0,eval/loss,230,1771961341.6537778,0.4025580883026123,scalar
events.out.tfevents.1771950289.0b5e3829cdda.1883.0,eval/loss,240,1771961851.4481335,0.39907902479171753,scalar
events.out.tfevents.1771950289.0b5e3829cdda.1883.0,eval/loss,250,1771962327.575876,0.40228188037872314,scalar
events.out.tfevents.1771950289.0b5e3829cdda.1883.0,eval/loss,260,1771962803.2855616,0.3972116708755493,scalar
events.out.tfevents.1771950289.0b5e3829cdda.1883.0,eval/loss,270,1771963279.412607,0.39385655522346497,scalar
events.out.tfevents.1771950289.0b5e3829cdda.1883.0,eval/loss,280,1771963756.930565,0.3945915102958679,scalar
events.out.tfevents.1771950289.0b5e3829cdda.1883.0,eval/loss,290,1771964265.7149744,0.3958594799041748,scalar
events.out.tfevents.1771950289.0b5e3829cdda.1883.0,eval/loss,300,1771964741.639647,0.394418329000473,scalar
events.out.tfevents.1771950289.0b5e3829cdda.1883.0,eval/loss,310,1771965222.672771,0.39223384857177734,scalar
events.out.tfevents.1771950289.0b5e3829cdda.1883.0,eval/loss,320,1771965702.0433447,0.3914940357208252,scalar
events.out.tfevents.1771950289.0b5e3829cdda.1883.0,eval/loss,330,1771966214.712956,0.3908954858779907,scalar
events.out.tfevents.1771950289.0b5e3829cdda.1883.0,eval/loss,340,1771966710.3102121,0.3896959722042084,scalar
events.out.tfevents.1771950289.0b5e3829cdda.1883.0,eval/loss,350,1771967206.371893,0.3899107873439789,scalar
events.out.tfevents.1771950289.0b5e3829cdda.1883.0,eval/loss,360,1771967699.4633977,0.38977932929992676,scalar
events.out.tfevents.1771950289.0b5e3829cdda.1883.0,eval/loss,370,1771968191.6389604,0.38948264718055725,scalar
events.out.tfevents.1771950289.0b5e3829cdda.1883.0,eval/runtime,10,1771950771.7809725,27.125699996948242,scalar
events.out.tfevents.1771950289.0b5e3829cdda.1883.0,eval/runtime,20,1771951249.9695153,27.010900497436523,scalar
events.out.tfevents.1771950289.0b5e3829cdda.1883.0,eval/runtime,30,1771951731.13129,27.450599670410156,scalar
events.out.tfevents.1771950289.0b5e3829cdda.1883.0,eval/runtime,40,1771952212.6035647,27.623600006103516,scalar
events.out.tfevents.1771950289.0b5e3829cdda.1883.0,eval/runtime,50,1771952718.7824097,27.29360008239746,scalar
events.out.tfevents.1771950289.0b5e3829cdda.1883.0,eval/runtime,60,1771953192.054472,27.561800003051758,scalar
events.out.tfevents.1771950289.0b5e3829cdda.1883.0,eval/runtime,70,1771953665.0696816,27.15089988708496,scalar
events.out.tfevents.1771950289.0b5e3829cdda.1883.0,eval/runtime,80,1771954137.6634116,27.109500885009766,scalar
events.out.tfevents.1771950289.0b5e3829cdda.1883.0,eval/runtime,90,1771954610.8191082,27.037799835205078,scalar
events.out.tfevents.1771950289.0b5e3829cdda.1883.0,eval/runtime,100,1771955113.7673151,27.120800018310547,scalar
events.out.tfevents.1771950289.0b5e3829cdda.1883.0,eval/runtime,110,1771955586.2434342,27.06220054626465,scalar
events.out.tfevents.1771950289.0b5e3829cdda.1883.0,eval/runtime,120,1771956058.5782664,27.516700744628906,scalar
events.out.tfevents.1771950289.0b5e3829cdda.1883.0,eval/runtime,130,1771956531.0157166,27.256799697875977,scalar
events.out.tfevents.1771950289.0b5e3829cdda.1883.0,eval/runtime,140,1771957002.5967526,27.091800689697266,scalar
events.out.tfevents.1771950289.0b5e3829cdda.1883.0,eval/runtime,150,1771957505.6417046,27.18939971923828,scalar
events.out.tfevents.1771950289.0b5e3829cdda.1883.0,eval/runtime,160,1771957979.6752787,27.125900268554688,scalar
events.out.tfevents.1771950289.0b5e3829cdda.1883.0,eval/runtime,170,1771958451.8721712,27.126100540161133,scalar
events.out.tfevents.1771950289.0b5e3829cdda.1883.0,eval/runtime,180,1771958923.5338798,27.483400344848633,scalar
events.out.tfevents.1771950289.0b5e3829cdda.1883.0,eval/runtime,190,1771959427.4914494,27.666400909423828,scalar
events.out.tfevents.1771950289.0b5e3829cdda.1883.0,eval/runtime,200,1771959913.3033423,27.27199935913086,scalar
events.out.tfevents.1771950289.0b5e3829cdda.1883.0,eval/runtime,210,1771960388.6911974,27.236099243164062,scalar
events.out.tfevents.1771950289.0b5e3829cdda.1883.0,eval/runtime,220,1771960865.49731,27.24690055847168,scalar
events.out.tfevents.1771950289.0b5e3829cdda.1883.0,eval/runtime,230,1771961341.6538193,27.33679962158203,scalar
events.out.tfevents.1771950289.0b5e3829cdda.1883.0,eval/runtime,240,1771961851.4481752,27.350500106811523,scalar
events.out.tfevents.1771950289.0b5e3829cdda.1883.0,eval/runtime,250,1771962327.5759385,27.809200286865234,scalar
events.out.tfevents.1771950289.0b5e3829cdda.1883.0,eval/runtime,260,1771962803.2856042,27.309999465942383,scalar
events.out.tfevents.1771950289.0b5e3829cdda.1883.0,eval/runtime,270,1771963279.4126487,27.33650016784668,scalar
events.out.tfevents.1771950289.0b5e3829cdda.1883.0,eval/runtime,280,1771963756.930609,27.471799850463867,scalar
events.out.tfevents.1771950289.0b5e3829cdda.1883.0,eval/runtime,290,1771964265.7150156,27.399599075317383,scalar
events.out.tfevents.1771950289.0b5e3829cdda.1883.0,eval/runtime,300,1771964741.6396875,27.17919921875,scalar
events.out.tfevents.1771950289.0b5e3829cdda.1883.0,eval/runtime,310,1771965222.6728144,27.123699188232422,scalar
events.out.tfevents.1771950289.0b5e3829cdda.1883.0,eval/runtime,320,1771965702.0433846,27.712900161743164,scalar
events.out.tfevents.1771950289.0b5e3829cdda.1883.0,eval/runtime,330,1771966214.712996,27.725400924682617,scalar
events.out.tfevents.1771950289.0b5e3829cdda.1883.0,eval/runtime,340,1771966710.310259,27.491600036621094,scalar
events.out.tfevents.1771950289.0b5e3829cdda.1883.0,eval/runtime,350,1771967206.3719335,27.26219940185547,scalar
events.out.tfevents.1771950289.0b5e3829cdda.1883.0,eval/runtime,360,1771967699.4634416,27.094900131225586,scalar
events.out.tfevents.1771950289.0b5e3829cdda.1883.0,eval/runtime,370,1771968191.6390185,26.941699981689453,scalar
events.out.tfevents.1771950289.0b5e3829cdda.1883.0,eval/samples_per_second,10,1771950771.780996,1.843000054359436,scalar
events.out.tfevents.1771950289.0b5e3829cdda.1883.0,eval/samples_per_second,20,1771951249.969531,1.8509999513626099,scalar
events.out.tfevents.1771950289.0b5e3829cdda.1883.0,eval/samples_per_second,30,1771951731.1313057,1.8209999799728394,scalar
events.out.tfevents.1771950289.0b5e3829cdda.1883.0,eval/samples_per_second,40,1771952212.6035802,1.809999942779541,scalar
events.out.tfevents.1771950289.0b5e3829cdda.1883.0,eval/samples_per_second,50,1771952718.7824256,1.8320000171661377,scalar
events.out.tfevents.1771950289.0b5e3829cdda.1883.0,eval/samples_per_second,60,1771953192.0544882,1.8140000104904175,scalar
events.out.tfevents.1771950289.0b5e3829cdda.1883.0,eval/samples_per_second,70,1771953665.0696983,1.8420000076293945,scalar
events.out.tfevents.1771950289.0b5e3829cdda.1883.0,eval/samples_per_second,80,1771954137.6634266,1.843999981880188,scalar
events.out.tfevents.1771950289.0b5e3829cdda.1883.0,eval/samples_per_second,90,1771954610.8191237,1.8489999771118164,scalar
events.out.tfevents.1771950289.0b5e3829cdda.1883.0,eval/samples_per_second,100,1771955113.7673314,1.843999981880188,scalar
events.out.tfevents.1771950289.0b5e3829cdda.1883.0,eval/samples_per_second,110,1771955586.2434506,1.8480000495910645,scalar
events.out.tfevents.1771950289.0b5e3829cdda.1883.0,eval/samples_per_second,120,1771956058.5782826,1.8170000314712524,scalar
events.out.tfevents.1771950289.0b5e3829cdda.1883.0,eval/samples_per_second,130,1771956531.0157332,1.8339999914169312,scalar
events.out.tfevents.1771950289.0b5e3829cdda.1883.0,eval/samples_per_second,140,1771957002.596769,1.8459999561309814,scalar
events.out.tfevents.1771950289.0b5e3829cdda.1883.0,eval/samples_per_second,150,1771957505.6417208,1.8389999866485596,scalar
events.out.tfevents.1771950289.0b5e3829cdda.1883.0,eval/samples_per_second,160,1771957979.6752942,1.843000054359436,scalar
events.out.tfevents.1771950289.0b5e3829cdda.1883.0,eval/samples_per_second,170,1771958451.8721874,1.843000054359436,scalar
events.out.tfevents.1771950289.0b5e3829cdda.1883.0,eval/samples_per_second,180,1771958923.533903,1.819000005722046,scalar
events.out.tfevents.1771950289.0b5e3829cdda.1883.0,eval/samples_per_second,190,1771959427.4914653,1.8070000410079956,scalar
events.out.tfevents.1771950289.0b5e3829cdda.1883.0,eval/samples_per_second,200,1771959913.3033583,1.8329999446868896,scalar
events.out.tfevents.1771950289.0b5e3829cdda.1883.0,eval/samples_per_second,210,1771960388.6912131,1.8359999656677246,scalar
events.out.tfevents.1771950289.0b5e3829cdda.1883.0,eval/samples_per_second,220,1771960865.4973261,1.8350000381469727,scalar
events.out.tfevents.1771950289.0b5e3829cdda.1883.0,eval/samples_per_second,230,1771961341.6538358,1.8289999961853027,scalar
events.out.tfevents.1771950289.0b5e3829cdda.1883.0,eval/samples_per_second,240,1771961851.448191,1.8279999494552612,scalar
events.out.tfevents.1771950289.0b5e3829cdda.1883.0,eval/samples_per_second,250,1771962327.575956,1.7979999780654907,scalar
events.out.tfevents.1771950289.0b5e3829cdda.1883.0,eval/samples_per_second,260,1771962803.285621,1.8309999704360962,scalar
events.out.tfevents.1771950289.0b5e3829cdda.1883.0,eval/samples_per_second,270,1771963279.4126642,1.8289999961853027,scalar
events.out.tfevents.1771950289.0b5e3829cdda.1883.0,eval/samples_per_second,280,1771963756.9306245,1.8200000524520874,scalar
events.out.tfevents.1771950289.0b5e3829cdda.1883.0,eval/samples_per_second,290,1771964265.7150316,1.8250000476837158,scalar
events.out.tfevents.1771950289.0b5e3829cdda.1883.0,eval/samples_per_second,300,1771964741.6397033,1.840000033378601,scalar
events.out.tfevents.1771950289.0b5e3829cdda.1883.0,eval/samples_per_second,310,1771965222.672831,1.843000054359436,scalar
events.out.tfevents.1771950289.0b5e3829cdda.1883.0,eval/samples_per_second,320,1771965702.043401,1.8040000200271606,scalar
events.out.tfevents.1771950289.0b5e3829cdda.1883.0,eval/samples_per_second,330,1771966214.713012,1.8029999732971191,scalar
events.out.tfevents.1771950289.0b5e3829cdda.1883.0,eval/samples_per_second,340,1771966710.3102815,1.819000005722046,scalar
events.out.tfevents.1771950289.0b5e3829cdda.1883.0,eval/samples_per_second,350,1771967206.3719492,1.8339999914169312,scalar
events.out.tfevents.1771950289.0b5e3829cdda.1883.0,eval/samples_per_second,360,1771967699.4634583,1.8450000286102295,scalar
events.out.tfevents.1771950289.0b5e3829cdda.1883.0,eval/samples_per_second,370,1771968191.6390426,1.8559999465942383,scalar
events.out.tfevents.1771950289.0b5e3829cdda.1883.0,eval/steps_per_second,10,1771950771.7810166,1.843000054359436,scalar
events.out.tfevents.1771950289.0b5e3829cdda.1883.0,eval/steps_per_second,20,1771951249.969544,1.8509999513626099,scalar
events.out.tfevents.1771950289.0b5e3829cdda.1883.0,eval/steps_per_second,30,1771951731.1313188,1.8209999799728394,scalar
events.out.tfevents.1771950289.0b5e3829cdda.1883.0,eval/steps_per_second,40,1771952212.603593,1.809999942779541,scalar
events.out.tfevents.1771950289.0b5e3829cdda.1883.0,eval/steps_per_second,50,1771952718.7824385,1.8320000171661377,scalar
events.out.tfevents.1771950289.0b5e3829cdda.1883.0,eval/steps_per_second,60,1771953192.0545013,1.8140000104904175,scalar
events.out.tfevents.1771950289.0b5e3829cdda.1883.0,eval/steps_per_second,70,1771953665.0697114,1.8420000076293945,scalar
events.out.tfevents.1771950289.0b5e3829cdda.1883.0,eval/steps_per_second,80,1771954137.6634393,1.843999981880188,scalar
events.out.tfevents.1771950289.0b5e3829cdda.1883.0,eval/steps_per_second,90,1771954610.819137,1.8489999771118164,scalar
events.out.tfevents.1771950289.0b5e3829cdda.1883.0,eval/steps_per_second,100,1771955113.7673447,1.843999981880188,scalar
events.out.tfevents.1771950289.0b5e3829cdda.1883.0,eval/steps_per_second,110,1771955586.2434635,1.8480000495910645,scalar
events.out.tfevents.1771950289.0b5e3829cdda.1883.0,eval/steps_per_second,120,1771956058.5782957,1.8170000314712524,scalar
events.out.tfevents.1771950289.0b5e3829cdda.1883.0,eval/steps_per_second,130,1771956531.0157468,1.8339999914169312,scalar
events.out.tfevents.1771950289.0b5e3829cdda.1883.0,eval/steps_per_second,140,1771957002.5967824,1.8459999561309814,scalar
events.out.tfevents.1771950289.0b5e3829cdda.1883.0,eval/steps_per_second,150,1771957505.641734,1.8389999866485596,scalar
events.out.tfevents.1771950289.0b5e3829cdda.1883.0,eval/steps_per_second,160,1771957979.6753078,1.843000054359436,scalar
events.out.tfevents.1771950289.0b5e3829cdda.1883.0,eval/steps_per_second,170,1771958451.8722007,1.843000054359436,scalar
events.out.tfevents.1771950289.0b5e3829cdda.1883.0,eval/steps_per_second,180,1771958923.5339167,1.819000005722046,scalar
events.out.tfevents.1771950289.0b5e3829cdda.1883.0,eval/steps_per_second,190,1771959427.4914775,1.8070000410079956,scalar
events.out.tfevents.1771950289.0b5e3829cdda.1883.0,eval/steps_per_second,200,1771959913.3033712,1.8329999446868896,scalar
events.out.tfevents.1771950289.0b5e3829cdda.1883.0,eval/steps_per_second,210,1771960388.6912265,1.8359999656677246,scalar
events.out.tfevents.1771950289.0b5e3829cdda.1883.0,eval/steps_per_second,220,1771960865.4973388,1.8350000381469727,scalar
events.out.tfevents.1771950289.0b5e3829cdda.1883.0,eval/steps_per_second,230,1771961341.6538641,1.8289999961853027,scalar
events.out.tfevents.1771950289.0b5e3829cdda.1883.0,eval/steps_per_second,240,1771961851.4482033,1.8279999494552612,scalar
events.out.tfevents.1771950289.0b5e3829cdda.1883.0,eval/steps_per_second,250,1771962327.5759697,1.7979999780654907,scalar
events.out.tfevents.1771950289.0b5e3829cdda.1883.0,eval/steps_per_second,260,1771962803.2856345,1.8309999704360962,scalar
events.out.tfevents.1771950289.0b5e3829cdda.1883.0,eval/steps_per_second,270,1771963279.412677,1.8289999961853027,scalar
events.out.tfevents.1771950289.0b5e3829cdda.1883.0,eval/steps_per_second,280,1771963756.9306374,1.8200000524520874,scalar
events.out.tfevents.1771950289.0b5e3829cdda.1883.0,eval/steps_per_second,290,1771964265.715045,1.8250000476837158,scalar
events.out.tfevents.1771950289.0b5e3829cdda.1883.0,eval/steps_per_second,300,1771964741.639716,1.840000033378601,scalar
events.out.tfevents.1771950289.0b5e3829cdda.1883.0,eval/steps_per_second,310,1771965222.6728556,1.843000054359436,scalar
events.out.tfevents.1771950289.0b5e3829cdda.1883.0,eval/steps_per_second,320,1771965702.0434144,1.8040000200271606,scalar
events.out.tfevents.1771950289.0b5e3829cdda.1883.0,eval/steps_per_second,330,1771966214.713025,1.8029999732971191,scalar
events.out.tfevents.1771950289.0b5e3829cdda.1883.0,eval/steps_per_second,340,1771966710.3103023,1.819000005722046,scalar
events.out.tfevents.1771950289.0b5e3829cdda.1883.0,eval/steps_per_second,350,1771967206.3719697,1.8339999914169312,scalar
events.out.tfevents.1771950289.0b5e3829cdda.1883.0,eval/steps_per_second,360,1771967699.4634717,1.8450000286102295,scalar
events.out.tfevents.1771950289.0b5e3829cdda.1883.0,eval/steps_per_second,370,1771968191.6390622,1.8559999465942383,scalar
events.out.tfevents.1771950289.0b5e3829cdda.1883.0,eval/entropy,10,1771950771.781035,1.1747844219207764,scalar
events.out.tfevents.1771950289.0b5e3829cdda.1883.0,eval/entropy,20,1771951249.9695551,1.2569886445999146,scalar
events.out.tfevents.1771950289.0b5e3829cdda.1883.0,eval/entropy,30,1771951731.1313314,1.2909817695617676,scalar
events.out.tfevents.1771950289.0b5e3829cdda.1883.0,eval/entropy,40,1771952212.6036046,1.2887693643569946,scalar
events.out.tfevents.1771950289.0b5e3829cdda.1883.0,eval/entropy,50,1771952718.7824495,1.2277956008911133,scalar
events.out.tfevents.1771950289.0b5e3829cdda.1883.0,eval/entropy,60,1771953192.0545132,1.165877342224121,scalar
events.out.tfevents.1771950289.0b5e3829cdda.1883.0,eval/entropy,70,1771953665.0697231,1.214563250541687,scalar
events.out.tfevents.1771950289.0b5e3829cdda.1883.0,eval/entropy,80,1771954137.6634514,1.2991790771484375,scalar
events.out.tfevents.1771950289.0b5e3829cdda.1883.0,eval/entropy,90,1771954610.8191485,1.3083293437957764,scalar
events.out.tfevents.1771950289.0b5e3829cdda.1883.0,eval/entropy,100,1771955113.7673566,1.2871371507644653,scalar
events.out.tfevents.1771950289.0b5e3829cdda.1883.0,eval/entropy,110,1771955586.243475,1.2665787935256958,scalar
events.out.tfevents.1771950289.0b5e3829cdda.1883.0,eval/entropy,120,1771956058.5783076,1.2709147930145264,scalar
events.out.tfevents.1771950289.0b5e3829cdda.1883.0,eval/entropy,130,1771956531.0157583,1.2734462022781372,scalar
events.out.tfevents.1771950289.0b5e3829cdda.1883.0,eval/entropy,140,1771957002.5967944,1.2570691108703613,scalar
events.out.tfevents.1771950289.0b5e3829cdda.1883.0,eval/entropy,150,1771957505.641745,1.2293214797973633,scalar
events.out.tfevents.1771950289.0b5e3829cdda.1883.0,eval/entropy,160,1771957979.6753192,1.2300090789794922,scalar
events.out.tfevents.1771950289.0b5e3829cdda.1883.0,eval/entropy,170,1771958451.872213,1.2217016220092773,scalar
events.out.tfevents.1771950289.0b5e3829cdda.1883.0,eval/entropy,180,1771958923.5339284,1.2282459735870361,scalar
events.out.tfevents.1771950289.0b5e3829cdda.1883.0,eval/entropy,190,1771959427.4914904,1.2291159629821777,scalar
events.out.tfevents.1771950289.0b5e3829cdda.1883.0,eval/entropy,200,1771959913.303383,1.2381831407546997,scalar
events.out.tfevents.1771950289.0b5e3829cdda.1883.0,eval/entropy,210,1771960388.6912384,1.2337397336959839,scalar
events.out.tfevents.1771950289.0b5e3829cdda.1883.0,eval/entropy,220,1771960865.4973505,1.22557532787323,scalar
events.out.tfevents.1771950289.0b5e3829cdda.1883.0,eval/entropy,230,1771961341.6538782,1.2357213497161865,scalar
events.out.tfevents.1771950289.0b5e3829cdda.1883.0,eval/entropy,240,1771961851.448214,1.213380217552185,scalar
events.out.tfevents.1771950289.0b5e3829cdda.1883.0,eval/entropy,250,1771962327.5759819,1.2101831436157227,scalar
events.out.tfevents.1771950289.0b5e3829cdda.1883.0,eval/entropy,260,1771962803.2856472,1.2255409955978394,scalar
events.out.tfevents.1771950289.0b5e3829cdda.1883.0,eval/entropy,270,1771963279.412689,1.2107020616531372,scalar
events.out.tfevents.1771950289.0b5e3829cdda.1883.0,eval/entropy,280,1771963756.9306486,1.2099158763885498,scalar
events.out.tfevents.1771950289.0b5e3829cdda.1883.0,eval/entropy,290,1771964265.7150564,1.2084742784500122,scalar
events.out.tfevents.1771950289.0b5e3829cdda.1883.0,eval/entropy,300,1771964741.6397269,1.1992141008377075,scalar
events.out.tfevents.1771950289.0b5e3829cdda.1883.0,eval/entropy,310,1771965222.672868,1.205394983291626,scalar
events.out.tfevents.1771950289.0b5e3829cdda.1883.0,eval/entropy,320,1771965702.0434258,1.2017199993133545,scalar
events.out.tfevents.1771950289.0b5e3829cdda.1883.0,eval/entropy,330,1771966214.713036,1.2009174823760986,scalar
events.out.tfevents.1771950289.0b5e3829cdda.1883.0,eval/entropy,340,1771966710.3103182,1.2014378309249878,scalar
events.out.tfevents.1771950289.0b5e3829cdda.1883.0,eval/entropy,350,1771967206.371982,1.1989279985427856,scalar
events.out.tfevents.1771950289.0b5e3829cdda.1883.0,eval/entropy,360,1771967699.463484,1.1929770708084106,scalar
events.out.tfevents.1771950289.0b5e3829cdda.1883.0,eval/entropy,370,1771968191.6390805,1.198167324066162,scalar
events.out.tfevents.1771950289.0b5e3829cdda.1883.0,eval/num_tokens,10,1771950771.7810538,275517.0,scalar
events.out.tfevents.1771950289.0b5e3829cdda.1883.0,eval/num_tokens,20,1771951249.9695656,551037.0,scalar
events.out.tfevents.1771950289.0b5e3829cdda.1883.0,eval/num_tokens,30,1771951731.1313434,826545.0,scalar
events.out.tfevents.1771950289.0b5e3829cdda.1883.0,eval/num_tokens,40,1771952212.603615,1102057.0,scalar
events.out.tfevents.1771950289.0b5e3829cdda.1883.0,eval/num_tokens,50,1771952718.78246,1374131.0,scalar
events.out.tfevents.1771950289.0b5e3829cdda.1883.0,eval/num_tokens,60,1771953192.054524,1649641.0,scalar
events.out.tfevents.1771950289.0b5e3829cdda.1883.0,eval/num_tokens,70,1771953665.069734,1925157.0,scalar
events.out.tfevents.1771950289.0b5e3829cdda.1883.0,eval/num_tokens,80,1771954137.6634624,2200674.0,scalar
events.out.tfevents.1771950289.0b5e3829cdda.1883.0,eval/num_tokens,90,1771954610.81916,2476190.0,scalar
events.out.tfevents.1771950289.0b5e3829cdda.1883.0,eval/num_tokens,100,1771955113.7673676,2748263.0,scalar
events.out.tfevents.1771950289.0b5e3829cdda.1883.0,eval/num_tokens,110,1771955586.2434862,3023779.0,scalar
events.out.tfevents.1771950289.0b5e3829cdda.1883.0,eval/num_tokens,120,1771956058.5783188,3299289.0,scalar
events.out.tfevents.1771950289.0b5e3829cdda.1883.0,eval/num_tokens,130,1771956531.0157695,3574806.0,scalar
events.out.tfevents.1771950289.0b5e3829cdda.1883.0,eval/num_tokens,140,1771957002.5968058,3850323.0,scalar
events.out.tfevents.1771950289.0b5e3829cdda.1883.0,eval/num_tokens,150,1771957505.641756,4122395.0,scalar
events.out.tfevents.1771950289.0b5e3829cdda.1883.0,eval/num_tokens,160,1771957979.6753306,4397912.0,scalar
events.out.tfevents.1771950289.0b5e3829cdda.1883.0,eval/num_tokens,170,1771958451.872224,4673429.0,scalar
events.out.tfevents.1771950289.0b5e3829cdda.1883.0,eval/num_tokens,180,1771958923.5339391,4948937.0,scalar
events.out.tfevents.1771950289.0b5e3829cdda.1883.0,eval/num_tokens,190,1771959427.4915013,5221012.0,scalar
events.out.tfevents.1771950289.0b5e3829cdda.1883.0,eval/num_tokens,200,1771959913.303394,5496528.0,scalar
events.out.tfevents.1771950289.0b5e3829cdda.1883.0,eval/num_tokens,210,1771960388.69125,5772044.0,scalar
events.out.tfevents.1771950289.0b5e3829cdda.1883.0,eval/num_tokens,220,1771960865.4973612,6047561.0,scalar
events.out.tfevents.1771950289.0b5e3829cdda.1883.0,eval/num_tokens,230,1771961341.65389,6323071.0,scalar
events.out.tfevents.1771950289.0b5e3829cdda.1883.0,eval/num_tokens,240,1771961851.4482245,6595137.0,scalar
events.out.tfevents.1771950289.0b5e3829cdda.1883.0,eval/num_tokens,250,1771962327.5759933,6870657.0,scalar
events.out.tfevents.1771950289.0b5e3829cdda.1883.0,eval/num_tokens,260,1771962803.2856584,7146175.0,scalar
events.out.tfevents.1771950289.0b5e3829cdda.1883.0,eval/num_tokens,270,1771963279.4127002,7421688.0,scalar
events.out.tfevents.1771950289.0b5e3829cdda.1883.0,eval/num_tokens,280,1771963756.9306593,7697203.0,scalar
events.out.tfevents.1771950289.0b5e3829cdda.1883.0,eval/num_tokens,290,1771964265.7150683,7969277.0,scalar
events.out.tfevents.1771950289.0b5e3829cdda.1883.0,eval/num_tokens,300,1771964741.6397376,8244795.0,scalar
events.out.tfevents.1771950289.0b5e3829cdda.1883.0,eval/num_tokens,310,1771965222.6728795,8520306.0,scalar
events.out.tfevents.1771950289.0b5e3829cdda.1883.0,eval/num_tokens,320,1771965702.0434368,8795818.0,scalar
events.out.tfevents.1771950289.0b5e3829cdda.1883.0,eval/num_tokens,330,1771966214.7130463,9067891.0,scalar
events.out.tfevents.1771950289.0b5e3829cdda.1883.0,eval/num_tokens,340,1771966710.3103302,9343406.0,scalar
events.out.tfevents.1771950289.0b5e3829cdda.1883.0,eval/num_tokens,350,1771967206.371993,9618919.0,scalar
events.out.tfevents.1771950289.0b5e3829cdda.1883.0,eval/num_tokens,360,1771967699.4634957,9894430.0,scalar
events.out.tfevents.1771950289.0b5e3829cdda.1883.0,eval/num_tokens,370,1771968191.6390975,10169948.0,scalar
events.out.tfevents.1771950289.0b5e3829cdda.1883.0,eval/mean_token_accuracy,10,1771950771.781067,0.7593043446540833,scalar
events.out.tfevents.1771950289.0b5e3829cdda.1883.0,eval/mean_token_accuracy,20,1771951249.9695756,0.7883478403091431,scalar
events.out.tfevents.1771950289.0b5e3829cdda.1883.0,eval/mean_token_accuracy,30,1771951731.1313548,0.801797091960907,scalar
events.out.tfevents.1771950289.0b5e3829cdda.1883.0,eval/mean_token_accuracy,40,1771952212.6036253,0.8087536096572876,scalar
events.out.tfevents.1771950289.0b5e3829cdda.1883.0,eval/mean_token_accuracy,50,1771952718.7824707,0.8135072588920593,scalar
events.out.tfevents.1771950289.0b5e3829cdda.1883.0,eval/mean_token_accuracy,60,1771953192.0545347,0.8166956305503845,scalar
events.out.tfevents.1771950289.0b5e3829cdda.1883.0,eval/mean_token_accuracy,70,1771953665.0697448,0.8194202780723572,scalar
events.out.tfevents.1771950289.0b5e3829cdda.1883.0,eval/mean_token_accuracy,80,1771954137.6634731,0.8224347829818726,scalar
events.out.tfevents.1771950289.0b5e3829cdda.1883.0,eval/mean_token_accuracy,90,1771954610.8191712,0.8259130716323853,scalar
events.out.tfevents.1771950289.0b5e3829cdda.1883.0,eval/mean_token_accuracy,100,1771955113.7673788,0.823536217212677,scalar
events.out.tfevents.1771950289.0b5e3829cdda.1883.0,eval/mean_token_accuracy,110,1771955586.2434967,0.8273622989654541,scalar
events.out.tfevents.1771950289.0b5e3829cdda.1883.0,eval/mean_token_accuracy,120,1771956058.5783293,0.8288695812225342,scalar
events.out.tfevents.1771950289.0b5e3829cdda.1883.0,eval/mean_token_accuracy,130,1771956531.015781,0.8297391533851624,scalar
events.out.tfevents.1771950289.0b5e3829cdda.1883.0,eval/mean_token_accuracy,140,1771957002.5968177,0.8331014513969421,scalar
events.out.tfevents.1771950289.0b5e3829cdda.1883.0,eval/mean_token_accuracy,150,1771957505.641766,0.833507239818573,scalar
events.out.tfevents.1771950289.0b5e3829cdda.1883.0,eval/mean_token_accuracy,160,1771957979.6753418,0.8333913087844849,scalar
events.out.tfevents.1771950289.0b5e3829cdda.1883.0,eval/mean_token_accuracy,170,1771958451.8722348,0.8336811661720276,scalar
events.out.tfevents.1771950289.0b5e3829cdda.1883.0,eval/mean_token_accuracy,180,1771958923.53395,0.8343768119812012,scalar
events.out.tfevents.1771950289.0b5e3829cdda.1883.0,eval/mean_token_accuracy,190,1771959427.491512,0.8370434641838074,scalar
events.out.tfevents.1771950289.0b5e3829cdda.1883.0,eval/mean_token_accuracy,200,1771959913.3034053,0.8351304531097412,scalar
events.out.tfevents.1771950289.0b5e3829cdda.1883.0,eval/mean_token_accuracy,210,1771960388.6912613,0.834260880947113,scalar
events.out.tfevents.1771950289.0b5e3829cdda.1883.0,eval/mean_token_accuracy,220,1771960865.4973714,0.8360000252723694,scalar
events.out.tfevents.1771950289.0b5e3829cdda.1883.0,eval/mean_token_accuracy,230,1771961341.6539006,0.8362898230552673,scalar
events.out.tfevents.1771950289.0b5e3829cdda.1883.0,eval/mean_token_accuracy,240,1771961851.4482348,0.8390724658966064,scalar
events.out.tfevents.1771950289.0b5e3829cdda.1883.0,eval/mean_token_accuracy,250,1771962327.5760045,0.8371593952178955,scalar
events.out.tfevents.1771950289.0b5e3829cdda.1883.0,eval/mean_token_accuracy,260,1771962803.28567,0.8365217447280884,scalar
events.out.tfevents.1771950289.0b5e3829cdda.1883.0,eval/mean_token_accuracy,270,1771963279.4127114,0.8394782543182373,scalar
events.out.tfevents.1771950289.0b5e3829cdda.1883.0,eval/mean_token_accuracy,280,1771963756.9306698,0.8394782543182373,scalar
events.out.tfevents.1771950289.0b5e3829cdda.1883.0,eval/mean_token_accuracy,290,1771964265.7150793,0.8388406038284302,scalar
events.out.tfevents.1771950289.0b5e3829cdda.1883.0,eval/mean_token_accuracy,300,1771964741.639748,0.837739109992981,scalar
events.out.tfevents.1771950289.0b5e3829cdda.1883.0,eval/mean_token_accuracy,310,1771965222.67289,0.8388406038284302,scalar
events.out.tfevents.1771950289.0b5e3829cdda.1883.0,eval/mean_token_accuracy,320,1771965702.0434475,0.8394203186035156,scalar
events.out.tfevents.1771950289.0b5e3829cdda.1883.0,eval/mean_token_accuracy,330,1771966214.713057,0.8400579690933228,scalar
events.out.tfevents.1771950289.0b5e3829cdda.1883.0,eval/mean_token_accuracy,340,1771966710.3103411,0.8396521806716919,scalar
events.out.tfevents.1771950289.0b5e3829cdda.1883.0,eval/mean_token_accuracy,350,1771967206.3720038,0.8402318954467773,scalar
events.out.tfevents.1771950289.0b5e3829cdda.1883.0,eval/mean_token_accuracy,360,1771967699.4635067,0.83976811170578,scalar
events.out.tfevents.1771950289.0b5e3829cdda.1883.0,eval/mean_token_accuracy,370,1771968191.6391137,0.8398840427398682,scalar
events.out.tfevents.1771950289.0b5e3829cdda.1883.0,train/train_runtime,376,1771968498.7633235,18209.638671875,scalar
events.out.tfevents.1771950289.0b5e3829cdda.1883.0,train/train_samples_per_second,376,1771968498.763371,0.6589999794960022,scalar
events.out.tfevents.1771950289.0b5e3829cdda.1883.0,train/train_steps_per_second,376,1771968498.763387,0.020999999716877937,scalar
events.out.tfevents.1771950289.0b5e3829cdda.1883.0,train/total_flos,376,1771968498.7634,2.6747128738165555e+17,scalar
events.out.tfevents.1771950289.0b5e3829cdda.1883.0,train/train_loss,376,1771968498.7634122,0.42882239818573,scalar
events.out.tfevents.1776098432.e18ce739cf4e.13621.0,train/loss,5,1776098684.0504987,1.6406192779541016,scalar
events.out.tfevents.1776098432.e18ce739cf4e.13621.0,train/loss,10,1776098923.690003,1.6206985712051392,scalar
events.out.tfevents.1776098432.e18ce739cf4e.13621.0,train/loss,15,1776099184.9257777,1.4988855123519897,scalar
events.out.tfevents.1776098432.e18ce739cf4e.13621.0,train/loss,20,1776099414.756414,1.2539007663726807,scalar
events.out.tfevents.1776098432.e18ce739cf4e.13621.0,train/loss,25,1776099699.9859462,0.9375253915786743,scalar
events.out.tfevents.1776098432.e18ce739cf4e.13621.0,train/loss,30,1776099954.7651286,0.6729114055633545,scalar
events.out.tfevents.1776098432.e18ce739cf4e.13621.0,train/loss,35,1776100251.215209,0.4835592806339264,scalar
events.out.tfevents.1776098432.e18ce739cf4e.13621.0,train/loss,40,1776100493.0024402,0.4147025942802429,scalar
events.out.tfevents.1776098432.e18ce739cf4e.13621.0,train/loss,45,1776100775.8367655,0.38280725479125977,scalar
events.out.tfevents.1776098432.e18ce739cf4e.13621.0,train/loss,50,1776101006.9144711,0.3515433669090271,scalar
events.out.tfevents.1776098432.e18ce739cf4e.13621.0,train/loss,55,1776101286.0887191,0.32302528619766235,scalar
events.out.tfevents.1776098432.e18ce739cf4e.13621.0,train/loss,60,1776101527.6700401,0.3107858896255493,scalar
events.out.tfevents.1776098432.e18ce739cf4e.13621.0,train/loss,65,1776101785.5293028,0.30234044790267944,scalar
events.out.tfevents.1776098432.e18ce739cf4e.13621.0,train/loss,70,1776102024.0901747,0.2989158034324646,scalar
events.out.tfevents.1776098432.e18ce739cf4e.13621.0,train/loss,75,1776102311.5174577,0.2932172417640686,scalar
events.out.tfevents.1776098432.e18ce739cf4e.13621.0,train/loss,80,1776102562.6897583,0.2890586256980896,scalar
events.out.tfevents.1776098432.e18ce739cf4e.13621.0,train/loss,85,1776102827.107624,0.2757018506526947,scalar
events.out.tfevents.1776098432.e18ce739cf4e.13621.0,train/loss,90,1776103084.8204262,0.2814694941043854,scalar
events.out.tfevents.1776098432.e18ce739cf4e.13621.0,train/loss,95,1776103339.1536317,0.2761979401111603,scalar
events.out.tfevents.1776098432.e18ce739cf4e.13621.0,train/loss,100,1776103579.7435992,0.27257418632507324,scalar
events.out.tfevents.1776098432.e18ce739cf4e.13621.0,train/loss,105,1776103858.9680595,0.2635973393917084,scalar
events.out.tfevents.1776098432.e18ce739cf4e.13621.0,train/loss,110,1776104090.2692285,0.2686315178871155,scalar
events.out.tfevents.1776098432.e18ce739cf4e.13621.0,train/loss,115,1776104407.4864073,0.2659898102283478,scalar
events.out.tfevents.1776098432.e18ce739cf4e.13621.0,train/loss,120,1776104650.7269468,0.26395565271377563,scalar
events.out.tfevents.1776098432.e18ce739cf4e.13621.0,train/loss,125,1776104968.92442,0.25835150480270386,scalar
events.out.tfevents.1776098432.e18ce739cf4e.13621.0,train/loss,130,1776105207.1049817,0.26022401452064514,scalar
events.out.tfevents.1776098432.e18ce739cf4e.13621.0,train/loss,135,1776105478.2980664,0.25715577602386475,scalar
events.out.tfevents.1776098432.e18ce739cf4e.13621.0,train/loss,140,1776105700.7649727,0.26141834259033203,scalar
events.out.tfevents.1776098432.e18ce739cf4e.13621.0,train/loss,145,1776105997.0605223,0.24596619606018066,scalar
events.out.tfevents.1776098432.e18ce739cf4e.13621.0,train/loss,150,1776106239.4956996,0.2563636004924774,scalar
events.out.tfevents.1776098432.e18ce739cf4e.13621.0,train/loss,155,1776106496.8233025,0.2524147927761078,scalar
events.out.tfevents.1776098432.e18ce739cf4e.13621.0,train/loss,160,1776106736.497482,0.2497386932373047,scalar
events.out.tfevents.1776098432.e18ce739cf4e.13621.0,train/loss,165,1776106991.318399,0.25057917833328247,scalar
events.out.tfevents.1776098432.e18ce739cf4e.13621.0,train/loss,170,1776107222.5134547,0.2454223930835724,scalar
events.out.tfevents.1776098432.e18ce739cf4e.13621.0,train/loss,175,1776107481.0359747,0.24590294063091278,scalar
events.out.tfevents.1776098432.e18ce739cf4e.13621.0,train/loss,180,1776107725.284376,0.24958088994026184,scalar
events.out.tfevents.1776098432.e18ce739cf4e.13621.0,train/loss,185,1776107995.141243,0.24898651242256165,scalar
events.out.tfevents.1776098432.e18ce739cf4e.13621.0,train/loss,190,1776108219.6839035,0.2394120991230011,scalar
events.out.tfevents.1776098432.e18ce739cf4e.13621.0,train/loss,195,1776108479.6311452,0.23995228111743927,scalar
events.out.tfevents.1776098432.e18ce739cf4e.13621.0,train/loss,200,1776108713.404127,0.24671027064323425,scalar
events.out.tfevents.1776098432.e18ce739cf4e.13621.0,train/loss,205,1776109006.446551,0.25000661611557007,scalar
events.out.tfevents.1776098432.e18ce739cf4e.13621.0,train/loss,210,1776109244.3095694,0.2392359972000122,scalar
events.out.tfevents.1776098432.e18ce739cf4e.13621.0,train/loss,215,1776109509.854186,0.24462608993053436,scalar
events.out.tfevents.1776098432.e18ce739cf4e.13621.0,train/loss,220,1776109746.7019646,0.24007610976696014,scalar
events.out.tfevents.1776098432.e18ce739cf4e.13621.0,train/loss,225,1776110012.2331302,0.24209105968475342,scalar
events.out.tfevents.1776098432.e18ce739cf4e.13621.0,train/loss,230,1776110245.5425699,0.24576136469841003,scalar
events.out.tfevents.1776098432.e18ce739cf4e.13621.0,train/loss,235,1776110505.6805573,0.24434880912303925,scalar
events.out.tfevents.1776098432.e18ce739cf4e.13621.0,train/loss,240,1776110750.9554756,0.24727125465869904,scalar
events.out.tfevents.1776098432.e18ce739cf4e.13621.0,train/loss,245,1776111014.8874242,0.24551594257354736,scalar
events.out.tfevents.1776098432.e18ce739cf4e.13621.0,train/loss,250,1776111247.8318377,0.2430587112903595,scalar
events.out.tfevents.1776098432.e18ce739cf4e.13621.0,train/loss,255,1776111505.8083944,0.23975296318531036,scalar
events.out.tfevents.1776098432.e18ce739cf4e.13621.0,train/loss,260,1776111748.7424574,0.24081678688526154,scalar
events.out.tfevents.1776098432.e18ce739cf4e.13621.0,train/loss,265,1776112027.0638258,0.24142463505268097,scalar
events.out.tfevents.1776098432.e18ce739cf4e.13621.0,train/loss,270,1776112265.2239783,0.24187278747558594,scalar
events.out.tfevents.1776098432.e18ce739cf4e.13621.0,train/loss,275,1776112526.9699094,0.23872920870780945,scalar
events.out.tfevents.1776098432.e18ce739cf4e.13621.0,train/loss,280,1776112774.7302177,0.23232972621917725,scalar
events.out.tfevents.1776098432.e18ce739cf4e.13621.0,train/loss,285,1776113039.7424393,0.23633988201618195,scalar
events.out.tfevents.1776098432.e18ce739cf4e.13621.0,train/loss,290,1776113277.302272,0.2470627725124359,scalar
events.out.tfevents.1776098432.e18ce739cf4e.13621.0,train/loss,295,1776113549.5830123,0.23830878734588623,scalar
events.out.tfevents.1776098432.e18ce739cf4e.13621.0,train/loss,300,1776113789.9375892,0.23242464661598206,scalar
events.out.tfevents.1776098432.e18ce739cf4e.13621.0,train/loss,305,1776114074.4596689,0.23414242267608643,scalar
events.out.tfevents.1776098432.e18ce739cf4e.13621.0,train/loss,310,1776114314.2218683,0.2464217245578766,scalar
events.out.tfevents.1776098432.e18ce739cf4e.13621.0,train/loss,315,1776114570.745441,0.23938405513763428,scalar
events.out.tfevents.1776098432.e18ce739cf4e.13621.0,train/loss,320,1776114803.524066,0.23652024567127228,scalar
events.out.tfevents.1776098432.e18ce739cf4e.13621.0,train/loss,325,1776115058.3087823,0.23378732800483704,scalar
events.out.tfevents.1776098432.e18ce739cf4e.13621.0,train/loss,330,1776115287.8900428,0.23744463920593262,scalar
events.out.tfevents.1776098432.e18ce739cf4e.13621.0,train/loss,335,1776115550.1857584,0.23793351650238037,scalar
events.out.tfevents.1776098432.e18ce739cf4e.13621.0,train/loss,340,1776115810.0744758,0.23797735571861267,scalar
events.out.tfevents.1776098432.e18ce739cf4e.13621.0,train/loss,345,1776116069.7716193,0.23773261904716492,scalar
events.out.tfevents.1776098432.e18ce739cf4e.13621.0,train/loss,350,1776116304.8310459,0.2272077351808548,scalar
events.out.tfevents.1776098432.e18ce739cf4e.13621.0,train/loss,355,1776116601.7208045,0.23466937243938446,scalar
events.out.tfevents.1776098432.e18ce739cf4e.13621.0,train/loss,360,1776116839.7070138,0.23495498299598694,scalar
events.out.tfevents.1776098432.e18ce739cf4e.13621.0,train/loss,365,1776117098.2824507,0.23457494378089905,scalar
events.out.tfevents.1776098432.e18ce739cf4e.13621.0,train/loss,370,1776117342.4172835,0.23500652611255646,scalar
events.out.tfevents.1776098432.e18ce739cf4e.13621.0,train/loss,375,1776117607.0773475,0.22999396920204163,scalar
events.out.tfevents.1776098432.e18ce739cf4e.13621.0,train/loss,380,1776117838.6318045,0.23268385231494904,scalar
events.out.tfevents.1776098432.e18ce739cf4e.13621.0,train/loss,385,1776118098.003565,0.2345304936170578,scalar
events.out.tfevents.1776098432.e18ce739cf4e.13621.0,train/loss,390,1776118324.5019758,0.23224762082099915,scalar
events.out.tfevents.1776098432.e18ce739cf4e.13621.0,train/loss,395,1776118606.1825113,0.23043842613697052,scalar
events.out.tfevents.1776098432.e18ce739cf4e.13621.0,train/loss,400,1776118838.174381,0.2343977391719818,scalar
events.out.tfevents.1776098432.e18ce739cf4e.13621.0,train/loss,405,1776119121.4834125,0.23079617321491241,scalar
events.out.tfevents.1776098432.e18ce739cf4e.13621.0,train/loss,410,1776119354.938794,0.23412485420703888,scalar
events.out.tfevents.1776098432.e18ce739cf4e.13621.0,train/loss,415,1776119602.756595,0.22923310101032257,scalar
events.out.tfevents.1776098432.e18ce739cf4e.13621.0,train/loss,420,1776119836.6526816,0.23350122570991516,scalar
events.out.tfevents.1776098432.e18ce739cf4e.13621.0,train/loss,425,1776120091.1022143,0.22371701896190643,scalar
events.out.tfevents.1776098432.e18ce739cf4e.13621.0,train/loss,430,1776120321.0867481,0.23239652812480927,scalar
events.out.tfevents.1776098432.e18ce739cf4e.13621.0,train/loss,435,1776120585.1814377,0.23605084419250488,scalar
events.out.tfevents.1776098432.e18ce739cf4e.13621.0,train/loss,440,1776120813.4807918,0.23125827312469482,scalar
events.out.tfevents.1776098432.e18ce739cf4e.13621.0,train/loss,445,1776121079.8425598,0.2312207669019699,scalar
events.out.tfevents.1776098432.e18ce739cf4e.13621.0,train/loss,450,1776121326.689615,0.2360697239637375,scalar
events.out.tfevents.1776098432.e18ce739cf4e.13621.0,train/loss,455,1776121632.2417421,0.2344658076763153,scalar
events.out.tfevents.1776098432.e18ce739cf4e.13621.0,train/loss,460,1776121868.031742,0.2301095724105835,scalar
events.out.tfevents.1776098432.e18ce739cf4e.13621.0,train/loss,465,1776122156.6491184,0.2270824909210205,scalar
events.out.tfevents.1776098432.e18ce739cf4e.13621.0,train/loss,470,1776122397.5064564,0.22957353293895721,scalar
events.out.tfevents.1776098432.e18ce739cf4e.13621.0,train/loss,475,1776122674.3628657,0.23052899539470673,scalar
events.out.tfevents.1776098432.e18ce739cf4e.13621.0,train/loss,480,1776122907.6777935,0.22350814938545227,scalar
events.out.tfevents.1776098432.e18ce739cf4e.13621.0,train/loss,485,1776123164.1895833,0.22655844688415527,scalar
events.out.tfevents.1776098432.e18ce739cf4e.13621.0,train/loss,490,1776123404.4827006,0.2253912389278412,scalar
events.out.tfevents.1776098432.e18ce739cf4e.13621.0,train/loss,495,1776123661.7046695,0.22627811133861542,scalar
events.out.tfevents.1776098432.e18ce739cf4e.13621.0,train/loss,500,1776123916.9320314,0.22621361911296844,scalar
events.out.tfevents.1776098432.e18ce739cf4e.13621.0,train/loss,505,1776124167.4650147,0.22679626941680908,scalar
events.out.tfevents.1776098432.e18ce739cf4e.13621.0,train/loss,510,1776124412.7521677,0.22806505858898163,scalar
events.out.tfevents.1776098432.e18ce739cf4e.13621.0,train/loss,515,1776124683.3615165,0.23152749240398407,scalar
events.out.tfevents.1776098432.e18ce739cf4e.13621.0,train/loss,520,1776124924.5492802,0.23895061016082764,scalar
events.out.tfevents.1776098432.e18ce739cf4e.13621.0,train/loss,525,1776125191.8496351,0.23070570826530457,scalar
events.out.tfevents.1776098432.e18ce739cf4e.13621.0,train/loss,530,1776125433.560692,0.22543928027153015,scalar
events.out.tfevents.1776098432.e18ce739cf4e.13621.0,train/loss,535,1776125704.6265407,0.22228868305683136,scalar
events.out.tfevents.1776098432.e18ce739cf4e.13621.0,train/loss,540,1776125941.38282,0.23243169486522675,scalar
events.out.tfevents.1776098432.e18ce739cf4e.13621.0,train/loss,545,1776126219.68346,0.22656980156898499,scalar
events.out.tfevents.1776098432.e18ce739cf4e.13621.0,train/loss,550,1776126466.9732175,0.23408333957195282,scalar
events.out.tfevents.1776098432.e18ce739cf4e.13621.0,train/loss,555,1776126731.0250287,0.2208367884159088,scalar
events.out.tfevents.1776098432.e18ce739cf4e.13621.0,train/loss,560,1776126993.6405385,0.2241199016571045,scalar
events.out.tfevents.1776098432.e18ce739cf4e.13621.0,train/loss,565,1776127252.3977551,0.22103171050548553,scalar
events.out.tfevents.1776098432.e18ce739cf4e.13621.0,train/loss,570,1776127477.1598823,0.2261379212141037,scalar
events.out.tfevents.1776098432.e18ce739cf4e.13621.0,train/loss,575,1776127745.8512328,0.22039350867271423,scalar
events.out.tfevents.1776098432.e18ce739cf4e.13621.0,train/loss,580,1776127988.980152,0.22177746891975403,scalar
events.out.tfevents.1776098432.e18ce739cf4e.13621.0,train/loss,585,1776128245.1673121,0.22808167338371277,scalar
events.out.tfevents.1776098432.e18ce739cf4e.13621.0,train/loss,590,1776128481.8413732,0.2207624614238739,scalar
events.out.tfevents.1776098432.e18ce739cf4e.13621.0,train/loss,595,1776128746.9722319,0.21962478756904602,scalar
events.out.tfevents.1776098432.e18ce739cf4e.13621.0,train/loss,600,1776128987.6178539,0.21508565545082092,scalar
events.out.tfevents.1776098432.e18ce739cf4e.13621.0,train/loss,605,1776129264.330266,0.22967910766601562,scalar
events.out.tfevents.1776098432.e18ce739cf4e.13621.0,train/loss,610,1776129512.296883,0.22267386317253113,scalar
events.out.tfevents.1776098432.e18ce739cf4e.13621.0,train/loss,615,1776129795.6770089,0.21965403854846954,scalar
events.out.tfevents.1776098432.e18ce739cf4e.13621.0,train/loss,620,1776130044.299223,0.22370406985282898,scalar
events.out.tfevents.1776098432.e18ce739cf4e.13621.0,train/loss,625,1776130301.7017422,0.22550681233406067,scalar
events.out.tfevents.1776098432.e18ce739cf4e.13621.0,train/loss,630,1776130550.048571,0.219869464635849,scalar
events.out.tfevents.1776098432.e18ce739cf4e.13621.0,train/loss,635,1776130805.2277067,0.21726563572883606,scalar
events.out.tfevents.1776098432.e18ce739cf4e.13621.0,train/loss,640,1776131053.715586,0.22123034298419952,scalar
events.out.tfevents.1776098432.e18ce739cf4e.13621.0,train/loss,645,1776131311.0037277,0.21937713027000427,scalar
events.out.tfevents.1776098432.e18ce739cf4e.13621.0,train/loss,650,1776131554.3336842,0.22256167232990265,scalar
events.out.tfevents.1776098432.e18ce739cf4e.13621.0,train/loss,655,1776131816.285682,0.22392885386943817,scalar
events.out.tfevents.1776098432.e18ce739cf4e.13621.0,train/loss,660,1776132064.9200244,0.22721286118030548,scalar
events.out.tfevents.1776098432.e18ce739cf4e.13621.0,train/loss,665,1776132313.3746269,0.2222755402326584,scalar
events.out.tfevents.1776098432.e18ce739cf4e.13621.0,train/loss,670,1776132553.148702,0.21661129593849182,scalar
events.out.tfevents.1776098432.e18ce739cf4e.13621.0,train/loss,675,1776132802.64128,0.2185564488172531,scalar
events.out.tfevents.1776098432.e18ce739cf4e.13621.0,train/loss,680,1776133045.8844295,0.21688611805438995,scalar
events.out.tfevents.1776098432.e18ce739cf4e.13621.0,train/loss,685,1776133317.1080325,0.22559110820293427,scalar
events.out.tfevents.1776098432.e18ce739cf4e.13621.0,train/loss,690,1776133548.5069962,0.22437214851379395,scalar
events.out.tfevents.1776098432.e18ce739cf4e.13621.0,train/loss,695,1776133821.2742379,0.22013382613658905,scalar
events.out.tfevents.1776098432.e18ce739cf4e.13621.0,train/loss,700,1776134066.191864,0.22188730537891388,scalar
events.out.tfevents.1776098432.e18ce739cf4e.13621.0,train/loss,705,1776134363.8375046,0.22617647051811218,scalar
events.out.tfevents.1776098432.e18ce739cf4e.13621.0,train/loss,710,1776134608.8139122,0.22105319797992706,scalar
events.out.tfevents.1776098432.e18ce739cf4e.13621.0,train/loss,715,1776134866.8529468,0.2203882485628128,scalar
events.out.tfevents.1776098432.e18ce739cf4e.13621.0,train/loss,720,1776135106.814341,0.22651664912700653,scalar
events.out.tfevents.1776098432.e18ce739cf4e.13621.0,train/loss,725,1776135363.0062704,0.2135007679462433,scalar
events.out.tfevents.1776098432.e18ce739cf4e.13621.0,train/loss,730,1776135589.2800999,0.21313521265983582,scalar
events.out.tfevents.1776098432.e18ce739cf4e.13621.0,train/loss,735,1776135862.8363953,0.2167169600725174,scalar
events.out.tfevents.1776098432.e18ce739cf4e.13621.0,train/loss,740,1776136101.161417,0.21892330050468445,scalar
events.out.tfevents.1776098432.e18ce739cf4e.13621.0,train/loss,745,1776136363.370315,0.22206147015094757,scalar
events.out.tfevents.1776098432.e18ce739cf4e.13621.0,train/loss,750,1776136602.288377,0.21292328834533691,scalar
events.out.tfevents.1776098432.e18ce739cf4e.13621.0,train/loss,755,1776136866.771348,0.22270861268043518,scalar
events.out.tfevents.1776098432.e18ce739cf4e.13621.0,train/loss,760,1776137110.4146655,0.2183929681777954,scalar
events.out.tfevents.1776098432.e18ce739cf4e.13621.0,train/loss,765,1776137378.4380426,0.2133830040693283,scalar
events.out.tfevents.1776098432.e18ce739cf4e.13621.0,train/loss,770,1776137609.8665688,0.2202785313129425,scalar
events.out.tfevents.1776098432.e18ce739cf4e.13621.0,train/loss,775,1776137866.091689,0.21814973652362823,scalar
events.out.tfevents.1776098432.e18ce739cf4e.13621.0,train/loss,780,1776138144.5912733,0.21280892193317413,scalar
events.out.tfevents.1776098432.e18ce739cf4e.13621.0,train/loss,785,1776138415.4374259,0.21942193806171417,scalar
events.out.tfevents.1776098432.e18ce739cf4e.13621.0,train/loss,790,1776138646.6393626,0.2241925448179245,scalar
events.out.tfevents.1776098432.e18ce739cf4e.13621.0,train/loss,795,1776138906.881389,0.22359606623649597,scalar
events.out.tfevents.1776098432.e18ce739cf4e.13621.0,train/loss,800,1776139137.1348147,0.2192869484424591,scalar
events.out.tfevents.1776098432.e18ce739cf4e.13621.0,train/loss,805,1776139423.3894415,0.21974769234657288,scalar
events.out.tfevents.1776098432.e18ce739cf4e.13621.0,train/loss,810,1776139661.6680489,0.22076907753944397,scalar
events.out.tfevents.1776098432.e18ce739cf4e.13621.0,train/loss,815,1776139909.5321324,0.2178625762462616,scalar
events.out.tfevents.1776098432.e18ce739cf4e.13621.0,train/loss,820,1776140170.2860665,0.21817167103290558,scalar
events.out.tfevents.1776098432.e18ce739cf4e.13621.0,train/loss,825,1776140432.6946065,0.2168075293302536,scalar
events.out.tfevents.1776098432.e18ce739cf4e.13621.0,train/loss,830,1776140683.8492806,0.21196958422660828,scalar
events.out.tfevents.1776098432.e18ce739cf4e.13621.0,train/loss,835,1776140981.3866575,0.21949951350688934,scalar
events.out.tfevents.1776098432.e18ce739cf4e.13621.0,train/loss,840,1776141228.3916616,0.22616712749004364,scalar
events.out.tfevents.1776098432.e18ce739cf4e.13621.0,train/loss,845,1776141497.9587736,0.2175520956516266,scalar
events.out.tfevents.1776098432.e18ce739cf4e.13621.0,train/loss,850,1776141726.240256,0.21703843772411346,scalar
events.out.tfevents.1776098432.e18ce739cf4e.13621.0,train/loss,855,1776142047.5383968,0.21571287512779236,scalar
events.out.tfevents.1776098432.e18ce739cf4e.13621.0,train/loss,860,1776142277.7186399,0.21690645813941956,scalar
events.out.tfevents.1776098432.e18ce739cf4e.13621.0,train/loss,865,1776142534.0721035,0.21764197945594788,scalar
events.out.tfevents.1776098432.e18ce739cf4e.13621.0,train/loss,870,1776142757.864904,0.21872445940971375,scalar
events.out.tfevents.1776098432.e18ce739cf4e.13621.0,train/loss,875,1776143009.5389378,0.21489615738391876,scalar
events.out.tfevents.1776098432.e18ce739cf4e.13621.0,train/loss,880,1776143250.912447,0.2179221361875534,scalar
events.out.tfevents.1776098432.e18ce739cf4e.13621.0,train/loss,885,1776143534.616761,0.218502476811409,scalar
events.out.tfevents.1776098432.e18ce739cf4e.13621.0,train/loss,890,1776143786.2936404,0.21557164192199707,scalar
events.out.tfevents.1776098432.e18ce739cf4e.13621.0,train/loss,895,1776144055.0222907,0.21382060647010803,scalar
events.out.tfevents.1776098432.e18ce739cf4e.13621.0,train/loss,900,1776144296.2500496,0.21473491191864014,scalar
events.out.tfevents.1776098432.e18ce739cf4e.13621.0,train/loss,905,1776144567.8132052,0.21664531528949738,scalar
events.out.tfevents.1776098432.e18ce739cf4e.13621.0,train/loss,910,1776144810.2346177,0.21828126907348633,scalar
events.out.tfevents.1776098432.e18ce739cf4e.13621.0,train/loss,915,1776145078.9344482,0.21375253796577454,scalar
events.out.tfevents.1776098432.e18ce739cf4e.13621.0,train/loss,920,1776145330.6674392,0.2198096513748169,scalar
events.out.tfevents.1776098432.e18ce739cf4e.13621.0,train/loss,925,1776145591.8577778,0.22003710269927979,scalar
events.out.tfevents.1776098432.e18ce739cf4e.13621.0,train/loss,930,1776145834.4793108,0.2135942429304123,scalar
events.out.tfevents.1776098432.e18ce739cf4e.13621.0,train/loss,935,1776146105.1101713,0.21671125292778015,scalar
events.out.tfevents.1776098432.e18ce739cf4e.13621.0,train/loss,940,1776146351.5741053,0.21622535586357117,scalar
events.out.tfevents.1776098432.e18ce739cf4e.13621.0,train/loss,945,1776146630.1905012,0.217708557844162,scalar
events.out.tfevents.1776098432.e18ce739cf4e.13621.0,train/loss,950,1776146885.1189313,0.22024953365325928,scalar
events.out.tfevents.1776098432.e18ce739cf4e.13621.0,train/loss,955,1776147148.4880586,0.2134665995836258,scalar
events.out.tfevents.1776098432.e18ce739cf4e.13621.0,train/loss,960,1776147370.862521,0.2142053097486496,scalar
events.out.tfevents.1776098432.e18ce739cf4e.13621.0,train/loss,965,1776147632.7343335,0.21326705813407898,scalar
events.out.tfevents.1776098432.e18ce739cf4e.13621.0,train/loss,970,1776147891.221448,0.21534354984760284,scalar
events.out.tfevents.1776098432.e18ce739cf4e.13621.0,train/loss,975,1776148156.2639372,0.2154230773448944,scalar
events.out.tfevents.1776098432.e18ce739cf4e.13621.0,train/loss,980,1776148387.0091195,0.2188781201839447,scalar
events.out.tfevents.1776098432.e18ce739cf4e.13621.0,train/loss,985,1776148660.2821264,0.21280555427074432,scalar
events.out.tfevents.1776098432.e18ce739cf4e.13621.0,train/loss,990,1776148893.7311296,0.2138182669878006,scalar
events.out.tfevents.1776098432.e18ce739cf4e.13621.0,train/loss,995,1776149142.9775724,0.21656100451946259,scalar
events.out.tfevents.1776098432.e18ce739cf4e.13621.0,train/loss,1000,1776149384.5079281,0.2139551192522049,scalar
events.out.tfevents.1776098432.e18ce739cf4e.13621.0,train/loss,1005,1776149649.4326184,0.21866603195667267,scalar
events.out.tfevents.1776098432.e18ce739cf4e.13621.0,train/loss,1010,1776149887.8394592,0.21252676844596863,scalar
events.out.tfevents.1776098432.e18ce739cf4e.13621.0,train/loss,1015,1776150155.7891665,0.21482586860656738,scalar
events.out.tfevents.1776098432.e18ce739cf4e.13621.0,train/loss,1020,1776150412.5558174,0.2136133909225464,scalar
events.out.tfevents.1776098432.e18ce739cf4e.13621.0,train/loss,1025,1776150676.4254942,0.2154707908630371,scalar
events.out.tfevents.1776098432.e18ce739cf4e.13621.0,train/loss,1030,1776150928.7013462,0.21774418652057648,scalar
events.out.tfevents.1776098432.e18ce739cf4e.13621.0,train/loss,1035,1776151202.2463915,0.2170337438583374,scalar
events.out.tfevents.1776098432.e18ce739cf4e.13621.0,train/loss,1040,1776151455.6171834,0.2165190875530243,scalar
events.out.tfevents.1776098432.e18ce739cf4e.13621.0,train/loss,1045,1776151716.5728097,0.21405863761901855,scalar
events.out.tfevents.1776098432.e18ce739cf4e.13621.0,train/loss,1050,1776151964.663257,0.21085326373577118,scalar
events.out.tfevents.1776098432.e18ce739cf4e.13621.0,train/loss,1055,1776152233.059075,0.2148619145154953,scalar
events.out.tfevents.1776098432.e18ce739cf4e.13621.0,train/loss,1060,1776152458.363427,0.21218907833099365,scalar
events.out.tfevents.1776098432.e18ce739cf4e.13621.0,train/loss,1065,1776152757.526384,0.2158157080411911,scalar
events.out.tfevents.1776098432.e18ce739cf4e.13621.0,train/loss,1070,1776152994.0768025,0.22246940433979034,scalar
events.out.tfevents.1776098432.e18ce739cf4e.13621.0,train/loss,1075,1776153248.2335684,0.2159641534090042,scalar
events.out.tfevents.1776098432.e18ce739cf4e.13621.0,train/loss,1080,1776153488.2798648,0.21253332495689392,scalar
events.out.tfevents.1776098432.e18ce739cf4e.13621.0,train/loss,1085,1776153749.2182033,0.20939850807189941,scalar
events.out.tfevents.1776098432.e18ce739cf4e.13621.0,train/loss,1090,1776154001.8400142,0.2134164273738861,scalar
events.out.tfevents.1776098432.e18ce739cf4e.13621.0,train/loss,1095,1776154274.3238156,0.21572978794574738,scalar
events.out.tfevents.1776098432.e18ce739cf4e.13621.0,train/loss,1100,1776154519.1075277,0.21207471191883087,scalar
events.out.tfevents.1776098432.e18ce739cf4e.13621.0,train/loss,1105,1776154782.4194872,0.2120244801044464,scalar
events.out.tfevents.1776098432.e18ce739cf4e.13621.0,train/loss,1110,1776155020.7341032,0.2140209972858429,scalar
events.out.tfevents.1776098432.e18ce739cf4e.13621.0,train/loss,1115,1776155308.2399979,0.2087622880935669,scalar
events.out.tfevents.1776098432.e18ce739cf4e.13621.0,train/loss,1120,1776155572.7081313,0.2085648775100708,scalar
events.out.tfevents.1776098432.e18ce739cf4e.13621.0,train/loss,1125,1776155837.3527737,0.21035149693489075,scalar
events.out.tfevents.1776098432.e18ce739cf4e.13621.0,train/loss,1130,1776156080.4764738,0.21100115776062012,scalar
events.out.tfevents.1776098432.e18ce739cf4e.13621.0,train/loss,1135,1776156355.6550765,0.21611638367176056,scalar
events.out.tfevents.1776098432.e18ce739cf4e.13621.0,train/loss,1140,1776156598.3886745,0.20827949047088623,scalar
events.out.tfevents.1776098432.e18ce739cf4e.13621.0,train/loss,1145,1776156861.667272,0.2118747979402542,scalar
events.out.tfevents.1776098432.e18ce739cf4e.13621.0,train/loss,1150,1776157103.2935376,0.21589362621307373,scalar
events.out.tfevents.1776098432.e18ce739cf4e.13621.0,train/loss,1155,1776157365.2143826,0.20770633220672607,scalar
events.out.tfevents.1776098432.e18ce739cf4e.13621.0,train/loss,1160,1776157621.1113029,0.210991770029068,scalar
events.out.tfevents.1776098432.e18ce739cf4e.13621.0,train/loss,1165,1776157876.2591357,0.2120210826396942,scalar
events.out.tfevents.1776098432.e18ce739cf4e.13621.0,train/loss,1170,1776158111.31575,0.20503506064414978,scalar
events.out.tfevents.1776098432.e18ce739cf4e.13621.0,train/grad_norm,5,1776098684.050548,0.232421875,scalar
events.out.tfevents.1776098432.e18ce739cf4e.13621.0,train/grad_norm,10,1776098923.6900487,0.224609375,scalar
events.out.tfevents.1776098432.e18ce739cf4e.13621.0,train/grad_norm,15,1776099184.9258306,0.2041015625,scalar
events.out.tfevents.1776098432.e18ce739cf4e.13621.0,train/grad_norm,20,1776099414.7564573,0.166015625,scalar
events.out.tfevents.1776098432.e18ce739cf4e.13621.0,train/grad_norm,25,1776099699.985992,0.6015625,scalar
events.out.tfevents.1776098432.e18ce739cf4e.13621.0,train/grad_norm,30,1776099954.7651732,0.10546875,scalar
events.out.tfevents.1776098432.e18ce739cf4e.13621.0,train/grad_norm,35,1776100251.2152522,0.04833984375,scalar
events.out.tfevents.1776098432.e18ce739cf4e.13621.0,train/grad_norm,40,1776100493.002485,0.034912109375,scalar
events.out.tfevents.1776098432.e18ce739cf4e.13621.0,train/grad_norm,45,1776100775.8368084,0.04931640625,scalar
events.out.tfevents.1776098432.e18ce739cf4e.13621.0,train/grad_norm,50,1776101006.9145293,0.0380859375,scalar
events.out.tfevents.1776098432.e18ce739cf4e.13621.0,train/grad_norm,55,1776101286.0887635,0.0264892578125,scalar
events.out.tfevents.1776098432.e18ce739cf4e.13621.0,train/grad_norm,60,1776101527.6700976,0.023681640625,scalar
events.out.tfevents.1776098432.e18ce739cf4e.13621.0,train/grad_norm,65,1776101785.5293458,0.0260009765625,scalar
events.out.tfevents.1776098432.e18ce739cf4e.13621.0,train/grad_norm,70,1776102024.0902178,0.0286865234375,scalar
events.out.tfevents.1776098432.e18ce739cf4e.13621.0,train/grad_norm,75,1776102311.5175002,0.0286865234375,scalar
events.out.tfevents.1776098432.e18ce739cf4e.13621.0,train/grad_norm,80,1776102562.6898096,0.039794921875,scalar
events.out.tfevents.1776098432.e18ce739cf4e.13621.0,train/grad_norm,85,1776102827.1076736,0.025146484375,scalar
events.out.tfevents.1776098432.e18ce739cf4e.13621.0,train/grad_norm,90,1776103084.8204691,0.0213623046875,scalar
events.out.tfevents.1776098432.e18ce739cf4e.13621.0,train/grad_norm,95,1776103339.1536834,0.031982421875,scalar
events.out.tfevents.1776098432.e18ce739cf4e.13621.0,train/grad_norm,100,1776103579.7436447,0.028076171875,scalar
events.out.tfevents.1776098432.e18ce739cf4e.13621.0,train/grad_norm,105,1776103858.968118,0.0311279296875,scalar
events.out.tfevents.1776098432.e18ce739cf4e.13621.0,train/grad_norm,110,1776104090.269272,0.02734375,scalar
events.out.tfevents.1776098432.e18ce739cf4e.13621.0,train/grad_norm,115,1776104407.4864583,0.0224609375,scalar
events.out.tfevents.1776098432.e18ce739cf4e.13621.0,train/grad_norm,120,1776104650.7269928,0.0220947265625,scalar
events.out.tfevents.1776098432.e18ce739cf4e.13621.0,train/grad_norm,125,1776104968.9244633,0.024169921875,scalar
events.out.tfevents.1776098432.e18ce739cf4e.13621.0,train/grad_norm,130,1776105207.1050274,0.0220947265625,scalar
events.out.tfevents.1776098432.e18ce739cf4e.13621.0,train/grad_norm,135,1776105478.2981324,0.02734375,scalar
events.out.tfevents.1776098432.e18ce739cf4e.13621.0,train/grad_norm,140,1776105700.7650235,0.01953125,scalar
events.out.tfevents.1776098432.e18ce739cf4e.13621.0,train/grad_norm,145,1776105997.060567,0.0225830078125,scalar
events.out.tfevents.1776098432.e18ce739cf4e.13621.0,train/grad_norm,150,1776106239.495743,0.024658203125,scalar
events.out.tfevents.1776098432.e18ce739cf4e.13621.0,train/grad_norm,155,1776106496.8233447,0.0213623046875,scalar
events.out.tfevents.1776098432.e18ce739cf4e.13621.0,train/grad_norm,160,1776106736.4975293,0.024169921875,scalar
events.out.tfevents.1776098432.e18ce739cf4e.13621.0,train/grad_norm,165,1776106991.3184402,0.0238037109375,scalar
events.out.tfevents.1776098432.e18ce739cf4e.13621.0,train/grad_norm,170,1776107222.513499,0.0264892578125,scalar
events.out.tfevents.1776098432.e18ce739cf4e.13621.0,train/grad_norm,175,1776107481.0360222,0.021484375,scalar
events.out.tfevents.1776098432.e18ce739cf4e.13621.0,train/grad_norm,180,1776107725.2844222,0.023193359375,scalar
events.out.tfevents.1776098432.e18ce739cf4e.13621.0,train/grad_norm,185,1776107995.1412876,0.03076171875,scalar
events.out.tfevents.1776098432.e18ce739cf4e.13621.0,train/grad_norm,190,1776108219.6839497,0.0296630859375,scalar
events.out.tfevents.1776098432.e18ce739cf4e.13621.0,train/grad_norm,195,1776108479.6311886,0.027587890625,scalar
events.out.tfevents.1776098432.e18ce739cf4e.13621.0,train/grad_norm,200,1776108713.4041722,0.0302734375,scalar
events.out.tfevents.1776098432.e18ce739cf4e.13621.0,train/grad_norm,205,1776109006.4466102,0.0242919921875,scalar
events.out.tfevents.1776098432.e18ce739cf4e.13621.0,train/grad_norm,210,1776109244.3096125,0.0294189453125,scalar
events.out.tfevents.1776098432.e18ce739cf4e.13621.0,train/grad_norm,215,1776109509.854229,0.0242919921875,scalar
events.out.tfevents.1776098432.e18ce739cf4e.13621.0,train/grad_norm,220,1776109746.7020092,0.024169921875,scalar
events.out.tfevents.1776098432.e18ce739cf4e.13621.0,train/grad_norm,225,1776110012.2331727,0.027099609375,scalar
events.out.tfevents.1776098432.e18ce739cf4e.13621.0,train/grad_norm,230,1776110245.5426145,0.03759765625,scalar
events.out.tfevents.1776098432.e18ce739cf4e.13621.0,train/grad_norm,235,1776110505.6806002,0.0264892578125,scalar
events.out.tfevents.1776098432.e18ce739cf4e.13621.0,train/grad_norm,240,1776110750.9555187,0.033935546875,scalar
events.out.tfevents.1776098432.e18ce739cf4e.13621.0,train/grad_norm,245,1776111014.8874688,0.0242919921875,scalar
events.out.tfevents.1776098432.e18ce739cf4e.13621.0,train/grad_norm,250,1776111247.8318818,0.035888671875,scalar
events.out.tfevents.1776098432.e18ce739cf4e.13621.0,train/grad_norm,255,1776111505.8084393,0.02294921875,scalar
events.out.tfevents.1776098432.e18ce739cf4e.13621.0,train/grad_norm,260,1776111748.742501,0.036376953125,scalar
events.out.tfevents.1776098432.e18ce739cf4e.13621.0,train/grad_norm,265,1776112027.0638812,0.032958984375,scalar
events.out.tfevents.1776098432.e18ce739cf4e.13621.0,train/grad_norm,270,1776112265.224023,0.028076171875,scalar
events.out.tfevents.1776098432.e18ce739cf4e.13621.0,train/grad_norm,275,1776112526.9699535,0.034423828125,scalar
events.out.tfevents.1776098432.e18ce739cf4e.13621.0,train/grad_norm,280,1776112774.7302608,0.029052734375,scalar
events.out.tfevents.1776098432.e18ce739cf4e.13621.0,train/grad_norm,285,1776113039.742483,0.033447265625,scalar
events.out.tfevents.1776098432.e18ce739cf4e.13621.0,train/grad_norm,290,1776113277.302319,0.033935546875,scalar
events.out.tfevents.1776098432.e18ce739cf4e.13621.0,train/grad_norm,295,1776113549.5830548,0.022216796875,scalar
events.out.tfevents.1776098432.e18ce739cf4e.13621.0,train/grad_norm,300,1776113789.9376328,0.02685546875,scalar
events.out.tfevents.1776098432.e18ce739cf4e.13621.0,train/grad_norm,305,1776114074.459713,0.033447265625,scalar
events.out.tfevents.1776098432.e18ce739cf4e.13621.0,train/grad_norm,310,1776114314.2219148,0.0223388671875,scalar
events.out.tfevents.1776098432.e18ce739cf4e.13621.0,train/grad_norm,315,1776114570.7454844,0.02978515625,scalar
events.out.tfevents.1776098432.e18ce739cf4e.13621.0,train/grad_norm,320,1776114803.524122,0.02880859375,scalar
events.out.tfevents.1776098432.e18ce739cf4e.13621.0,train/grad_norm,325,1776115058.3088245,0.02490234375,scalar
events.out.tfevents.1776098432.e18ce739cf4e.13621.0,train/grad_norm,330,1776115287.8901,0.031494140625,scalar
events.out.tfevents.1776098432.e18ce739cf4e.13621.0,train/grad_norm,335,1776115550.1857998,0.0291748046875,scalar
events.out.tfevents.1776098432.e18ce739cf4e.13621.0,train/grad_norm,340,1776115810.0745215,0.0322265625,scalar
events.out.tfevents.1776098432.e18ce739cf4e.13621.0,train/grad_norm,345,1776116069.7716665,0.0308837890625,scalar
events.out.tfevents.1776098432.e18ce739cf4e.13621.0,train/grad_norm,350,1776116304.8311143,0.033203125,scalar
events.out.tfevents.1776098432.e18ce739cf4e.13621.0,train/grad_norm,355,1776116601.720851,0.029541015625,scalar
events.out.tfevents.1776098432.e18ce739cf4e.13621.0,train/grad_norm,360,1776116839.7070606,0.031982421875,scalar
events.out.tfevents.1776098432.e18ce739cf4e.13621.0,train/grad_norm,365,1776117098.2824926,0.03955078125,scalar
events.out.tfevents.1776098432.e18ce739cf4e.13621.0,train/grad_norm,370,1776117342.4173281,0.03369140625,scalar
events.out.tfevents.1776098432.e18ce739cf4e.13621.0,train/grad_norm,375,1776117607.0773904,0.03076171875,scalar
events.out.tfevents.1776098432.e18ce739cf4e.13621.0,train/grad_norm,380,1776117838.6318512,0.037109375,scalar
events.out.tfevents.1776098432.e18ce739cf4e.13621.0,train/grad_norm,385,1776118098.0036116,0.036376953125,scalar
events.out.tfevents.1776098432.e18ce739cf4e.13621.0,train/grad_norm,390,1776118324.5020208,0.0308837890625,scalar
events.out.tfevents.1776098432.e18ce739cf4e.13621.0,train/grad_norm,395,1776118606.1825569,0.0213623046875,scalar
events.out.tfevents.1776098432.e18ce739cf4e.13621.0,train/grad_norm,400,1776118838.1744256,0.0322265625,scalar
events.out.tfevents.1776098432.e18ce739cf4e.13621.0,train/grad_norm,405,1776119121.4834557,0.026123046875,scalar
events.out.tfevents.1776098432.e18ce739cf4e.13621.0,train/grad_norm,410,1776119354.9388418,0.023193359375,scalar
events.out.tfevents.1776098432.e18ce739cf4e.13621.0,train/grad_norm,415,1776119602.7566576,0.02490234375,scalar
events.out.tfevents.1776098432.e18ce739cf4e.13621.0,train/grad_norm,420,1776119836.6527283,0.0255126953125,scalar
events.out.tfevents.1776098432.e18ce739cf4e.13621.0,train/grad_norm,425,1776120091.102258,0.030029296875,scalar
events.out.tfevents.1776098432.e18ce739cf4e.13621.0,train/grad_norm,430,1776120321.0867963,0.037353515625,scalar
events.out.tfevents.1776098432.e18ce739cf4e.13621.0,train/grad_norm,435,1776120585.1814976,0.040283203125,scalar
events.out.tfevents.1776098432.e18ce739cf4e.13621.0,train/grad_norm,440,1776120813.480835,0.037841796875,scalar
events.out.tfevents.1776098432.e18ce739cf4e.13621.0,train/grad_norm,445,1776121079.8426032,0.0223388671875,scalar
events.out.tfevents.1776098432.e18ce739cf4e.13621.0,train/grad_norm,450,1776121326.6896672,0.0255126953125,scalar
events.out.tfevents.1776098432.e18ce739cf4e.13621.0,train/grad_norm,455,1776121632.2417963,0.024169921875,scalar
events.out.tfevents.1776098432.e18ce739cf4e.13621.0,train/grad_norm,460,1776121868.0317857,0.038818359375,scalar
events.out.tfevents.1776098432.e18ce739cf4e.13621.0,train/grad_norm,465,1776122156.649169,0.031982421875,scalar
events.out.tfevents.1776098432.e18ce739cf4e.13621.0,train/grad_norm,470,1776122397.506502,0.0322265625,scalar
events.out.tfevents.1776098432.e18ce739cf4e.13621.0,train/grad_norm,475,1776122674.3629117,0.026123046875,scalar
events.out.tfevents.1776098432.e18ce739cf4e.13621.0,train/grad_norm,480,1776122907.6778421,0.038818359375,scalar
events.out.tfevents.1776098432.e18ce739cf4e.13621.0,train/grad_norm,485,1776123164.18963,0.027587890625,scalar
events.out.tfevents.1776098432.e18ce739cf4e.13621.0,train/grad_norm,490,1776123404.4827492,0.0306396484375,scalar
events.out.tfevents.1776098432.e18ce739cf4e.13621.0,train/grad_norm,495,1776123661.7047155,0.036376953125,scalar
events.out.tfevents.1776098432.e18ce739cf4e.13621.0,train/grad_norm,500,1776123916.9320986,0.031494140625,scalar
events.out.tfevents.1776098432.e18ce739cf4e.13621.0,train/grad_norm,505,1776124167.4650607,0.029541015625,scalar
events.out.tfevents.1776098432.e18ce739cf4e.13621.0,train/grad_norm,510,1776124412.75221,0.035400390625,scalar
events.out.tfevents.1776098432.e18ce739cf4e.13621.0,train/grad_norm,515,1776124683.3615642,0.031982421875,scalar
events.out.tfevents.1776098432.e18ce739cf4e.13621.0,train/grad_norm,520,1776124924.549329,0.0244140625,scalar
events.out.tfevents.1776098432.e18ce739cf4e.13621.0,train/grad_norm,525,1776125191.8496807,0.028076171875,scalar
events.out.tfevents.1776098432.e18ce739cf4e.13621.0,train/grad_norm,530,1776125433.560739,0.0291748046875,scalar
events.out.tfevents.1776098432.e18ce739cf4e.13621.0,train/grad_norm,535,1776125704.6265836,0.029052734375,scalar
events.out.tfevents.1776098432.e18ce739cf4e.13621.0,train/grad_norm,540,1776125941.3828647,0.0303955078125,scalar
events.out.tfevents.1776098432.e18ce739cf4e.13621.0,train/grad_norm,545,1776126219.6835046,0.0255126953125,scalar
events.out.tfevents.1776098432.e18ce739cf4e.13621.0,train/grad_norm,550,1776126466.9732628,0.031982421875,scalar
events.out.tfevents.1776098432.e18ce739cf4e.13621.0,train/grad_norm,555,1776126731.025073,0.0262451171875,scalar
events.out.tfevents.1776098432.e18ce739cf4e.13621.0,train/grad_norm,560,1776126993.6405814,0.03125,scalar
events.out.tfevents.1776098432.e18ce739cf4e.13621.0,train/grad_norm,565,1776127252.3977966,0.029541015625,scalar
events.out.tfevents.1776098432.e18ce739cf4e.13621.0,train/grad_norm,570,1776127477.1599274,0.02978515625,scalar
events.out.tfevents.1776098432.e18ce739cf4e.13621.0,train/grad_norm,575,1776127745.8512747,0.031005859375,scalar
events.out.tfevents.1776098432.e18ce739cf4e.13621.0,train/grad_norm,580,1776127988.980194,0.036865234375,scalar
events.out.tfevents.1776098432.e18ce739cf4e.13621.0,train/grad_norm,585,1776128245.1673589,0.02587890625,scalar
events.out.tfevents.1776098432.e18ce739cf4e.13621.0,train/grad_norm,590,1776128481.8414173,0.0301513671875,scalar
events.out.tfevents.1776098432.e18ce739cf4e.13621.0,train/grad_norm,595,1776128746.9722762,0.02587890625,scalar
events.out.tfevents.1776098432.e18ce739cf4e.13621.0,train/grad_norm,600,1776128987.6179051,0.024658203125,scalar
events.out.tfevents.1776098432.e18ce739cf4e.13621.0,train/grad_norm,605,1776129264.3303068,0.026123046875,scalar
events.out.tfevents.1776098432.e18ce739cf4e.13621.0,train/grad_norm,610,1776129512.296928,0.0289306640625,scalar
events.out.tfevents.1776098432.e18ce739cf4e.13621.0,train/grad_norm,615,1776129795.677058,0.03173828125,scalar
events.out.tfevents.1776098432.e18ce739cf4e.13621.0,train/grad_norm,620,1776130044.2992666,0.038330078125,scalar
events.out.tfevents.1776098432.e18ce739cf4e.13621.0,train/grad_norm,625,1776130301.7017875,0.02783203125,scalar
events.out.tfevents.1776098432.e18ce739cf4e.13621.0,train/grad_norm,630,1776130550.048615,0.031494140625,scalar
events.out.tfevents.1776098432.e18ce739cf4e.13621.0,train/grad_norm,635,1776130805.22775,0.02294921875,scalar
events.out.tfevents.1776098432.e18ce739cf4e.13621.0,train/grad_norm,640,1776131053.7156303,0.025634765625,scalar
events.out.tfevents.1776098432.e18ce739cf4e.13621.0,train/grad_norm,645,1776131311.0037796,0.0262451171875,scalar
events.out.tfevents.1776098432.e18ce739cf4e.13621.0,train/grad_norm,650,1776131554.3337276,0.0283203125,scalar
events.out.tfevents.1776098432.e18ce739cf4e.13621.0,train/grad_norm,655,1776131816.2857296,0.03076171875,scalar
events.out.tfevents.1776098432.e18ce739cf4e.13621.0,train/grad_norm,660,1776132064.920067,0.0279541015625,scalar
events.out.tfevents.1776098432.e18ce739cf4e.13621.0,train/grad_norm,665,1776132313.3746803,0.0341796875,scalar
events.out.tfevents.1776098432.e18ce739cf4e.13621.0,train/grad_norm,670,1776132553.1487525,0.024658203125,scalar
events.out.tfevents.1776098432.e18ce739cf4e.13621.0,train/grad_norm,675,1776132802.6413221,0.02783203125,scalar
events.out.tfevents.1776098432.e18ce739cf4e.13621.0,train/grad_norm,680,1776133045.8844812,0.031982421875,scalar
events.out.tfevents.1776098432.e18ce739cf4e.13621.0,train/grad_norm,685,1776133317.1080773,0.05908203125,scalar
events.out.tfevents.1776098432.e18ce739cf4e.13621.0,train/grad_norm,690,1776133548.5070424,0.033935546875,scalar
events.out.tfevents.1776098432.e18ce739cf4e.13621.0,train/grad_norm,695,1776133821.2742827,0.04736328125,scalar
events.out.tfevents.1776098432.e18ce739cf4e.13621.0,train/grad_norm,700,1776134066.1919115,0.045654296875,scalar
events.out.tfevents.1776098432.e18ce739cf4e.13621.0,train/grad_norm,705,1776134363.8375487,0.0341796875,scalar
events.out.tfevents.1776098432.e18ce739cf4e.13621.0,train/grad_norm,710,1776134608.8139565,0.0274658203125,scalar
events.out.tfevents.1776098432.e18ce739cf4e.13621.0,train/grad_norm,715,1776134866.8529935,0.02880859375,scalar
events.out.tfevents.1776098432.e18ce739cf4e.13621.0,train/grad_norm,720,1776135106.8143852,0.0302734375,scalar
events.out.tfevents.1776098432.e18ce739cf4e.13621.0,train/grad_norm,725,1776135363.006314,0.0257568359375,scalar
events.out.tfevents.1776098432.e18ce739cf4e.13621.0,train/grad_norm,730,1776135589.2801442,0.03466796875,scalar
events.out.tfevents.1776098432.e18ce739cf4e.13621.0,train/grad_norm,735,1776135862.8364391,0.03173828125,scalar
events.out.tfevents.1776098432.e18ce739cf4e.13621.0,train/grad_norm,740,1776136101.1614592,0.028564453125,scalar
events.out.tfevents.1776098432.e18ce739cf4e.13621.0,train/grad_norm,745,1776136363.3703573,0.02685546875,scalar
events.out.tfevents.1776098432.e18ce739cf4e.13621.0,train/grad_norm,750,1776136602.2884243,0.03271484375,scalar
events.out.tfevents.1776098432.e18ce739cf4e.13621.0,train/grad_norm,755,1776136866.7713912,0.0260009765625,scalar
events.out.tfevents.1776098432.e18ce739cf4e.13621.0,train/grad_norm,760,1776137110.414716,0.031494140625,scalar
events.out.tfevents.1776098432.e18ce739cf4e.13621.0,train/grad_norm,765,1776137378.438097,0.03125,scalar
events.out.tfevents.1776098432.e18ce739cf4e.13621.0,train/grad_norm,770,1776137609.8666203,0.0296630859375,scalar
events.out.tfevents.1776098432.e18ce739cf4e.13621.0,train/grad_norm,775,1776137866.091733,0.03759765625,scalar
events.out.tfevents.1776098432.e18ce739cf4e.13621.0,train/grad_norm,780,1776138144.5913138,0.0269775390625,scalar
events.out.tfevents.1776098432.e18ce739cf4e.13621.0,train/grad_norm,785,1776138415.4374692,0.029541015625,scalar
events.out.tfevents.1776098432.e18ce739cf4e.13621.0,train/grad_norm,790,1776138646.6394064,0.03466796875,scalar
events.out.tfevents.1776098432.e18ce739cf4e.13621.0,train/grad_norm,795,1776138906.8814325,0.0283203125,scalar
events.out.tfevents.1776098432.e18ce739cf4e.13621.0,train/grad_norm,800,1776139137.1348586,0.0281982421875,scalar
events.out.tfevents.1776098432.e18ce739cf4e.13621.0,train/grad_norm,805,1776139423.3894851,0.02734375,scalar
events.out.tfevents.1776098432.e18ce739cf4e.13621.0,train/grad_norm,810,1776139661.6681185,0.025146484375,scalar
events.out.tfevents.1776098432.e18ce739cf4e.13621.0,train/grad_norm,815,1776139909.5321796,0.025634765625,scalar
events.out.tfevents.1776098432.e18ce739cf4e.13621.0,train/grad_norm,820,1776140170.286126,0.032958984375,scalar
events.out.tfevents.1776098432.e18ce739cf4e.13621.0,train/grad_norm,825,1776140432.6946583,0.02392578125,scalar
events.out.tfevents.1776098432.e18ce739cf4e.13621.0,train/grad_norm,830,1776140683.849323,0.0311279296875,scalar
events.out.tfevents.1776098432.e18ce739cf4e.13621.0,train/grad_norm,835,1776140981.3867023,0.02587890625,scalar
events.out.tfevents.1776098432.e18ce739cf4e.13621.0,train/grad_norm,840,1776141228.3917072,0.0302734375,scalar
events.out.tfevents.1776098432.e18ce739cf4e.13621.0,train/grad_norm,845,1776141497.9588172,0.026611328125,scalar
events.out.tfevents.1776098432.e18ce739cf4e.13621.0,train/grad_norm,850,1776141726.2402954,0.02783203125,scalar
events.out.tfevents.1776098432.e18ce739cf4e.13621.0,train/grad_norm,855,1776142047.5384398,0.0341796875,scalar
events.out.tfevents.1776098432.e18ce739cf4e.13621.0,train/grad_norm,860,1776142277.7186856,0.0269775390625,scalar
events.out.tfevents.1776098432.e18ce739cf4e.13621.0,train/grad_norm,865,1776142534.072157,0.025390625,scalar
events.out.tfevents.1776098432.e18ce739cf4e.13621.0,train/grad_norm,870,1776142757.8649466,0.031494140625,scalar
events.out.tfevents.1776098432.e18ce739cf4e.13621.0,train/grad_norm,875,1776143009.5389829,0.0262451171875,scalar
events.out.tfevents.1776098432.e18ce739cf4e.13621.0,train/grad_norm,880,1776143250.9124901,0.0281982421875,scalar
events.out.tfevents.1776098432.e18ce739cf4e.13621.0,train/grad_norm,885,1776143534.6168046,0.03515625,scalar
events.out.tfevents.1776098432.e18ce739cf4e.13621.0,train/grad_norm,890,1776143786.293696,0.0302734375,scalar
events.out.tfevents.1776098432.e18ce739cf4e.13621.0,train/grad_norm,895,1776144055.0223331,0.037353515625,scalar
events.out.tfevents.1776098432.e18ce739cf4e.13621.0,train/grad_norm,900,1776144296.250105,0.027099609375,scalar
events.out.tfevents.1776098432.e18ce739cf4e.13621.0,train/grad_norm,905,1776144567.81325,0.0311279296875,scalar
events.out.tfevents.1776098432.e18ce739cf4e.13621.0,train/grad_norm,910,1776144810.2605138,0.041748046875,scalar
events.out.tfevents.1776098432.e18ce739cf4e.13621.0,train/grad_norm,915,1776145078.9345062,0.036376953125,scalar
events.out.tfevents.1776098432.e18ce739cf4e.13621.0,train/grad_norm,920,1776145330.6674824,0.03369140625,scalar
events.out.tfevents.1776098432.e18ce739cf4e.13621.0,train/grad_norm,925,1776145591.8578207,0.030517578125,scalar
events.out.tfevents.1776098432.e18ce739cf4e.13621.0,train/grad_norm,930,1776145834.4793532,0.0294189453125,scalar
events.out.tfevents.1776098432.e18ce739cf4e.13621.0,train/grad_norm,935,1776146105.1102202,0.0279541015625,scalar
events.out.tfevents.1776098432.e18ce739cf4e.13621.0,train/grad_norm,940,1776146351.5741487,0.031494140625,scalar
events.out.tfevents.1776098432.e18ce739cf4e.13621.0,train/grad_norm,945,1776146630.1905444,0.03173828125,scalar
events.out.tfevents.1776098432.e18ce739cf4e.13621.0,train/grad_norm,950,1776146885.1189744,0.0341796875,scalar
events.out.tfevents.1776098432.e18ce739cf4e.13621.0,train/grad_norm,955,1776147148.4881284,0.0269775390625,scalar
events.out.tfevents.1776098432.e18ce739cf4e.13621.0,train/grad_norm,960,1776147370.8625648,0.03173828125,scalar
events.out.tfevents.1776098432.e18ce739cf4e.13621.0,train/grad_norm,965,1776147632.734391,0.02978515625,scalar
events.out.tfevents.1776098432.e18ce739cf4e.13621.0,train/grad_norm,970,1776147891.2214923,0.036376953125,scalar
events.out.tfevents.1776098432.e18ce739cf4e.13621.0,train/grad_norm,975,1776148156.2639809,0.0478515625,scalar
events.out.tfevents.1776098432.e18ce739cf4e.13621.0,train/grad_norm,980,1776148387.0091815,0.0216064453125,scalar
events.out.tfevents.1776098432.e18ce739cf4e.13621.0,train/grad_norm,985,1776148660.2821715,0.032470703125,scalar
events.out.tfevents.1776098432.e18ce739cf4e.13621.0,train/grad_norm,990,1776148893.7311764,0.043212890625,scalar
events.out.tfevents.1776098432.e18ce739cf4e.13621.0,train/grad_norm,995,1776149142.9776268,0.0260009765625,scalar
events.out.tfevents.1776098432.e18ce739cf4e.13621.0,train/grad_norm,1000,1776149384.5079732,0.032470703125,scalar
events.out.tfevents.1776098432.e18ce739cf4e.13621.0,train/grad_norm,1005,1776149649.4326677,0.0230712890625,scalar
events.out.tfevents.1776098432.e18ce739cf4e.13621.0,train/grad_norm,1010,1776149887.8395061,0.026611328125,scalar
events.out.tfevents.1776098432.e18ce739cf4e.13621.0,train/grad_norm,1015,1776150155.7892141,0.036865234375,scalar
events.out.tfevents.1776098432.e18ce739cf4e.13621.0,train/grad_norm,1020,1776150412.5558665,0.02978515625,scalar
events.out.tfevents.1776098432.e18ce739cf4e.13621.0,train/grad_norm,1025,1776150676.4255397,0.0240478515625,scalar
events.out.tfevents.1776098432.e18ce739cf4e.13621.0,train/grad_norm,1030,1776150928.7013881,0.0341796875,scalar
events.out.tfevents.1776098432.e18ce739cf4e.13621.0,train/grad_norm,1035,1776151202.2464342,0.04931640625,scalar
events.out.tfevents.1776098432.e18ce739cf4e.13621.0,train/grad_norm,1040,1776151455.6172307,0.043212890625,scalar
events.out.tfevents.1776098432.e18ce739cf4e.13621.0,train/grad_norm,1045,1776151716.572854,0.0322265625,scalar
events.out.tfevents.1776098432.e18ce739cf4e.13621.0,train/grad_norm,1050,1776151964.663298,0.0263671875,scalar
events.out.tfevents.1776098432.e18ce739cf4e.13621.0,train/grad_norm,1055,1776152233.059129,0.03369140625,scalar
events.out.tfevents.1776098432.e18ce739cf4e.13621.0,train/grad_norm,1060,1776152458.36347,0.034912109375,scalar
events.out.tfevents.1776098432.e18ce739cf4e.13621.0,train/grad_norm,1065,1776152757.5264473,0.026123046875,scalar
events.out.tfevents.1776098432.e18ce739cf4e.13621.0,train/grad_norm,1070,1776152994.0768561,0.031982421875,scalar
events.out.tfevents.1776098432.e18ce739cf4e.13621.0,train/grad_norm,1075,1776153248.233613,0.024169921875,scalar
events.out.tfevents.1776098432.e18ce739cf4e.13621.0,train/grad_norm,1080,1776153488.2799084,0.03369140625,scalar
events.out.tfevents.1776098432.e18ce739cf4e.13621.0,train/grad_norm,1085,1776153749.218251,0.035400390625,scalar
events.out.tfevents.1776098432.e18ce739cf4e.13621.0,train/grad_norm,1090,1776154001.8400645,0.029052734375,scalar
events.out.tfevents.1776098432.e18ce739cf4e.13621.0,train/grad_norm,1095,1776154274.3238597,0.03125,scalar
events.out.tfevents.1776098432.e18ce739cf4e.13621.0,train/grad_norm,1100,1776154519.1075706,0.04541015625,scalar
events.out.tfevents.1776098432.e18ce739cf4e.13621.0,train/grad_norm,1105,1776154782.4195302,0.0245361328125,scalar
events.out.tfevents.1776098432.e18ce739cf4e.13621.0,train/grad_norm,1110,1776155020.7341597,0.0274658203125,scalar
events.out.tfevents.1776098432.e18ce739cf4e.13621.0,train/grad_norm,1115,1776155308.2400424,0.03271484375,scalar
events.out.tfevents.1776098432.e18ce739cf4e.13621.0,train/grad_norm,1120,1776155572.708172,0.029296875,scalar
events.out.tfevents.1776098432.e18ce739cf4e.13621.0,train/grad_norm,1125,1776155837.352816,0.031494140625,scalar
events.out.tfevents.1776098432.e18ce739cf4e.13621.0,train/grad_norm,1130,1776156080.4765182,0.02734375,scalar
events.out.tfevents.1776098432.e18ce739cf4e.13621.0,train/grad_norm,1135,1776156355.6551557,0.032470703125,scalar
events.out.tfevents.1776098432.e18ce739cf4e.13621.0,train/grad_norm,1140,1776156598.3887353,0.0277099609375,scalar
events.out.tfevents.1776098432.e18ce739cf4e.13621.0,train/grad_norm,1145,1776156861.667315,0.035400390625,scalar
events.out.tfevents.1776098432.e18ce739cf4e.13621.0,train/grad_norm,1150,1776157103.2935812,0.02392578125,scalar
events.out.tfevents.1776098432.e18ce739cf4e.13621.0,train/grad_norm,1155,1776157365.2144256,0.0244140625,scalar
events.out.tfevents.1776098432.e18ce739cf4e.13621.0,train/grad_norm,1160,1776157621.1113474,0.029296875,scalar
events.out.tfevents.1776098432.e18ce739cf4e.13621.0,train/grad_norm,1165,1776157876.259178,0.0250244140625,scalar
events.out.tfevents.1776098432.e18ce739cf4e.13621.0,train/grad_norm,1170,1776158111.3158221,0.022216796875,scalar
events.out.tfevents.1776098432.e18ce739cf4e.13621.0,train/learning_rate,5,1776098684.0505655,8.510638508596458e-06,scalar
events.out.tfevents.1776098432.e18ce739cf4e.13621.0,train/learning_rate,10,1776098923.6900647,1.914893618959468e-05,scalar
events.out.tfevents.1776098432.e18ce739cf4e.13621.0,train/learning_rate,15,1776099184.9258547,2.97872338705929e-05,scalar
events.out.tfevents.1776098432.e18ce739cf4e.13621.0,train/learning_rate,20,1776099414.7564726,4.0425533370580524e-05,scalar
events.out.tfevents.1776098432.e18ce739cf4e.13621.0,train/learning_rate,25,1776099699.9860077,5.1063831051578745e-05,scalar
events.out.tfevents.1776098432.e18ce739cf4e.13621.0,train/learning_rate,30,1776099954.76519,6.170212873257697e-05,scalar
events.out.tfevents.1776098432.e18ce739cf4e.13621.0,train/learning_rate,35,1776100251.2152686,7.234042277559638e-05,scalar
events.out.tfevents.1776098432.e18ce739cf4e.13621.0,train/learning_rate,40,1776100493.002499,8.297872409457341e-05,scalar
events.out.tfevents.1776098432.e18ce739cf4e.13621.0,train/learning_rate,45,1776100775.8368235,9.361701813759282e-05,scalar
events.out.tfevents.1776098432.e18ce739cf4e.13621.0,train/learning_rate,50,1776101006.9145458,9.98670220724307e-05,scalar
events.out.tfevents.1776098432.e18ce739cf4e.13621.0,train/learning_rate,55,1776101286.088779,9.953457629308105e-05,scalar
events.out.tfevents.1776098432.e18ce739cf4e.13621.0,train/learning_rate,60,1776101527.670115,9.920213051373139e-05,scalar
events.out.tfevents.1776098432.e18ce739cf4e.13621.0,train/learning_rate,65,1776101785.5293617,9.886967745842412e-05,scalar
events.out.tfevents.1776098432.e18ce739cf4e.13621.0,train/learning_rate,70,1776102024.0902328,9.853723167907447e-05,scalar
events.out.tfevents.1776098432.e18ce739cf4e.13621.0,train/learning_rate,75,1776102311.5175152,9.820478589972481e-05,scalar
events.out.tfevents.1776098432.e18ce739cf4e.13621.0,train/learning_rate,80,1776102562.6898339,9.787234012037516e-05,scalar
events.out.tfevents.1776098432.e18ce739cf4e.13621.0,train/learning_rate,85,1776102827.1076903,9.75398943410255e-05,scalar
events.out.tfevents.1776098432.e18ce739cf4e.13621.0,train/learning_rate,90,1776103084.8204846,9.720744856167585e-05,scalar
events.out.tfevents.1776098432.e18ce739cf4e.13621.0,train/learning_rate,95,1776103339.1536996,9.687500278232619e-05,scalar
events.out.tfevents.1776098432.e18ce739cf4e.13621.0,train/learning_rate,100,1776103579.7436607,9.654254972701892e-05,scalar
events.out.tfevents.1776098432.e18ce739cf4e.13621.0,train/learning_rate,105,1776103858.9681337,9.621010394766927e-05,scalar
events.out.tfevents.1776098432.e18ce739cf4e.13621.0,train/learning_rate,110,1776104090.2692873,9.587765816831961e-05,scalar
events.out.tfevents.1776098432.e18ce739cf4e.13621.0,train/learning_rate,115,1776104407.4864805,9.554521238896996e-05,scalar
events.out.tfevents.1776098432.e18ce739cf4e.13621.0,train/learning_rate,120,1776104650.7270083,9.52127666096203e-05,scalar
events.out.tfevents.1776098432.e18ce739cf4e.13621.0,train/learning_rate,125,1776104968.9244783,9.488032083027065e-05,scalar
events.out.tfevents.1776098432.e18ce739cf4e.13621.0,train/learning_rate,130,1776105207.1050432,9.454787505092099e-05,scalar
events.out.tfevents.1776098432.e18ce739cf4e.13621.0,train/learning_rate,135,1776105478.2981558,9.421542199561372e-05,scalar
events.out.tfevents.1776098432.e18ce739cf4e.13621.0,train/learning_rate,140,1776105700.765047,9.388297621626407e-05,scalar
events.out.tfevents.1776098432.e18ce739cf4e.13621.0,train/learning_rate,145,1776105997.060582,9.355053043691441e-05,scalar
events.out.tfevents.1776098432.e18ce739cf4e.13621.0,train/learning_rate,150,1776106239.4957583,9.321808465756476e-05,scalar
events.out.tfevents.1776098432.e18ce739cf4e.13621.0,train/learning_rate,155,1776106496.82336,9.28856388782151e-05,scalar
events.out.tfevents.1776098432.e18ce739cf4e.13621.0,train/learning_rate,160,1776106736.4975448,9.255319309886545e-05,scalar
events.out.tfevents.1776098432.e18ce739cf4e.13621.0,train/learning_rate,165,1776106991.3184555,9.22207473195158e-05,scalar
events.out.tfevents.1776098432.e18ce739cf4e.13621.0,train/learning_rate,170,1776107222.5135138,9.188829426420853e-05,scalar
events.out.tfevents.1776098432.e18ce739cf4e.13621.0,train/learning_rate,175,1776107481.036038,9.155584848485887e-05,scalar
events.out.tfevents.1776098432.e18ce739cf4e.13621.0,train/learning_rate,180,1776107725.2844381,9.122340270550922e-05,scalar
events.out.tfevents.1776098432.e18ce739cf4e.13621.0,train/learning_rate,185,1776107995.1413057,9.089095692615956e-05,scalar
events.out.tfevents.1776098432.e18ce739cf4e.13621.0,train/learning_rate,190,1776108219.6839657,9.05585111468099e-05,scalar
events.out.tfevents.1776098432.e18ce739cf4e.13621.0,train/learning_rate,195,1776108479.631204,9.022606536746025e-05,scalar
events.out.tfevents.1776098432.e18ce739cf4e.13621.0,train/learning_rate,200,1776108713.404188,8.98936195881106e-05,scalar
events.out.tfevents.1776098432.e18ce739cf4e.13621.0,train/learning_rate,205,1776109006.4466276,8.956117380876094e-05,scalar
events.out.tfevents.1776098432.e18ce739cf4e.13621.0,train/learning_rate,210,1776109244.3096275,8.922872075345367e-05,scalar
events.out.tfevents.1776098432.e18ce739cf4e.13621.0,train/learning_rate,215,1776109509.854245,8.889627497410402e-05,scalar
events.out.tfevents.1776098432.e18ce739cf4e.13621.0,train/learning_rate,220,1776109746.7020247,8.856382919475436e-05,scalar
events.out.tfevents.1776098432.e18ce739cf4e.13621.0,train/learning_rate,225,1776110012.2331889,8.823138341540471e-05,scalar
events.out.tfevents.1776098432.e18ce739cf4e.13621.0,train/learning_rate,230,1776110245.5426297,8.789893763605505e-05,scalar
events.out.tfevents.1776098432.e18ce739cf4e.13621.0,train/learning_rate,235,1776110505.6806154,8.75664918567054e-05,scalar
events.out.tfevents.1776098432.e18ce739cf4e.13621.0,train/learning_rate,240,1776110750.9555335,8.723404607735574e-05,scalar
events.out.tfevents.1776098432.e18ce739cf4e.13621.0,train/learning_rate,245,1776111014.8874838,8.690159302204847e-05,scalar
events.out.tfevents.1776098432.e18ce739cf4e.13621.0,train/learning_rate,250,1776111247.8318973,8.656914724269882e-05,scalar
events.out.tfevents.1776098432.e18ce739cf4e.13621.0,train/learning_rate,255,1776111505.8084552,8.623670146334916e-05,scalar
events.out.tfevents.1776098432.e18ce739cf4e.13621.0,train/learning_rate,260,1776111748.7425163,8.590425568399951e-05,scalar
events.out.tfevents.1776098432.e18ce739cf4e.13621.0,train/learning_rate,265,1776112027.0638974,8.557180990464985e-05,scalar
events.out.tfevents.1776098432.e18ce739cf4e.13621.0,train/learning_rate,270,1776112265.2240386,8.52393641253002e-05,scalar
events.out.tfevents.1776098432.e18ce739cf4e.13621.0,train/learning_rate,275,1776112526.9699686,8.490691834595054e-05,scalar
events.out.tfevents.1776098432.e18ce739cf4e.13621.0,train/learning_rate,280,1776112774.7302756,8.457446529064327e-05,scalar
events.out.tfevents.1776098432.e18ce739cf4e.13621.0,train/learning_rate,285,1776113039.7424974,8.424201951129362e-05,scalar
events.out.tfevents.1776098432.e18ce739cf4e.13621.0,train/learning_rate,290,1776113277.3023367,8.390957373194396e-05,scalar
events.out.tfevents.1776098432.e18ce739cf4e.13621.0,train/learning_rate,295,1776113549.5830703,8.357712795259431e-05,scalar
events.out.tfevents.1776098432.e18ce739cf4e.13621.0,train/learning_rate,300,1776113789.9376478,8.324468217324466e-05,scalar
events.out.tfevents.1776098432.e18ce739cf4e.13621.0,train/learning_rate,305,1776114074.4597282,8.2912236393895e-05,scalar
events.out.tfevents.1776098432.e18ce739cf4e.13621.0,train/learning_rate,310,1776114314.2219303,8.257979061454535e-05,scalar
events.out.tfevents.1776098432.e18ce739cf4e.13621.0,train/learning_rate,315,1776114570.745499,8.224733755923808e-05,scalar
events.out.tfevents.1776098432.e18ce739cf4e.13621.0,train/learning_rate,320,1776114803.5241368,8.191489177988842e-05,scalar
events.out.tfevents.1776098432.e18ce739cf4e.13621.0,train/learning_rate,325,1776115058.308846,8.158244600053877e-05,scalar
events.out.tfevents.1776098432.e18ce739cf4e.13621.0,train/learning_rate,330,1776115287.8901165,8.125000022118911e-05,scalar
events.out.tfevents.1776098432.e18ce739cf4e.13621.0,train/learning_rate,335,1776115550.1858153,8.091755444183946e-05,scalar
events.out.tfevents.1776098432.e18ce739cf4e.13621.0,train/learning_rate,340,1776115810.0745378,8.05851086624898e-05,scalar
events.out.tfevents.1776098432.e18ce739cf4e.13621.0,train/learning_rate,345,1776116069.7716818,8.025266288314015e-05,scalar
events.out.tfevents.1776098432.e18ce739cf4e.13621.0,train/learning_rate,350,1776116304.8311317,7.992020982783288e-05,scalar
events.out.tfevents.1776098432.e18ce739cf4e.13621.0,train/learning_rate,355,1776116601.720866,7.958776404848322e-05,scalar
events.out.tfevents.1776098432.e18ce739cf4e.13621.0,train/learning_rate,360,1776116839.707076,7.925531826913357e-05,scalar
events.out.tfevents.1776098432.e18ce739cf4e.13621.0,train/learning_rate,365,1776117098.282509,7.892287248978391e-05,scalar
events.out.tfevents.1776098432.e18ce739cf4e.13621.0,train/learning_rate,370,1776117342.4173439,7.859042671043426e-05,scalar
events.out.tfevents.1776098432.e18ce739cf4e.13621.0,train/learning_rate,375,1776117607.077405,7.82579809310846e-05,scalar
events.out.tfevents.1776098432.e18ce739cf4e.13621.0,train/learning_rate,380,1776117838.631868,7.792553515173495e-05,scalar
events.out.tfevents.1776098432.e18ce739cf4e.13621.0,train/learning_rate,385,1776118098.003627,7.759308209642768e-05,scalar
events.out.tfevents.1776098432.e18ce739cf4e.13621.0,train/learning_rate,390,1776118324.5020373,7.726063631707802e-05,scalar
events.out.tfevents.1776098432.e18ce739cf4e.13621.0,train/learning_rate,395,1776118606.1825721,7.692819053772837e-05,scalar
events.out.tfevents.1776098432.e18ce739cf4e.13621.0,train/learning_rate,400,1776118838.1744401,7.659574475837871e-05,scalar
events.out.tfevents.1776098432.e18ce739cf4e.13621.0,train/learning_rate,405,1776119121.4834707,7.626329897902906e-05,scalar
events.out.tfevents.1776098432.e18ce739cf4e.13621.0,train/learning_rate,410,1776119354.9388573,7.59308531996794e-05,scalar
events.out.tfevents.1776098432.e18ce739cf4e.13621.0,train/learning_rate,415,1776119602.7566786,7.559840742032975e-05,scalar
events.out.tfevents.1776098432.e18ce739cf4e.13621.0,train/learning_rate,420,1776119836.652744,7.526595436502248e-05,scalar
events.out.tfevents.1776098432.e18ce739cf4e.13621.0,train/learning_rate,425,1776120091.1022735,7.493350858567283e-05,scalar
events.out.tfevents.1776098432.e18ce739cf4e.13621.0,train/learning_rate,430,1776120321.086811,7.460106280632317e-05,scalar
events.out.tfevents.1776098432.e18ce739cf4e.13621.0,train/learning_rate,435,1776120585.1815226,7.426861702697352e-05,scalar
events.out.tfevents.1776098432.e18ce739cf4e.13621.0,train/learning_rate,440,1776120813.4808495,7.393617124762386e-05,scalar
events.out.tfevents.1776098432.e18ce739cf4e.13621.0,train/learning_rate,445,1776121079.8426185,7.36037254682742e-05,scalar
events.out.tfevents.1776098432.e18ce739cf4e.13621.0,train/learning_rate,450,1776121326.689686,7.327127968892455e-05,scalar
events.out.tfevents.1776098432.e18ce739cf4e.13621.0,train/learning_rate,455,1776121632.2418199,7.293882663361728e-05,scalar
events.out.tfevents.1776098432.e18ce739cf4e.13621.0,train/learning_rate,460,1776121868.0318007,7.260638085426763e-05,scalar
events.out.tfevents.1776098432.e18ce739cf4e.13621.0,train/learning_rate,465,1776122156.6491847,7.227393507491797e-05,scalar
events.out.tfevents.1776098432.e18ce739cf4e.13621.0,train/learning_rate,470,1776122397.5065174,7.194148929556832e-05,scalar
events.out.tfevents.1776098432.e18ce739cf4e.13621.0,train/learning_rate,475,1776122674.3629277,7.160904351621866e-05,scalar
events.out.tfevents.1776098432.e18ce739cf4e.13621.0,train/learning_rate,480,1776122907.6778593,7.127659773686901e-05,scalar
events.out.tfevents.1776098432.e18ce739cf4e.13621.0,train/learning_rate,485,1776123164.1896532,7.094415195751935e-05,scalar
events.out.tfevents.1776098432.e18ce739cf4e.13621.0,train/learning_rate,490,1776123404.4827647,7.061169890221208e-05,scalar
events.out.tfevents.1776098432.e18ce739cf4e.13621.0,train/learning_rate,495,1776123661.7047305,7.027925312286243e-05,scalar
events.out.tfevents.1776098432.e18ce739cf4e.13621.0,train/learning_rate,500,1776123916.9321265,6.994680734351277e-05,scalar
events.out.tfevents.1776098432.e18ce739cf4e.13621.0,train/learning_rate,505,1776124167.4650757,6.961436156416312e-05,scalar
events.out.tfevents.1776098432.e18ce739cf4e.13621.0,train/learning_rate,510,1776124412.7522254,6.928191578481346e-05,scalar
events.out.tfevents.1776098432.e18ce739cf4e.13621.0,train/learning_rate,515,1776124683.3615818,6.894947000546381e-05,scalar
events.out.tfevents.1776098432.e18ce739cf4e.13621.0,train/learning_rate,520,1776124924.5493526,6.861702422611415e-05,scalar
events.out.tfevents.1776098432.e18ce739cf4e.13621.0,train/learning_rate,525,1776125191.849696,6.828457117080688e-05,scalar
events.out.tfevents.1776098432.e18ce739cf4e.13621.0,train/learning_rate,530,1776125433.5607538,6.795212539145723e-05,scalar
events.out.tfevents.1776098432.e18ce739cf4e.13621.0,train/learning_rate,535,1776125704.6265988,6.761967961210757e-05,scalar
events.out.tfevents.1776098432.e18ce739cf4e.13621.0,train/learning_rate,540,1776125941.3828802,6.728723383275792e-05,scalar
events.out.tfevents.1776098432.e18ce739cf4e.13621.0,train/learning_rate,545,1776126219.6835196,6.695478805340827e-05,scalar
events.out.tfevents.1776098432.e18ce739cf4e.13621.0,train/learning_rate,550,1776126466.9732778,6.662234227405861e-05,scalar
events.out.tfevents.1776098432.e18ce739cf4e.13621.0,train/learning_rate,555,1776126731.0251,6.628989649470896e-05,scalar
events.out.tfevents.1776098432.e18ce739cf4e.13621.0,train/learning_rate,560,1776126993.6405964,6.595744343940169e-05,scalar
events.out.tfevents.1776098432.e18ce739cf4e.13621.0,train/learning_rate,565,1776127252.397811,6.562499766005203e-05,scalar
events.out.tfevents.1776098432.e18ce739cf4e.13621.0,train/learning_rate,570,1776127477.1599429,6.529255188070238e-05,scalar
events.out.tfevents.1776098432.e18ce739cf4e.13621.0,train/learning_rate,575,1776127745.8512895,6.496010610135272e-05,scalar
events.out.tfevents.1776098432.e18ce739cf4e.13621.0,train/learning_rate,580,1776127988.9802089,6.462766032200307e-05,scalar
events.out.tfevents.1776098432.e18ce739cf4e.13621.0,train/learning_rate,585,1776128245.1673741,6.429521454265341e-05,scalar
events.out.tfevents.1776098432.e18ce739cf4e.13621.0,train/learning_rate,590,1776128481.8414323,6.396276876330376e-05,scalar
events.out.tfevents.1776098432.e18ce739cf4e.13621.0,train/learning_rate,595,1776128746.9722924,6.363031570799649e-05,scalar
events.out.tfevents.1776098432.e18ce739cf4e.13621.0,train/learning_rate,600,1776128987.6179216,6.329786992864683e-05,scalar
events.out.tfevents.1776098432.e18ce739cf4e.13621.0,train/learning_rate,605,1776129264.3303227,6.296542414929718e-05,scalar
events.out.tfevents.1776098432.e18ce739cf4e.13621.0,train/learning_rate,610,1776129512.296943,6.263297836994752e-05,scalar
events.out.tfevents.1776098432.e18ce739cf4e.13621.0,train/learning_rate,615,1776129795.677074,6.230053259059787e-05,scalar
events.out.tfevents.1776098432.e18ce739cf4e.13621.0,train/learning_rate,620,1776130044.299282,6.196808681124821e-05,scalar
events.out.tfevents.1776098432.e18ce739cf4e.13621.0,train/learning_rate,625,1776130301.7018032,6.163564103189856e-05,scalar
events.out.tfevents.1776098432.e18ce739cf4e.13621.0,train/learning_rate,630,1776130550.0486302,6.130318797659129e-05,scalar
events.out.tfevents.1776098432.e18ce739cf4e.13621.0,train/learning_rate,635,1776130805.227766,6.097074583522044e-05,scalar
events.out.tfevents.1776098432.e18ce739cf4e.13621.0,train/learning_rate,640,1776131053.715646,6.063829641789198e-05,scalar
events.out.tfevents.1776098432.e18ce739cf4e.13621.0,train/learning_rate,645,1776131311.003802,6.0305850638542324e-05,scalar
events.out.tfevents.1776098432.e18ce739cf4e.13621.0,train/learning_rate,650,1776131554.3337429,5.997340485919267e-05,scalar
events.out.tfevents.1776098432.e18ce739cf4e.13621.0,train/learning_rate,655,1776131816.2857451,5.9640959079843014e-05,scalar
events.out.tfevents.1776098432.e18ce739cf4e.13621.0,train/learning_rate,660,1776132064.920082,5.930850966251455e-05,scalar
events.out.tfevents.1776098432.e18ce739cf4e.13621.0,train/learning_rate,665,1776132313.3746965,5.89760638831649e-05,scalar
events.out.tfevents.1776098432.e18ce739cf4e.13621.0,train/learning_rate,670,1776132553.1487687,5.864361810381524e-05,scalar
events.out.tfevents.1776098432.e18ce739cf4e.13621.0,train/learning_rate,675,1776132802.641337,5.831116868648678e-05,scalar
events.out.tfevents.1776098432.e18ce739cf4e.13621.0,train/learning_rate,680,1776133045.8845043,5.7978722907137126e-05,scalar
events.out.tfevents.1776098432.e18ce739cf4e.13621.0,train/learning_rate,685,1776133317.1081045,5.764627712778747e-05,scalar
events.out.tfevents.1776098432.e18ce739cf4e.13621.0,train/learning_rate,690,1776133548.5070574,5.7313831348437816e-05,scalar
events.out.tfevents.1776098432.e18ce739cf4e.13621.0,train/learning_rate,695,1776133821.2742977,5.6981381931109354e-05,scalar
events.out.tfevents.1776098432.e18ce739cf4e.13621.0,train/learning_rate,700,1776134066.1919267,5.66489361517597e-05,scalar
events.out.tfevents.1776098432.e18ce739cf4e.13621.0,train/learning_rate,705,1776134363.837564,5.6316490372410044e-05,scalar
events.out.tfevents.1776098432.e18ce739cf4e.13621.0,train/learning_rate,710,1776134608.813972,5.598404095508158e-05,scalar
events.out.tfevents.1776098432.e18ce739cf4e.13621.0,train/learning_rate,715,1776134866.8530092,5.565159517573193e-05,scalar
events.out.tfevents.1776098432.e18ce739cf4e.13621.0,train/learning_rate,720,1776135106.8144004,5.531914939638227e-05,scalar
events.out.tfevents.1776098432.e18ce739cf4e.13621.0,train/learning_rate,725,1776135363.0063295,5.498670361703262e-05,scalar
events.out.tfevents.1776098432.e18ce739cf4e.13621.0,train/learning_rate,730,1776135589.2801597,5.4654254199704155e-05,scalar
events.out.tfevents.1776098432.e18ce739cf4e.13621.0,train/learning_rate,735,1776135862.8364546,5.43218084203545e-05,scalar
events.out.tfevents.1776098432.e18ce739cf4e.13621.0,train/learning_rate,740,1776136101.161474,5.3989362641004845e-05,scalar
events.out.tfevents.1776098432.e18ce739cf4e.13621.0,train/learning_rate,745,1776136363.3703725,5.3656913223676383e-05,scalar
events.out.tfevents.1776098432.e18ce739cf4e.13621.0,train/learning_rate,750,1776136602.2884398,5.332446744432673e-05,scalar
events.out.tfevents.1776098432.e18ce739cf4e.13621.0,train/learning_rate,755,1776136866.7714064,5.2992021664977074e-05,scalar
events.out.tfevents.1776098432.e18ce739cf4e.13621.0,train/learning_rate,760,1776137110.4147308,5.265957588562742e-05,scalar
events.out.tfevents.1776098432.e18ce739cf4e.13621.0,train/learning_rate,765,1776137378.4381144,5.232712646829896e-05,scalar
events.out.tfevents.1776098432.e18ce739cf4e.13621.0,train/learning_rate,770,1776137609.8666363,5.19946806889493e-05,scalar
events.out.tfevents.1776098432.e18ce739cf4e.13621.0,train/learning_rate,775,1776137866.0917482,5.166223490959965e-05,scalar
events.out.tfevents.1776098432.e18ce739cf4e.13621.0,train/learning_rate,780,1776138144.591329,5.1329785492271185e-05,scalar
events.out.tfevents.1776098432.e18ce739cf4e.13621.0,train/learning_rate,785,1776138415.4374835,5.099733971292153e-05,scalar
events.out.tfevents.1776098432.e18ce739cf4e.13621.0,train/learning_rate,790,1776138646.6394215,5.0664893933571875e-05,scalar
events.out.tfevents.1776098432.e18ce739cf4e.13621.0,train/learning_rate,795,1776138906.8814485,5.033244815422222e-05,scalar
events.out.tfevents.1776098432.e18ce739cf4e.13621.0,train/learning_rate,800,1776139137.1348736,4.999999873689376e-05,scalar
events.out.tfevents.1776098432.e18ce739cf4e.13621.0,train/learning_rate,805,1776139423.3895,4.96675529575441e-05,scalar
events.out.tfevents.1776098432.e18ce739cf4e.13621.0,train/learning_rate,810,1776139661.6681411,4.933510717819445e-05,scalar
events.out.tfevents.1776098432.e18ce739cf4e.13621.0,train/learning_rate,815,1776139909.5321956,4.9002657760865986e-05,scalar
events.out.tfevents.1776098432.e18ce739cf4e.13621.0,train/learning_rate,820,1776140170.2861419,4.867021198151633e-05,scalar
events.out.tfevents.1776098432.e18ce739cf4e.13621.0,train/learning_rate,825,1776140432.694674,4.8337766202166677e-05,scalar
events.out.tfevents.1776098432.e18ce739cf4e.13621.0,train/learning_rate,830,1776140683.8493388,4.800532042281702e-05,scalar
events.out.tfevents.1776098432.e18ce739cf4e.13621.0,train/learning_rate,835,1776140981.3867176,4.767287100548856e-05,scalar
events.out.tfevents.1776098432.e18ce739cf4e.13621.0,train/learning_rate,840,1776141228.3917227,4.7340425226138905e-05,scalar
events.out.tfevents.1776098432.e18ce739cf4e.13621.0,train/learning_rate,845,1776141497.9588327,4.700797944678925e-05,scalar
events.out.tfevents.1776098432.e18ce739cf4e.13621.0,train/learning_rate,850,1776141726.2403114,4.6675533667439595e-05,scalar
events.out.tfevents.1776098432.e18ce739cf4e.13621.0,train/learning_rate,855,1776142047.538455,4.634308425011113e-05,scalar
events.out.tfevents.1776098432.e18ce739cf4e.13621.0,train/learning_rate,860,1776142277.718702,4.601063847076148e-05,scalar
events.out.tfevents.1776098432.e18ce739cf4e.13621.0,train/learning_rate,865,1776142534.072174,4.567819269141182e-05,scalar
events.out.tfevents.1776098432.e18ce739cf4e.13621.0,train/learning_rate,870,1776142757.8649628,4.534574327408336e-05,scalar
events.out.tfevents.1776098432.e18ce739cf4e.13621.0,train/learning_rate,875,1776143009.5389988,4.5013297494733706e-05,scalar
events.out.tfevents.1776098432.e18ce739cf4e.13621.0,train/learning_rate,880,1776143250.9125054,4.468085171538405e-05,scalar
events.out.tfevents.1776098432.e18ce739cf4e.13621.0,train/learning_rate,885,1776143534.6168199,4.4348405936034396e-05,scalar
events.out.tfevents.1776098432.e18ce739cf4e.13621.0,train/learning_rate,890,1776143786.2937176,4.4015956518705934e-05,scalar
events.out.tfevents.1776098432.e18ce739cf4e.13621.0,train/learning_rate,895,1776144055.022348,4.368351073935628e-05,scalar
events.out.tfevents.1776098432.e18ce739cf4e.13621.0,train/learning_rate,900,1776144296.2501206,4.3351064960006624e-05,scalar
events.out.tfevents.1776098432.e18ce739cf4e.13621.0,train/learning_rate,905,1776144567.8132656,4.301861554267816e-05,scalar
events.out.tfevents.1776098432.e18ce739cf4e.13621.0,train/learning_rate,910,1776144810.2605548,4.268616976332851e-05,scalar
events.out.tfevents.1776098432.e18ce739cf4e.13621.0,train/learning_rate,915,1776145078.9345222,4.235372398397885e-05,scalar
events.out.tfevents.1776098432.e18ce739cf4e.13621.0,train/learning_rate,920,1776145330.6674986,4.20212782046292e-05,scalar
events.out.tfevents.1776098432.e18ce739cf4e.13621.0,train/learning_rate,925,1776145591.8578362,4.1688828787300736e-05,scalar
events.out.tfevents.1776098432.e18ce739cf4e.13621.0,train/learning_rate,930,1776145834.479369,4.135638300795108e-05,scalar
events.out.tfevents.1776098432.e18ce739cf4e.13621.0,train/learning_rate,935,1776146105.1102357,4.1023937228601426e-05,scalar
events.out.tfevents.1776098432.e18ce739cf4e.13621.0,train/learning_rate,940,1776146351.5741646,4.0691487811272964e-05,scalar
events.out.tfevents.1776098432.e18ce739cf4e.13621.0,train/learning_rate,945,1776146630.1905591,4.035904203192331e-05,scalar
events.out.tfevents.1776098432.e18ce739cf4e.13621.0,train/learning_rate,950,1776146885.1189902,4.0026596252573654e-05,scalar
events.out.tfevents.1776098432.e18ce739cf4e.13621.0,train/learning_rate,955,1776147148.4881513,3.9694150473224e-05,scalar
events.out.tfevents.1776098432.e18ce739cf4e.13621.0,train/learning_rate,960,1776147370.86258,3.936170105589554e-05,scalar
events.out.tfevents.1776098432.e18ce739cf4e.13621.0,train/learning_rate,965,1776147632.7344072,3.902925527654588e-05,scalar
events.out.tfevents.1776098432.e18ce739cf4e.13621.0,train/learning_rate,970,1776147891.2215073,3.869680949719623e-05,scalar
events.out.tfevents.1776098432.e18ce739cf4e.13621.0,train/learning_rate,975,1776148156.2639956,3.8364360079867765e-05,scalar
events.out.tfevents.1776098432.e18ce739cf4e.13621.0,train/learning_rate,980,1776148387.009203,3.803191430051811e-05,scalar
events.out.tfevents.1776098432.e18ce739cf4e.13621.0,train/learning_rate,985,1776148660.2821865,3.7699468521168455e-05,scalar
events.out.tfevents.1776098432.e18ce739cf4e.13621.0,train/learning_rate,990,1776148893.731192,3.73670227418188e-05,scalar
events.out.tfevents.1776098432.e18ce739cf4e.13621.0,train/learning_rate,995,1776149142.9776502,3.703457332449034e-05,scalar
events.out.tfevents.1776098432.e18ce739cf4e.13621.0,train/learning_rate,1000,1776149384.5079877,3.6702127545140684e-05,scalar
events.out.tfevents.1776098432.e18ce739cf4e.13621.0,train/learning_rate,1005,1776149649.432683,3.636968176579103e-05,scalar
events.out.tfevents.1776098432.e18ce739cf4e.13621.0,train/learning_rate,1010,1776149887.8395224,3.603723234846257e-05,scalar
events.out.tfevents.1776098432.e18ce739cf4e.13621.0,train/learning_rate,1015,1776150155.78923,3.570478656911291e-05,scalar
events.out.tfevents.1776098432.e18ce739cf4e.13621.0,train/learning_rate,1020,1776150412.5558896,3.537234078976326e-05,scalar
events.out.tfevents.1776098432.e18ce739cf4e.13621.0,train/learning_rate,1025,1776150676.4255555,3.50398950104136e-05,scalar
events.out.tfevents.1776098432.e18ce739cf4e.13621.0,train/learning_rate,1030,1776150928.7014031,3.470744559308514e-05,scalar
events.out.tfevents.1776098432.e18ce739cf4e.13621.0,train/learning_rate,1035,1776151202.2464502,3.4374999813735485e-05,scalar
events.out.tfevents.1776098432.e18ce739cf4e.13621.0,train/learning_rate,1040,1776151455.6172528,3.404255403438583e-05,scalar
events.out.tfevents.1776098432.e18ce739cf4e.13621.0,train/learning_rate,1045,1776151716.572869,3.371010461705737e-05,scalar
events.out.tfevents.1776098432.e18ce739cf4e.13621.0,train/learning_rate,1050,1776151964.663313,3.337765883770771e-05,scalar
events.out.tfevents.1776098432.e18ce739cf4e.13621.0,train/learning_rate,1055,1776152233.0591514,3.304521305835806e-05,scalar
events.out.tfevents.1776098432.e18ce739cf4e.13621.0,train/learning_rate,1060,1776152458.3634858,3.2712767279008403e-05,scalar
events.out.tfevents.1776098432.e18ce739cf4e.13621.0,train/learning_rate,1065,1776152757.526465,3.238031786167994e-05,scalar
events.out.tfevents.1776098432.e18ce739cf4e.13621.0,train/learning_rate,1070,1776152994.0768795,3.2047872082330287e-05,scalar
events.out.tfevents.1776098432.e18ce739cf4e.13621.0,train/learning_rate,1075,1776153248.233629,3.171542630298063e-05,scalar
events.out.tfevents.1776098432.e18ce739cf4e.13621.0,train/learning_rate,1080,1776153488.2799227,3.138298052363098e-05,scalar
events.out.tfevents.1776098432.e18ce739cf4e.13621.0,train/learning_rate,1085,1776153749.218267,3.1050531106302515e-05,scalar
events.out.tfevents.1776098432.e18ce739cf4e.13621.0,train/learning_rate,1090,1776154001.8401036,3.071808532695286e-05,scalar
events.out.tfevents.1776098432.e18ce739cf4e.13621.0,train/learning_rate,1095,1776154274.3238742,3.03856377286138e-05,scalar
events.out.tfevents.1776098432.e18ce739cf4e.13621.0,train/learning_rate,1100,1776154519.107586,3.0053191949264146e-05,scalar
events.out.tfevents.1776098432.e18ce739cf4e.13621.0,train/learning_rate,1105,1776154782.4195452,2.9720744350925088e-05,scalar
events.out.tfevents.1776098432.e18ce739cf4e.13621.0,train/learning_rate,1110,1776155020.7341762,2.9388298571575433e-05,scalar
events.out.tfevents.1776098432.e18ce739cf4e.13621.0,train/learning_rate,1115,1776155308.2400572,2.9055850973236375e-05,scalar
events.out.tfevents.1776098432.e18ce739cf4e.13621.0,train/learning_rate,1120,1776155572.708188,2.8723403374897316e-05,scalar
events.out.tfevents.1776098432.e18ce739cf4e.13621.0,train/learning_rate,1125,1776155837.3528318,2.839095759554766e-05,scalar
events.out.tfevents.1776098432.e18ce739cf4e.13621.0,train/learning_rate,1130,1776156080.476533,2.8058509997208603e-05,scalar
events.out.tfevents.1776098432.e18ce739cf4e.13621.0,train/learning_rate,1135,1776156355.6551805,2.7726064217858948e-05,scalar
events.out.tfevents.1776098432.e18ce739cf4e.13621.0,train/learning_rate,1140,1776156598.388759,2.739361661951989e-05,scalar
events.out.tfevents.1776098432.e18ce739cf4e.13621.0,train/learning_rate,1145,1776156861.66733,2.7061170840170234e-05,scalar
events.out.tfevents.1776098432.e18ce739cf4e.13621.0,train/learning_rate,1150,1776157103.2935963,2.6728723241831176e-05,scalar
events.out.tfevents.1776098432.e18ce739cf4e.13621.0,train/learning_rate,1155,1776157365.214441,2.639627746248152e-05,scalar
events.out.tfevents.1776098432.e18ce739cf4e.13621.0,train/learning_rate,1160,1776157621.1113625,2.6063829864142463e-05,scalar
events.out.tfevents.1776098432.e18ce739cf4e.13621.0,train/learning_rate,1165,1776157876.2591932,2.5731382265803404e-05,scalar
events.out.tfevents.1776098432.e18ce739cf4e.13621.0,train/learning_rate,1170,1776158111.3158486,2.539893648645375e-05,scalar
events.out.tfevents.1776098432.e18ce739cf4e.13621.0,train/entropy,5,1776098684.0505788,1.1623338460922241,scalar
events.out.tfevents.1776098432.e18ce739cf4e.13621.0,train/entropy,10,1776098923.6900768,1.1737148761749268,scalar
events.out.tfevents.1776098432.e18ce739cf4e.13621.0,train/entropy,15,1776099184.9258752,1.2245714664459229,scalar
events.out.tfevents.1776098432.e18ce739cf4e.13621.0,train/entropy,20,1776099414.7564855,1.384678602218628,scalar
events.out.tfevents.1776098432.e18ce739cf4e.13621.0,train/entropy,25,1776099699.9860206,1.610479474067688,scalar
events.out.tfevents.1776098432.e18ce739cf4e.13621.0,train/entropy,30,1776099954.7652032,1.7818843126296997,scalar
events.out.tfevents.1776098432.e18ce739cf4e.13621.0,train/entropy,35,1776100251.215282,1.7520833015441895,scalar
events.out.tfevents.1776098432.e18ce739cf4e.13621.0,train/entropy,40,1776100493.0025115,1.6909849643707275,scalar
events.out.tfevents.1776098432.e18ce739cf4e.13621.0,train/entropy,45,1776100775.8368363,1.5499156713485718,scalar
events.out.tfevents.1776098432.e18ce739cf4e.13621.0,train/entropy,50,1776101006.9145591,1.318005084991455,scalar
events.out.tfevents.1776098432.e18ce739cf4e.13621.0,train/entropy,55,1776101286.0887914,1.045411467552185,scalar
events.out.tfevents.1776098432.e18ce739cf4e.13621.0,train/entropy,60,1776101527.6701307,0.8149693012237549,scalar
events.out.tfevents.1776098432.e18ce739cf4e.13621.0,train/entropy,65,1776101785.5293748,0.6976763606071472,scalar
events.out.tfevents.1776098432.e18ce739cf4e.13621.0,train/entropy,70,1776102024.090245,0.6309497356414795,scalar
events.out.tfevents.1776098432.e18ce739cf4e.13621.0,train/entropy,75,1776102311.517528,0.6111263632774353,scalar
events.out.tfevents.1776098432.e18ce739cf4e.13621.0,train/entropy,80,1776102562.6898525,0.5861196517944336,scalar
events.out.tfevents.1776098432.e18ce739cf4e.13621.0,train/entropy,85,1776102827.1077034,0.5692647695541382,scalar
events.out.tfevents.1776098432.e18ce739cf4e.13621.0,train/entropy,90,1776103084.8204966,0.5734052062034607,scalar
events.out.tfevents.1776098432.e18ce739cf4e.13621.0,train/entropy,95,1776103339.1537118,0.5670884847640991,scalar
events.out.tfevents.1776098432.e18ce739cf4e.13621.0,train/entropy,100,1776103579.7436738,0.5685855150222778,scalar
events.out.tfevents.1776098432.e18ce739cf4e.13621.0,train/entropy,105,1776103858.968146,0.5531032085418701,scalar
events.out.tfevents.1776098432.e18ce739cf4e.13621.0,train/entropy,110,1776104090.2692997,0.5614197254180908,scalar
events.out.tfevents.1776098432.e18ce739cf4e.13621.0,train/entropy,115,1776104407.4864964,0.5745972394943237,scalar
events.out.tfevents.1776098432.e18ce739cf4e.13621.0,train/entropy,120,1776104650.727021,0.5665814280509949,scalar
events.out.tfevents.1776098432.e18ce739cf4e.13621.0,train/entropy,125,1776104968.9244907,0.5654895901679993,scalar
events.out.tfevents.1776098432.e18ce739cf4e.13621.0,train/entropy,130,1776105207.1050558,0.5611521601676941,scalar
events.out.tfevents.1776098432.e18ce739cf4e.13621.0,train/entropy,135,1776105478.298176,0.5698508024215698,scalar
events.out.tfevents.1776098432.e18ce739cf4e.13621.0,train/entropy,140,1776105700.7650645,0.56497722864151,scalar
events.out.tfevents.1776098432.e18ce739cf4e.13621.0,train/entropy,145,1776105997.0605943,0.5595569610595703,scalar
events.out.tfevents.1776098432.e18ce739cf4e.13621.0,train/entropy,150,1776106239.4957714,0.5625532865524292,scalar
events.out.tfevents.1776098432.e18ce739cf4e.13621.0,train/entropy,155,1776106496.8233724,0.5611369609832764,scalar
events.out.tfevents.1776098432.e18ce739cf4e.13621.0,train/entropy,160,1776106736.4975572,0.5578912496566772,scalar
events.out.tfevents.1776098432.e18ce739cf4e.13621.0,train/entropy,165,1776106991.3184683,0.560049295425415,scalar
events.out.tfevents.1776098432.e18ce739cf4e.13621.0,train/entropy,170,1776107222.513526,0.5525371432304382,scalar
events.out.tfevents.1776098432.e18ce739cf4e.13621.0,train/entropy,175,1776107481.0360498,0.5588215589523315,scalar
events.out.tfevents.1776098432.e18ce739cf4e.13621.0,train/entropy,180,1776107725.2844503,0.560092031955719,scalar
events.out.tfevents.1776098432.e18ce739cf4e.13621.0,train/entropy,185,1776107995.1413205,0.5672547221183777,scalar
events.out.tfevents.1776098432.e18ce739cf4e.13621.0,train/entropy,190,1776108219.6839788,0.558395504951477,scalar
events.out.tfevents.1776098432.e18ce739cf4e.13621.0,train/entropy,195,1776108479.631216,0.5602279901504517,scalar
events.out.tfevents.1776098432.e18ce739cf4e.13621.0,train/entropy,200,1776108713.4042,0.5675959587097168,scalar
events.out.tfevents.1776098432.e18ce739cf4e.13621.0,train/entropy,205,1776109006.4466429,0.5609990358352661,scalar
events.out.tfevents.1776098432.e18ce739cf4e.13621.0,train/entropy,210,1776109244.3096395,0.5596226453781128,scalar
events.out.tfevents.1776098432.e18ce739cf4e.13621.0,train/entropy,215,1776109509.8542573,0.5589473843574524,scalar
events.out.tfevents.1776098432.e18ce739cf4e.13621.0,train/entropy,220,1776109746.7020373,0.5569875240325928,scalar
events.out.tfevents.1776098432.e18ce739cf4e.13621.0,train/entropy,225,1776110012.2332017,0.555433988571167,scalar
events.out.tfevents.1776098432.e18ce739cf4e.13621.0,train/entropy,230,1776110245.5426424,0.5528581142425537,scalar
events.out.tfevents.1776098432.e18ce739cf4e.13621.0,train/entropy,235,1776110505.680628,0.5459527373313904,scalar
events.out.tfevents.1776098432.e18ce739cf4e.13621.0,train/entropy,240,1776110750.955547,0.5519613027572632,scalar
events.out.tfevents.1776098432.e18ce739cf4e.13621.0,train/entropy,245,1776111014.887496,0.5533202290534973,scalar
events.out.tfevents.1776098432.e18ce739cf4e.13621.0,train/entropy,250,1776111247.8319097,0.5577677488327026,scalar
events.out.tfevents.1776098432.e18ce739cf4e.13621.0,train/entropy,255,1776111505.8084679,0.5499352216720581,scalar
events.out.tfevents.1776098432.e18ce739cf4e.13621.0,train/entropy,260,1776111748.742529,0.5495245456695557,scalar
events.out.tfevents.1776098432.e18ce739cf4e.13621.0,train/entropy,265,1776112027.0639098,0.5641643404960632,scalar
events.out.tfevents.1776098432.e18ce739cf4e.13621.0,train/entropy,270,1776112265.2240512,0.5586138963699341,scalar
events.out.tfevents.1776098432.e18ce739cf4e.13621.0,train/entropy,275,1776112526.969981,0.5456430912017822,scalar
events.out.tfevents.1776098432.e18ce739cf4e.13621.0,train/entropy,280,1776112774.730288,0.5367386341094971,scalar
events.out.tfevents.1776098432.e18ce739cf4e.13621.0,train/entropy,285,1776113039.7425098,0.5306375026702881,scalar
events.out.tfevents.1776098432.e18ce739cf4e.13621.0,train/entropy,290,1776113277.3023515,0.5545836687088013,scalar
events.out.tfevents.1776098432.e18ce739cf4e.13621.0,train/entropy,295,1776113549.5830827,0.5336666107177734,scalar
events.out.tfevents.1776098432.e18ce739cf4e.13621.0,train/entropy,300,1776113789.9376607,0.517231822013855,scalar
events.out.tfevents.1776098432.e18ce739cf4e.13621.0,train/entropy,305,1776114074.4597406,0.5193517804145813,scalar
events.out.tfevents.1776098432.e18ce739cf4e.13621.0,train/entropy,310,1776114314.221943,0.5222728848457336,scalar
events.out.tfevents.1776098432.e18ce739cf4e.13621.0,train/entropy,315,1776114570.745511,0.5213536024093628,scalar
events.out.tfevents.1776098432.e18ce739cf4e.13621.0,train/entropy,320,1776114803.524148,0.5143840909004211,scalar
events.out.tfevents.1776098432.e18ce739cf4e.13621.0,train/entropy,325,1776115058.3088582,0.5108848214149475,scalar
events.out.tfevents.1776098432.e18ce739cf4e.13621.0,train/entropy,330,1776115287.8901289,0.5099149942398071,scalar
events.out.tfevents.1776098432.e18ce739cf4e.13621.0,train/entropy,335,1776115550.1858277,0.5110753178596497,scalar
events.out.tfevents.1776098432.e18ce739cf4e.13621.0,train/entropy,340,1776115810.0745509,0.5110130906105042,scalar
events.out.tfevents.1776098432.e18ce739cf4e.13621.0,train/entropy,345,1776116069.7716954,0.5070145726203918,scalar
events.out.tfevents.1776098432.e18ce739cf4e.13621.0,train/entropy,350,1776116304.8311436,0.5004009008407593,scalar
events.out.tfevents.1776098432.e18ce739cf4e.13621.0,train/entropy,355,1776116601.720879,0.4923058748245239,scalar
events.out.tfevents.1776098432.e18ce739cf4e.13621.0,train/entropy,360,1776116839.707107,0.5035831332206726,scalar
events.out.tfevents.1776098432.e18ce739cf4e.13621.0,train/entropy,365,1776117098.282522,0.4949119985103607,scalar
events.out.tfevents.1776098432.e18ce739cf4e.13621.0,train/entropy,370,1776117342.4173567,0.4988240897655487,scalar
events.out.tfevents.1776098432.e18ce739cf4e.13621.0,train/entropy,375,1776117607.077417,0.49380770325660706,scalar
events.out.tfevents.1776098432.e18ce739cf4e.13621.0,train/entropy,380,1776117838.6318808,0.5034936666488647,scalar
events.out.tfevents.1776098432.e18ce739cf4e.13621.0,train/entropy,385,1776118098.003647,0.5151097774505615,scalar
events.out.tfevents.1776098432.e18ce739cf4e.13621.0,train/entropy,390,1776118324.5020502,0.5224549770355225,scalar
events.out.tfevents.1776098432.e18ce739cf4e.13621.0,train/entropy,395,1776118606.182584,0.516112744808197,scalar
events.out.tfevents.1776098432.e18ce739cf4e.13621.0,train/entropy,400,1776118838.1744525,0.5155269503593445,scalar
events.out.tfevents.1776098432.e18ce739cf4e.13621.0,train/entropy,405,1776119121.483483,0.5104219913482666,scalar
events.out.tfevents.1776098432.e18ce739cf4e.13621.0,train/entropy,410,1776119354.9388697,0.5077950358390808,scalar
events.out.tfevents.1776098432.e18ce739cf4e.13621.0,train/entropy,415,1776119602.7566917,0.5034868121147156,scalar
events.out.tfevents.1776098432.e18ce739cf4e.13621.0,train/entropy,420,1776119836.6527567,0.5176715850830078,scalar
events.out.tfevents.1776098432.e18ce739cf4e.13621.0,train/entropy,425,1776120091.1022868,0.4983830451965332,scalar
events.out.tfevents.1776098432.e18ce739cf4e.13621.0,train/entropy,430,1776120321.0868235,0.5008876919746399,scalar
events.out.tfevents.1776098432.e18ce739cf4e.13621.0,train/entropy,435,1776120585.181542,0.5119554996490479,scalar
events.out.tfevents.1776098432.e18ce739cf4e.13621.0,train/entropy,440,1776120813.4808612,0.5116056799888611,scalar
events.out.tfevents.1776098432.e18ce739cf4e.13621.0,train/entropy,445,1776121079.842631,0.5040465593338013,scalar
events.out.tfevents.1776098432.e18ce739cf4e.13621.0,train/entropy,450,1776121326.689698,0.5090987086296082,scalar
events.out.tfevents.1776098432.e18ce739cf4e.13621.0,train/entropy,455,1776121632.2418392,0.5018351078033447,scalar
events.out.tfevents.1776098432.e18ce739cf4e.13621.0,train/entropy,460,1776121868.0318127,0.49821117520332336,scalar
events.out.tfevents.1776098432.e18ce739cf4e.13621.0,train/entropy,465,1776122156.6491973,0.49225664138793945,scalar
events.out.tfevents.1776098432.e18ce739cf4e.13621.0,train/entropy,470,1776122397.5065303,0.4951305687427521,scalar
events.out.tfevents.1776098432.e18ce739cf4e.13621.0,train/entropy,475,1776122674.3629396,0.49377936124801636,scalar
events.out.tfevents.1776098432.e18ce739cf4e.13621.0,train/entropy,480,1776122907.677874,0.4995676577091217,scalar
events.out.tfevents.1776098432.e18ce739cf4e.13621.0,train/entropy,485,1776123164.1896656,0.5006430745124817,scalar
events.out.tfevents.1776098432.e18ce739cf4e.13621.0,train/entropy,490,1776123404.4827774,0.5009734630584717,scalar
events.out.tfevents.1776098432.e18ce739cf4e.13621.0,train/entropy,495,1776123661.704743,0.5024796724319458,scalar
events.out.tfevents.1776098432.e18ce739cf4e.13621.0,train/entropy,500,1776123916.9321425,0.4910043179988861,scalar
events.out.tfevents.1776098432.e18ce739cf4e.13621.0,train/entropy,505,1776124167.4651036,0.5032753348350525,scalar
events.out.tfevents.1776098432.e18ce739cf4e.13621.0,train/entropy,510,1776124412.7522378,0.5091804265975952,scalar
events.out.tfevents.1776098432.e18ce739cf4e.13621.0,train/entropy,515,1776124683.3615973,0.5100347995758057,scalar
events.out.tfevents.1776098432.e18ce739cf4e.13621.0,train/entropy,520,1776124924.5493681,0.5074378252029419,scalar
events.out.tfevents.1776098432.e18ce739cf4e.13621.0,train/entropy,525,1776125191.8497088,0.5138423442840576,scalar
events.out.tfevents.1776098432.e18ce739cf4e.13621.0,train/entropy,530,1776125433.5607665,0.5062867999076843,scalar
events.out.tfevents.1776098432.e18ce739cf4e.13621.0,train/entropy,535,1776125704.6266122,0.4971439838409424,scalar
events.out.tfevents.1776098432.e18ce739cf4e.13621.0,train/entropy,540,1776125941.382893,0.5090364813804626,scalar
events.out.tfevents.1776098432.e18ce739cf4e.13621.0,train/entropy,545,1776126219.6835315,0.4912683963775635,scalar
events.out.tfevents.1776098432.e18ce739cf4e.13621.0,train/entropy,550,1776126466.97329,0.49791792035102844,scalar
events.out.tfevents.1776098432.e18ce739cf4e.13621.0,train/entropy,555,1776126731.0251133,0.4925074875354767,scalar
events.out.tfevents.1776098432.e18ce739cf4e.13621.0,train/entropy,560,1776126993.640609,0.4857114553451538,scalar
events.out.tfevents.1776098432.e18ce739cf4e.13621.0,train/entropy,565,1776127252.3978238,0.4845028221607208,scalar
events.out.tfevents.1776098432.e18ce739cf4e.13621.0,train/entropy,570,1776127477.159956,0.49584972858428955,scalar
events.out.tfevents.1776098432.e18ce739cf4e.13621.0,train/entropy,575,1776127745.8513021,0.49778780341148376,scalar
events.out.tfevents.1776098432.e18ce739cf4e.13621.0,train/entropy,580,1776127988.9802215,0.4911409914493561,scalar
events.out.tfevents.1776098432.e18ce739cf4e.13621.0,train/entropy,585,1776128245.1673865,0.499194860458374,scalar
events.out.tfevents.1776098432.e18ce739cf4e.13621.0,train/entropy,590,1776128481.841445,0.4982353746891022,scalar
events.out.tfevents.1776098432.e18ce739cf4e.13621.0,train/entropy,595,1776128746.9723048,0.48700377345085144,scalar
events.out.tfevents.1776098432.e18ce739cf4e.13621.0,train/entropy,600,1776128987.6179347,0.48099571466445923,scalar
events.out.tfevents.1776098432.e18ce739cf4e.13621.0,train/entropy,605,1776129264.3303354,0.5030435919761658,scalar
events.out.tfevents.1776098432.e18ce739cf4e.13621.0,train/entropy,610,1776129512.296955,0.474905401468277,scalar
events.out.tfevents.1776098432.e18ce739cf4e.13621.0,train/entropy,615,1776129795.6770997,0.48572373390197754,scalar
events.out.tfevents.1776098432.e18ce739cf4e.13621.0,train/entropy,620,1776130044.2992947,0.48416221141815186,scalar
events.out.tfevents.1776098432.e18ce739cf4e.13621.0,train/entropy,625,1776130301.7018156,0.49560633301734924,scalar
events.out.tfevents.1776098432.e18ce739cf4e.13621.0,train/entropy,630,1776130550.048643,0.482735812664032,scalar
events.out.tfevents.1776098432.e18ce739cf4e.13621.0,train/entropy,635,1776130805.22778,0.48383399844169617,scalar
events.out.tfevents.1776098432.e18ce739cf4e.13621.0,train/entropy,640,1776131053.7156584,0.4852777123451233,scalar
events.out.tfevents.1776098432.e18ce739cf4e.13621.0,train/entropy,645,1776131311.003822,0.4960288405418396,scalar
events.out.tfevents.1776098432.e18ce739cf4e.13621.0,train/entropy,650,1776131554.3337553,0.4904206693172455,scalar
events.out.tfevents.1776098432.e18ce739cf4e.13621.0,train/entropy,655,1776131816.285757,0.4871385991573334,scalar
events.out.tfevents.1776098432.e18ce739cf4e.13621.0,train/entropy,660,1776132064.9201076,0.48633623123168945,scalar
events.out.tfevents.1776098432.e18ce739cf4e.13621.0,train/entropy,665,1776132313.3747087,0.4728560447692871,scalar
events.out.tfevents.1776098432.e18ce739cf4e.13621.0,train/entropy,670,1776132553.1487818,0.45886385440826416,scalar
events.out.tfevents.1776098432.e18ce739cf4e.13621.0,train/entropy,675,1776132802.6413486,0.46461358666419983,scalar
events.out.tfevents.1776098432.e18ce739cf4e.13621.0,train/entropy,680,1776133045.8845203,0.46447426080703735,scalar
events.out.tfevents.1776098432.e18ce739cf4e.13621.0,train/entropy,685,1776133317.1081183,0.48391810059547424,scalar
events.out.tfevents.1776098432.e18ce739cf4e.13621.0,train/entropy,690,1776133548.5070705,0.4791492223739624,scalar
events.out.tfevents.1776098432.e18ce739cf4e.13621.0,train/entropy,695,1776133821.2743104,0.4871581494808197,scalar
events.out.tfevents.1776098432.e18ce739cf4e.13621.0,train/entropy,700,1776134066.191939,0.487395703792572,scalar
events.out.tfevents.1776098432.e18ce739cf4e.13621.0,train/entropy,705,1776134363.8375762,0.49141788482666016,scalar
events.out.tfevents.1776098432.e18ce739cf4e.13621.0,train/entropy,710,1776134608.8139849,0.49088913202285767,scalar
events.out.tfevents.1776098432.e18ce739cf4e.13621.0,train/entropy,715,1776134866.8530219,0.4885447025299072,scalar
events.out.tfevents.1776098432.e18ce739cf4e.13621.0,train/entropy,720,1776135106.8144128,0.4942580759525299,scalar
events.out.tfevents.1776098432.e18ce739cf4e.13621.0,train/entropy,725,1776135363.006342,0.4814937710762024,scalar
events.out.tfevents.1776098432.e18ce739cf4e.13621.0,train/entropy,730,1776135589.2801719,0.48409053683280945,scalar
events.out.tfevents.1776098432.e18ce739cf4e.13621.0,train/entropy,735,1776135862.8364673,0.4813441038131714,scalar
events.out.tfevents.1776098432.e18ce739cf4e.13621.0,train/entropy,740,1776136101.1614866,0.48051393032073975,scalar
events.out.tfevents.1776098432.e18ce739cf4e.13621.0,train/entropy,745,1776136363.3703852,0.4838387072086334,scalar
events.out.tfevents.1776098432.e18ce739cf4e.13621.0,train/entropy,750,1776136602.2884526,0.4776912331581116,scalar
events.out.tfevents.1776098432.e18ce739cf4e.13621.0,train/entropy,755,1776136866.7714186,0.4832054674625397,scalar
events.out.tfevents.1776098432.e18ce739cf4e.13621.0,train/entropy,760,1776137110.414743,0.48631563782691956,scalar
events.out.tfevents.1776098432.e18ce739cf4e.13621.0,train/entropy,765,1776137378.4381268,0.4799162447452545,scalar
events.out.tfevents.1776098432.e18ce739cf4e.13621.0,train/entropy,770,1776137609.866649,0.4883916676044464,scalar
events.out.tfevents.1776098432.e18ce739cf4e.13621.0,train/entropy,775,1776137866.0917604,0.4858587384223938,scalar
events.out.tfevents.1776098432.e18ce739cf4e.13621.0,train/entropy,780,1776138144.5913413,0.47393685579299927,scalar
events.out.tfevents.1776098432.e18ce739cf4e.13621.0,train/entropy,785,1776138415.437496,0.483163446187973,scalar
events.out.tfevents.1776098432.e18ce739cf4e.13621.0,train/entropy,790,1776138646.6394348,0.4898117184638977,scalar
events.out.tfevents.1776098432.e18ce739cf4e.13621.0,train/entropy,795,1776138906.881461,0.49170559644699097,scalar
events.out.tfevents.1776098432.e18ce739cf4e.13621.0,train/entropy,800,1776139137.1348858,0.5022535920143127,scalar
events.out.tfevents.1776098432.e18ce739cf4e.13621.0,train/entropy,805,1776139423.3895118,0.486579567193985,scalar
events.out.tfevents.1776098432.e18ce739cf4e.13621.0,train/entropy,810,1776139661.6681547,0.49441009759902954,scalar
events.out.tfevents.1776098432.e18ce739cf4e.13621.0,train/entropy,815,1776139909.5322087,0.49015873670578003,scalar
events.out.tfevents.1776098432.e18ce739cf4e.13621.0,train/entropy,820,1776140170.2861545,0.4782972037792206,scalar
events.out.tfevents.1776098432.e18ce739cf4e.13621.0,train/entropy,825,1776140432.6946864,0.47104862332344055,scalar
events.out.tfevents.1776098432.e18ce739cf4e.13621.0,train/entropy,830,1776140683.8493516,0.4616936147212982,scalar
events.out.tfevents.1776098432.e18ce739cf4e.13621.0,train/entropy,835,1776140981.3867295,0.4872397184371948,scalar
events.out.tfevents.1776098432.e18ce739cf4e.13621.0,train/entropy,840,1776141228.3917363,0.4931691586971283,scalar
events.out.tfevents.1776098432.e18ce739cf4e.13621.0,train/entropy,845,1776141497.9588456,0.4878234267234802,scalar
events.out.tfevents.1776098432.e18ce739cf4e.13621.0,train/entropy,850,1776141726.240324,0.48690474033355713,scalar
events.out.tfevents.1776098432.e18ce739cf4e.13621.0,train/entropy,855,1776142047.5384676,0.4919375777244568,scalar
events.out.tfevents.1776098432.e18ce739cf4e.13621.0,train/entropy,860,1776142277.718715,0.4925799071788788,scalar
events.out.tfevents.1776098432.e18ce739cf4e.13621.0,train/entropy,865,1776142534.0721881,0.48276346921920776,scalar
events.out.tfevents.1776098432.e18ce739cf4e.13621.0,train/entropy,870,1776142757.864976,0.4821219742298126,scalar
events.out.tfevents.1776098432.e18ce739cf4e.13621.0,train/entropy,875,1776143009.5390124,0.47586432099342346,scalar
events.out.tfevents.1776098432.e18ce739cf4e.13621.0,train/entropy,880,1776143250.9125185,0.4764776825904846,scalar
events.out.tfevents.1776098432.e18ce739cf4e.13621.0,train/entropy,885,1776143534.616833,0.47213447093963623,scalar
events.out.tfevents.1776098432.e18ce739cf4e.13621.0,train/entropy,890,1776143786.293736,0.4701641798019409,scalar
events.out.tfevents.1776098432.e18ce739cf4e.13621.0,train/entropy,895,1776144055.0223596,0.474258154630661,scalar
events.out.tfevents.1776098432.e18ce739cf4e.13621.0,train/entropy,900,1776144296.2501328,0.47032827138900757,scalar
events.out.tfevents.1776098432.e18ce739cf4e.13621.0,train/entropy,905,1776144567.813278,0.4653376340866089,scalar
events.out.tfevents.1776098432.e18ce739cf4e.13621.0,train/entropy,910,1776144810.2605698,0.46605417132377625,scalar
events.out.tfevents.1776098432.e18ce739cf4e.13621.0,train/entropy,915,1776145078.9345355,0.46444761753082275,scalar
events.out.tfevents.1776098432.e18ce739cf4e.13621.0,train/entropy,920,1776145330.6675115,0.4690931737422943,scalar
events.out.tfevents.1776098432.e18ce739cf4e.13621.0,train/entropy,925,1776145591.857849,0.47838109731674194,scalar
events.out.tfevents.1776098432.e18ce739cf4e.13621.0,train/entropy,930,1776145834.479382,0.4696148931980133,scalar
events.out.tfevents.1776098432.e18ce739cf4e.13621.0,train/entropy,935,1776146105.1102486,0.47855308651924133,scalar
events.out.tfevents.1776098432.e18ce739cf4e.13621.0,train/entropy,940,1776146351.5741777,0.479192852973938,scalar
events.out.tfevents.1776098432.e18ce739cf4e.13621.0,train/entropy,945,1776146630.1905718,0.48799610137939453,scalar
events.out.tfevents.1776098432.e18ce739cf4e.13621.0,train/entropy,950,1776146885.1190035,0.48726534843444824,scalar
events.out.tfevents.1776098432.e18ce739cf4e.13621.0,train/entropy,955,1776147148.488165,0.4901295602321625,scalar
events.out.tfevents.1776098432.e18ce739cf4e.13621.0,train/entropy,960,1776147370.8625922,0.48539552092552185,scalar
events.out.tfevents.1776098432.e18ce739cf4e.13621.0,train/entropy,965,1776147632.7344198,0.47525835037231445,scalar
events.out.tfevents.1776098432.e18ce739cf4e.13621.0,train/entropy,970,1776147891.2215195,0.47960054874420166,scalar
events.out.tfevents.1776098432.e18ce739cf4e.13621.0,train/entropy,975,1776148156.2640076,0.48111534118652344,scalar
events.out.tfevents.1776098432.e18ce739cf4e.13621.0,train/entropy,980,1776148387.0092168,0.4861510097980499,scalar
events.out.tfevents.1776098432.e18ce739cf4e.13621.0,train/entropy,985,1776148660.2821994,0.4808717966079712,scalar
events.out.tfevents.1776098432.e18ce739cf4e.13621.0,train/entropy,990,1776148893.7312055,0.474609911441803,scalar
events.out.tfevents.1776098432.e18ce739cf4e.13621.0,train/entropy,995,1776149142.9776697,0.4771803021430969,scalar
events.out.tfevents.1776098432.e18ce739cf4e.13621.0,train/entropy,1000,1776149384.508,0.4771478772163391,scalar
events.out.tfevents.1776098432.e18ce739cf4e.13621.0,train/entropy,1005,1776149649.4326954,0.48066163063049316,scalar
events.out.tfevents.1776098432.e18ce739cf4e.13621.0,train/entropy,1010,1776149887.8395348,0.46563756465911865,scalar
events.out.tfevents.1776098432.e18ce739cf4e.13621.0,train/entropy,1015,1776150155.789242,0.4717836081981659,scalar
events.out.tfevents.1776098432.e18ce739cf4e.13621.0,train/entropy,1020,1776150412.5559068,0.46454089879989624,scalar
events.out.tfevents.1776098432.e18ce739cf4e.13621.0,train/entropy,1025,1776150676.4255686,0.46779149770736694,scalar
events.out.tfevents.1776098432.e18ce739cf4e.13621.0,train/entropy,1030,1776150928.701416,0.47476938366889954,scalar
events.out.tfevents.1776098432.e18ce739cf4e.13621.0,train/entropy,1035,1776151202.246463,0.4695800840854645,scalar
events.out.tfevents.1776098432.e18ce739cf4e.13621.0,train/entropy,1040,1776151455.6172717,0.47229498624801636,scalar
events.out.tfevents.1776098432.e18ce739cf4e.13621.0,train/entropy,1045,1776151716.572881,0.4638872742652893,scalar
events.out.tfevents.1776098432.e18ce739cf4e.13621.0,train/entropy,1050,1776151964.6633258,0.4686124920845032,scalar
events.out.tfevents.1776098432.e18ce739cf4e.13621.0,train/entropy,1055,1776152233.0591705,0.4712015390396118,scalar
events.out.tfevents.1776098432.e18ce739cf4e.13621.0,train/entropy,1060,1776152458.3634982,0.4692001938819885,scalar
events.out.tfevents.1776098432.e18ce739cf4e.13621.0,train/entropy,1065,1776152757.5264783,0.46976029872894287,scalar
events.out.tfevents.1776098432.e18ce739cf4e.13621.0,train/entropy,1070,1776152994.0768967,0.46583113074302673,scalar
events.out.tfevents.1776098432.e18ce739cf4e.13621.0,train/entropy,1075,1776153248.2336485,0.4629324972629547,scalar
events.out.tfevents.1776098432.e18ce739cf4e.13621.0,train/entropy,1080,1776153488.2799351,0.4583127498626709,scalar
events.out.tfevents.1776098432.e18ce739cf4e.13621.0,train/entropy,1085,1776153749.2182791,0.4519367516040802,scalar
events.out.tfevents.1776098432.e18ce739cf4e.13621.0,train/entropy,1090,1776154001.840126,0.45476454496383667,scalar
events.out.tfevents.1776098432.e18ce739cf4e.13621.0,train/entropy,1095,1776154274.3238873,0.45932623744010925,scalar
events.out.tfevents.1776098432.e18ce739cf4e.13621.0,train/entropy,1100,1776154519.107598,0.45480671525001526,scalar
events.out.tfevents.1776098432.e18ce739cf4e.13621.0,train/entropy,1105,1776154782.4195578,0.458894819021225,scalar
events.out.tfevents.1776098432.e18ce739cf4e.13621.0,train/entropy,1110,1776155020.7341888,0.46733155846595764,scalar
events.out.tfevents.1776098432.e18ce739cf4e.13621.0,train/entropy,1115,1776155308.2400696,0.4615783095359802,scalar
events.out.tfevents.1776098432.e18ce739cf4e.13621.0,train/entropy,1120,1776155572.7082005,0.4550149142742157,scalar
events.out.tfevents.1776098432.e18ce739cf4e.13621.0,train/entropy,1125,1776155837.3528442,0.459587961435318,scalar
events.out.tfevents.1776098432.e18ce739cf4e.13621.0,train/entropy,1130,1776156080.4765453,0.4562743008136749,scalar
events.out.tfevents.1776098432.e18ce739cf4e.13621.0,train/entropy,1135,1776156355.655196,0.4590432345867157,scalar
events.out.tfevents.1776098432.e18ce739cf4e.13621.0,train/entropy,1140,1776156598.3887773,0.45591405034065247,scalar
events.out.tfevents.1776098432.e18ce739cf4e.13621.0,train/entropy,1145,1776156861.6673422,0.4542355537414551,scalar
events.out.tfevents.1776098432.e18ce739cf4e.13621.0,train/entropy,1150,1776157103.2936082,0.4592529535293579,scalar
events.out.tfevents.1776098432.e18ce739cf4e.13621.0,train/entropy,1155,1776157365.2144537,0.45523908734321594,scalar
events.out.tfevents.1776098432.e18ce739cf4e.13621.0,train/entropy,1160,1776157621.111375,0.45788291096687317,scalar
events.out.tfevents.1776098432.e18ce739cf4e.13621.0,train/entropy,1165,1776157876.259205,0.465223491191864,scalar
events.out.tfevents.1776098432.e18ce739cf4e.13621.0,train/entropy,1170,1776158111.3158677,0.46473830938339233,scalar
events.out.tfevents.1776098432.e18ce739cf4e.13621.0,train/num_tokens,5,1776098684.0505917,137198.0,scalar
events.out.tfevents.1776098432.e18ce739cf4e.13621.0,train/num_tokens,10,1776098923.6901107,274388.0,scalar
events.out.tfevents.1776098432.e18ce739cf4e.13621.0,train/num_tokens,15,1776099184.9258916,411573.0,scalar
events.out.tfevents.1776098432.e18ce739cf4e.13621.0,train/num_tokens,20,1776099414.7564967,548761.0,scalar
events.out.tfevents.1776098432.e18ce739cf4e.13621.0,train/num_tokens,25,1776099699.9860325,685951.0,scalar
events.out.tfevents.1776098432.e18ce739cf4e.13621.0,train/num_tokens,30,1776099954.7652152,823136.0,scalar
events.out.tfevents.1776098432.e18ce739cf4e.13621.0,train/num_tokens,35,1776100251.2152934,960336.0,scalar
events.out.tfevents.1776098432.e18ce739cf4e.13621.0,train/num_tokens,40,1776100493.0025232,1097538.0,scalar
events.out.tfevents.1776098432.e18ce739cf4e.13621.0,train/num_tokens,45,1776100775.8368475,1234728.0,scalar
events.out.tfevents.1776098432.e18ce739cf4e.13621.0,train/num_tokens,50,1776101006.914571,1371918.0,scalar
events.out.tfevents.1776098432.e18ce739cf4e.13621.0,train/num_tokens,55,1776101286.0888028,1509104.0,scalar
events.out.tfevents.1776098432.e18ce739cf4e.13621.0,train/num_tokens,60,1776101527.6701427,1646311.0,scalar
events.out.tfevents.1776098432.e18ce739cf4e.13621.0,train/num_tokens,65,1776101785.529386,1783493.0,scalar
events.out.tfevents.1776098432.e18ce739cf4e.13621.0,train/num_tokens,70,1776102024.0902565,1920683.0,scalar
events.out.tfevents.1776098432.e18ce739cf4e.13621.0,train/num_tokens,75,1776102311.5175397,2057884.0,scalar
events.out.tfevents.1776098432.e18ce739cf4e.13621.0,train/num_tokens,80,1776102562.6898644,2195076.0,scalar
events.out.tfevents.1776098432.e18ce739cf4e.13621.0,train/num_tokens,85,1776102827.1077154,2332277.0,scalar
events.out.tfevents.1776098432.e18ce739cf4e.13621.0,train/num_tokens,90,1776103084.8205078,2469467.0,scalar
events.out.tfevents.1776098432.e18ce739cf4e.13621.0,train/num_tokens,95,1776103339.1537237,2606663.0,scalar
events.out.tfevents.1776098432.e18ce739cf4e.13621.0,train/num_tokens,100,1776103579.743685,2743860.0,scalar
events.out.tfevents.1776098432.e18ce739cf4e.13621.0,train/num_tokens,105,1776103858.9681578,2881066.0,scalar
events.out.tfevents.1776098432.e18ce739cf4e.13621.0,train/num_tokens,110,1776104090.269311,3018266.0,scalar
events.out.tfevents.1776098432.e18ce739cf4e.13621.0,train/num_tokens,115,1776104407.4865084,3155460.0,scalar
events.out.tfevents.1776098432.e18ce739cf4e.13621.0,train/num_tokens,120,1776104650.727033,3292649.0,scalar
events.out.tfevents.1776098432.e18ce739cf4e.13621.0,train/num_tokens,125,1776104968.9245021,3429848.0,scalar
events.out.tfevents.1776098432.e18ce739cf4e.13621.0,train/num_tokens,130,1776105207.1050675,3567055.0,scalar
events.out.tfevents.1776098432.e18ce739cf4e.13621.0,train/num_tokens,135,1776105478.298188,3704259.0,scalar
events.out.tfevents.1776098432.e18ce739cf4e.13621.0,train/num_tokens,140,1776105700.7650764,3841461.0,scalar
events.out.tfevents.1776098432.e18ce739cf4e.13621.0,train/num_tokens,145,1776105997.0606055,3978659.0,scalar
events.out.tfevents.1776098432.e18ce739cf4e.13621.0,train/num_tokens,150,1776106239.495783,4115856.0,scalar
events.out.tfevents.1776098432.e18ce739cf4e.13621.0,train/num_tokens,155,1776106496.823384,4253047.0,scalar
events.out.tfevents.1776098432.e18ce739cf4e.13621.0,train/num_tokens,160,1776106736.497569,4390242.0,scalar
events.out.tfevents.1776098432.e18ce739cf4e.13621.0,train/num_tokens,165,1776106991.3184793,4527440.0,scalar
events.out.tfevents.1776098432.e18ce739cf4e.13621.0,train/num_tokens,170,1776107222.5135367,4664648.0,scalar
events.out.tfevents.1776098432.e18ce739cf4e.13621.0,train/num_tokens,175,1776107481.0360606,4801847.0,scalar
events.out.tfevents.1776098432.e18ce739cf4e.13621.0,train/num_tokens,180,1776107725.2844613,4939040.0,scalar
events.out.tfevents.1776098432.e18ce739cf4e.13621.0,train/num_tokens,185,1776107995.141334,5076233.0,scalar
events.out.tfevents.1776098432.e18ce739cf4e.13621.0,train/num_tokens,190,1776108219.6839905,5213438.0,scalar
events.out.tfevents.1776098432.e18ce739cf4e.13621.0,train/num_tokens,195,1776108479.6312268,5350647.0,scalar
events.out.tfevents.1776098432.e18ce739cf4e.13621.0,train/num_tokens,200,1776108713.404212,5487838.0,scalar
events.out.tfevents.1776098432.e18ce739cf4e.13621.0,train/num_tokens,205,1776109006.446657,5625035.0,scalar
events.out.tfevents.1776098432.e18ce739cf4e.13621.0,train/num_tokens,210,1776109244.3096507,5762224.0,scalar
events.out.tfevents.1776098432.e18ce739cf4e.13621.0,train/num_tokens,215,1776109509.8542683,5899408.0,scalar
events.out.tfevents.1776098432.e18ce739cf4e.13621.0,train/num_tokens,220,1776109746.7020488,6036613.0,scalar
events.out.tfevents.1776098432.e18ce739cf4e.13621.0,train/num_tokens,225,1776110012.2332132,6173808.0,scalar
events.out.tfevents.1776098432.e18ce739cf4e.13621.0,train/num_tokens,230,1776110245.542654,6310999.0,scalar
events.out.tfevents.1776098432.e18ce739cf4e.13621.0,train/num_tokens,235,1776110505.6806388,6448197.0,scalar
events.out.tfevents.1776098432.e18ce739cf4e.13621.0,train/num_tokens,240,1776110750.9555585,6585381.0,scalar
events.out.tfevents.1776098432.e18ce739cf4e.13621.0,train/num_tokens,245,1776111014.8875074,6722573.0,scalar
events.out.tfevents.1776098432.e18ce739cf4e.13621.0,train/num_tokens,250,1776111247.8319209,6859758.0,scalar
events.out.tfevents.1776098432.e18ce739cf4e.13621.0,train/num_tokens,255,1776111505.80848,6996954.0,scalar
events.out.tfevents.1776098432.e18ce739cf4e.13621.0,train/num_tokens,260,1776111748.7425404,7134162.0,scalar
events.out.tfevents.1776098432.e18ce739cf4e.13621.0,train/num_tokens,265,1776112027.0639212,7271352.0,scalar
events.out.tfevents.1776098432.e18ce739cf4e.13621.0,train/num_tokens,270,1776112265.2240624,7408552.0,scalar
events.out.tfevents.1776098432.e18ce739cf4e.13621.0,train/num_tokens,275,1776112526.9699924,7545750.0,scalar
events.out.tfevents.1776098432.e18ce739cf4e.13621.0,train/num_tokens,280,1776112774.7303,7682953.0,scalar
events.out.tfevents.1776098432.e18ce739cf4e.13621.0,train/num_tokens,285,1776113039.7425213,7820155.0,scalar
events.out.tfevents.1776098432.e18ce739cf4e.13621.0,train/num_tokens,290,1776113277.3023655,7957347.0,scalar
events.out.tfevents.1776098432.e18ce739cf4e.13621.0,train/num_tokens,295,1776113549.583106,8094541.0,scalar
events.out.tfevents.1776098432.e18ce739cf4e.13621.0,train/num_tokens,300,1776113789.9376726,8231737.0,scalar
events.out.tfevents.1776098432.e18ce739cf4e.13621.0,train/num_tokens,305,1776114074.4597526,8368925.0,scalar
events.out.tfevents.1776098432.e18ce739cf4e.13621.0,train/num_tokens,310,1776114314.2219539,8506119.0,scalar
events.out.tfevents.1776098432.e18ce739cf4e.13621.0,train/num_tokens,315,1776114570.7455227,8643323.0,scalar
events.out.tfevents.1776098432.e18ce739cf4e.13621.0,train/num_tokens,320,1776114803.524159,8780516.0,scalar
events.out.tfevents.1776098432.e18ce739cf4e.13621.0,train/num_tokens,325,1776115058.3088684,8917716.0,scalar
events.out.tfevents.1776098432.e18ce739cf4e.13621.0,train/num_tokens,330,1776115287.8901408,9054915.0,scalar
events.out.tfevents.1776098432.e18ce739cf4e.13621.0,train/num_tokens,335,1776115550.185839,9192111.0,scalar
events.out.tfevents.1776098432.e18ce739cf4e.13621.0,train/num_tokens,340,1776115810.0745623,9329318.0,scalar
events.out.tfevents.1776098432.e18ce739cf4e.13621.0,train/num_tokens,345,1776116069.7717068,9466515.0,scalar
events.out.tfevents.1776098432.e18ce739cf4e.13621.0,train/num_tokens,350,1776116304.8311553,9603713.0,scalar
events.out.tfevents.1776098432.e18ce739cf4e.13621.0,train/num_tokens,355,1776116601.7208905,9740912.0,scalar
events.out.tfevents.1776098432.e18ce739cf4e.13621.0,train/num_tokens,360,1776116839.707128,9878090.0,scalar
events.out.tfevents.1776098432.e18ce739cf4e.13621.0,train/num_tokens,365,1776117098.2825336,10015292.0,scalar
events.out.tfevents.1776098432.e18ce739cf4e.13621.0,train/num_tokens,370,1776117342.4173691,10152493.0,scalar
events.out.tfevents.1776098432.e18ce739cf4e.13621.0,train/num_tokens,375,1776117607.0774276,10289691.0,scalar
events.out.tfevents.1776098432.e18ce739cf4e.13621.0,train/num_tokens,380,1776117838.631892,10426889.0,scalar
events.out.tfevents.1776098432.e18ce739cf4e.13621.0,train/num_tokens,385,1776118098.003658,10564089.0,scalar
events.out.tfevents.1776098432.e18ce739cf4e.13621.0,train/num_tokens,390,1776118324.5020618,10701282.0,scalar
events.out.tfevents.1776098432.e18ce739cf4e.13621.0,train/num_tokens,395,1776118606.1825953,10838475.0,scalar
events.out.tfevents.1776098432.e18ce739cf4e.13621.0,train/num_tokens,400,1776118838.1744635,10975661.0,scalar
events.out.tfevents.1776098432.e18ce739cf4e.13621.0,train/num_tokens,405,1776119121.4834957,11112865.0,scalar
events.out.tfevents.1776098432.e18ce739cf4e.13621.0,train/num_tokens,410,1776119354.9388804,11250069.0,scalar
events.out.tfevents.1776098432.e18ce739cf4e.13621.0,train/num_tokens,415,1776119602.7567034,11387269.0,scalar
events.out.tfevents.1776098432.e18ce739cf4e.13621.0,train/num_tokens,420,1776119836.6527689,11524459.0,scalar
events.out.tfevents.1776098432.e18ce739cf4e.13621.0,train/num_tokens,425,1776120091.1022987,11661656.0,scalar
events.out.tfevents.1776098432.e18ce739cf4e.13621.0,train/num_tokens,430,1776120321.0868351,11798859.0,scalar
events.out.tfevents.1776098432.e18ce739cf4e.13621.0,train/num_tokens,435,1776120585.1815588,11936055.0,scalar
events.out.tfevents.1776098432.e18ce739cf4e.13621.0,train/num_tokens,440,1776120813.4808729,12073261.0,scalar
events.out.tfevents.1776098432.e18ce739cf4e.13621.0,train/num_tokens,445,1776121079.8426418,12210460.0,scalar
events.out.tfevents.1776098432.e18ce739cf4e.13621.0,train/num_tokens,450,1776121326.6897094,12347659.0,scalar
events.out.tfevents.1776098432.e18ce739cf4e.13621.0,train/num_tokens,455,1776121632.241851,12484836.0,scalar
events.out.tfevents.1776098432.e18ce739cf4e.13621.0,train/num_tokens,460,1776121868.031824,12622033.0,scalar
events.out.tfevents.1776098432.e18ce739cf4e.13621.0,train/num_tokens,465,1776122156.6492095,12759231.0,scalar
events.out.tfevents.1776098432.e18ce739cf4e.13621.0,train/num_tokens,470,1776122397.5065417,12896426.0,scalar
events.out.tfevents.1776098432.e18ce739cf4e.13621.0,train/num_tokens,475,1776122674.3629515,13033618.0,scalar
events.out.tfevents.1776098432.e18ce739cf4e.13621.0,train/num_tokens,480,1776122907.677893,13170810.0,scalar
events.out.tfevents.1776098432.e18ce739cf4e.13621.0,train/num_tokens,485,1776123164.189677,13308003.0,scalar
events.out.tfevents.1776098432.e18ce739cf4e.13621.0,train/num_tokens,490,1776123404.4827888,13445208.0,scalar
events.out.tfevents.1776098432.e18ce739cf4e.13621.0,train/num_tokens,495,1776123661.704754,13582407.0,scalar
events.out.tfevents.1776098432.e18ce739cf4e.13621.0,train/num_tokens,500,1776123916.9321544,13719601.0,scalar
events.out.tfevents.1776098432.e18ce739cf4e.13621.0,train/num_tokens,505,1776124167.4651232,13856795.0,scalar
events.out.tfevents.1776098432.e18ce739cf4e.13621.0,train/num_tokens,510,1776124412.7522485,13993994.0,scalar
events.out.tfevents.1776098432.e18ce739cf4e.13621.0,train/num_tokens,515,1776124683.3616116,14131189.0,scalar
events.out.tfevents.1776098432.e18ce739cf4e.13621.0,train/num_tokens,520,1776124924.54938,14247807.0,scalar
events.out.tfevents.1776098432.e18ce739cf4e.13621.0,train/num_tokens,525,1776125191.8497212,14385006.0,scalar
events.out.tfevents.1776098432.e18ce739cf4e.13621.0,train/num_tokens,530,1776125433.560778,14522196.0,scalar
events.out.tfevents.1776098432.e18ce739cf4e.13621.0,train/num_tokens,535,1776125704.6266243,14659393.0,scalar
events.out.tfevents.1776098432.e18ce739cf4e.13621.0,train/num_tokens,540,1776125941.3829045,14796589.0,scalar
events.out.tfevents.1776098432.e18ce739cf4e.13621.0,train/num_tokens,545,1776126219.6835427,14933773.0,scalar
events.out.tfevents.1776098432.e18ce739cf4e.13621.0,train/num_tokens,550,1776126466.9733021,15070971.0,scalar
events.out.tfevents.1776098432.e18ce739cf4e.13621.0,train/num_tokens,555,1776126731.0251248,15208164.0,scalar
events.out.tfevents.1776098432.e18ce739cf4e.13621.0,train/num_tokens,560,1776126993.64062,15345363.0,scalar
events.out.tfevents.1776098432.e18ce739cf4e.13621.0,train/num_tokens,565,1776127252.3978353,15482557.0,scalar
events.out.tfevents.1776098432.e18ce739cf4e.13621.0,train/num_tokens,570,1776127477.1599672,15619740.0,scalar
events.out.tfevents.1776098432.e18ce739cf4e.13621.0,train/num_tokens,575,1776127745.8513134,15756941.0,scalar
events.out.tfevents.1776098432.e18ce739cf4e.13621.0,train/num_tokens,580,1776127988.9802325,15894142.0,scalar
events.out.tfevents.1776098432.e18ce739cf4e.13621.0,train/num_tokens,585,1776128245.1673987,16031327.0,scalar
events.out.tfevents.1776098432.e18ce739cf4e.13621.0,train/num_tokens,590,1776128481.8414562,16168518.0,scalar
events.out.tfevents.1776098432.e18ce739cf4e.13621.0,train/num_tokens,595,1776128746.972317,16305714.0,scalar
events.out.tfevents.1776098432.e18ce739cf4e.13621.0,train/num_tokens,600,1776128987.617946,16442926.0,scalar
events.out.tfevents.1776098432.e18ce739cf4e.13621.0,train/num_tokens,605,1776129264.3303468,16580114.0,scalar
events.out.tfevents.1776098432.e18ce739cf4e.13621.0,train/num_tokens,610,1776129512.2969658,16717312.0,scalar
events.out.tfevents.1776098432.e18ce739cf4e.13621.0,train/num_tokens,615,1776129795.6771126,16854510.0,scalar
events.out.tfevents.1776098432.e18ce739cf4e.13621.0,train/num_tokens,620,1776130044.299306,16991710.0,scalar
events.out.tfevents.1776098432.e18ce739cf4e.13621.0,train/num_tokens,625,1776130301.7018268,17128900.0,scalar
events.out.tfevents.1776098432.e18ce739cf4e.13621.0,train/num_tokens,630,1776130550.048662,17266094.0,scalar
events.out.tfevents.1776098432.e18ce739cf4e.13621.0,train/num_tokens,635,1776130805.227792,17403304.0,scalar
events.out.tfevents.1776098432.e18ce739cf4e.13621.0,train/num_tokens,640,1776131053.7156773,17540496.0,scalar
events.out.tfevents.1776098432.e18ce739cf4e.13621.0,train/num_tokens,645,1776131311.0038364,17677692.0,scalar
events.out.tfevents.1776098432.e18ce739cf4e.13621.0,train/num_tokens,650,1776131554.3337662,17814892.0,scalar
events.out.tfevents.1776098432.e18ce739cf4e.13621.0,train/num_tokens,655,1776131816.285768,17952084.0,scalar
events.out.tfevents.1776098432.e18ce739cf4e.13621.0,train/num_tokens,660,1776132064.9201188,18089280.0,scalar
events.out.tfevents.1776098432.e18ce739cf4e.13621.0,train/num_tokens,665,1776132313.3747203,18226492.0,scalar
events.out.tfevents.1776098432.e18ce739cf4e.13621.0,train/num_tokens,670,1776132553.148794,18363692.0,scalar
events.out.tfevents.1776098432.e18ce739cf4e.13621.0,train/num_tokens,675,1776132802.6413596,18500886.0,scalar
events.out.tfevents.1776098432.e18ce739cf4e.13621.0,train/num_tokens,680,1776133045.8845317,18638088.0,scalar
events.out.tfevents.1776098432.e18ce739cf4e.13621.0,train/num_tokens,685,1776133317.1081295,18775280.0,scalar
events.out.tfevents.1776098432.e18ce739cf4e.13621.0,train/num_tokens,690,1776133548.5070817,18912476.0,scalar
events.out.tfevents.1776098432.e18ce739cf4e.13621.0,train/num_tokens,695,1776133821.2743213,19049664.0,scalar
events.out.tfevents.1776098432.e18ce739cf4e.13621.0,train/num_tokens,700,1776134066.1919506,19186864.0,scalar
events.out.tfevents.1776098432.e18ce739cf4e.13621.0,train/num_tokens,705,1776134363.837587,19324068.0,scalar
events.out.tfevents.1776098432.e18ce739cf4e.13621.0,train/num_tokens,710,1776134608.813996,19461260.0,scalar
events.out.tfevents.1776098432.e18ce739cf4e.13621.0,train/num_tokens,715,1776134866.8530335,19598444.0,scalar
events.out.tfevents.1776098432.e18ce739cf4e.13621.0,train/num_tokens,720,1776135106.8144245,19735640.0,scalar
events.out.tfevents.1776098432.e18ce739cf4e.13621.0,train/num_tokens,725,1776135363.0063531,19872840.0,scalar
events.out.tfevents.1776098432.e18ce739cf4e.13621.0,train/num_tokens,730,1776135589.280183,20010044.0,scalar
events.out.tfevents.1776098432.e18ce739cf4e.13621.0,train/num_tokens,735,1776135862.8364787,20147240.0,scalar
events.out.tfevents.1776098432.e18ce739cf4e.13621.0,train/num_tokens,740,1776136101.1614976,20284432.0,scalar
events.out.tfevents.1776098432.e18ce739cf4e.13621.0,train/num_tokens,745,1776136363.3703966,20421628.0,scalar
events.out.tfevents.1776098432.e18ce739cf4e.13621.0,train/num_tokens,750,1776136602.2884643,20558832.0,scalar
events.out.tfevents.1776098432.e18ce739cf4e.13621.0,train/num_tokens,755,1776136866.7714298,20696034.0,scalar
events.out.tfevents.1776098432.e18ce739cf4e.13621.0,train/num_tokens,760,1776137110.4147546,20833224.0,scalar
events.out.tfevents.1776098432.e18ce739cf4e.13621.0,train/num_tokens,765,1776137378.4381385,20970424.0,scalar
events.out.tfevents.1776098432.e18ce739cf4e.13621.0,train/num_tokens,770,1776137609.8666599,21107604.0,scalar
events.out.tfevents.1776098432.e18ce739cf4e.13621.0,train/num_tokens,775,1776137866.0917718,21244796.0,scalar
events.out.tfevents.1776098432.e18ce739cf4e.13621.0,train/num_tokens,780,1776138144.5913525,21381992.0,scalar
events.out.tfevents.1776098432.e18ce739cf4e.13621.0,train/num_tokens,785,1776138415.4375076,21519184.0,scalar
events.out.tfevents.1776098432.e18ce739cf4e.13621.0,train/num_tokens,790,1776138646.6394465,21656368.0,scalar
events.out.tfevents.1776098432.e18ce739cf4e.13621.0,train/num_tokens,795,1776138906.8814728,21793556.0,scalar
events.out.tfevents.1776098432.e18ce739cf4e.13621.0,train/num_tokens,800,1776139137.1349037,21930752.0,scalar
events.out.tfevents.1776098432.e18ce739cf4e.13621.0,train/num_tokens,805,1776139423.389523,22067952.0,scalar
events.out.tfevents.1776098432.e18ce739cf4e.13621.0,train/num_tokens,810,1776139661.6681664,22205148.0,scalar
events.out.tfevents.1776098432.e18ce739cf4e.13621.0,train/num_tokens,815,1776139909.53222,22342346.0,scalar
events.out.tfevents.1776098432.e18ce739cf4e.13621.0,train/num_tokens,820,1776140170.2861662,22479534.0,scalar
events.out.tfevents.1776098432.e18ce739cf4e.13621.0,train/num_tokens,825,1776140432.6946983,22616736.0,scalar
events.out.tfevents.1776098432.e18ce739cf4e.13621.0,train/num_tokens,830,1776140683.8493638,22753940.0,scalar
events.out.tfevents.1776098432.e18ce739cf4e.13621.0,train/num_tokens,835,1776140981.3867404,22891134.0,scalar
events.out.tfevents.1776098432.e18ce739cf4e.13621.0,train/num_tokens,840,1776141228.3917475,23028316.0,scalar
events.out.tfevents.1776098432.e18ce739cf4e.13621.0,train/num_tokens,845,1776141497.9588573,23165512.0,scalar
events.out.tfevents.1776098432.e18ce739cf4e.13621.0,train/num_tokens,850,1776141726.2403355,23302708.0,scalar
events.out.tfevents.1776098432.e18ce739cf4e.13621.0,train/num_tokens,855,1776142047.538479,23439914.0,scalar
events.out.tfevents.1776098432.e18ce739cf4e.13621.0,train/num_tokens,860,1776142277.7187262,23577118.0,scalar
events.out.tfevents.1776098432.e18ce739cf4e.13621.0,train/num_tokens,865,1776142534.0721996,23714312.0,scalar
events.out.tfevents.1776098432.e18ce739cf4e.13621.0,train/num_tokens,870,1776142757.8649871,23851510.0,scalar
events.out.tfevents.1776098432.e18ce739cf4e.13621.0,train/num_tokens,875,1776143009.5390236,23988704.0,scalar
events.out.tfevents.1776098432.e18ce739cf4e.13621.0,train/num_tokens,880,1776143250.91253,24125896.0,scalar
events.out.tfevents.1776098432.e18ce739cf4e.13621.0,train/num_tokens,885,1776143534.6168447,24263104.0,scalar
events.out.tfevents.1776098432.e18ce739cf4e.13621.0,train/num_tokens,890,1776143786.2937534,24400300.0,scalar
events.out.tfevents.1776098432.e18ce739cf4e.13621.0,train/num_tokens,895,1776144055.0223696,24537512.0,scalar
events.out.tfevents.1776098432.e18ce739cf4e.13621.0,train/num_tokens,900,1776144296.2501438,24674712.0,scalar
events.out.tfevents.1776098432.e18ce739cf4e.13621.0,train/num_tokens,905,1776144567.8132892,24811900.0,scalar
events.out.tfevents.1776098432.e18ce739cf4e.13621.0,train/num_tokens,910,1776144810.2605822,24949088.0,scalar
events.out.tfevents.1776098432.e18ce739cf4e.13621.0,train/num_tokens,915,1776145078.9345508,25086284.0,scalar
events.out.tfevents.1776098432.e18ce739cf4e.13621.0,train/num_tokens,920,1776145330.6675231,25223484.0,scalar
events.out.tfevents.1776098432.e18ce739cf4e.13621.0,train/num_tokens,925,1776145591.85786,25360662.0,scalar
events.out.tfevents.1776098432.e18ce739cf4e.13621.0,train/num_tokens,930,1776145834.4793937,25497856.0,scalar
events.out.tfevents.1776098432.e18ce739cf4e.13621.0,train/num_tokens,935,1776146105.11026,25635052.0,scalar
events.out.tfevents.1776098432.e18ce739cf4e.13621.0,train/num_tokens,940,1776146351.5741894,25772264.0,scalar
events.out.tfevents.1776098432.e18ce739cf4e.13621.0,train/num_tokens,945,1776146630.1905894,25909460.0,scalar
events.out.tfevents.1776098432.e18ce739cf4e.13621.0,train/num_tokens,950,1776146885.1190152,26046656.0,scalar
events.out.tfevents.1776098432.e18ce739cf4e.13621.0,train/num_tokens,955,1776147148.4881759,26183856.0,scalar
events.out.tfevents.1776098432.e18ce739cf4e.13621.0,train/num_tokens,960,1776147370.8626037,26321048.0,scalar
events.out.tfevents.1776098432.e18ce739cf4e.13621.0,train/num_tokens,965,1776147632.7344375,26458248.0,scalar
events.out.tfevents.1776098432.e18ce739cf4e.13621.0,train/num_tokens,970,1776147891.2215304,26595438.0,scalar
events.out.tfevents.1776098432.e18ce739cf4e.13621.0,train/num_tokens,975,1776148156.2640185,26732632.0,scalar
events.out.tfevents.1776098432.e18ce739cf4e.13621.0,train/num_tokens,980,1776148387.0092287,26869812.0,scalar
events.out.tfevents.1776098432.e18ce739cf4e.13621.0,train/num_tokens,985,1776148660.282211,27007008.0,scalar
events.out.tfevents.1776098432.e18ce739cf4e.13621.0,train/num_tokens,990,1776148893.7312174,27144200.0,scalar
events.out.tfevents.1776098432.e18ce739cf4e.13621.0,train/num_tokens,995,1776149142.9776852,27281400.0,scalar
events.out.tfevents.1776098432.e18ce739cf4e.13621.0,train/num_tokens,1000,1776149384.508011,27418604.0,scalar
events.out.tfevents.1776098432.e18ce739cf4e.13621.0,train/num_tokens,1005,1776149649.4327075,27555796.0,scalar
events.out.tfevents.1776098432.e18ce739cf4e.13621.0,train/num_tokens,1010,1776149887.8395467,27692984.0,scalar
events.out.tfevents.1776098432.e18ce739cf4e.13621.0,train/num_tokens,1015,1776150155.7892528,27830186.0,scalar
events.out.tfevents.1776098432.e18ce739cf4e.13621.0,train/num_tokens,1020,1776150412.5559187,27967390.0,scalar
events.out.tfevents.1776098432.e18ce739cf4e.13621.0,train/num_tokens,1025,1776150676.42558,28104596.0,scalar
events.out.tfevents.1776098432.e18ce739cf4e.13621.0,train/num_tokens,1030,1776150928.7014272,28241790.0,scalar
events.out.tfevents.1776098432.e18ce739cf4e.13621.0,train/num_tokens,1035,1776151202.2464743,28358410.0,scalar
events.out.tfevents.1776098432.e18ce739cf4e.13621.0,train/num_tokens,1040,1776151455.6172838,28495608.0,scalar
events.out.tfevents.1776098432.e18ce739cf4e.13621.0,train/num_tokens,1045,1776151716.5728915,28632798.0,scalar
events.out.tfevents.1776098432.e18ce739cf4e.13621.0,train/num_tokens,1050,1776151964.6633368,28769992.0,scalar
events.out.tfevents.1776098432.e18ce739cf4e.13621.0,train/num_tokens,1055,1776152233.0591877,28907186.0,scalar
events.out.tfevents.1776098432.e18ce739cf4e.13621.0,train/num_tokens,1060,1776152458.3635101,29044376.0,scalar
events.out.tfevents.1776098432.e18ce739cf4e.13621.0,train/num_tokens,1065,1776152757.5264907,29181564.0,scalar
events.out.tfevents.1776098432.e18ce739cf4e.13621.0,train/num_tokens,1070,1776152994.0769098,29318756.0,scalar
events.out.tfevents.1776098432.e18ce739cf4e.13621.0,train/num_tokens,1075,1776153248.23366,29455952.0,scalar
events.out.tfevents.1776098432.e18ce739cf4e.13621.0,train/num_tokens,1080,1776153488.2799463,29593148.0,scalar
events.out.tfevents.1776098432.e18ce739cf4e.13621.0,train/num_tokens,1085,1776153749.2182908,29730336.0,scalar
events.out.tfevents.1776098432.e18ce739cf4e.13621.0,train/num_tokens,1090,1776154001.8401418,29867540.0,scalar
events.out.tfevents.1776098432.e18ce739cf4e.13621.0,train/num_tokens,1095,1776154274.3238988,30004740.0,scalar
events.out.tfevents.1776098432.e18ce739cf4e.13621.0,train/num_tokens,1100,1776154519.107609,30141930.0,scalar
events.out.tfevents.1776098432.e18ce739cf4e.13621.0,train/num_tokens,1105,1776154782.4195693,30279118.0,scalar
events.out.tfevents.1776098432.e18ce739cf4e.13621.0,train/num_tokens,1110,1776155020.7342002,30416308.0,scalar
events.out.tfevents.1776098432.e18ce739cf4e.13621.0,train/num_tokens,1115,1776155308.24008,30553504.0,scalar
events.out.tfevents.1776098432.e18ce739cf4e.13621.0,train/num_tokens,1120,1776155572.7082114,30690702.0,scalar
events.out.tfevents.1776098432.e18ce739cf4e.13621.0,train/num_tokens,1125,1776155837.352856,30827896.0,scalar
events.out.tfevents.1776098432.e18ce739cf4e.13621.0,train/num_tokens,1130,1776156080.476557,30965100.0,scalar
events.out.tfevents.1776098432.e18ce739cf4e.13621.0,train/num_tokens,1135,1776156355.6552079,31102294.0,scalar
events.out.tfevents.1776098432.e18ce739cf4e.13621.0,train/num_tokens,1140,1776156598.3887928,31239498.0,scalar
events.out.tfevents.1776098432.e18ce739cf4e.13621.0,train/num_tokens,1145,1776156861.6673539,31376696.0,scalar
events.out.tfevents.1776098432.e18ce739cf4e.13621.0,train/num_tokens,1150,1776157103.2936194,31513892.0,scalar
events.out.tfevents.1776098432.e18ce739cf4e.13621.0,train/num_tokens,1155,1776157365.2144656,31651084.0,scalar
events.out.tfevents.1776098432.e18ce739cf4e.13621.0,train/num_tokens,1160,1776157621.1113863,31788282.0,scalar
events.out.tfevents.1776098432.e18ce739cf4e.13621.0,train/num_tokens,1165,1776157876.2592163,31925474.0,scalar
events.out.tfevents.1776098432.e18ce739cf4e.13621.0,train/num_tokens,1170,1776158111.315885,32062664.0,scalar
events.out.tfevents.1776098432.e18ce739cf4e.13621.0,train/mean_token_accuracy,5,1776098684.0506032,0.6290434002876282,scalar
events.out.tfevents.1776098432.e18ce739cf4e.13621.0,train/mean_token_accuracy,10,1776098923.6901312,0.6290879249572754,scalar
events.out.tfevents.1776098432.e18ce739cf4e.13621.0,train/mean_token_accuracy,15,1776099184.925904,0.6424149870872498,scalar
events.out.tfevents.1776098432.e18ce739cf4e.13621.0,train/mean_token_accuracy,20,1776099414.7565072,0.675198495388031,scalar
events.out.tfevents.1776098432.e18ce739cf4e.13621.0,train/mean_token_accuracy,25,1776099699.9860435,0.7440816164016724,scalar
events.out.tfevents.1776098432.e18ce739cf4e.13621.0,train/mean_token_accuracy,30,1776099954.7652268,0.8070778250694275,scalar
events.out.tfevents.1776098432.e18ce739cf4e.13621.0,train/mean_token_accuracy,35,1776100251.2153046,0.8473188281059265,scalar
events.out.tfevents.1776098432.e18ce739cf4e.13621.0,train/mean_token_accuracy,40,1776100493.0025346,0.8623966574668884,scalar
events.out.tfevents.1776098432.e18ce739cf4e.13621.0,train/mean_token_accuracy,45,1776100775.8368585,0.8690854907035828,scalar
events.out.tfevents.1776098432.e18ce739cf4e.13621.0,train/mean_token_accuracy,50,1776101006.9145818,0.8736288547515869,scalar
events.out.tfevents.1776098432.e18ce739cf4e.13621.0,train/mean_token_accuracy,55,1776101286.088814,0.8777927756309509,scalar
events.out.tfevents.1776098432.e18ce739cf4e.13621.0,train/mean_token_accuracy,60,1776101527.670154,0.8797407746315002,scalar
events.out.tfevents.1776098432.e18ce739cf4e.13621.0,train/mean_token_accuracy,65,1776101785.529397,0.8818025588989258,scalar
events.out.tfevents.1776098432.e18ce739cf4e.13621.0,train/mean_token_accuracy,70,1776102024.0902672,0.8831276893615723,scalar
events.out.tfevents.1776098432.e18ce739cf4e.13621.0,train/mean_token_accuracy,75,1776102311.5175512,0.885204017162323,scalar
events.out.tfevents.1776098432.e18ce739cf4e.13621.0,train/mean_token_accuracy,80,1776102562.6898751,0.8848720192909241,scalar
events.out.tfevents.1776098432.e18ce739cf4e.13621.0,train/mean_token_accuracy,85,1776102827.107726,0.8906054496765137,scalar
events.out.tfevents.1776098432.e18ce739cf4e.13621.0,train/mean_token_accuracy,90,1776103084.8205185,0.8890609741210938,scalar
events.out.tfevents.1776098432.e18ce739cf4e.13621.0,train/mean_token_accuracy,95,1776103339.1537344,0.8902565836906433,scalar
events.out.tfevents.1776098432.e18ce739cf4e.13621.0,train/mean_token_accuracy,100,1776103579.743696,0.8918414115905762,scalar
events.out.tfevents.1776098432.e18ce739cf4e.13621.0,train/mean_token_accuracy,105,1776103858.9681685,0.8934994339942932,scalar
events.out.tfevents.1776098432.e18ce739cf4e.13621.0,train/mean_token_accuracy,110,1776104090.2693217,0.893159031867981,scalar
events.out.tfevents.1776098432.e18ce739cf4e.13621.0,train/mean_token_accuracy,115,1776104407.486522,0.8940402269363403,scalar
events.out.tfevents.1776098432.e18ce739cf4e.13621.0,train/mean_token_accuracy,120,1776104650.7270443,0.8937944173812866,scalar
events.out.tfevents.1776098432.e18ce739cf4e.13621.0,train/mean_token_accuracy,125,1776104968.9245126,0.8962449431419373,scalar
events.out.tfevents.1776098432.e18ce739cf4e.13621.0,train/mean_token_accuracy,130,1776105207.1050785,0.8949076533317566,scalar
events.out.tfevents.1776098432.e18ce739cf4e.13621.0,train/mean_token_accuracy,135,1776105478.298199,0.8954359889030457,scalar
events.out.tfevents.1776098432.e18ce739cf4e.13621.0,train/mean_token_accuracy,140,1776105700.7650995,0.895548939704895,scalar
events.out.tfevents.1776098432.e18ce739cf4e.13621.0,train/mean_token_accuracy,145,1776105997.060616,0.9010617136955261,scalar
events.out.tfevents.1776098432.e18ce739cf4e.13621.0,train/mean_token_accuracy,150,1776106239.495794,0.8960157036781311,scalar
events.out.tfevents.1776098432.e18ce739cf4e.13621.0,train/mean_token_accuracy,155,1776106496.823395,0.898561418056488,scalar
events.out.tfevents.1776098432.e18ce739cf4e.13621.0,train/mean_token_accuracy,160,1776106736.4975796,0.8996380567550659,scalar
events.out.tfevents.1776098432.e18ce739cf4e.13621.0,train/mean_token_accuracy,165,1776106991.3184905,0.8984758257865906,scalar
events.out.tfevents.1776098432.e18ce739cf4e.13621.0,train/mean_token_accuracy,170,1776107222.5135474,0.9014548659324646,scalar
events.out.tfevents.1776098432.e18ce739cf4e.13621.0,train/mean_token_accuracy,175,1776107481.0360708,0.9007675647735596,scalar
events.out.tfevents.1776098432.e18ce739cf4e.13621.0,train/mean_token_accuracy,180,1776107725.2844713,0.9002106785774231,scalar
events.out.tfevents.1776098432.e18ce739cf4e.13621.0,train/mean_token_accuracy,185,1776107995.1413472,0.8991879224777222,scalar
events.out.tfevents.1776098432.e18ce739cf4e.13621.0,train/mean_token_accuracy,190,1776108219.684001,0.9035062193870544,scalar
events.out.tfevents.1776098432.e18ce739cf4e.13621.0,train/mean_token_accuracy,195,1776108479.6312373,0.9023115038871765,scalar
events.out.tfevents.1776098432.e18ce739cf4e.13621.0,train/mean_token_accuracy,200,1776108713.404223,0.9002397656440735,scalar
events.out.tfevents.1776098432.e18ce739cf4e.13621.0,train/mean_token_accuracy,205,1776109006.4466705,0.8995763659477234,scalar
events.out.tfevents.1776098432.e18ce739cf4e.13621.0,train/mean_token_accuracy,210,1776109244.3096616,0.9034783840179443,scalar
events.out.tfevents.1776098432.e18ce739cf4e.13621.0,train/mean_token_accuracy,215,1776109509.8542793,0.9017960429191589,scalar
events.out.tfevents.1776098432.e18ce739cf4e.13621.0,train/mean_token_accuracy,220,1776109746.7020597,0.9022138118743896,scalar
events.out.tfevents.1776098432.e18ce739cf4e.13621.0,train/mean_token_accuracy,225,1776110012.2332237,0.9023472666740417,scalar
events.out.tfevents.1776098432.e18ce739cf4e.13621.0,train/mean_token_accuracy,230,1776110245.5426655,0.9004158973693848,scalar
events.out.tfevents.1776098432.e18ce739cf4e.13621.0,train/mean_token_accuracy,235,1776110505.6806498,0.9009872674942017,scalar
events.out.tfevents.1776098432.e18ce739cf4e.13621.0,train/mean_token_accuracy,240,1776110750.9555697,0.9002854228019714,scalar
events.out.tfevents.1776098432.e18ce739cf4e.13621.0,train/mean_token_accuracy,245,1776111014.8875182,0.9015346169471741,scalar
events.out.tfevents.1776098432.e18ce739cf4e.13621.0,train/mean_token_accuracy,250,1776111247.831932,0.9016719460487366,scalar
events.out.tfevents.1776098432.e18ce739cf4e.13621.0,train/mean_token_accuracy,255,1776111505.808491,0.9022971391677856,scalar
events.out.tfevents.1776098432.e18ce739cf4e.13621.0,train/mean_token_accuracy,260,1776111748.742551,0.9032806158065796,scalar
events.out.tfevents.1776098432.e18ce739cf4e.13621.0,train/mean_token_accuracy,265,1776112027.0639317,0.901405930519104,scalar
events.out.tfevents.1776098432.e18ce739cf4e.13621.0,train/mean_token_accuracy,270,1776112265.2240736,0.9011250734329224,scalar
events.out.tfevents.1776098432.e18ce739cf4e.13621.0,train/mean_token_accuracy,275,1776112526.970003,0.9027379155158997,scalar
events.out.tfevents.1776098432.e18ce739cf4e.13621.0,train/mean_token_accuracy,280,1776112774.730311,0.9049636721611023,scalar
events.out.tfevents.1776098432.e18ce739cf4e.13621.0,train/mean_token_accuracy,285,1776113039.7425325,0.9037542343139648,scalar
events.out.tfevents.1776098432.e18ce739cf4e.13621.0,train/mean_token_accuracy,290,1776113277.302379,0.8998551964759827,scalar
events.out.tfevents.1776098432.e18ce739cf4e.13621.0,train/mean_token_accuracy,295,1776113549.5831168,0.9026928544044495,scalar
events.out.tfevents.1776098432.e18ce739cf4e.13621.0,train/mean_token_accuracy,300,1776113789.9376843,0.9052042365074158,scalar
events.out.tfevents.1776098432.e18ce739cf4e.13621.0,train/mean_token_accuracy,305,1776114074.4597638,0.9035940170288086,scalar
events.out.tfevents.1776098432.e18ce739cf4e.13621.0,train/mean_token_accuracy,310,1776114314.2219648,0.9002945423126221,scalar
events.out.tfevents.1776098432.e18ce739cf4e.13621.0,train/mean_token_accuracy,315,1776114570.7455337,0.9037152528762817,scalar
events.out.tfevents.1776098432.e18ce739cf4e.13621.0,train/mean_token_accuracy,320,1776114803.52417,0.9042758345603943,scalar
events.out.tfevents.1776098432.e18ce739cf4e.13621.0,train/mean_token_accuracy,325,1776115058.3088791,0.904815673828125,scalar
events.out.tfevents.1776098432.e18ce739cf4e.13621.0,train/mean_token_accuracy,330,1776115287.8901517,0.9025518298149109,scalar
events.out.tfevents.1776098432.e18ce739cf4e.13621.0,train/mean_token_accuracy,335,1776115550.1858501,0.9028316140174866,scalar
events.out.tfevents.1776098432.e18ce739cf4e.13621.0,train/mean_token_accuracy,340,1776115810.0745795,0.9031224250793457,scalar
events.out.tfevents.1776098432.e18ce739cf4e.13621.0,train/mean_token_accuracy,345,1776116069.7717173,0.9035194516181946,scalar
events.out.tfevents.1776098432.e18ce739cf4e.13621.0,train/mean_token_accuracy,350,1776116304.8311665,0.9070640206336975,scalar
events.out.tfevents.1776098432.e18ce739cf4e.13621.0,train/mean_token_accuracy,355,1776116601.7209017,0.9041586518287659,scalar
events.out.tfevents.1776098432.e18ce739cf4e.13621.0,train/mean_token_accuracy,360,1776116839.7071407,0.904732346534729,scalar
events.out.tfevents.1776098432.e18ce739cf4e.13621.0,train/mean_token_accuracy,365,1776117098.2825444,0.9041708707809448,scalar
events.out.tfevents.1776098432.e18ce739cf4e.13621.0,train/mean_token_accuracy,370,1776117342.4173803,0.9036915302276611,scalar
events.out.tfevents.1776098432.e18ce739cf4e.13621.0,train/mean_token_accuracy,375,1776117607.0774379,0.9060430526733398,scalar
events.out.tfevents.1776098432.e18ce739cf4e.13621.0,train/mean_token_accuracy,380,1776117838.6319036,0.9047927260398865,scalar
events.out.tfevents.1776098432.e18ce739cf4e.13621.0,train/mean_token_accuracy,385,1776118098.0036683,0.9043776392936707,scalar
events.out.tfevents.1776098432.e18ce739cf4e.13621.0,train/mean_token_accuracy,390,1776118324.502073,0.9054538607597351,scalar
events.out.tfevents.1776098432.e18ce739cf4e.13621.0,train/mean_token_accuracy,395,1776118606.182606,0.9054966568946838,scalar
events.out.tfevents.1776098432.e18ce739cf4e.13621.0,train/mean_token_accuracy,400,1776118838.1744738,0.9040818214416504,scalar
events.out.tfevents.1776098432.e18ce739cf4e.13621.0,train/mean_token_accuracy,405,1776119121.4835062,0.9057164788246155,scalar
events.out.tfevents.1776098432.e18ce739cf4e.13621.0,train/mean_token_accuracy,410,1776119354.938892,0.9044121503829956,scalar
events.out.tfevents.1776098432.e18ce739cf4e.13621.0,train/mean_token_accuracy,415,1776119602.7567146,0.9065032005310059,scalar
events.out.tfevents.1776098432.e18ce739cf4e.13621.0,train/mean_token_accuracy,420,1776119836.65278,0.9052647352218628,scalar
events.out.tfevents.1776098432.e18ce739cf4e.13621.0,train/mean_token_accuracy,425,1776120091.10231,0.9082207083702087,scalar
events.out.tfevents.1776098432.e18ce739cf4e.13621.0,train/mean_token_accuracy,430,1776120321.0868459,0.9046095609664917,scalar
events.out.tfevents.1776098432.e18ce739cf4e.13621.0,train/mean_token_accuracy,435,1776120585.1815705,0.903600811958313,scalar
events.out.tfevents.1776098432.e18ce739cf4e.13621.0,train/mean_token_accuracy,440,1776120813.4808848,0.9055296182632446,scalar
events.out.tfevents.1776098432.e18ce739cf4e.13621.0,train/mean_token_accuracy,445,1776121079.842652,0.90577232837677,scalar
events.out.tfevents.1776098432.e18ce739cf4e.13621.0,train/mean_token_accuracy,450,1776121326.6897206,0.9029979109764099,scalar
events.out.tfevents.1776098432.e18ce739cf4e.13621.0,train/mean_token_accuracy,455,1776121632.241862,0.9050834774971008,scalar
events.out.tfevents.1776098432.e18ce739cf4e.13621.0,train/mean_token_accuracy,460,1776121868.031835,0.9053336381912231,scalar
events.out.tfevents.1776098432.e18ce739cf4e.13621.0,train/mean_token_accuracy,465,1776122156.6492255,0.9073045253753662,scalar
events.out.tfevents.1776098432.e18ce739cf4e.13621.0,train/mean_token_accuracy,470,1776122397.5065525,0.906154215335846,scalar
events.out.tfevents.1776098432.e18ce739cf4e.13621.0,train/mean_token_accuracy,475,1776122674.3629627,0.9058713912963867,scalar
events.out.tfevents.1776098432.e18ce739cf4e.13621.0,train/mean_token_accuracy,480,1776122907.677907,0.9079667925834656,scalar
events.out.tfevents.1776098432.e18ce739cf4e.13621.0,train/mean_token_accuracy,485,1776123164.1896877,0.9071328639984131,scalar
events.out.tfevents.1776098432.e18ce739cf4e.13621.0,train/mean_token_accuracy,490,1776123404.4828002,0.9068220257759094,scalar
events.out.tfevents.1776098432.e18ce739cf4e.13621.0,train/mean_token_accuracy,495,1776123661.7047656,0.9067736268043518,scalar
events.out.tfevents.1776098432.e18ce739cf4e.13621.0,train/mean_token_accuracy,500,1776123916.932166,0.9072265625,scalar
events.out.tfevents.1776098432.e18ce739cf4e.13621.0,train/mean_token_accuracy,505,1776124167.4651363,0.9074547290802002,scalar
events.out.tfevents.1776098432.e18ce739cf4e.13621.0,train/mean_token_accuracy,510,1776124412.7522588,0.9066804051399231,scalar
events.out.tfevents.1776098432.e18ce739cf4e.13621.0,train/mean_token_accuracy,515,1776124683.3616245,0.9055072069168091,scalar
events.out.tfevents.1776098432.e18ce739cf4e.13621.0,train/mean_token_accuracy,520,1776124924.549391,0.9061319828033447,scalar
events.out.tfevents.1776098432.e18ce739cf4e.13621.0,train/mean_token_accuracy,525,1776125191.849732,0.9048862457275391,scalar
events.out.tfevents.1776098432.e18ce739cf4e.13621.0,train/mean_token_accuracy,530,1776125433.5607884,0.9078711867332458,scalar
events.out.tfevents.1776098432.e18ce739cf4e.13621.0,train/mean_token_accuracy,535,1776125704.6266358,0.9082300066947937,scalar
events.out.tfevents.1776098432.e18ce739cf4e.13621.0,train/mean_token_accuracy,540,1776125941.3829155,0.9051553010940552,scalar
events.out.tfevents.1776098432.e18ce739cf4e.13621.0,train/mean_token_accuracy,545,1776126219.6835537,0.9072182178497314,scalar
events.out.tfevents.1776098432.e18ce739cf4e.13621.0,train/mean_token_accuracy,550,1776126466.9733126,0.9046045541763306,scalar
events.out.tfevents.1776098432.e18ce739cf4e.13621.0,train/mean_token_accuracy,555,1776126731.0251353,0.9086458683013916,scalar
events.out.tfevents.1776098432.e18ce739cf4e.13621.0,train/mean_token_accuracy,560,1776126993.64063,0.9090051054954529,scalar
events.out.tfevents.1776098432.e18ce739cf4e.13621.0,train/mean_token_accuracy,565,1776127252.397846,0.9094920754432678,scalar
events.out.tfevents.1776098432.e18ce739cf4e.13621.0,train/mean_token_accuracy,570,1776127477.159978,0.90779048204422,scalar
events.out.tfevents.1776098432.e18ce739cf4e.13621.0,train/mean_token_accuracy,575,1776127745.8513243,0.9095407724380493,scalar
events.out.tfevents.1776098432.e18ce739cf4e.13621.0,train/mean_token_accuracy,580,1776127988.9802432,0.9091840982437134,scalar
events.out.tfevents.1776098432.e18ce739cf4e.13621.0,train/mean_token_accuracy,585,1776128245.1674094,0.9074785709381104,scalar
events.out.tfevents.1776098432.e18ce739cf4e.13621.0,train/mean_token_accuracy,590,1776128481.8414667,0.9106221199035645,scalar
events.out.tfevents.1776098432.e18ce739cf4e.13621.0,train/mean_token_accuracy,595,1776128746.9723294,0.9101490378379822,scalar
events.out.tfevents.1776098432.e18ce739cf4e.13621.0,train/mean_token_accuracy,600,1776128987.6179566,0.9114565849304199,scalar
events.out.tfevents.1776098432.e18ce739cf4e.13621.0,train/mean_token_accuracy,605,1776129264.330358,0.9059386253356934,scalar
events.out.tfevents.1776098432.e18ce739cf4e.13621.0,train/mean_token_accuracy,610,1776129512.2969763,0.9094842076301575,scalar
events.out.tfevents.1776098432.e18ce739cf4e.13621.0,train/mean_token_accuracy,615,1776129795.6771238,0.909785270690918,scalar
events.out.tfevents.1776098432.e18ce739cf4e.13621.0,train/mean_token_accuracy,620,1776130044.2993162,0.9080262184143066,scalar
events.out.tfevents.1776098432.e18ce739cf4e.13621.0,train/mean_token_accuracy,625,1776130301.7018378,0.9073908925056458,scalar
events.out.tfevents.1776098432.e18ce739cf4e.13621.0,train/mean_token_accuracy,630,1776130550.0486727,0.9087613821029663,scalar
events.out.tfevents.1776098432.e18ce739cf4e.13621.0,train/mean_token_accuracy,635,1776130805.2278032,0.910921573638916,scalar
events.out.tfevents.1776098432.e18ce739cf4e.13621.0,train/mean_token_accuracy,640,1776131053.7156885,0.9094564914703369,scalar
events.out.tfevents.1776098432.e18ce739cf4e.13621.0,train/mean_token_accuracy,645,1776131311.0038476,0.9106176495552063,scalar
events.out.tfevents.1776098432.e18ce739cf4e.13621.0,train/mean_token_accuracy,650,1776131554.3337762,0.9081512093544006,scalar
events.out.tfevents.1776098432.e18ce739cf4e.13621.0,train/mean_token_accuracy,655,1776131816.2857783,0.9086077213287354,scalar
events.out.tfevents.1776098432.e18ce739cf4e.13621.0,train/mean_token_accuracy,660,1776132064.9201293,0.9071180820465088,scalar
events.out.tfevents.1776098432.e18ce739cf4e.13621.0,train/mean_token_accuracy,665,1776132313.3747313,0.9085798263549805,scalar
events.out.tfevents.1776098432.e18ce739cf4e.13621.0,train/mean_token_accuracy,670,1776132553.148805,0.9108813405036926,scalar
events.out.tfevents.1776098432.e18ce739cf4e.13621.0,train/mean_token_accuracy,675,1776132802.64137,0.9108660817146301,scalar
events.out.tfevents.1776098432.e18ce739cf4e.13621.0,train/mean_token_accuracy,680,1776133045.8845425,0.9107802510261536,scalar
events.out.tfevents.1776098432.e18ce739cf4e.13621.0,train/mean_token_accuracy,685,1776133317.1081402,0.9075698852539062,scalar
events.out.tfevents.1776098432.e18ce739cf4e.13621.0,train/mean_token_accuracy,690,1776133548.5071084,0.9077845811843872,scalar
events.out.tfevents.1776098432.e18ce739cf4e.13621.0,train/mean_token_accuracy,695,1776133821.2743328,0.9105565547943115,scalar
events.out.tfevents.1776098432.e18ce739cf4e.13621.0,train/mean_token_accuracy,700,1776134066.1919613,0.9094676971435547,scalar
events.out.tfevents.1776098432.e18ce739cf4e.13621.0,train/mean_token_accuracy,705,1776134363.8375976,0.9066122174263,scalar
events.out.tfevents.1776098432.e18ce739cf4e.13621.0,train/mean_token_accuracy,710,1776134608.8140066,0.9103740453720093,scalar
events.out.tfevents.1776098432.e18ce739cf4e.13621.0,train/mean_token_accuracy,715,1776134866.8530445,0.9095870852470398,scalar
events.out.tfevents.1776098432.e18ce739cf4e.13621.0,train/mean_token_accuracy,720,1776135106.8144355,0.9085365533828735,scalar
events.out.tfevents.1776098432.e18ce739cf4e.13621.0,train/mean_token_accuracy,725,1776135363.0063639,0.912018358707428,scalar
events.out.tfevents.1776098432.e18ce739cf4e.13621.0,train/mean_token_accuracy,730,1776135589.2801945,0.912022590637207,scalar
events.out.tfevents.1776098432.e18ce739cf4e.13621.0,train/mean_token_accuracy,735,1776135862.8364894,0.9120529294013977,scalar
events.out.tfevents.1776098432.e18ce739cf4e.13621.0,train/mean_token_accuracy,740,1776136101.1615088,0.910783588886261,scalar
events.out.tfevents.1776098432.e18ce739cf4e.13621.0,train/mean_token_accuracy,745,1776136363.3704073,0.908189594745636,scalar
events.out.tfevents.1776098432.e18ce739cf4e.13621.0,train/mean_token_accuracy,750,1776136602.288476,0.9123044013977051,scalar
events.out.tfevents.1776098432.e18ce739cf4e.13621.0,train/mean_token_accuracy,755,1776136866.7714407,0.9093945622444153,scalar
events.out.tfevents.1776098432.e18ce739cf4e.13621.0,train/mean_token_accuracy,760,1776137110.4147658,0.9104378819465637,scalar
events.out.tfevents.1776098432.e18ce739cf4e.13621.0,train/mean_token_accuracy,765,1776137378.4381495,0.9124335646629333,scalar
events.out.tfevents.1776098432.e18ce739cf4e.13621.0,train/mean_token_accuracy,770,1776137609.8666704,0.9096018671989441,scalar
events.out.tfevents.1776098432.e18ce739cf4e.13621.0,train/mean_token_accuracy,775,1776137866.0917833,0.9104689359664917,scalar
events.out.tfevents.1776098432.e18ce739cf4e.13621.0,train/mean_token_accuracy,780,1776138144.5913634,0.9134035706520081,scalar
events.out.tfevents.1776098432.e18ce739cf4e.13621.0,train/mean_token_accuracy,785,1776138415.4375184,0.9106155037879944,scalar
events.out.tfevents.1776098432.e18ce739cf4e.13621.0,train/mean_token_accuracy,790,1776138646.6394572,0.9084627032279968,scalar
events.out.tfevents.1776098432.e18ce739cf4e.13621.0,train/mean_token_accuracy,795,1776138906.881484,0.9087417125701904,scalar
events.out.tfevents.1776098432.e18ce739cf4e.13621.0,train/mean_token_accuracy,800,1776139137.1349144,0.9101402759552002,scalar
events.out.tfevents.1776098432.e18ce739cf4e.13621.0,train/mean_token_accuracy,805,1776139423.3895338,0.909058153629303,scalar
events.out.tfevents.1776098432.e18ce739cf4e.13621.0,train/mean_token_accuracy,810,1776139661.6681776,0.9097324013710022,scalar
events.out.tfevents.1776098432.e18ce739cf4e.13621.0,train/mean_token_accuracy,815,1776139909.5322306,0.9101916551589966,scalar
events.out.tfevents.1776098432.e18ce739cf4e.13621.0,train/mean_token_accuracy,820,1776140170.286178,0.91010981798172,scalar
events.out.tfevents.1776098432.e18ce739cf4e.13621.0,train/mean_token_accuracy,825,1776140432.694709,0.910580575466156,scalar
events.out.tfevents.1776098432.e18ce739cf4e.13621.0,train/mean_token_accuracy,830,1776140683.849375,0.9125751256942749,scalar
events.out.tfevents.1776098432.e18ce739cf4e.13621.0,train/mean_token_accuracy,835,1776140981.3867512,0.9096057415008545,scalar
events.out.tfevents.1776098432.e18ce739cf4e.13621.0,train/mean_token_accuracy,840,1776141228.3917584,0.9073097705841064,scalar
events.out.tfevents.1776098432.e18ce739cf4e.13621.0,train/mean_token_accuracy,845,1776141497.9588687,0.9105352163314819,scalar
events.out.tfevents.1776098432.e18ce739cf4e.13621.0,train/mean_token_accuracy,850,1776141726.2403462,0.9108774662017822,scalar
events.out.tfevents.1776098432.e18ce739cf4e.13621.0,train/mean_token_accuracy,855,1776142047.53849,0.9109119772911072,scalar
events.out.tfevents.1776098432.e18ce739cf4e.13621.0,train/mean_token_accuracy,860,1776142277.718737,0.9111068844795227,scalar
events.out.tfevents.1776098432.e18ce739cf4e.13621.0,train/mean_token_accuracy,865,1776142534.0722113,0.9102414846420288,scalar
events.out.tfevents.1776098432.e18ce739cf4e.13621.0,train/mean_token_accuracy,870,1776142757.8649979,0.9102768301963806,scalar
events.out.tfevents.1776098432.e18ce739cf4e.13621.0,train/mean_token_accuracy,875,1776143009.5390344,0.9109599590301514,scalar
events.out.tfevents.1776098432.e18ce739cf4e.13621.0,train/mean_token_accuracy,880,1776143250.9125412,0.9103135466575623,scalar
events.out.tfevents.1776098432.e18ce739cf4e.13621.0,train/mean_token_accuracy,885,1776143534.616856,0.9100549817085266,scalar
events.out.tfevents.1776098432.e18ce739cf4e.13621.0,train/mean_token_accuracy,890,1776143786.2937706,0.9115445613861084,scalar
events.out.tfevents.1776098432.e18ce739cf4e.13621.0,train/mean_token_accuracy,895,1776144055.0223796,0.912165641784668,scalar
events.out.tfevents.1776098432.e18ce739cf4e.13621.0,train/mean_token_accuracy,900,1776144296.2501552,0.9118534922599792,scalar
events.out.tfevents.1776098432.e18ce739cf4e.13621.0,train/mean_token_accuracy,905,1776144567.8133,0.911057710647583,scalar
events.out.tfevents.1776098432.e18ce739cf4e.13621.0,train/mean_token_accuracy,910,1776144810.2605934,0.9101837277412415,scalar
events.out.tfevents.1776098432.e18ce739cf4e.13621.0,train/mean_token_accuracy,915,1776145078.9345622,0.912734866142273,scalar
events.out.tfevents.1776098432.e18ce739cf4e.13621.0,train/mean_token_accuracy,920,1776145330.6675339,0.9087443351745605,scalar
events.out.tfevents.1776098432.e18ce739cf4e.13621.0,train/mean_token_accuracy,925,1776145591.857871,0.9102991223335266,scalar
events.out.tfevents.1776098432.e18ce739cf4e.13621.0,train/mean_token_accuracy,930,1776145834.4794064,0.9124307632446289,scalar
events.out.tfevents.1776098432.e18ce739cf4e.13621.0,train/mean_token_accuracy,935,1776146105.110271,0.9112944006919861,scalar
events.out.tfevents.1776098432.e18ce739cf4e.13621.0,train/mean_token_accuracy,940,1776146351.5742004,0.9109262824058533,scalar
events.out.tfevents.1776098432.e18ce739cf4e.13621.0,train/mean_token_accuracy,945,1776146630.190601,0.9102855920791626,scalar
events.out.tfevents.1776098432.e18ce739cf4e.13621.0,train/mean_token_accuracy,950,1776146885.1190262,0.9103284478187561,scalar
events.out.tfevents.1776098432.e18ce739cf4e.13621.0,train/mean_token_accuracy,955,1776147148.4881868,0.9125629663467407,scalar
events.out.tfevents.1776098432.e18ce739cf4e.13621.0,train/mean_token_accuracy,960,1776147370.8626142,0.9113858342170715,scalar
events.out.tfevents.1776098432.e18ce739cf4e.13621.0,train/mean_token_accuracy,965,1776147632.734472,0.9127896428108215,scalar
events.out.tfevents.1776098432.e18ce739cf4e.13621.0,train/mean_token_accuracy,970,1776147891.2215405,0.9110309481620789,scalar
events.out.tfevents.1776098432.e18ce739cf4e.13621.0,train/mean_token_accuracy,975,1776148156.2640283,0.911711573600769,scalar
events.out.tfevents.1776098432.e18ce739cf4e.13621.0,train/mean_token_accuracy,980,1776148387.0092404,0.909360945224762,scalar
events.out.tfevents.1776098432.e18ce739cf4e.13621.0,train/mean_token_accuracy,985,1776148660.2822225,0.9119933843612671,scalar
events.out.tfevents.1776098432.e18ce739cf4e.13621.0,train/mean_token_accuracy,990,1776148893.7312286,0.9123330116271973,scalar
events.out.tfevents.1776098432.e18ce739cf4e.13621.0,train/mean_token_accuracy,995,1776149142.9777024,0.9110815525054932,scalar
events.out.tfevents.1776098432.e18ce739cf4e.13621.0,train/mean_token_accuracy,1000,1776149384.5080223,0.9117720723152161,scalar
events.out.tfevents.1776098432.e18ce739cf4e.13621.0,train/mean_token_accuracy,1005,1776149649.4327188,0.9100847244262695,scalar
events.out.tfevents.1776098432.e18ce739cf4e.13621.0,train/mean_token_accuracy,1010,1776149887.8395572,0.9123268127441406,scalar
events.out.tfevents.1776098432.e18ce739cf4e.13621.0,train/mean_token_accuracy,1015,1776150155.789264,0.9116469025611877,scalar
events.out.tfevents.1776098432.e18ce739cf4e.13621.0,train/mean_token_accuracy,1020,1776150412.5559292,0.9113903641700745,scalar
events.out.tfevents.1776098432.e18ce739cf4e.13621.0,train/mean_token_accuracy,1025,1776150676.4255912,0.9114117622375488,scalar
events.out.tfevents.1776098432.e18ce739cf4e.13621.0,train/mean_token_accuracy,1030,1776150928.701438,0.910740315914154,scalar
events.out.tfevents.1776098432.e18ce739cf4e.13621.0,train/mean_token_accuracy,1035,1776151202.246485,0.9122173190116882,scalar
events.out.tfevents.1776098432.e18ce739cf4e.13621.0,train/mean_token_accuracy,1040,1776151455.617295,0.9116315841674805,scalar
events.out.tfevents.1776098432.e18ce739cf4e.13621.0,train/mean_token_accuracy,1045,1776151716.5729015,0.9125120043754578,scalar
events.out.tfevents.1776098432.e18ce739cf4e.13621.0,train/mean_token_accuracy,1050,1776151964.6633472,0.9132741689682007,scalar
events.out.tfevents.1776098432.e18ce739cf4e.13621.0,train/mean_token_accuracy,1055,1776152233.0592048,0.9116291403770447,scalar
events.out.tfevents.1776098432.e18ce739cf4e.13621.0,train/mean_token_accuracy,1060,1776152458.363521,0.9124385714530945,scalar
events.out.tfevents.1776098432.e18ce739cf4e.13621.0,train/mean_token_accuracy,1065,1776152757.5265026,0.9112775325775146,scalar
events.out.tfevents.1776098432.e18ce739cf4e.13621.0,train/mean_token_accuracy,1070,1776152994.0769224,0.9087408781051636,scalar
events.out.tfevents.1776098432.e18ce739cf4e.13621.0,train/mean_token_accuracy,1075,1776153248.2336705,0.911128044128418,scalar
events.out.tfevents.1776098432.e18ce739cf4e.13621.0,train/mean_token_accuracy,1080,1776153488.2799573,0.9124022722244263,scalar
events.out.tfevents.1776098432.e18ce739cf4e.13621.0,train/mean_token_accuracy,1085,1776153749.218302,0.913307785987854,scalar
events.out.tfevents.1776098432.e18ce739cf4e.13621.0,train/mean_token_accuracy,1090,1776154001.8401537,0.9121279716491699,scalar
events.out.tfevents.1776098432.e18ce739cf4e.13621.0,train/mean_token_accuracy,1095,1776154274.3239093,0.9120288491249084,scalar
events.out.tfevents.1776098432.e18ce739cf4e.13621.0,train/mean_token_accuracy,1100,1776154519.1076202,0.9124888777732849,scalar
events.out.tfevents.1776098432.e18ce739cf4e.13621.0,train/mean_token_accuracy,1105,1776154782.41958,0.9123802185058594,scalar
events.out.tfevents.1776098432.e18ce739cf4e.13621.0,train/mean_token_accuracy,1110,1776155020.734211,0.9114042520523071,scalar
events.out.tfevents.1776098432.e18ce739cf4e.13621.0,train/mean_token_accuracy,1115,1776155308.2401142,0.9139370322227478,scalar
events.out.tfevents.1776098432.e18ce739cf4e.13621.0,train/mean_token_accuracy,1120,1776155572.708222,0.9139143824577332,scalar
events.out.tfevents.1776098432.e18ce739cf4e.13621.0,train/mean_token_accuracy,1125,1776155837.3528664,0.9133266806602478,scalar
events.out.tfevents.1776098432.e18ce739cf4e.13621.0,train/mean_token_accuracy,1130,1776156080.476568,0.9136505722999573,scalar
events.out.tfevents.1776098432.e18ce739cf4e.13621.0,train/mean_token_accuracy,1135,1776156355.6552188,0.9114920496940613,scalar
events.out.tfevents.1776098432.e18ce739cf4e.13621.0,train/mean_token_accuracy,1140,1776156598.388812,0.9145980477333069,scalar
events.out.tfevents.1776098432.e18ce739cf4e.13621.0,train/mean_token_accuracy,1145,1776156861.667365,0.91277676820755,scalar
events.out.tfevents.1776098432.e18ce739cf4e.13621.0,train/mean_token_accuracy,1150,1776157103.2936375,0.9109514951705933,scalar
events.out.tfevents.1776098432.e18ce739cf4e.13621.0,train/mean_token_accuracy,1155,1776157365.2144768,0.9143267273902893,scalar
events.out.tfevents.1776098432.e18ce739cf4e.13621.0,train/mean_token_accuracy,1160,1776157621.1113977,0.9123619794845581,scalar
events.out.tfevents.1776098432.e18ce739cf4e.13621.0,train/mean_token_accuracy,1165,1776157876.259227,0.9122306108474731,scalar
events.out.tfevents.1776098432.e18ce739cf4e.13621.0,train/mean_token_accuracy,1170,1776158111.3159032,0.9152416586875916,scalar
events.out.tfevents.1776098432.e18ce739cf4e.13621.0,train/epoch,5,1776098684.050614,0.009685230441391468,scalar
events.out.tfevents.1776098432.e18ce739cf4e.13621.0,train/epoch,10,1776098923.6901462,0.019370460882782936,scalar
events.out.tfevents.1776098432.e18ce739cf4e.13621.0,train/epoch,10,1776098949.1880758,0.019370460882782936,scalar
events.out.tfevents.1776098432.e18ce739cf4e.13621.0,train/epoch,15,1776099184.9259157,0.02905569039285183,scalar
events.out.tfevents.1776098432.e18ce739cf4e.13621.0,train/epoch,20,1776099414.756518,0.03874092176556587,scalar
events.out.tfevents.1776098432.e18ce739cf4e.13621.0,train/epoch,20,1776099440.7614553,0.03874092176556587,scalar
events.out.tfevents.1776098432.e18ce739cf4e.13621.0,train/epoch,25,1776099699.9860542,0.048426151275634766,scalar
events.out.tfevents.1776098432.e18ce739cf4e.13621.0,train/epoch,30,1776099954.765239,0.05811138078570366,scalar
events.out.tfevents.1776098432.e18ce739cf4e.13621.0,train/epoch,30,1776099992.225671,0.05811138078570366,scalar
events.out.tfevents.1776098432.e18ce739cf4e.13621.0,train/epoch,35,1776100251.215315,0.06779661029577255,scalar
events.out.tfevents.1776098432.e18ce739cf4e.13621.0,train/epoch,40,1776100493.002545,0.07748184353113174,scalar
events.out.tfevents.1776098432.e18ce739cf4e.13621.0,train/epoch,40,1776100518.875864,0.07748184353113174,scalar
events.out.tfevents.1776098432.e18ce739cf4e.13621.0,train/epoch,45,1776100775.836869,0.08716706931591034,scalar
events.out.tfevents.1776098432.e18ce739cf4e.13621.0,train/epoch,50,1776101006.9145925,0.09685230255126953,scalar
events.out.tfevents.1776098432.e18ce739cf4e.13621.0,train/epoch,50,1776101032.7179198,0.09685230255126953,scalar
events.out.tfevents.1776098432.e18ce739cf4e.13621.0,train/epoch,55,1776101286.0888247,0.10653752833604813,scalar
events.out.tfevents.1776098432.e18ce739cf4e.13621.0,train/epoch,60,1776101527.6701648,0.11622276157140732,scalar
events.out.tfevents.1776098432.e18ce739cf4e.13621.0,train/epoch,60,1776101553.2964284,0.11622276157140732,scalar
events.out.tfevents.1776098432.e18ce739cf4e.13621.0,train/epoch,65,1776101785.5294073,0.1259079873561859,scalar
events.out.tfevents.1776098432.e18ce739cf4e.13621.0,train/epoch,70,1776102024.090278,0.1355932205915451,scalar
events.out.tfevents.1776098432.e18ce739cf4e.13621.0,train/epoch,70,1776102050.5515141,0.1355932205915451,scalar
events.out.tfevents.1776098432.e18ce739cf4e.13621.0,train/epoch,75,1776102311.5175624,0.1452784538269043,scalar
events.out.tfevents.1776098432.e18ce739cf4e.13621.0,train/epoch,80,1776102562.6898875,0.1549636870622635,scalar
events.out.tfevents.1776098432.e18ce739cf4e.13621.0,train/epoch,80,1776102589.0435078,0.1549636870622635,scalar
events.out.tfevents.1776098432.e18ce739cf4e.13621.0,train/epoch,85,1776102827.107737,0.1646489053964615,scalar
events.out.tfevents.1776098432.e18ce739cf4e.13621.0,train/epoch,90,1776103084.8205287,0.17433413863182068,scalar
events.out.tfevents.1776098432.e18ce739cf4e.13621.0,train/epoch,90,1776103110.5899508,0.17433413863182068,scalar
events.out.tfevents.1776098432.e18ce739cf4e.13621.0,train/epoch,95,1776103339.153745,0.18401937186717987,scalar
events.out.tfevents.1776098432.e18ce739cf4e.13621.0,train/epoch,100,1776103579.7437065,0.19370460510253906,scalar
events.out.tfevents.1776098432.e18ce739cf4e.13621.0,train/epoch,100,1776103605.5221958,0.19370460510253906,scalar
events.out.tfevents.1776098432.e18ce739cf4e.13621.0,train/epoch,105,1776103858.968179,0.20338982343673706,scalar
events.out.tfevents.1776098432.e18ce739cf4e.13621.0,train/epoch,110,1776104090.2693322,0.21307505667209625,scalar
events.out.tfevents.1776098432.e18ce739cf4e.13621.0,train/epoch,110,1776104162.343897,0.21307505667209625,scalar
events.out.tfevents.1776098432.e18ce739cf4e.13621.0,train/epoch,115,1776104407.4865327,0.22276028990745544,scalar
events.out.tfevents.1776098432.e18ce739cf4e.13621.0,train/epoch,120,1776104650.7270548,0.23244552314281464,scalar
events.out.tfevents.1776098432.e18ce739cf4e.13621.0,train/epoch,120,1776104677.0608265,0.23244552314281464,scalar
events.out.tfevents.1776098432.e18ce739cf4e.13621.0,train/epoch,125,1776104968.924523,0.24213075637817383,scalar
events.out.tfevents.1776098432.e18ce739cf4e.13621.0,train/epoch,130,1776105207.1051052,0.2518159747123718,scalar
events.out.tfevents.1776098432.e18ce739cf4e.13621.0,train/epoch,130,1776105233.0161428,0.2518159747123718,scalar
events.out.tfevents.1776098432.e18ce739cf4e.13621.0,train/epoch,135,1776105478.2982092,0.2615012228488922,scalar
events.out.tfevents.1776098432.e18ce739cf4e.13621.0,train/epoch,140,1776105700.765112,0.2711864411830902,scalar
events.out.tfevents.1776098432.e18ce739cf4e.13621.0,train/epoch,140,1776105726.8905785,0.2711864411830902,scalar
events.out.tfevents.1776098432.e18ce739cf4e.13621.0,train/epoch,145,1776105997.0606265,0.2808716595172882,scalar
events.out.tfevents.1776098432.e18ce739cf4e.13621.0,train/epoch,150,1776106239.495805,0.2905569076538086,scalar
events.out.tfevents.1776098432.e18ce739cf4e.13621.0,train/epoch,150,1776106266.729203,0.2905569076538086,scalar
events.out.tfevents.1776098432.e18ce739cf4e.13621.0,train/epoch,155,1776106496.8234062,0.3002421259880066,scalar
events.out.tfevents.1776098432.e18ce739cf4e.13621.0,train/epoch,160,1776106736.49759,0.309927374124527,scalar
events.out.tfevents.1776098432.e18ce739cf4e.13621.0,train/epoch,160,1776106762.1443584,0.309927374124527,scalar
events.out.tfevents.1776098432.e18ce739cf4e.13621.0,train/epoch,165,1776106991.3185017,0.319612592458725,scalar
events.out.tfevents.1776098432.e18ce739cf4e.13621.0,train/epoch,170,1776107222.5135584,0.329297810792923,scalar
events.out.tfevents.1776098432.e18ce739cf4e.13621.0,train/epoch,170,1776107248.2618673,0.329297810792923,scalar
events.out.tfevents.1776098432.e18ce739cf4e.13621.0,train/epoch,175,1776107481.0360806,0.33898305892944336,scalar
events.out.tfevents.1776098432.e18ce739cf4e.13621.0,train/epoch,180,1776107725.284481,0.34866827726364136,scalar
events.out.tfevents.1776098432.e18ce739cf4e.13621.0,train/epoch,180,1776107752.7005756,0.34866827726364136,scalar
events.out.tfevents.1776098432.e18ce739cf4e.13621.0,train/epoch,185,1776107995.1413603,0.35835352540016174,scalar
events.out.tfevents.1776098432.e18ce739cf4e.13621.0,train/epoch,190,1776108219.684012,0.36803874373435974,scalar
events.out.tfevents.1776098432.e18ce739cf4e.13621.0,train/epoch,190,1776108245.502278,0.36803874373435974,scalar
events.out.tfevents.1776098432.e18ce739cf4e.13621.0,train/epoch,195,1776108479.6312473,0.37772396206855774,scalar
events.out.tfevents.1776098432.e18ce739cf4e.13621.0,train/epoch,200,1776108713.404234,0.3874092102050781,scalar
events.out.tfevents.1776098432.e18ce739cf4e.13621.0,train/epoch,200,1776108739.156061,0.3874092102050781,scalar
events.out.tfevents.1776098432.e18ce739cf4e.13621.0,train/epoch,205,1776109006.4466834,0.3970944285392761,scalar
events.out.tfevents.1776098432.e18ce739cf4e.13621.0,train/epoch,210,1776109244.309672,0.4067796468734741,scalar
events.out.tfevents.1776098432.e18ce739cf4e.13621.0,train/epoch,210,1776109270.0240402,0.4067796468734741,scalar
events.out.tfevents.1776098432.e18ce739cf4e.13621.0,train/epoch,215,1776109509.85429,0.4164648950099945,scalar
events.out.tfevents.1776098432.e18ce739cf4e.13621.0,train/epoch,220,1776109746.702071,0.4261501133441925,scalar
events.out.tfevents.1776098432.e18ce739cf4e.13621.0,train/epoch,220,1776109772.3773541,0.4261501133441925,scalar
events.out.tfevents.1776098432.e18ce739cf4e.13621.0,train/epoch,225,1776110012.2332342,0.4358353614807129,scalar
events.out.tfevents.1776098432.e18ce739cf4e.13621.0,train/epoch,230,1776110245.5426767,0.4455205798149109,scalar
events.out.tfevents.1776098432.e18ce739cf4e.13621.0,train/epoch,230,1776110271.873833,0.4455205798149109,scalar
events.out.tfevents.1776098432.e18ce739cf4e.13621.0,train/epoch,235,1776110505.6806602,0.4552057981491089,scalar
events.out.tfevents.1776098432.e18ce739cf4e.13621.0,train/epoch,240,1776110750.9555802,0.4648910462856293,scalar
events.out.tfevents.1776098432.e18ce739cf4e.13621.0,train/epoch,240,1776110776.7878668,0.4648910462856293,scalar
events.out.tfevents.1776098432.e18ce739cf4e.13621.0,train/epoch,245,1776111014.887529,0.47457626461982727,scalar
events.out.tfevents.1776098432.e18ce739cf4e.13621.0,train/epoch,250,1776111247.8319428,0.48426151275634766,scalar
events.out.tfevents.1776098432.e18ce739cf4e.13621.0,train/epoch,250,1776111273.4492433,0.48426151275634766,scalar
events.out.tfevents.1776098432.e18ce739cf4e.13621.0,train/epoch,255,1776111505.8085017,0.49394673109054565,scalar
events.out.tfevents.1776098432.e18ce739cf4e.13621.0,train/epoch,260,1776111748.7425613,0.5036319494247437,scalar
events.out.tfevents.1776098432.e18ce739cf4e.13621.0,train/epoch,260,1776111785.9431956,0.5036319494247437,scalar
events.out.tfevents.1776098432.e18ce739cf4e.13621.0,train/epoch,265,1776112027.063942,0.5133171677589417,scalar
events.out.tfevents.1776098432.e18ce739cf4e.13621.0,train/epoch,270,1776112265.224085,0.5230024456977844,scalar
events.out.tfevents.1776098432.e18ce739cf4e.13621.0,train/epoch,270,1776112290.8567007,0.5230024456977844,scalar
events.out.tfevents.1776098432.e18ce739cf4e.13621.0,train/epoch,275,1776112526.9700139,0.5326876640319824,scalar
events.out.tfevents.1776098432.e18ce739cf4e.13621.0,train/epoch,280,1776112774.7303214,0.5423728823661804,scalar
events.out.tfevents.1776098432.e18ce739cf4e.13621.0,train/epoch,280,1776112800.3171988,0.5423728823661804,scalar
events.out.tfevents.1776098432.e18ce739cf4e.13621.0,train/epoch,285,1776113039.7425435,0.5520581007003784,scalar
events.out.tfevents.1776098432.e18ce739cf4e.13621.0,train/epoch,290,1776113277.3023922,0.5617433190345764,scalar
events.out.tfevents.1776098432.e18ce739cf4e.13621.0,train/epoch,290,1776113303.6088974,0.5617433190345764,scalar
events.out.tfevents.1776098432.e18ce739cf4e.13621.0,train/epoch,295,1776113549.5831275,0.5714285969734192,scalar
events.out.tfevents.1776098432.e18ce739cf4e.13621.0,train/epoch,300,1776113789.9376955,0.5811138153076172,scalar
events.out.tfevents.1776098432.e18ce739cf4e.13621.0,train/epoch,300,1776113819.1123693,0.5811138153076172,scalar
events.out.tfevents.1776098432.e18ce739cf4e.13621.0,train/epoch,305,1776114074.4597743,0.5907990336418152,scalar
events.out.tfevents.1776098432.e18ce739cf4e.13621.0,train/epoch,310,1776114314.2219753,0.6004842519760132,scalar
events.out.tfevents.1776098432.e18ce739cf4e.13621.0,train/epoch,310,1776114339.8926134,0.6004842519760132,scalar
events.out.tfevents.1776098432.e18ce739cf4e.13621.0,train/epoch,315,1776114570.7455437,0.6101694703102112,scalar
events.out.tfevents.1776098432.e18ce739cf4e.13621.0,train/epoch,320,1776114803.5241804,0.619854748249054,scalar
events.out.tfevents.1776098432.e18ce739cf4e.13621.0,train/epoch,320,1776114829.2640378,0.619854748249054,scalar
events.out.tfevents.1776098432.e18ce739cf4e.13621.0,train/epoch,325,1776115058.3088908,0.629539966583252,scalar
events.out.tfevents.1776098432.e18ce739cf4e.13621.0,train/epoch,330,1776115287.8901618,0.63922518491745,scalar
events.out.tfevents.1776098432.e18ce739cf4e.13621.0,train/epoch,330,1776115313.5279453,0.63922518491745,scalar
events.out.tfevents.1776098432.e18ce739cf4e.13621.0,train/epoch,335,1776115550.1858673,0.648910403251648,scalar
events.out.tfevents.1776098432.e18ce739cf4e.13621.0,train/epoch,340,1776115810.0745914,0.658595621585846,scalar
events.out.tfevents.1776098432.e18ce739cf4e.13621.0,train/epoch,340,1776115835.6172822,0.658595621585846,scalar
events.out.tfevents.1776098432.e18ce739cf4e.13621.0,train/epoch,345,1776116069.7717283,0.6682808995246887,scalar
events.out.tfevents.1776098432.e18ce739cf4e.13621.0,train/epoch,350,1776116304.8311775,0.6779661178588867,scalar
events.out.tfevents.1776098432.e18ce739cf4e.13621.0,train/epoch,350,1776116330.7089074,0.6779661178588867,scalar
events.out.tfevents.1776098432.e18ce739cf4e.13621.0,train/epoch,355,1776116601.7209122,0.6876513361930847,scalar
events.out.tfevents.1776098432.e18ce739cf4e.13621.0,train/epoch,360,1776116839.7071514,0.6973365545272827,scalar
events.out.tfevents.1776098432.e18ce739cf4e.13621.0,train/epoch,360,1776116865.5751693,0.6973365545272827,scalar
events.out.tfevents.1776098432.e18ce739cf4e.13621.0,train/epoch,365,1776117098.2825556,0.7070217728614807,scalar
events.out.tfevents.1776098432.e18ce739cf4e.13621.0,train/epoch,370,1776117342.417391,0.7167070508003235,scalar
events.out.tfevents.1776098432.e18ce739cf4e.13621.0,train/epoch,370,1776117368.179966,0.7167070508003235,scalar
events.out.tfevents.1776098432.e18ce739cf4e.13621.0,train/epoch,375,1776117607.0774486,0.7263922691345215,scalar
events.out.tfevents.1776098432.e18ce739cf4e.13621.0,train/epoch,380,1776117838.6319141,0.7360774874687195,scalar
events.out.tfevents.1776098432.e18ce739cf4e.13621.0,train/epoch,380,1776117864.426847,0.7360774874687195,scalar
events.out.tfevents.1776098432.e18ce739cf4e.13621.0,train/epoch,385,1776118098.0036788,0.7457627058029175,scalar
events.out.tfevents.1776098432.e18ce739cf4e.13621.0,train/epoch,390,1776118324.502084,0.7554479241371155,scalar
events.out.tfevents.1776098432.e18ce739cf4e.13621.0,train/epoch,390,1776118350.0937657,0.7554479241371155,scalar
events.out.tfevents.1776098432.e18ce739cf4e.13621.0,train/epoch,395,1776118606.182617,0.7651331424713135,scalar
events.out.tfevents.1776098432.e18ce739cf4e.13621.0,train/epoch,400,1776118838.1744978,0.7748184204101562,scalar
events.out.tfevents.1776098432.e18ce739cf4e.13621.0,train/epoch,400,1776118863.8430848,0.7748184204101562,scalar
events.out.tfevents.1776098432.e18ce739cf4e.13621.0,train/epoch,405,1776119121.4835165,0.7845036387443542,scalar
events.out.tfevents.1776098432.e18ce739cf4e.13621.0,train/epoch,410,1776119354.9389029,0.7941888570785522,scalar
events.out.tfevents.1776098432.e18ce739cf4e.13621.0,train/epoch,410,1776119380.5812771,0.7941888570785522,scalar
events.out.tfevents.1776098432.e18ce739cf4e.13621.0,train/epoch,415,1776119602.7567258,0.8038740754127502,scalar
events.out.tfevents.1776098432.e18ce739cf4e.13621.0,train/epoch,420,1776119836.6527908,0.8135592937469482,scalar
events.out.tfevents.1776098432.e18ce739cf4e.13621.0,train/epoch,420,1776119862.2811353,0.8135592937469482,scalar
events.out.tfevents.1776098432.e18ce739cf4e.13621.0,train/epoch,425,1776120091.1023207,0.823244571685791,scalar
events.out.tfevents.1776098432.e18ce739cf4e.13621.0,train/epoch,430,1776120321.0868564,0.832929790019989,scalar
events.out.tfevents.1776098432.e18ce739cf4e.13621.0,train/epoch,430,1776120347.5638201,0.832929790019989,scalar
events.out.tfevents.1776098432.e18ce739cf4e.13621.0,train/epoch,435,1776120585.1815815,0.842615008354187,scalar
events.out.tfevents.1776098432.e18ce739cf4e.13621.0,train/epoch,440,1776120813.4808958,0.852300226688385,scalar
events.out.tfevents.1776098432.e18ce739cf4e.13621.0,train/epoch,440,1776120839.090313,0.852300226688385,scalar
events.out.tfevents.1776098432.e18ce739cf4e.13621.0,train/epoch,445,1776121079.8426616,0.861985445022583,scalar
events.out.tfevents.1776098432.e18ce739cf4e.13621.0,train/epoch,450,1776121326.689731,0.8716707229614258,scalar
events.out.tfevents.1776098432.e18ce739cf4e.13621.0,train/epoch,450,1776121363.8312802,0.8716707229614258,scalar
events.out.tfevents.1776098432.e18ce739cf4e.13621.0,train/epoch,455,1776121632.2418728,0.8813559412956238,scalar
events.out.tfevents.1776098432.e18ce739cf4e.13621.0,train/epoch,460,1776121868.0318453,0.8910411596298218,scalar
events.out.tfevents.1776098432.e18ce739cf4e.13621.0,train/epoch,460,1776121893.6069129,0.8910411596298218,scalar
events.out.tfevents.1776098432.e18ce739cf4e.13621.0,train/epoch,465,1776122156.6492417,0.9007263779640198,scalar
events.out.tfevents.1776098432.e18ce739cf4e.13621.0,train/epoch,470,1776122397.5065634,0.9104115962982178,scalar
events.out.tfevents.1776098432.e18ce739cf4e.13621.0,train/epoch,470,1776122423.3051076,0.9104115962982178,scalar
events.out.tfevents.1776098432.e18ce739cf4e.13621.0,train/epoch,475,1776122674.362973,0.9200968742370605,scalar
events.out.tfevents.1776098432.e18ce739cf4e.13621.0,train/epoch,480,1776122907.67792,0.9297820925712585,scalar
events.out.tfevents.1776098432.e18ce739cf4e.13621.0,train/epoch,480,1776122933.257058,0.9297820925712585,scalar
events.out.tfevents.1776098432.e18ce739cf4e.13621.0,train/epoch,485,1776123164.1896996,0.9394673109054565,scalar
events.out.tfevents.1776098432.e18ce739cf4e.13621.0,train/epoch,490,1776123404.482811,0.9491525292396545,scalar
events.out.tfevents.1776098432.e18ce739cf4e.13621.0,train/epoch,490,1776123430.1054072,0.9491525292396545,scalar
events.out.tfevents.1776098432.e18ce739cf4e.13621.0,train/epoch,495,1776123661.7047756,0.9588377475738525,scalar
events.out.tfevents.1776098432.e18ce739cf4e.13621.0,train/epoch,500,1776123916.932177,0.9685230255126953,scalar
events.out.tfevents.1776098432.e18ce739cf4e.13621.0,train/epoch,500,1776123942.4292707,0.9685230255126953,scalar
events.out.tfevents.1776098432.e18ce739cf4e.13621.0,train/epoch,505,1776124167.4651465,0.9782082438468933,scalar
events.out.tfevents.1776098432.e18ce739cf4e.13621.0,train/epoch,510,1776124412.7522688,0.9878934621810913,scalar
events.out.tfevents.1776098432.e18ce739cf4e.13621.0,train/epoch,510,1776124443.444449,0.9878934621810913,scalar
events.out.tfevents.1776098432.e18ce739cf4e.13621.0,train/epoch,515,1776124683.3616416,0.9975786805152893,scalar
events.out.tfevents.1776098432.e18ce739cf4e.13621.0,train/epoch,520,1776124924.5494013,1.005811095237732,scalar
events.out.tfevents.1776098432.e18ce739cf4e.13621.0,train/epoch,520,1776124950.3435469,1.005811095237732,scalar
events.out.tfevents.1776098432.e18ce739cf4e.13621.0,train/epoch,525,1776125191.8497422,1.0154963731765747,scalar
events.out.tfevents.1776098432.e18ce739cf4e.13621.0,train/epoch,530,1776125433.560799,1.0251816511154175,scalar
events.out.tfevents.1776098432.e18ce739cf4e.13621.0,train/epoch,530,1776125462.4289534,1.0251816511154175,scalar
events.out.tfevents.1776098432.e18ce739cf4e.13621.0,train/epoch,535,1776125704.6266468,1.0348668098449707,scalar
events.out.tfevents.1776098432.e18ce739cf4e.13621.0,train/epoch,540,1776125941.382927,1.0445520877838135,scalar
events.out.tfevents.1776098432.e18ce739cf4e.13621.0,train/epoch,540,1776125967.1072037,1.0445520877838135,scalar
events.out.tfevents.1776098432.e18ce739cf4e.13621.0,train/epoch,545,1776126219.6835647,1.0542372465133667,scalar
events.out.tfevents.1776098432.e18ce739cf4e.13621.0,train/epoch,550,1776126466.973323,1.0639225244522095,scalar
events.out.tfevents.1776098432.e18ce739cf4e.13621.0,train/epoch,550,1776126492.7420003,1.0639225244522095,scalar
events.out.tfevents.1776098432.e18ce739cf4e.13621.0,train/epoch,555,1776126731.0251458,1.0736078023910522,scalar
events.out.tfevents.1776098432.e18ce739cf4e.13621.0,train/epoch,560,1776126993.64064,1.0832929611206055,scalar
events.out.tfevents.1776098432.e18ce739cf4e.13621.0,train/epoch,560,1776127019.980611,1.0832929611206055,scalar
events.out.tfevents.1776098432.e18ce739cf4e.13621.0,train/epoch,565,1776127252.3978565,1.0929782390594482,scalar
events.out.tfevents.1776098432.e18ce739cf4e.13621.0,train/epoch,570,1776127477.1599882,1.1026633977890015,scalar
events.out.tfevents.1776098432.e18ce739cf4e.13621.0,train/epoch,570,1776127503.4247506,1.1026633977890015,scalar
events.out.tfevents.1776098432.e18ce739cf4e.13621.0,train/epoch,575,1776127745.8513353,1.1123486757278442,scalar
events.out.tfevents.1776098432.e18ce739cf4e.13621.0,train/epoch,580,1776127988.9802535,1.122033953666687,scalar
events.out.tfevents.1776098432.e18ce739cf4e.13621.0,train/epoch,580,1776128014.720144,1.122033953666687,scalar
events.out.tfevents.1776098432.e18ce739cf4e.13621.0,train/epoch,585,1776128245.1674204,1.1317191123962402,scalar
events.out.tfevents.1776098432.e18ce739cf4e.13621.0,train/epoch,590,1776128481.8414772,1.141404390335083,scalar
events.out.tfevents.1776098432.e18ce739cf4e.13621.0,train/epoch,590,1776128508.3177454,1.141404390335083,scalar
events.out.tfevents.1776098432.e18ce739cf4e.13621.0,train/epoch,595,1776128746.97234,1.1510895490646362,scalar
events.out.tfevents.1776098432.e18ce739cf4e.13621.0,train/epoch,600,1776128987.617967,1.160774827003479,scalar
events.out.tfevents.1776098432.e18ce739cf4e.13621.0,train/epoch,600,1776129013.3019128,1.160774827003479,scalar
events.out.tfevents.1776098432.e18ce739cf4e.13621.0,train/epoch,605,1776129264.3303688,1.1704601049423218,scalar
events.out.tfevents.1776098432.e18ce739cf4e.13621.0,train/epoch,610,1776129512.2969866,1.180145263671875,scalar
events.out.tfevents.1776098432.e18ce739cf4e.13621.0,train/epoch,610,1776129538.0657032,1.180145263671875,scalar
events.out.tfevents.1776098432.e18ce739cf4e.13621.0,train/epoch,615,1776129795.6771345,1.1898305416107178,scalar
events.out.tfevents.1776098432.e18ce739cf4e.13621.0,train/epoch,620,1776130044.299326,1.199515700340271,scalar
events.out.tfevents.1776098432.e18ce739cf4e.13621.0,train/epoch,620,1776130069.9107516,1.199515700340271,scalar
events.out.tfevents.1776098432.e18ce739cf4e.13621.0,train/epoch,625,1776130301.701849,1.2092009782791138,scalar
events.out.tfevents.1776098432.e18ce739cf4e.13621.0,train/epoch,630,1776130550.0486832,1.2188862562179565,scalar
events.out.tfevents.1776098432.e18ce739cf4e.13621.0,train/epoch,630,1776130575.666626,1.2188862562179565,scalar
events.out.tfevents.1776098432.e18ce739cf4e.13621.0,train/epoch,635,1776130805.227814,1.2285714149475098,scalar
events.out.tfevents.1776098432.e18ce739cf4e.13621.0,train/epoch,640,1776131053.7156994,1.2382566928863525,scalar
events.out.tfevents.1776098432.e18ce739cf4e.13621.0,train/epoch,640,1776131079.4554317,1.2382566928863525,scalar
events.out.tfevents.1776098432.e18ce739cf4e.13621.0,train/epoch,645,1776131311.0038588,1.2479418516159058,scalar
events.out.tfevents.1776098432.e18ce739cf4e.13621.0,train/epoch,650,1776131554.3337858,1.2576271295547485,scalar
events.out.tfevents.1776098432.e18ce739cf4e.13621.0,train/epoch,650,1776131580.829842,1.2576271295547485,scalar
events.out.tfevents.1776098432.e18ce739cf4e.13621.0,train/epoch,655,1776131816.2857876,1.2673124074935913,scalar
events.out.tfevents.1776098432.e18ce739cf4e.13621.0,train/epoch,660,1776132064.9201393,1.2769975662231445,scalar
events.out.tfevents.1776098432.e18ce739cf4e.13621.0,train/epoch,660,1776132090.4728584,1.2769975662231445,scalar
events.out.tfevents.1776098432.e18ce739cf4e.13621.0,train/epoch,665,1776132313.374742,1.2866828441619873,scalar
events.out.tfevents.1776098432.e18ce739cf4e.13621.0,train/epoch,670,1776132553.1488152,1.2963680028915405,scalar
events.out.tfevents.1776098432.e18ce739cf4e.13621.0,train/epoch,670,1776132578.8387818,1.2963680028915405,scalar
events.out.tfevents.1776098432.e18ce739cf4e.13621.0,train/epoch,675,1776132802.6413805,1.3060532808303833,scalar
events.out.tfevents.1776098432.e18ce739cf4e.13621.0,train/epoch,680,1776133045.884553,1.3157384395599365,scalar
events.out.tfevents.1776098432.e18ce739cf4e.13621.0,train/epoch,680,1776133071.6104414,1.3157384395599365,scalar
events.out.tfevents.1776098432.e18ce739cf4e.13621.0,train/epoch,685,1776133317.1081505,1.3254237174987793,scalar
events.out.tfevents.1776098432.e18ce739cf4e.13621.0,train/epoch,690,1776133548.5071197,1.335108995437622,scalar
events.out.tfevents.1776098432.e18ce739cf4e.13621.0,train/epoch,690,1776133574.2890623,1.335108995437622,scalar
events.out.tfevents.1776098432.e18ce739cf4e.13621.0,train/epoch,695,1776133821.274343,1.3447941541671753,scalar
events.out.tfevents.1776098432.e18ce739cf4e.13621.0,train/epoch,700,1776134066.1919723,1.354479432106018,scalar
events.out.tfevents.1776098432.e18ce739cf4e.13621.0,train/epoch,700,1776134099.68573,1.354479432106018,scalar
events.out.tfevents.1776098432.e18ce739cf4e.13621.0,train/epoch,705,1776134363.8376074,1.3641645908355713,scalar
events.out.tfevents.1776098432.e18ce739cf4e.13621.0,train/epoch,710,1776134608.814017,1.373849868774414,scalar
events.out.tfevents.1776098432.e18ce739cf4e.13621.0,train/epoch,710,1776134634.5346024,1.373849868774414,scalar
events.out.tfevents.1776098432.e18ce739cf4e.13621.0,train/epoch,715,1776134866.853055,1.3835351467132568,scalar
events.out.tfevents.1776098432.e18ce739cf4e.13621.0,train/epoch,720,1776135106.8144464,1.39322030544281,scalar
events.out.tfevents.1776098432.e18ce739cf4e.13621.0,train/epoch,720,1776135132.5177634,1.39322030544281,scalar
events.out.tfevents.1776098432.e18ce739cf4e.13621.0,train/epoch,725,1776135363.0063748,1.4029055833816528,scalar
events.out.tfevents.1776098432.e18ce739cf4e.13621.0,train/epoch,730,1776135589.2802052,1.412590742111206,scalar
events.out.tfevents.1776098432.e18ce739cf4e.13621.0,train/epoch,730,1776135615.2197003,1.412590742111206,scalar
events.out.tfevents.1776098432.e18ce739cf4e.13621.0,train/epoch,735,1776135862.8364997,1.4222760200500488,scalar
events.out.tfevents.1776098432.e18ce739cf4e.13621.0,train/epoch,740,1776136101.1615195,1.4319612979888916,scalar
events.out.tfevents.1776098432.e18ce739cf4e.13621.0,train/epoch,740,1776136126.7044117,1.4319612979888916,scalar
events.out.tfevents.1776098432.e18ce739cf4e.13621.0,train/epoch,745,1776136363.3704178,1.4416464567184448,scalar
events.out.tfevents.1776098432.e18ce739cf4e.13621.0,train/epoch,750,1776136602.288487,1.4513317346572876,scalar
events.out.tfevents.1776098432.e18ce739cf4e.13621.0,train/epoch,750,1776136628.1692748,1.4513317346572876,scalar
events.out.tfevents.1776098432.e18ce739cf4e.13621.0,train/epoch,755,1776136866.7714503,1.4610168933868408,scalar
events.out.tfevents.1776098432.e18ce739cf4e.13621.0,train/epoch,760,1776137110.4147763,1.4707021713256836,scalar
events.out.tfevents.1776098432.e18ce739cf4e.13621.0,train/epoch,760,1776137136.2087593,1.4707021713256836,scalar
events.out.tfevents.1776098432.e18ce739cf4e.13621.0,train/epoch,765,1776137378.43816,1.4803874492645264,scalar
events.out.tfevents.1776098432.e18ce739cf4e.13621.0,train/epoch,770,1776137609.8666801,1.4900726079940796,scalar
events.out.tfevents.1776098432.e18ce739cf4e.13621.0,train/epoch,770,1776137635.5727746,1.4900726079940796,scalar
events.out.tfevents.1776098432.e18ce739cf4e.13621.0,train/epoch,775,1776137866.091794,1.4997578859329224,scalar
events.out.tfevents.1776098432.e18ce739cf4e.13621.0,train/epoch,780,1776138144.591374,1.5094430446624756,scalar
events.out.tfevents.1776098432.e18ce739cf4e.13621.0,train/epoch,780,1776138171.761334,1.5094430446624756,scalar
events.out.tfevents.1776098432.e18ce739cf4e.13621.0,train/epoch,785,1776138415.437529,1.5191283226013184,scalar
events.out.tfevents.1776098432.e18ce739cf4e.13621.0,train/epoch,790,1776138646.6394677,1.5288136005401611,scalar
events.out.tfevents.1776098432.e18ce739cf4e.13621.0,train/epoch,790,1776138672.393256,1.5288136005401611,scalar
events.out.tfevents.1776098432.e18ce739cf4e.13621.0,train/epoch,795,1776138906.881495,1.5384987592697144,scalar
events.out.tfevents.1776098432.e18ce739cf4e.13621.0,train/epoch,800,1776139137.1349247,1.5481840372085571,scalar
events.out.tfevents.1776098432.e18ce739cf4e.13621.0,train/epoch,800,1776139162.791711,1.5481840372085571,scalar
events.out.tfevents.1776098432.e18ce739cf4e.13621.0,train/epoch,805,1776139423.389544,1.5578691959381104,scalar
events.out.tfevents.1776098432.e18ce739cf4e.13621.0,train/epoch,810,1776139661.6681883,1.5675544738769531,scalar
events.out.tfevents.1776098432.e18ce739cf4e.13621.0,train/epoch,810,1776139687.2786875,1.5675544738769531,scalar
events.out.tfevents.1776098432.e18ce739cf4e.13621.0,train/epoch,815,1776139909.5322425,1.577239751815796,scalar
events.out.tfevents.1776098432.e18ce739cf4e.13621.0,train/epoch,820,1776140170.2861888,1.5869249105453491,scalar
events.out.tfevents.1776098432.e18ce739cf4e.13621.0,train/epoch,820,1776140195.9945526,1.5869249105453491,scalar
events.out.tfevents.1776098432.e18ce739cf4e.13621.0,train/epoch,825,1776140432.69472,1.596610188484192,scalar
events.out.tfevents.1776098432.e18ce739cf4e.13621.0,train/epoch,830,1776140683.849386,1.6062953472137451,scalar
events.out.tfevents.1776098432.e18ce739cf4e.13621.0,train/epoch,830,1776140709.7088225,1.6062953472137451,scalar
events.out.tfevents.1776098432.e18ce739cf4e.13621.0,train/epoch,835,1776140981.3867614,1.615980625152588,scalar
events.out.tfevents.1776098432.e18ce739cf4e.13621.0,train/epoch,840,1776141228.3917692,1.6256659030914307,scalar
events.out.tfevents.1776098432.e18ce739cf4e.13621.0,train/epoch,840,1776141254.2667208,1.6256659030914307,scalar
events.out.tfevents.1776098432.e18ce739cf4e.13621.0,train/epoch,845,1776141497.9588792,1.6353510618209839,scalar
events.out.tfevents.1776098432.e18ce739cf4e.13621.0,train/epoch,850,1776141726.240357,1.6450363397598267,scalar
events.out.tfevents.1776098432.e18ce739cf4e.13621.0,train/epoch,850,1776141751.942849,1.6450363397598267,scalar
events.out.tfevents.1776098432.e18ce739cf4e.13621.0,train/epoch,855,1776142047.5385003,1.6547214984893799,scalar
events.out.tfevents.1776098432.e18ce739cf4e.13621.0,train/epoch,860,1776142277.718748,1.6644067764282227,scalar
events.out.tfevents.1776098432.e18ce739cf4e.13621.0,train/epoch,860,1776142303.3258862,1.6644067764282227,scalar
events.out.tfevents.1776098432.e18ce739cf4e.13621.0,train/epoch,865,1776142534.0722225,1.6740920543670654,scalar
events.out.tfevents.1776098432.e18ce739cf4e.13621.0,train/epoch,870,1776142757.8650084,1.6837772130966187,scalar
events.out.tfevents.1776098432.e18ce739cf4e.13621.0,train/epoch,870,1776142783.4761205,1.6837772130966187,scalar
events.out.tfevents.1776098432.e18ce739cf4e.13621.0,train/epoch,875,1776143009.5390449,1.6934624910354614,scalar
events.out.tfevents.1776098432.e18ce739cf4e.13621.0,train/epoch,880,1776143250.9125519,1.7031476497650146,scalar
events.out.tfevents.1776098432.e18ce739cf4e.13621.0,train/epoch,880,1776143294.703235,1.7031476497650146,scalar
events.out.tfevents.1776098432.e18ce739cf4e.13621.0,train/epoch,885,1776143534.6168668,1.7128329277038574,scalar
events.out.tfevents.1776098432.e18ce739cf4e.13621.0,train/epoch,890,1776143786.2937865,1.7225182056427002,scalar
events.out.tfevents.1776098432.e18ce739cf4e.13621.0,train/epoch,890,1776143812.0069983,1.7225182056427002,scalar
events.out.tfevents.1776098432.e18ce739cf4e.13621.0,train/epoch,895,1776144055.022389,1.7322033643722534,scalar
events.out.tfevents.1776098432.e18ce739cf4e.13621.0,train/epoch,900,1776144296.2501657,1.7418886423110962,scalar
events.out.tfevents.1776098432.e18ce739cf4e.13621.0,train/epoch,900,1776144321.9662392,1.7418886423110962,scalar
events.out.tfevents.1776098432.e18ce739cf4e.13621.0,train/epoch,905,1776144567.8133106,1.7515738010406494,scalar
events.out.tfevents.1776098432.e18ce739cf4e.13621.0,train/epoch,910,1776144810.2606041,1.7612590789794922,scalar
events.out.tfevents.1776098432.e18ce739cf4e.13621.0,train/epoch,910,1776144836.7423067,1.7612590789794922,scalar
events.out.tfevents.1776098432.e18ce739cf4e.13621.0,train/epoch,915,1776145078.9345732,1.770944356918335,scalar
events.out.tfevents.1776098432.e18ce739cf4e.13621.0,train/epoch,920,1776145330.6675441,1.7806295156478882,scalar
events.out.tfevents.1776098432.e18ce739cf4e.13621.0,train/epoch,920,1776145356.3560746,1.7806295156478882,scalar
events.out.tfevents.1776098432.e18ce739cf4e.13621.0,train/epoch,925,1776145591.8578815,1.790314793586731,scalar
events.out.tfevents.1776098432.e18ce739cf4e.13621.0,train/epoch,930,1776145834.479417,1.7999999523162842,scalar
events.out.tfevents.1776098432.e18ce739cf4e.13621.0,train/epoch,930,1776145860.132716,1.7999999523162842,scalar
events.out.tfevents.1776098432.e18ce739cf4e.13621.0,train/epoch,935,1776146105.1102817,1.809685230255127,scalar
events.out.tfevents.1776098432.e18ce739cf4e.13621.0,train/epoch,940,1776146351.5742111,1.8193705081939697,scalar
events.out.tfevents.1776098432.e18ce739cf4e.13621.0,train/epoch,940,1776146377.2109225,1.8193705081939697,scalar
events.out.tfevents.1776098432.e18ce739cf4e.13621.0,train/epoch,945,1776146630.1906116,1.829055666923523,scalar
events.out.tfevents.1776098432.e18ce739cf4e.13621.0,train/epoch,950,1776146885.1190367,1.8387409448623657,scalar
events.out.tfevents.1776098432.e18ce739cf4e.13621.0,train/epoch,950,1776146910.7680442,1.8387409448623657,scalar
events.out.tfevents.1776098432.e18ce739cf4e.13621.0,train/epoch,955,1776147148.4881973,1.848426103591919,scalar
events.out.tfevents.1776098432.e18ce739cf4e.13621.0,train/epoch,960,1776147370.862632,1.8581113815307617,scalar
events.out.tfevents.1776098432.e18ce739cf4e.13621.0,train/epoch,960,1776147396.4928977,1.8581113815307617,scalar
events.out.tfevents.1776098432.e18ce739cf4e.13621.0,train/epoch,965,1776147632.7344892,1.8677966594696045,scalar
events.out.tfevents.1776098432.e18ce739cf4e.13621.0,train/epoch,970,1776147891.2215502,1.8774818181991577,scalar
events.out.tfevents.1776098432.e18ce739cf4e.13621.0,train/epoch,970,1776147916.9848835,1.8774818181991577,scalar
events.out.tfevents.1776098432.e18ce739cf4e.13621.0,train/epoch,975,1776148156.264038,1.8871670961380005,scalar
events.out.tfevents.1776098432.e18ce739cf4e.13621.0,train/epoch,980,1776148387.009251,1.8968522548675537,scalar
events.out.tfevents.1776098432.e18ce739cf4e.13621.0,train/epoch,980,1776148412.979468,1.8968522548675537,scalar
events.out.tfevents.1776098432.e18ce739cf4e.13621.0,train/epoch,985,1776148660.2822332,1.9065375328063965,scalar
events.out.tfevents.1776098432.e18ce739cf4e.13621.0,train/epoch,990,1776148893.7312398,1.9162228107452393,scalar
events.out.tfevents.1776098432.e18ce739cf4e.13621.0,train/epoch,990,1776148919.384547,1.9162228107452393,scalar
events.out.tfevents.1776098432.e18ce739cf4e.13621.0,train/epoch,995,1776149142.977718,1.9259079694747925,scalar
events.out.tfevents.1776098432.e18ce739cf4e.13621.0,train/epoch,1000,1776149384.5080328,1.9355932474136353,scalar
events.out.tfevents.1776098432.e18ce739cf4e.13621.0,train/epoch,1000,1776149410.2203195,1.9355932474136353,scalar
events.out.tfevents.1776098432.e18ce739cf4e.13621.0,train/epoch,1005,1776149649.4327295,1.9452784061431885,scalar
events.out.tfevents.1776098432.e18ce739cf4e.13621.0,train/epoch,1010,1776149887.8395684,1.9549636840820312,scalar
events.out.tfevents.1776098432.e18ce739cf4e.13621.0,train/epoch,1010,1776149913.4932423,1.9549636840820312,scalar
events.out.tfevents.1776098432.e18ce739cf4e.13621.0,train/epoch,1015,1776150155.7892745,1.964648962020874,scalar
events.out.tfevents.1776098432.e18ce739cf4e.13621.0,train/epoch,1020,1776150412.55594,1.9743341207504272,scalar
events.out.tfevents.1776098432.e18ce739cf4e.13621.0,train/epoch,1020,1776150438.1757383,1.9743341207504272,scalar
events.out.tfevents.1776098432.e18ce739cf4e.13621.0,train/epoch,1025,1776150676.425602,1.98401939868927,scalar
events.out.tfevents.1776098432.e18ce739cf4e.13621.0,train/epoch,1030,1776150928.7014482,1.9937045574188232,scalar
events.out.tfevents.1776098432.e18ce739cf4e.13621.0,train/epoch,1030,1776150954.5146809,1.9937045574188232,scalar
events.out.tfevents.1776098432.e18ce739cf4e.13621.0,train/epoch,1035,1776151202.246496,2.0019371509552,scalar
events.out.tfevents.1776098432.e18ce739cf4e.13621.0,train/epoch,1040,1776151455.6173065,2.011622190475464,scalar
events.out.tfevents.1776098432.e18ce739cf4e.13621.0,train/epoch,1040,1776151481.2122958,2.011622190475464,scalar
events.out.tfevents.1776098432.e18ce739cf4e.13621.0,train/epoch,1045,1776151716.5729108,2.0213074684143066,scalar
events.out.tfevents.1776098432.e18ce739cf4e.13621.0,train/epoch,1050,1776151964.6633577,2.0309927463531494,scalar
events.out.tfevents.1776098432.e18ce739cf4e.13621.0,train/epoch,1050,1776151996.7152731,2.0309927463531494,scalar
events.out.tfevents.1776098432.e18ce739cf4e.13621.0,train/epoch,1055,1776152233.059223,2.040678024291992,scalar
events.out.tfevents.1776098432.e18ce739cf4e.13621.0,train/epoch,1060,1776152458.3635323,2.050363302230835,scalar
events.out.tfevents.1776098432.e18ce739cf4e.13621.0,train/epoch,1060,1776152495.8583937,2.050363302230835,scalar
events.out.tfevents.1776098432.e18ce739cf4e.13621.0,train/epoch,1065,1776152757.5265136,2.0600483417510986,scalar
events.out.tfevents.1776098432.e18ce739cf4e.13621.0,train/epoch,1070,1776152994.0769331,2.0697336196899414,scalar
events.out.tfevents.1776098432.e18ce739cf4e.13621.0,train/epoch,1070,1776153020.289022,2.0697336196899414,scalar
events.out.tfevents.1776098432.e18ce739cf4e.13621.0,train/epoch,1075,1776153248.2336812,2.079418897628784,scalar
events.out.tfevents.1776098432.e18ce739cf4e.13621.0,train/epoch,1080,1776153488.279968,2.089104175567627,scalar
events.out.tfevents.1776098432.e18ce739cf4e.13621.0,train/epoch,1080,1776153513.8960137,2.089104175567627,scalar
events.out.tfevents.1776098432.e18ce739cf4e.13621.0,train/epoch,1085,1776153749.218313,2.0987894535064697,scalar
events.out.tfevents.1776098432.e18ce739cf4e.13621.0,train/epoch,1090,1776154001.8401654,2.1084744930267334,scalar
events.out.tfevents.1776098432.e18ce739cf4e.13621.0,train/epoch,1090,1776154028.3718958,2.1084744930267334,scalar
events.out.tfevents.1776098432.e18ce739cf4e.13621.0,train/epoch,1095,1776154274.3239222,2.118159770965576,scalar
events.out.tfevents.1776098432.e18ce739cf4e.13621.0,train/epoch,1100,1776154519.1076307,2.127845048904419,scalar
events.out.tfevents.1776098432.e18ce739cf4e.13621.0,train/epoch,1100,1776154544.846605,2.127845048904419,scalar
events.out.tfevents.1776098432.e18ce739cf4e.13621.0,train/epoch,1105,1776154782.4195907,2.1375303268432617,scalar
events.out.tfevents.1776098432.e18ce739cf4e.13621.0,train/epoch,1110,1776155020.734222,2.1472156047821045,scalar
events.out.tfevents.1776098432.e18ce739cf4e.13621.0,train/epoch,1110,1776155046.868505,2.1472156047821045,scalar
events.out.tfevents.1776098432.e18ce739cf4e.13621.0,train/epoch,1115,1776155308.2401316,2.156900644302368,scalar
events.out.tfevents.1776098432.e18ce739cf4e.13621.0,train/epoch,1120,1776155572.7082322,2.166585922241211,scalar
events.out.tfevents.1776098432.e18ce739cf4e.13621.0,train/epoch,1120,1776155598.4597251,2.166585922241211,scalar
events.out.tfevents.1776098432.e18ce739cf4e.13621.0,train/epoch,1125,1776155837.3528767,2.1762712001800537,scalar
events.out.tfevents.1776098432.e18ce739cf4e.13621.0,train/epoch,1130,1776156080.4765794,2.1859564781188965,scalar
events.out.tfevents.1776098432.e18ce739cf4e.13621.0,train/epoch,1130,1776156108.9868598,2.1859564781188965,scalar
events.out.tfevents.1776098432.e18ce739cf4e.13621.0,train/epoch,1135,1776156355.65523,2.1956417560577393,scalar
events.out.tfevents.1776098432.e18ce739cf4e.13621.0,train/epoch,1140,1776156598.3888302,2.205326795578003,scalar
events.out.tfevents.1776098432.e18ce739cf4e.13621.0,train/epoch,1140,1776156624.0609198,2.205326795578003,scalar
events.out.tfevents.1776098432.e18ce739cf4e.13621.0,train/epoch,1145,1776156861.6673758,2.2150120735168457,scalar
events.out.tfevents.1776098432.e18ce739cf4e.13621.0,train/epoch,1150,1776157103.2936478,2.2246973514556885,scalar
events.out.tfevents.1776098432.e18ce739cf4e.13621.0,train/epoch,1150,1776157128.8986077,2.2246973514556885,scalar
events.out.tfevents.1776098432.e18ce739cf4e.13621.0,train/epoch,1155,1776157365.2145007,2.2343826293945312,scalar
events.out.tfevents.1776098432.e18ce739cf4e.13621.0,train/epoch,1160,1776157621.1114085,2.244067907333374,scalar
events.out.tfevents.1776098432.e18ce739cf4e.13621.0,train/epoch,1160,1776157646.718305,2.244067907333374,scalar
events.out.tfevents.1776098432.e18ce739cf4e.13621.0,train/epoch,1165,1776157876.259238,2.2537529468536377,scalar
events.out.tfevents.1776098432.e18ce739cf4e.13621.0,train/epoch,1170,1776158111.315921,2.2634382247924805,scalar
events.out.tfevents.1776098432.e18ce739cf4e.13621.0,train/epoch,1170,1776158137.8995817,2.2634382247924805,scalar
events.out.tfevents.1776098432.e18ce739cf4e.13621.0,eval/loss,10,1776098949.187964,1.567651629447937,scalar
events.out.tfevents.1776098432.e18ce739cf4e.13621.0,eval/loss,20,1776099440.761343,1.061995506286621,scalar
events.out.tfevents.1776098432.e18ce739cf4e.13621.0,eval/loss,30,1776099992.2255487,0.5467585921287537,scalar
events.out.tfevents.1776098432.e18ce739cf4e.13621.0,eval/loss,40,1776100518.8757498,0.4001016318798065,scalar
events.out.tfevents.1776098432.e18ce739cf4e.13621.0,eval/loss,50,1776101032.717789,0.33946025371551514,scalar
events.out.tfevents.1776098432.e18ce739cf4e.13621.0,eval/loss,60,1776101553.2963126,0.31353455781936646,scalar
events.out.tfevents.1776098432.e18ce739cf4e.13621.0,eval/loss,70,1776102050.5513978,0.2998676002025604,scalar
events.out.tfevents.1776098432.e18ce739cf4e.13621.0,eval/loss,80,1776102589.0433903,0.29085150361061096,scalar
events.out.tfevents.1776098432.e18ce739cf4e.13621.0,eval/loss,90,1776103110.5898304,0.2838154733181,scalar
events.out.tfevents.1776098432.e18ce739cf4e.13621.0,eval/loss,100,1776103605.5220697,0.2792244851589203,scalar
events.out.tfevents.1776098432.e18ce739cf4e.13621.0,eval/loss,110,1776104162.343783,0.27438896894454956,scalar
events.out.tfevents.1776098432.e18ce739cf4e.13621.0,eval/loss,120,1776104677.0607128,0.2703249454498291,scalar
events.out.tfevents.1776098432.e18ce739cf4e.13621.0,eval/loss,130,1776105233.0159907,0.2686484754085541,scalar
events.out.tfevents.1776098432.e18ce739cf4e.13621.0,eval/loss,140,1776105726.8904397,0.26563307642936707,scalar
events.out.tfevents.1776098432.e18ce739cf4e.13621.0,eval/loss,150,1776106266.729072,0.2623269259929657,scalar
events.out.tfevents.1776098432.e18ce739cf4e.13621.0,eval/loss,160,1776106762.1442506,0.2608228027820587,scalar
events.out.tfevents.1776098432.e18ce739cf4e.13621.0,eval/loss,170,1776107248.2617486,0.2583770453929901,scalar
events.out.tfevents.1776098432.e18ce739cf4e.13621.0,eval/loss,180,1776107752.700432,0.2578466236591339,scalar
events.out.tfevents.1776098432.e18ce739cf4e.13621.0,eval/loss,190,1776108245.502158,0.2549450993537903,scalar
events.out.tfevents.1776098432.e18ce739cf4e.13621.0,eval/loss,200,1776108739.1559472,0.2540300786495209,scalar
events.out.tfevents.1776098432.e18ce739cf4e.13621.0,eval/loss,210,1776109270.0239258,0.2535949945449829,scalar
events.out.tfevents.1776098432.e18ce739cf4e.13621.0,eval/loss,220,1776109772.377235,0.2518770396709442,scalar
events.out.tfevents.1776098432.e18ce739cf4e.13621.0,eval/loss,230,1776110271.873718,0.25002041459083557,scalar
events.out.tfevents.1776098432.e18ce739cf4e.13621.0,eval/loss,240,1776110776.7877564,0.24956923723220825,scalar
events.out.tfevents.1776098432.e18ce739cf4e.13621.0,eval/loss,250,1776111273.4491103,0.24900946021080017,scalar
events.out.tfevents.1776098432.e18ce739cf4e.13621.0,eval/loss,260,1776111785.9430594,0.24863678216934204,scalar
events.out.tfevents.1776098432.e18ce739cf4e.13621.0,eval/loss,270,1776112290.85658,0.24565717577934265,scalar
events.out.tfevents.1776098432.e18ce739cf4e.13621.0,eval/loss,280,1776112800.3170767,0.24618278443813324,scalar
events.out.tfevents.1776098432.e18ce739cf4e.13621.0,eval/loss,290,1776113303.6087809,0.2446899563074112,scalar
events.out.tfevents.1776098432.e18ce739cf4e.13621.0,eval/loss,300,1776113819.1122603,0.24391745030879974,scalar
events.out.tfevents.1776098432.e18ce739cf4e.13621.0,eval/loss,310,1776114339.8924992,0.24558891355991364,scalar
events.out.tfevents.1776098432.e18ce739cf4e.13621.0,eval/loss,320,1776114829.2639246,0.2421504557132721,scalar
events.out.tfevents.1776098432.e18ce739cf4e.13621.0,eval/loss,330,1776115313.5278337,0.24256329238414764,scalar
events.out.tfevents.1776098432.e18ce739cf4e.13621.0,eval/loss,340,1776115835.6171722,0.24034179747104645,scalar
events.out.tfevents.1776098432.e18ce739cf4e.13621.0,eval/loss,350,1776116330.708786,0.23997049033641815,scalar
events.out.tfevents.1776098432.e18ce739cf4e.13621.0,eval/loss,360,1776116865.5750427,0.24066638946533203,scalar
events.out.tfevents.1776098432.e18ce739cf4e.13621.0,eval/loss,370,1776117368.1797903,0.23933739960193634,scalar
events.out.tfevents.1776098432.e18ce739cf4e.13621.0,eval/loss,380,1776117864.426735,0.23828940093517303,scalar
events.out.tfevents.1776098432.e18ce739cf4e.13621.0,eval/loss,390,1776118350.0936496,0.23876355588436127,scalar
events.out.tfevents.1776098432.e18ce739cf4e.13621.0,eval/loss,400,1776118863.8429492,0.2377019077539444,scalar
events.out.tfevents.1776098432.e18ce739cf4e.13621.0,eval/loss,410,1776119380.5811703,0.2376975119113922,scalar
events.out.tfevents.1776098432.e18ce739cf4e.13621.0,eval/loss,420,1776119862.281005,0.239244744181633,scalar
events.out.tfevents.1776098432.e18ce739cf4e.13621.0,eval/loss,430,1776120347.563707,0.23814725875854492,scalar
events.out.tfevents.1776098432.e18ce739cf4e.13621.0,eval/loss,440,1776120839.0902054,0.23681025207042694,scalar
events.out.tfevents.1776098432.e18ce739cf4e.13621.0,eval/loss,450,1776121363.831165,0.23627306520938873,scalar
events.out.tfevents.1776098432.e18ce739cf4e.13621.0,eval/loss,460,1776121893.6068003,0.23447445034980774,scalar
events.out.tfevents.1776098432.e18ce739cf4e.13621.0,eval/loss,470,1776122423.304977,0.23421119153499603,scalar
events.out.tfevents.1776098432.e18ce739cf4e.13621.0,eval/loss,480,1776122933.2569454,0.2344377636909485,scalar
events.out.tfevents.1776098432.e18ce739cf4e.13621.0,eval/loss,490,1776123430.105296,0.23376521468162537,scalar
events.out.tfevents.1776098432.e18ce739cf4e.13621.0,eval/loss,500,1776123942.429162,0.23301109671592712,scalar
events.out.tfevents.1776098432.e18ce739cf4e.13621.0,eval/loss,510,1776124443.4443357,0.2326316386461258,scalar
events.out.tfevents.1776098432.e18ce739cf4e.13621.0,eval/loss,520,1776124950.343438,0.23411405086517334,scalar
events.out.tfevents.1776098432.e18ce739cf4e.13621.0,eval/loss,530,1776125462.4288397,0.23397478461265564,scalar
events.out.tfevents.1776098432.e18ce739cf4e.13621.0,eval/loss,540,1776125967.107079,0.23166580498218536,scalar
events.out.tfevents.1776098432.e18ce739cf4e.13621.0,eval/loss,550,1776126492.7418678,0.23214924335479736,scalar
events.out.tfevents.1776098432.e18ce739cf4e.13621.0,eval/loss,560,1776127019.980496,0.23099149763584137,scalar
events.out.tfevents.1776098432.e18ce739cf4e.13621.0,eval/loss,570,1776127503.4246,0.23121269047260284,scalar
events.out.tfevents.1776098432.e18ce739cf4e.13621.0,eval/loss,580,1776128014.7200036,0.23037897050380707,scalar
events.out.tfevents.1776098432.e18ce739cf4e.13621.0,eval/loss,590,1776128508.317635,0.22913062572479248,scalar
events.out.tfevents.1776098432.e18ce739cf4e.13621.0,eval/loss,600,1776129013.3018017,0.23082399368286133,scalar
events.out.tfevents.1776098432.e18ce739cf4e.13621.0,eval/loss,610,1776129538.0655951,0.2293548583984375,scalar
events.out.tfevents.1776098432.e18ce739cf4e.13621.0,eval/loss,620,1776130069.9106307,0.22963130474090576,scalar
events.out.tfevents.1776098432.e18ce739cf4e.13621.0,eval/loss,630,1776130575.666519,0.2289406657218933,scalar
events.out.tfevents.1776098432.e18ce739cf4e.13621.0,eval/loss,640,1776131079.4553263,0.23120087385177612,scalar
events.out.tfevents.1776098432.e18ce739cf4e.13621.0,eval/loss,650,1776131580.8297284,0.22816699743270874,scalar
events.out.tfevents.1776098432.e18ce739cf4e.13621.0,eval/loss,660,1776132090.4727445,0.2285369485616684,scalar
events.out.tfevents.1776098432.e18ce739cf4e.13621.0,eval/loss,670,1776132578.8386645,0.2284756600856781,scalar
events.out.tfevents.1776098432.e18ce739cf4e.13621.0,eval/loss,680,1776133071.6103067,0.22809921205043793,scalar
events.out.tfevents.1776098432.e18ce739cf4e.13621.0,eval/loss,690,1776133574.2889504,0.22785153985023499,scalar
events.out.tfevents.1776098432.e18ce739cf4e.13621.0,eval/loss,700,1776134099.6856105,0.22790341079235077,scalar
events.out.tfevents.1776098432.e18ce739cf4e.13621.0,eval/loss,710,1776134634.5344758,0.22641636431217194,scalar
events.out.tfevents.1776098432.e18ce739cf4e.13621.0,eval/loss,720,1776135132.51764,0.22672857344150543,scalar
events.out.tfevents.1776098432.e18ce739cf4e.13621.0,eval/loss,730,1776135615.2195835,0.22644667327404022,scalar
events.out.tfevents.1776098432.e18ce739cf4e.13621.0,eval/loss,740,1776136126.7043023,0.22544051706790924,scalar
events.out.tfevents.1776098432.e18ce739cf4e.13621.0,eval/loss,750,1776136628.1691616,0.22526954114437103,scalar
events.out.tfevents.1776098432.e18ce739cf4e.13621.0,eval/loss,760,1776137136.2086463,0.22559696435928345,scalar
events.out.tfevents.1776098432.e18ce739cf4e.13621.0,eval/loss,770,1776137635.572661,0.22477352619171143,scalar
events.out.tfevents.1776098432.e18ce739cf4e.13621.0,eval/loss,780,1776138171.7612262,0.2250761091709137,scalar
events.out.tfevents.1776098432.e18ce739cf4e.13621.0,eval/loss,790,1776138672.3931394,0.2261132448911667,scalar
events.out.tfevents.1776098432.e18ce739cf4e.13621.0,eval/loss,800,1776139162.7915921,0.22665424644947052,scalar
events.out.tfevents.1776098432.e18ce739cf4e.13621.0,eval/loss,810,1776139687.2785776,0.2260415405035019,scalar
events.out.tfevents.1776098432.e18ce739cf4e.13621.0,eval/loss,820,1776140195.9944017,0.2229384481906891,scalar
events.out.tfevents.1776098432.e18ce739cf4e.13621.0,eval/loss,830,1776140709.708688,0.22282837331295013,scalar
events.out.tfevents.1776098432.e18ce739cf4e.13621.0,eval/loss,840,1776141254.2666075,0.22313323616981506,scalar
events.out.tfevents.1776098432.e18ce739cf4e.13621.0,eval/loss,850,1776141751.9427412,0.22520801424980164,scalar
events.out.tfevents.1776098432.e18ce739cf4e.13621.0,eval/loss,860,1776142303.3257735,0.2236781120300293,scalar
events.out.tfevents.1776098432.e18ce739cf4e.13621.0,eval/loss,870,1776142783.4759948,0.22275474667549133,scalar
events.out.tfevents.1776098432.e18ce739cf4e.13621.0,eval/loss,880,1776143294.7031028,0.22329242527484894,scalar
events.out.tfevents.1776098432.e18ce739cf4e.13621.0,eval/loss,890,1776143812.0068634,0.2231617420911789,scalar
events.out.tfevents.1776098432.e18ce739cf4e.13621.0,eval/loss,900,1776144321.9661272,0.22250616550445557,scalar
events.out.tfevents.1776098432.e18ce739cf4e.13621.0,eval/loss,910,1776144836.7421641,0.22187118232250214,scalar
events.out.tfevents.1776098432.e18ce739cf4e.13621.0,eval/loss,920,1776145356.3559644,0.22270402312278748,scalar
events.out.tfevents.1776098432.e18ce739cf4e.13621.0,eval/loss,930,1776145860.1325989,0.22240348160266876,scalar
events.out.tfevents.1776098432.e18ce739cf4e.13621.0,eval/loss,940,1776146377.2108064,0.2213679701089859,scalar
events.out.tfevents.1776098432.e18ce739cf4e.13621.0,eval/loss,950,1776146910.7679355,0.2222958356142044,scalar
events.out.tfevents.1776098432.e18ce739cf4e.13621.0,eval/loss,960,1776147396.4927568,0.22094184160232544,scalar
events.out.tfevents.1776098432.e18ce739cf4e.13621.0,eval/loss,970,1776147916.9847746,0.2217239886522293,scalar
events.out.tfevents.1776098432.e18ce739cf4e.13621.0,eval/loss,980,1776148412.9793532,0.22158363461494446,scalar
events.out.tfevents.1776098432.e18ce739cf4e.13621.0,eval/loss,990,1776148919.3843713,0.2211465835571289,scalar
events.out.tfevents.1776098432.e18ce739cf4e.13621.0,eval/loss,1000,1776149410.2202113,0.22015957534313202,scalar
events.out.tfevents.1776098432.e18ce739cf4e.13621.0,eval/loss,1010,1776149913.4931076,0.2208748608827591,scalar
events.out.tfevents.1776098432.e18ce739cf4e.13621.0,eval/loss,1020,1776150438.1756303,0.2192831188440323,scalar
events.out.tfevents.1776098432.e18ce739cf4e.13621.0,eval/loss,1030,1776150954.5145671,0.21969234943389893,scalar
events.out.tfevents.1776098432.e18ce739cf4e.13621.0,eval/loss,1040,1776151481.21216,0.22097861766815186,scalar
events.out.tfevents.1776098432.e18ce739cf4e.13621.0,eval/loss,1050,1776151996.7151644,0.21917229890823364,scalar
events.out.tfevents.1776098432.e18ce739cf4e.13621.0,eval/loss,1060,1776152495.858283,0.2196163535118103,scalar
events.out.tfevents.1776098432.e18ce739cf4e.13621.0,eval/loss,1070,1776153020.2889075,0.21849048137664795,scalar
events.out.tfevents.1776098432.e18ce739cf4e.13621.0,eval/loss,1080,1776153513.8958588,0.22057229280471802,scalar
events.out.tfevents.1776098432.e18ce739cf4e.13621.0,eval/loss,1090,1776154028.371746,0.2204378843307495,scalar
events.out.tfevents.1776098432.e18ce739cf4e.13621.0,eval/loss,1100,1776154544.846439,0.21958066523075104,scalar
events.out.tfevents.1776098432.e18ce739cf4e.13621.0,eval/loss,1110,1776155046.8683927,0.2192898988723755,scalar
events.out.tfevents.1776098432.e18ce739cf4e.13621.0,eval/loss,1120,1776155598.4596047,0.2200327068567276,scalar
events.out.tfevents.1776098432.e18ce739cf4e.13621.0,eval/loss,1130,1776156108.9867496,0.21883748471736908,scalar
events.out.tfevents.1776098432.e18ce739cf4e.13621.0,eval/loss,1140,1776156624.0608094,0.21837294101715088,scalar
events.out.tfevents.1776098432.e18ce739cf4e.13621.0,eval/loss,1150,1776157128.8984919,0.21837833523750305,scalar
events.out.tfevents.1776098432.e18ce739cf4e.13621.0,eval/loss,1160,1776157646.7181919,0.21813209354877472,scalar
events.out.tfevents.1776098432.e18ce739cf4e.13621.0,eval/loss,1170,1776158137.8994658,0.2177577018737793,scalar
events.out.tfevents.1776098432.e18ce739cf4e.13621.0,eval/runtime,10,1776098949.1880026,25.49530029296875,scalar
events.out.tfevents.1776098432.e18ce739cf4e.13621.0,eval/runtime,20,1776099440.7613842,26.002500534057617,scalar
events.out.tfevents.1776098432.e18ce739cf4e.13621.0,eval/runtime,30,1776099992.225591,37.457801818847656,scalar
events.out.tfevents.1776098432.e18ce739cf4e.13621.0,eval/runtime,40,1776100518.8757927,25.870800018310547,scalar
events.out.tfevents.1776098432.e18ce739cf4e.13621.0,eval/runtime,50,1776101032.71785,25.800600051879883,scalar
events.out.tfevents.1776098432.e18ce739cf4e.13621.0,eval/runtime,60,1776101553.2963564,25.62380027770996,scalar
events.out.tfevents.1776098432.e18ce739cf4e.13621.0,eval/runtime,70,1776102050.5514395,26.458599090576172,scalar
events.out.tfevents.1776098432.e18ce739cf4e.13621.0,eval/runtime,80,1776102589.0434341,26.35070037841797,scalar
events.out.tfevents.1776098432.e18ce739cf4e.13621.0,eval/runtime,90,1776103110.5898705,25.76689910888672,scalar
events.out.tfevents.1776098432.e18ce739cf4e.13621.0,eval/runtime,100,1776103605.5221224,25.77589988708496,scalar
events.out.tfevents.1776098432.e18ce739cf4e.13621.0,eval/runtime,110,1776104162.3438218,72.07209777832031,scalar
events.out.tfevents.1776098432.e18ce739cf4e.13621.0,eval/runtime,120,1776104677.0607522,26.331100463867188,scalar
events.out.tfevents.1776098432.e18ce739cf4e.13621.0,eval/runtime,130,1776105233.0160348,25.908300399780273,scalar
events.out.tfevents.1776098432.e18ce739cf4e.13621.0,eval/runtime,140,1776105726.8904865,26.122900009155273,scalar
events.out.tfevents.1776098432.e18ce739cf4e.13621.0,eval/runtime,150,1776106266.7291336,27.23080062866211,scalar
events.out.tfevents.1776098432.e18ce739cf4e.13621.0,eval/runtime,160,1776106762.1442919,25.64419937133789,scalar
events.out.tfevents.1776098432.e18ce739cf4e.13621.0,eval/runtime,170,1776107248.2617953,25.745800018310547,scalar
events.out.tfevents.1776098432.e18ce739cf4e.13621.0,eval/runtime,180,1776107752.7004807,27.41349983215332,scalar
events.out.tfevents.1776098432.e18ce739cf4e.13621.0,eval/runtime,190,1776108245.502205,25.81559944152832,scalar
events.out.tfevents.1776098432.e18ce739cf4e.13621.0,eval/runtime,200,1776108739.1559885,25.749300003051758,scalar
events.out.tfevents.1776098432.e18ce739cf4e.13621.0,eval/runtime,210,1776109270.0239677,25.71179962158203,scalar
events.out.tfevents.1776098432.e18ce739cf4e.13621.0,eval/runtime,220,1776109772.3772788,25.672800064086914,scalar
events.out.tfevents.1776098432.e18ce739cf4e.13621.0,eval/runtime,230,1776110271.8737571,26.328500747680664,scalar
events.out.tfevents.1776098432.e18ce739cf4e.13621.0,eval/runtime,240,1776110776.7877965,25.829700469970703,scalar
events.out.tfevents.1776098432.e18ce739cf4e.13621.0,eval/runtime,250,1776111273.4491684,25.61479949951172,scalar
events.out.tfevents.1776098432.e18ce739cf4e.13621.0,eval/runtime,260,1776111785.943123,37.19810104370117,scalar
events.out.tfevents.1776098432.e18ce739cf4e.13621.0,eval/runtime,270,1776112290.856627,25.629899978637695,scalar
events.out.tfevents.1776098432.e18ce739cf4e.13621.0,eval/runtime,280,1776112800.3171313,25.584299087524414,scalar
events.out.tfevents.1776098432.e18ce739cf4e.13621.0,eval/runtime,290,1776113303.6088233,26.304000854492188,scalar
events.out.tfevents.1776098432.e18ce739cf4e.13621.0,eval/runtime,300,1776113819.1122994,29.172100067138672,scalar
events.out.tfevents.1776098432.e18ce739cf4e.13621.0,eval/runtime,310,1776114339.8925436,25.668100357055664,scalar
events.out.tfevents.1776098432.e18ce739cf4e.13621.0,eval/runtime,320,1776114829.263964,25.737300872802734,scalar
events.out.tfevents.1776098432.e18ce739cf4e.13621.0,eval/runtime,330,1776115313.5278723,25.635099411010742,scalar
events.out.tfevents.1776098432.e18ce739cf4e.13621.0,eval/runtime,340,1776115835.6172104,25.540000915527344,scalar
events.out.tfevents.1776098432.e18ce739cf4e.13621.0,eval/runtime,350,1776116330.7088256,25.875200271606445,scalar
events.out.tfevents.1776098432.e18ce739cf4e.13621.0,eval/runtime,360,1776116865.575084,25.86549949645996,scalar
events.out.tfevents.1776098432.e18ce739cf4e.13621.0,eval/runtime,370,1776117368.1798477,25.759899139404297,scalar
events.out.tfevents.1776098432.e18ce739cf4e.13621.0,eval/runtime,380,1776117864.4267747,25.792299270629883,scalar
events.out.tfevents.1776098432.e18ce739cf4e.13621.0,eval/runtime,390,1776118350.093693,25.58919906616211,scalar
events.out.tfevents.1776098432.e18ce739cf4e.13621.0,eval/runtime,400,1776118863.8430073,25.666000366210938,scalar
events.out.tfevents.1776098432.e18ce739cf4e.13621.0,eval/runtime,410,1776119380.5812094,25.639799118041992,scalar
events.out.tfevents.1776098432.e18ce739cf4e.13621.0,eval/runtime,420,1776119862.281047,25.625699996948242,scalar
events.out.tfevents.1776098432.e18ce739cf4e.13621.0,eval/runtime,430,1776120347.563748,26.47439956665039,scalar
events.out.tfevents.1776098432.e18ce739cf4e.13621.0,eval/runtime,440,1776120839.0902443,25.60689926147461,scalar
events.out.tfevents.1776098432.e18ce739cf4e.13621.0,eval/runtime,450,1776121363.8312056,37.13869857788086,scalar
events.out.tfevents.1776098432.e18ce739cf4e.13621.0,eval/runtime,460,1776121893.60684,25.572500228881836,scalar
events.out.tfevents.1776098432.e18ce739cf4e.13621.0,eval/runtime,470,1776122423.305017,25.795799255371094,scalar
events.out.tfevents.1776098432.e18ce739cf4e.13621.0,eval/runtime,480,1776122933.256986,25.576499938964844,scalar
events.out.tfevents.1776098432.e18ce739cf4e.13621.0,eval/runtime,490,1776123430.1053364,25.6200008392334,scalar
events.out.tfevents.1776098432.e18ce739cf4e.13621.0,eval/runtime,500,1776123942.4292006,25.494600296020508,scalar
events.out.tfevents.1776098432.e18ce739cf4e.13621.0,eval/runtime,510,1776124443.4443796,30.689699172973633,scalar
events.out.tfevents.1776098432.e18ce739cf4e.13621.0,eval/runtime,520,1776124950.3434775,25.791500091552734,scalar
events.out.tfevents.1776098432.e18ce739cf4e.13621.0,eval/runtime,530,1776125462.428879,28.86549949645996,scalar
events.out.tfevents.1776098432.e18ce739cf4e.13621.0,eval/runtime,540,1776125967.1071303,25.721799850463867,scalar
events.out.tfevents.1776098432.e18ce739cf4e.13621.0,eval/runtime,550,1776126492.7419128,25.76609992980957,scalar
events.out.tfevents.1776098432.e18ce739cf4e.13621.0,eval/runtime,560,1776127019.9805386,26.337400436401367,scalar
events.out.tfevents.1776098432.e18ce739cf4e.13621.0,eval/runtime,570,1776127503.424639,26.26219940185547,scalar
events.out.tfevents.1776098432.e18ce739cf4e.13621.0,eval/runtime,580,1776128014.7200458,25.73740005493164,scalar
events.out.tfevents.1776098432.e18ce739cf4e.13621.0,eval/runtime,590,1776128508.317674,26.473600387573242,scalar
events.out.tfevents.1776098432.e18ce739cf4e.13621.0,eval/runtime,600,1776129013.301842,25.681499481201172,scalar
events.out.tfevents.1776098432.e18ce739cf4e.13621.0,eval/runtime,610,1776129538.065635,25.76609992980957,scalar
events.out.tfevents.1776098432.e18ce739cf4e.13621.0,eval/runtime,620,1776130069.9106803,25.60890007019043,scalar
events.out.tfevents.1776098432.e18ce739cf4e.13621.0,eval/runtime,630,1776130575.6665583,25.615400314331055,scalar
events.out.tfevents.1776098432.e18ce739cf4e.13621.0,eval/runtime,640,1776131079.455366,25.737199783325195,scalar
events.out.tfevents.1776098432.e18ce739cf4e.13621.0,eval/runtime,650,1776131580.829772,26.49340057373047,scalar
events.out.tfevents.1776098432.e18ce739cf4e.13621.0,eval/runtime,660,1776132090.472786,25.550100326538086,scalar
events.out.tfevents.1776098432.e18ce739cf4e.13621.0,eval/runtime,670,1776132578.8387105,25.687299728393555,scalar
events.out.tfevents.1776098432.e18ce739cf4e.13621.0,eval/runtime,680,1776133071.6103551,25.72319984436035,scalar
events.out.tfevents.1776098432.e18ce739cf4e.13621.0,eval/runtime,690,1776133574.2889905,25.779399871826172,scalar
events.out.tfevents.1776098432.e18ce739cf4e.13621.0,eval/runtime,700,1776134099.68565,33.4911003112793,scalar
events.out.tfevents.1776098432.e18ce739cf4e.13621.0,eval/runtime,710,1776134634.5345323,25.71809959411621,scalar
events.out.tfevents.1776098432.e18ce739cf4e.13621.0,eval/runtime,720,1776135132.5176888,25.700700759887695,scalar
events.out.tfevents.1776098432.e18ce739cf4e.13621.0,eval/runtime,730,1776135615.2196283,25.937000274658203,scalar
events.out.tfevents.1776098432.e18ce739cf4e.13621.0,eval/runtime,740,1776136126.7043428,25.5403995513916,scalar
events.out.tfevents.1776098432.e18ce739cf4e.13621.0,eval/runtime,750,1776136628.1692019,25.878000259399414,scalar
events.out.tfevents.1776098432.e18ce739cf4e.13621.0,eval/runtime,760,1776137136.2086878,25.791400909423828,scalar
events.out.tfevents.1776098432.e18ce739cf4e.13621.0,eval/runtime,770,1776137635.572701,25.70359992980957,scalar
events.out.tfevents.1776098432.e18ce739cf4e.13621.0,eval/runtime,780,1776138171.761265,27.167299270629883,scalar
events.out.tfevents.1776098432.e18ce739cf4e.13621.0,eval/runtime,790,1776138672.393183,25.751300811767578,scalar
events.out.tfevents.1776098432.e18ce739cf4e.13621.0,eval/runtime,800,1776139162.7916403,25.654300689697266,scalar
events.out.tfevents.1776098432.e18ce739cf4e.13621.0,eval/runtime,810,1776139687.278617,25.607999801635742,scalar
events.out.tfevents.1776098432.e18ce739cf4e.13621.0,eval/runtime,820,1776140195.9944487,25.705699920654297,scalar
events.out.tfevents.1776098432.e18ce739cf4e.13621.0,eval/runtime,830,1776140709.7087345,25.856800079345703,scalar
events.out.tfevents.1776098432.e18ce739cf4e.13621.0,eval/runtime,840,1776141254.2666476,25.872400283813477,scalar
events.out.tfevents.1776098432.e18ce739cf4e.13621.0,eval/runtime,850,1776141751.9427788,25.700000762939453,scalar
events.out.tfevents.1776098432.e18ce739cf4e.13621.0,eval/runtime,860,1776142303.3258162,25.604700088500977,scalar
events.out.tfevents.1776098432.e18ce739cf4e.13621.0,eval/runtime,870,1776142783.476036,25.608600616455078,scalar
events.out.tfevents.1776098432.e18ce739cf4e.13621.0,eval/runtime,880,1776143294.7031577,43.787899017333984,scalar
events.out.tfevents.1776098432.e18ce739cf4e.13621.0,eval/runtime,890,1776143812.006912,25.710399627685547,scalar
events.out.tfevents.1776098432.e18ce739cf4e.13621.0,eval/runtime,900,1776144321.9661682,25.713600158691406,scalar
events.out.tfevents.1776098432.e18ce739cf4e.13621.0,eval/runtime,910,1776144836.7422194,26.47909927368164,scalar
events.out.tfevents.1776098432.e18ce739cf4e.13621.0,eval/runtime,920,1776145356.3560057,25.68589973449707,scalar
events.out.tfevents.1776098432.e18ce739cf4e.13621.0,eval/runtime,930,1776145860.132646,25.650800704956055,scalar
events.out.tfevents.1776098432.e18ce739cf4e.13621.0,eval/runtime,940,1776146377.2108538,25.63409996032715,scalar
events.out.tfevents.1776098432.e18ce739cf4e.13621.0,eval/runtime,950,1776146910.7679741,25.646499633789062,scalar
events.out.tfevents.1776098432.e18ce739cf4e.13621.0,eval/runtime,960,1776147396.492803,25.627700805664062,scalar
events.out.tfevents.1776098432.e18ce739cf4e.13621.0,eval/runtime,970,1776147916.9848175,25.760700225830078,scalar
events.out.tfevents.1776098432.e18ce739cf4e.13621.0,eval/runtime,980,1776148412.979395,25.967500686645508,scalar
events.out.tfevents.1776098432.e18ce739cf4e.13621.0,eval/runtime,990,1776148919.384435,25.650699615478516,scalar
events.out.tfevents.1776098432.e18ce739cf4e.13621.0,eval/runtime,1000,1776149410.220251,25.7096004486084,scalar
events.out.tfevents.1776098432.e18ce739cf4e.13621.0,eval/runtime,1010,1776149913.4931636,25.650999069213867,scalar
events.out.tfevents.1776098432.e18ce739cf4e.13621.0,eval/runtime,1020,1776150438.175669,25.617300033569336,scalar
events.out.tfevents.1776098432.e18ce739cf4e.13621.0,eval/runtime,1030,1776150954.5146081,25.810699462890625,scalar
events.out.tfevents.1776098432.e18ce739cf4e.13621.0,eval/runtime,1040,1776151481.2122033,25.592500686645508,scalar
events.out.tfevents.1776098432.e18ce739cf4e.13621.0,eval/runtime,1050,1776151996.715203,32.04930114746094,scalar
events.out.tfevents.1776098432.e18ce739cf4e.13621.0,eval/runtime,1060,1776152495.858322,37.49209976196289,scalar
events.out.tfevents.1776098432.e18ce739cf4e.13621.0,eval/runtime,1070,1776153020.2889497,26.20949935913086,scalar
events.out.tfevents.1776098432.e18ce739cf4e.13621.0,eval/runtime,1080,1776153513.8959212,25.613300323486328,scalar
events.out.tfevents.1776098432.e18ce739cf4e.13621.0,eval/runtime,1090,1776154028.3717859,26.52910041809082,scalar
events.out.tfevents.1776098432.e18ce739cf4e.13621.0,eval/runtime,1100,1776154544.8465014,25.736400604248047,scalar
events.out.tfevents.1776098432.e18ce739cf4e.13621.0,eval/runtime,1110,1776155046.8684337,26.13170051574707,scalar
events.out.tfevents.1776098432.e18ce739cf4e.13621.0,eval/runtime,1120,1776155598.459645,25.749000549316406,scalar
events.out.tfevents.1776098432.e18ce739cf4e.13621.0,eval/runtime,1130,1776156108.9867904,28.507699966430664,scalar
events.out.tfevents.1776098432.e18ce739cf4e.13621.0,eval/runtime,1140,1776156624.0608504,25.669200897216797,scalar
events.out.tfevents.1776098432.e18ce739cf4e.13621.0,eval/runtime,1150,1776157128.8985333,25.602399826049805,scalar
events.out.tfevents.1776098432.e18ce739cf4e.13621.0,eval/runtime,1160,1776157646.7182312,25.604299545288086,scalar
events.out.tfevents.1776098432.e18ce739cf4e.13621.0,eval/runtime,1170,1776158137.899508,26.580900192260742,scalar
events.out.tfevents.1776098432.e18ce739cf4e.13621.0,eval/samples_per_second,10,1776098949.1880183,1.9609999656677246,scalar
events.out.tfevents.1776098432.e18ce739cf4e.13621.0,eval/samples_per_second,20,1776099440.7613997,1.9229999780654907,scalar
events.out.tfevents.1776098432.e18ce739cf4e.13621.0,eval/samples_per_second,30,1776099992.2256062,1.3350000381469727,scalar
events.out.tfevents.1776098432.e18ce739cf4e.13621.0,eval/samples_per_second,40,1776100518.8758085,1.9329999685287476,scalar
events.out.tfevents.1776098432.e18ce739cf4e.13621.0,eval/samples_per_second,50,1776101032.7178655,1.937999963760376,scalar
events.out.tfevents.1776098432.e18ce739cf4e.13621.0,eval/samples_per_second,60,1776101553.2963722,1.9509999752044678,scalar
events.out.tfevents.1776098432.e18ce739cf4e.13621.0,eval/samples_per_second,70,1776102050.5514553,1.8899999856948853,scalar
events.out.tfevents.1776098432.e18ce739cf4e.13621.0,eval/samples_per_second,80,1776102589.0434499,1.8969999551773071,scalar
events.out.tfevents.1776098432.e18ce739cf4e.13621.0,eval/samples_per_second,90,1776103110.5898926,1.940000057220459,scalar
events.out.tfevents.1776098432.e18ce739cf4e.13621.0,eval/samples_per_second,100,1776103605.522138,1.940000057220459,scalar
events.out.tfevents.1776098432.e18ce739cf4e.13621.0,eval/samples_per_second,110,1776104162.343838,0.6940000057220459,scalar
events.out.tfevents.1776098432.e18ce739cf4e.13621.0,eval/samples_per_second,120,1776104677.0607677,1.8990000486373901,scalar
events.out.tfevents.1776098432.e18ce739cf4e.13621.0,eval/samples_per_second,130,1776105233.016054,1.9299999475479126,scalar
events.out.tfevents.1776098432.e18ce739cf4e.13621.0,eval/samples_per_second,140,1776105726.8905082,1.9140000343322754,scalar
events.out.tfevents.1776098432.e18ce739cf4e.13621.0,eval/samples_per_second,150,1776106266.7291489,1.8359999656677246,scalar
events.out.tfevents.1776098432.e18ce739cf4e.13621.0,eval/samples_per_second,160,1776106762.144307,1.9500000476837158,scalar
events.out.tfevents.1776098432.e18ce739cf4e.13621.0,eval/samples_per_second,170,1776107248.2618115,1.9420000314712524,scalar
events.out.tfevents.1776098432.e18ce739cf4e.13621.0,eval/samples_per_second,180,1776107752.700505,1.8240000009536743,scalar
events.out.tfevents.1776098432.e18ce739cf4e.13621.0,eval/samples_per_second,190,1776108245.502221,1.937000036239624,scalar
events.out.tfevents.1776098432.e18ce739cf4e.13621.0,eval/samples_per_second,200,1776108739.1560047,1.9420000314712524,scalar
events.out.tfevents.1776098432.e18ce739cf4e.13621.0,eval/samples_per_second,210,1776109270.0239828,1.9450000524520874,scalar
events.out.tfevents.1776098432.e18ce739cf4e.13621.0,eval/samples_per_second,220,1776109772.3772945,1.9479999542236328,scalar
events.out.tfevents.1776098432.e18ce739cf4e.13621.0,eval/samples_per_second,230,1776110271.8737738,1.8990000486373901,scalar
events.out.tfevents.1776098432.e18ce739cf4e.13621.0,eval/samples_per_second,240,1776110776.7878115,1.9359999895095825,scalar
events.out.tfevents.1776098432.e18ce739cf4e.13621.0,eval/samples_per_second,250,1776111273.4491858,1.9520000219345093,scalar
events.out.tfevents.1776098432.e18ce739cf4e.13621.0,eval/samples_per_second,260,1776111785.9431398,1.343999981880188,scalar
events.out.tfevents.1776098432.e18ce739cf4e.13621.0,eval/samples_per_second,270,1776112290.8566434,1.9509999752044678,scalar
events.out.tfevents.1776098432.e18ce739cf4e.13621.0,eval/samples_per_second,280,1776112800.3171458,1.9539999961853027,scalar
events.out.tfevents.1776098432.e18ce739cf4e.13621.0,eval/samples_per_second,290,1776113303.6088395,1.9010000228881836,scalar
events.out.tfevents.1776098432.e18ce739cf4e.13621.0,eval/samples_per_second,300,1776113819.1123152,1.7139999866485596,scalar
events.out.tfevents.1776098432.e18ce739cf4e.13621.0,eval/samples_per_second,310,1776114339.8925598,1.9479999542236328,scalar
events.out.tfevents.1776098432.e18ce739cf4e.13621.0,eval/samples_per_second,320,1776114829.2639792,1.9429999589920044,scalar
events.out.tfevents.1776098432.e18ce739cf4e.13621.0,eval/samples_per_second,330,1776115313.527888,1.9500000476837158,scalar
events.out.tfevents.1776098432.e18ce739cf4e.13621.0,eval/samples_per_second,340,1776115835.6172252,1.9579999446868896,scalar
events.out.tfevents.1776098432.e18ce739cf4e.13621.0,eval/samples_per_second,350,1776116330.7088494,1.9320000410079956,scalar
events.out.tfevents.1776098432.e18ce739cf4e.13621.0,eval/samples_per_second,360,1776116865.5751143,1.9329999685287476,scalar
events.out.tfevents.1776098432.e18ce739cf4e.13621.0,eval/samples_per_second,370,1776117368.179871,1.940999984741211,scalar
events.out.tfevents.1776098432.e18ce739cf4e.13621.0,eval/samples_per_second,380,1776117864.4267902,1.9390000104904175,scalar
events.out.tfevents.1776098432.e18ce739cf4e.13621.0,eval/samples_per_second,390,1776118350.0937083,1.9539999961853027,scalar
events.out.tfevents.1776098432.e18ce739cf4e.13621.0,eval/samples_per_second,400,1776118863.8430288,1.9479999542236328,scalar
events.out.tfevents.1776098432.e18ce739cf4e.13621.0,eval/samples_per_second,410,1776119380.5812242,1.9500000476837158,scalar
events.out.tfevents.1776098432.e18ce739cf4e.13621.0,eval/samples_per_second,420,1776119862.2810628,1.9509999752044678,scalar
events.out.tfevents.1776098432.e18ce739cf4e.13621.0,eval/samples_per_second,430,1776120347.5637631,1.8890000581741333,scalar
events.out.tfevents.1776098432.e18ce739cf4e.13621.0,eval/samples_per_second,440,1776120839.0902596,1.9529999494552612,scalar
events.out.tfevents.1776098432.e18ce739cf4e.13621.0,eval/samples_per_second,450,1776121363.8312216,1.3459999561309814,scalar
events.out.tfevents.1776098432.e18ce739cf4e.13621.0,eval/samples_per_second,460,1776121893.6068552,1.9550000429153442,scalar
events.out.tfevents.1776098432.e18ce739cf4e.13621.0,eval/samples_per_second,470,1776122423.3050327,1.937999963760376,scalar
events.out.tfevents.1776098432.e18ce739cf4e.13621.0,eval/samples_per_second,480,1776122933.2570016,1.9550000429153442,scalar
events.out.tfevents.1776098432.e18ce739cf4e.13621.0,eval/samples_per_second,490,1776123430.1053512,1.9520000219345093,scalar
events.out.tfevents.1776098432.e18ce739cf4e.13621.0,eval/samples_per_second,500,1776123942.4292157,1.9609999656677246,scalar
events.out.tfevents.1776098432.e18ce739cf4e.13621.0,eval/samples_per_second,510,1776124443.4443953,1.628999948501587,scalar
events.out.tfevents.1776098432.e18ce739cf4e.13621.0,eval/samples_per_second,520,1776124950.3434932,1.9390000104904175,scalar
events.out.tfevents.1776098432.e18ce739cf4e.13621.0,eval/samples_per_second,530,1776125462.428895,1.7319999933242798,scalar
events.out.tfevents.1776098432.e18ce739cf4e.13621.0,eval/samples_per_second,540,1776125967.1071463,1.944000005722046,scalar
events.out.tfevents.1776098432.e18ce739cf4e.13621.0,eval/samples_per_second,550,1776126492.7419345,1.940999984741211,scalar
events.out.tfevents.1776098432.e18ce739cf4e.13621.0,eval/samples_per_second,560,1776127019.9805536,1.8980000019073486,scalar
events.out.tfevents.1776098432.e18ce739cf4e.13621.0,eval/samples_per_second,570,1776127503.4246578,1.9040000438690186,scalar
events.out.tfevents.1776098432.e18ce739cf4e.13621.0,eval/samples_per_second,580,1776128014.7200618,1.9429999589920044,scalar
events.out.tfevents.1776098432.e18ce739cf4e.13621.0,eval/samples_per_second,590,1776128508.3176897,1.8890000581741333,scalar
events.out.tfevents.1776098432.e18ce739cf4e.13621.0,eval/samples_per_second,600,1776129013.3018565,1.9470000267028809,scalar
events.out.tfevents.1776098432.e18ce739cf4e.13621.0,eval/samples_per_second,610,1776129538.0656497,1.940999984741211,scalar
events.out.tfevents.1776098432.e18ce739cf4e.13621.0,eval/samples_per_second,620,1776130069.9106963,1.9520000219345093,scalar
events.out.tfevents.1776098432.e18ce739cf4e.13621.0,eval/samples_per_second,630,1776130575.666573,1.9520000219345093,scalar
events.out.tfevents.1776098432.e18ce739cf4e.13621.0,eval/samples_per_second,640,1776131079.4553802,1.9429999589920044,scalar
events.out.tfevents.1776098432.e18ce739cf4e.13621.0,eval/samples_per_second,650,1776131580.8297875,1.8869999647140503,scalar
events.out.tfevents.1776098432.e18ce739cf4e.13621.0,eval/samples_per_second,660,1776132090.4728014,1.9570000171661377,scalar
events.out.tfevents.1776098432.e18ce739cf4e.13621.0,eval/samples_per_second,670,1776132578.8387268,1.9459999799728394,scalar
events.out.tfevents.1776098432.e18ce739cf4e.13621.0,eval/samples_per_second,680,1776133071.610378,1.944000005722046,scalar
events.out.tfevents.1776098432.e18ce739cf4e.13621.0,eval/samples_per_second,690,1776133574.289006,1.940000057220459,scalar
events.out.tfevents.1776098432.e18ce739cf4e.13621.0,eval/samples_per_second,700,1776134099.6856728,1.4930000305175781,scalar
events.out.tfevents.1776098432.e18ce739cf4e.13621.0,eval/samples_per_second,710,1776134634.5345478,1.944000005722046,scalar
events.out.tfevents.1776098432.e18ce739cf4e.13621.0,eval/samples_per_second,720,1776135132.5177052,1.9450000524520874,scalar
events.out.tfevents.1776098432.e18ce739cf4e.13621.0,eval/samples_per_second,730,1776135615.2196434,1.9279999732971191,scalar
events.out.tfevents.1776098432.e18ce739cf4e.13621.0,eval/samples_per_second,740,1776136126.7043576,1.9579999446868896,scalar
events.out.tfevents.1776098432.e18ce739cf4e.13621.0,eval/samples_per_second,750,1776136628.1692178,1.9320000410079956,scalar
events.out.tfevents.1776098432.e18ce739cf4e.13621.0,eval/samples_per_second,760,1776137136.2087042,1.9390000104904175,scalar
events.out.tfevents.1776098432.e18ce739cf4e.13621.0,eval/samples_per_second,770,1776137635.5727177,1.9450000524520874,scalar
events.out.tfevents.1776098432.e18ce739cf4e.13621.0,eval/samples_per_second,780,1776138171.7612808,1.840000033378601,scalar
events.out.tfevents.1776098432.e18ce739cf4e.13621.0,eval/samples_per_second,790,1776138672.3931983,1.9420000314712524,scalar
events.out.tfevents.1776098432.e18ce739cf4e.13621.0,eval/samples_per_second,800,1776139162.791656,1.9490000009536743,scalar
events.out.tfevents.1776098432.e18ce739cf4e.13621.0,eval/samples_per_second,810,1776139687.2786324,1.9529999494552612,scalar
events.out.tfevents.1776098432.e18ce739cf4e.13621.0,eval/samples_per_second,820,1776140195.9944885,1.9450000524520874,scalar
events.out.tfevents.1776098432.e18ce739cf4e.13621.0,eval/samples_per_second,830,1776140709.7087572,1.934000015258789,scalar
events.out.tfevents.1776098432.e18ce739cf4e.13621.0,eval/samples_per_second,840,1776141254.2666626,1.9329999685287476,scalar
events.out.tfevents.1776098432.e18ce739cf4e.13621.0,eval/samples_per_second,850,1776141751.9427946,1.9459999799728394,scalar
events.out.tfevents.1776098432.e18ce739cf4e.13621.0,eval/samples_per_second,860,1776142303.325832,1.9529999494552612,scalar
events.out.tfevents.1776098432.e18ce739cf4e.13621.0,eval/samples_per_second,870,1776142783.4760518,1.9520000219345093,scalar
events.out.tfevents.1776098432.e18ce739cf4e.13621.0,eval/samples_per_second,880,1776143294.7031784,1.1419999599456787,scalar
events.out.tfevents.1776098432.e18ce739cf4e.13621.0,eval/samples_per_second,890,1776143812.0069306,1.9450000524520874,scalar
events.out.tfevents.1776098432.e18ce739cf4e.13621.0,eval/samples_per_second,900,1776144321.9661832,1.944000005722046,scalar
events.out.tfevents.1776098432.e18ce739cf4e.13621.0,eval/samples_per_second,910,1776144836.7422442,1.8880000114440918,scalar
events.out.tfevents.1776098432.e18ce739cf4e.13621.0,eval/samples_per_second,920,1776145356.3560212,1.9470000267028809,scalar
events.out.tfevents.1776098432.e18ce739cf4e.13621.0,eval/samples_per_second,930,1776145860.132661,1.9490000009536743,scalar
events.out.tfevents.1776098432.e18ce739cf4e.13621.0,eval/samples_per_second,940,1776146377.2108688,1.9509999752044678,scalar
events.out.tfevents.1776098432.e18ce739cf4e.13621.0,eval/samples_per_second,950,1776146910.7679894,1.9500000476837158,scalar
events.out.tfevents.1776098432.e18ce739cf4e.13621.0,eval/samples_per_second,960,1776147396.492822,1.9509999752044678,scalar
events.out.tfevents.1776098432.e18ce739cf4e.13621.0,eval/samples_per_second,970,1776147916.984832,1.940999984741211,scalar
events.out.tfevents.1776098432.e18ce739cf4e.13621.0,eval/samples_per_second,980,1776148412.9794102,1.9249999523162842,scalar
events.out.tfevents.1776098432.e18ce739cf4e.13621.0,eval/samples_per_second,990,1776148919.3844626,1.9490000009536743,scalar
events.out.tfevents.1776098432.e18ce739cf4e.13621.0,eval/samples_per_second,1000,1776149410.2202659,1.9450000524520874,scalar
events.out.tfevents.1776098432.e18ce739cf4e.13621.0,eval/samples_per_second,1010,1776149913.4931834,1.9490000009536743,scalar
events.out.tfevents.1776098432.e18ce739cf4e.13621.0,eval/samples_per_second,1020,1776150438.1756842,1.9520000219345093,scalar
events.out.tfevents.1776098432.e18ce739cf4e.13621.0,eval/samples_per_second,1030,1776150954.5146234,1.937000036239624,scalar
events.out.tfevents.1776098432.e18ce739cf4e.13621.0,eval/samples_per_second,1040,1776151481.2122264,1.9539999961853027,scalar
events.out.tfevents.1776098432.e18ce739cf4e.13621.0,eval/samples_per_second,1050,1776151996.7152185,1.559999942779541,scalar
events.out.tfevents.1776098432.e18ce739cf4e.13621.0,eval/samples_per_second,1060,1776152495.8583367,1.3339999914169312,scalar
events.out.tfevents.1776098432.e18ce739cf4e.13621.0,eval/samples_per_second,1070,1776153020.2889655,1.9079999923706055,scalar
events.out.tfevents.1776098432.e18ce739cf4e.13621.0,eval/samples_per_second,1080,1776153513.8959568,1.9520000219345093,scalar
events.out.tfevents.1776098432.e18ce739cf4e.13621.0,eval/samples_per_second,1090,1776154028.3718073,1.8849999904632568,scalar
events.out.tfevents.1776098432.e18ce739cf4e.13621.0,eval/samples_per_second,1100,1776154544.8465257,1.9429999589920044,scalar
events.out.tfevents.1776098432.e18ce739cf4e.13621.0,eval/samples_per_second,1110,1776155046.868449,1.9129999876022339,scalar
events.out.tfevents.1776098432.e18ce739cf4e.13621.0,eval/samples_per_second,1120,1776155598.4596674,1.9420000314712524,scalar
events.out.tfevents.1776098432.e18ce739cf4e.13621.0,eval/samples_per_second,1130,1776156108.9868052,1.753999948501587,scalar
events.out.tfevents.1776098432.e18ce739cf4e.13621.0,eval/samples_per_second,1140,1776156624.0608652,1.9479999542236328,scalar
events.out.tfevents.1776098432.e18ce739cf4e.13621.0,eval/samples_per_second,1150,1776157128.8985493,1.9529999494552612,scalar
events.out.tfevents.1776098432.e18ce739cf4e.13621.0,eval/samples_per_second,1160,1776157646.718247,1.9529999494552612,scalar
events.out.tfevents.1776098432.e18ce739cf4e.13621.0,eval/samples_per_second,1170,1776158137.8995235,1.88100004196167,scalar
events.out.tfevents.1776098432.e18ce739cf4e.13621.0,eval/steps_per_second,10,1776098949.1880312,1.9609999656677246,scalar
events.out.tfevents.1776098432.e18ce739cf4e.13621.0,eval/steps_per_second,20,1776099440.761413,1.9229999780654907,scalar
events.out.tfevents.1776098432.e18ce739cf4e.13621.0,eval/steps_per_second,30,1776099992.2256188,1.3350000381469727,scalar
events.out.tfevents.1776098432.e18ce739cf4e.13621.0,eval/steps_per_second,40,1776100518.875821,1.9329999685287476,scalar
events.out.tfevents.1776098432.e18ce739cf4e.13621.0,eval/steps_per_second,50,1776101032.7178783,1.937999963760376,scalar
events.out.tfevents.1776098432.e18ce739cf4e.13621.0,eval/steps_per_second,60,1776101553.2963848,1.9509999752044678,scalar
events.out.tfevents.1776098432.e18ce739cf4e.13621.0,eval/steps_per_second,70,1776102050.5514688,1.8899999856948853,scalar
events.out.tfevents.1776098432.e18ce739cf4e.13621.0,eval/steps_per_second,80,1776102589.043463,1.8969999551773071,scalar
events.out.tfevents.1776098432.e18ce739cf4e.13621.0,eval/steps_per_second,90,1776103110.5899057,1.940000057220459,scalar
events.out.tfevents.1776098432.e18ce739cf4e.13621.0,eval/steps_per_second,100,1776103605.522151,1.940000057220459,scalar
events.out.tfevents.1776098432.e18ce739cf4e.13621.0,eval/steps_per_second,110,1776104162.3438516,0.6940000057220459,scalar
events.out.tfevents.1776098432.e18ce739cf4e.13621.0,eval/steps_per_second,120,1776104677.0607805,1.8990000486373901,scalar
events.out.tfevents.1776098432.e18ce739cf4e.13621.0,eval/steps_per_second,130,1776105233.016068,1.9299999475479126,scalar
events.out.tfevents.1776098432.e18ce739cf4e.13621.0,eval/steps_per_second,140,1776105726.890527,1.9140000343322754,scalar
events.out.tfevents.1776098432.e18ce739cf4e.13621.0,eval/steps_per_second,150,1776106266.729161,1.8359999656677246,scalar
events.out.tfevents.1776098432.e18ce739cf4e.13621.0,eval/steps_per_second,160,1776106762.1443188,1.9500000476837158,scalar
events.out.tfevents.1776098432.e18ce739cf4e.13621.0,eval/steps_per_second,170,1776107248.261825,1.9420000314712524,scalar
events.out.tfevents.1776098432.e18ce739cf4e.13621.0,eval/steps_per_second,180,1776107752.700525,1.8240000009536743,scalar
events.out.tfevents.1776098432.e18ce739cf4e.13621.0,eval/steps_per_second,190,1776108245.5022342,1.937000036239624,scalar
events.out.tfevents.1776098432.e18ce739cf4e.13621.0,eval/steps_per_second,200,1776108739.156018,1.9420000314712524,scalar
events.out.tfevents.1776098432.e18ce739cf4e.13621.0,eval/steps_per_second,210,1776109270.0239956,1.9450000524520874,scalar
events.out.tfevents.1776098432.e18ce739cf4e.13621.0,eval/steps_per_second,220,1776109772.3773081,1.9479999542236328,scalar
events.out.tfevents.1776098432.e18ce739cf4e.13621.0,eval/steps_per_second,230,1776110271.8737872,1.8990000486373901,scalar
events.out.tfevents.1776098432.e18ce739cf4e.13621.0,eval/steps_per_second,240,1776110776.7878242,1.9359999895095825,scalar
events.out.tfevents.1776098432.e18ce739cf4e.13621.0,eval/steps_per_second,250,1776111273.449199,1.9520000219345093,scalar
events.out.tfevents.1776098432.e18ce739cf4e.13621.0,eval/steps_per_second,260,1776111785.9431524,1.343999981880188,scalar
events.out.tfevents.1776098432.e18ce739cf4e.13621.0,eval/steps_per_second,270,1776112290.8566556,1.9509999752044678,scalar
events.out.tfevents.1776098432.e18ce739cf4e.13621.0,eval/steps_per_second,280,1776112800.317158,1.9539999961853027,scalar
events.out.tfevents.1776098432.e18ce739cf4e.13621.0,eval/steps_per_second,290,1776113303.608852,1.9010000228881836,scalar
events.out.tfevents.1776098432.e18ce739cf4e.13621.0,eval/steps_per_second,300,1776113819.112328,1.7139999866485596,scalar
events.out.tfevents.1776098432.e18ce739cf4e.13621.0,eval/steps_per_second,310,1776114339.8925724,1.9479999542236328,scalar
events.out.tfevents.1776098432.e18ce739cf4e.13621.0,eval/steps_per_second,320,1776114829.2639925,1.9429999589920044,scalar
events.out.tfevents.1776098432.e18ce739cf4e.13621.0,eval/steps_per_second,330,1776115313.527901,1.9500000476837158,scalar
events.out.tfevents.1776098432.e18ce739cf4e.13621.0,eval/steps_per_second,340,1776115835.617238,1.9579999446868896,scalar
events.out.tfevents.1776098432.e18ce739cf4e.13621.0,eval/steps_per_second,350,1776116330.7088625,1.9320000410079956,scalar
events.out.tfevents.1776098432.e18ce739cf4e.13621.0,eval/steps_per_second,360,1776116865.5751274,1.9329999685287476,scalar
events.out.tfevents.1776098432.e18ce739cf4e.13621.0,eval/steps_per_second,370,1776117368.1798928,1.940999984741211,scalar
events.out.tfevents.1776098432.e18ce739cf4e.13621.0,eval/steps_per_second,380,1776117864.4268029,1.9390000104904175,scalar
events.out.tfevents.1776098432.e18ce739cf4e.13621.0,eval/steps_per_second,390,1776118350.0937214,1.9539999961853027,scalar
events.out.tfevents.1776098432.e18ce739cf4e.13621.0,eval/steps_per_second,400,1776118863.8430414,1.9479999542236328,scalar
events.out.tfevents.1776098432.e18ce739cf4e.13621.0,eval/steps_per_second,410,1776119380.5812361,1.9500000476837158,scalar
events.out.tfevents.1776098432.e18ce739cf4e.13621.0,eval/steps_per_second,420,1776119862.281076,1.9509999752044678,scalar
events.out.tfevents.1776098432.e18ce739cf4e.13621.0,eval/steps_per_second,430,1776120347.5637763,1.8890000581741333,scalar
events.out.tfevents.1776098432.e18ce739cf4e.13621.0,eval/steps_per_second,440,1776120839.090272,1.9529999494552612,scalar
events.out.tfevents.1776098432.e18ce739cf4e.13621.0,eval/steps_per_second,450,1776121363.8312352,1.3459999561309814,scalar
events.out.tfevents.1776098432.e18ce739cf4e.13621.0,eval/steps_per_second,460,1776121893.606868,1.9550000429153442,scalar
events.out.tfevents.1776098432.e18ce739cf4e.13621.0,eval/steps_per_second,470,1776122423.305046,1.937999963760376,scalar
events.out.tfevents.1776098432.e18ce739cf4e.13621.0,eval/steps_per_second,480,1776122933.2570143,1.9550000429153442,scalar
events.out.tfevents.1776098432.e18ce739cf4e.13621.0,eval/steps_per_second,490,1776123430.105364,1.9520000219345093,scalar
events.out.tfevents.1776098432.e18ce739cf4e.13621.0,eval/steps_per_second,500,1776123942.4292285,1.9609999656677246,scalar
events.out.tfevents.1776098432.e18ce739cf4e.13621.0,eval/steps_per_second,510,1776124443.4444077,1.628999948501587,scalar
events.out.tfevents.1776098432.e18ce739cf4e.13621.0,eval/steps_per_second,520,1776124950.3435056,1.9390000104904175,scalar
events.out.tfevents.1776098432.e18ce739cf4e.13621.0,eval/steps_per_second,530,1776125462.4289076,1.7319999933242798,scalar
events.out.tfevents.1776098432.e18ce739cf4e.13621.0,eval/steps_per_second,540,1776125967.1071596,1.944000005722046,scalar
events.out.tfevents.1776098432.e18ce739cf4e.13621.0,eval/steps_per_second,550,1776126492.7419538,1.940999984741211,scalar
events.out.tfevents.1776098432.e18ce739cf4e.13621.0,eval/steps_per_second,560,1776127019.9805665,1.8980000019073486,scalar
events.out.tfevents.1776098432.e18ce739cf4e.13621.0,eval/steps_per_second,570,1776127503.424676,1.9040000438690186,scalar
events.out.tfevents.1776098432.e18ce739cf4e.13621.0,eval/steps_per_second,580,1776128014.7200742,1.9429999589920044,scalar
events.out.tfevents.1776098432.e18ce739cf4e.13621.0,eval/steps_per_second,590,1776128508.317702,1.8890000581741333,scalar
events.out.tfevents.1776098432.e18ce739cf4e.13621.0,eval/steps_per_second,600,1776129013.301869,1.9470000267028809,scalar
events.out.tfevents.1776098432.e18ce739cf4e.13621.0,eval/steps_per_second,610,1776129538.0656617,1.940999984741211,scalar
events.out.tfevents.1776098432.e18ce739cf4e.13621.0,eval/steps_per_second,620,1776130069.9107087,1.9520000219345093,scalar
events.out.tfevents.1776098432.e18ce739cf4e.13621.0,eval/steps_per_second,630,1776130575.6665845,1.9520000219345093,scalar
events.out.tfevents.1776098432.e18ce739cf4e.13621.0,eval/steps_per_second,640,1776131079.455392,1.9429999589920044,scalar
events.out.tfevents.1776098432.e18ce739cf4e.13621.0,eval/steps_per_second,650,1776131580.8297997,1.8869999647140503,scalar
events.out.tfevents.1776098432.e18ce739cf4e.13621.0,eval/steps_per_second,660,1776132090.4728146,1.9570000171661377,scalar
events.out.tfevents.1776098432.e18ce739cf4e.13621.0,eval/steps_per_second,670,1776132578.8387396,1.9459999799728394,scalar
events.out.tfevents.1776098432.e18ce739cf4e.13621.0,eval/steps_per_second,680,1776133071.6103961,1.944000005722046,scalar
events.out.tfevents.1776098432.e18ce739cf4e.13621.0,eval/steps_per_second,690,1776133574.2890196,1.940000057220459,scalar
events.out.tfevents.1776098432.e18ce739cf4e.13621.0,eval/steps_per_second,700,1776134099.6856847,1.4930000305175781,scalar
events.out.tfevents.1776098432.e18ce739cf4e.13621.0,eval/steps_per_second,710,1776134634.5345604,1.944000005722046,scalar
events.out.tfevents.1776098432.e18ce739cf4e.13621.0,eval/steps_per_second,720,1776135132.5177186,1.9450000524520874,scalar
events.out.tfevents.1776098432.e18ce739cf4e.13621.0,eval/steps_per_second,730,1776135615.219656,1.9279999732971191,scalar
events.out.tfevents.1776098432.e18ce739cf4e.13621.0,eval/steps_per_second,740,1776136126.7043703,1.9579999446868896,scalar
events.out.tfevents.1776098432.e18ce739cf4e.13621.0,eval/steps_per_second,750,1776136628.1692302,1.9320000410079956,scalar
events.out.tfevents.1776098432.e18ce739cf4e.13621.0,eval/steps_per_second,760,1776137136.2087176,1.9390000104904175,scalar
events.out.tfevents.1776098432.e18ce739cf4e.13621.0,eval/steps_per_second,770,1776137635.5727305,1.9450000524520874,scalar
events.out.tfevents.1776098432.e18ce739cf4e.13621.0,eval/steps_per_second,780,1776138171.7612934,1.840000033378601,scalar
events.out.tfevents.1776098432.e18ce739cf4e.13621.0,eval/steps_per_second,790,1776138672.3932116,1.9420000314712524,scalar
events.out.tfevents.1776098432.e18ce739cf4e.13621.0,eval/steps_per_second,800,1776139162.7916684,1.9490000009536743,scalar
events.out.tfevents.1776098432.e18ce739cf4e.13621.0,eval/steps_per_second,810,1776139687.2786458,1.9529999494552612,scalar
events.out.tfevents.1776098432.e18ce739cf4e.13621.0,eval/steps_per_second,820,1776140195.9945078,1.9450000524520874,scalar
events.out.tfevents.1776098432.e18ce739cf4e.13621.0,eval/steps_per_second,830,1776140709.708777,1.934000015258789,scalar
events.out.tfevents.1776098432.e18ce739cf4e.13621.0,eval/steps_per_second,840,1776141254.266676,1.9329999685287476,scalar
events.out.tfevents.1776098432.e18ce739cf4e.13621.0,eval/steps_per_second,850,1776141751.9428067,1.9459999799728394,scalar
events.out.tfevents.1776098432.e18ce739cf4e.13621.0,eval/steps_per_second,860,1776142303.3258448,1.9529999494552612,scalar
events.out.tfevents.1776098432.e18ce739cf4e.13621.0,eval/steps_per_second,870,1776142783.4760647,1.9520000219345093,scalar
events.out.tfevents.1776098432.e18ce739cf4e.13621.0,eval/steps_per_second,880,1776143294.7031925,1.1419999599456787,scalar
events.out.tfevents.1776098432.e18ce739cf4e.13621.0,eval/steps_per_second,890,1776143812.0069458,1.9450000524520874,scalar
events.out.tfevents.1776098432.e18ce739cf4e.13621.0,eval/steps_per_second,900,1776144321.966196,1.944000005722046,scalar
events.out.tfevents.1776098432.e18ce739cf4e.13621.0,eval/steps_per_second,910,1776144836.7422638,1.8880000114440918,scalar
events.out.tfevents.1776098432.e18ce739cf4e.13621.0,eval/steps_per_second,920,1776145356.3560333,1.9470000267028809,scalar
events.out.tfevents.1776098432.e18ce739cf4e.13621.0,eval/steps_per_second,930,1776145860.1326733,1.9490000009536743,scalar
events.out.tfevents.1776098432.e18ce739cf4e.13621.0,eval/steps_per_second,940,1776146377.21088,1.9509999752044678,scalar
events.out.tfevents.1776098432.e18ce739cf4e.13621.0,eval/steps_per_second,950,1776146910.7680023,1.9500000476837158,scalar
events.out.tfevents.1776098432.e18ce739cf4e.13621.0,eval/steps_per_second,960,1776147396.492843,1.9509999752044678,scalar
events.out.tfevents.1776098432.e18ce739cf4e.13621.0,eval/steps_per_second,970,1776147916.9848435,1.940999984741211,scalar
events.out.tfevents.1776098432.e18ce739cf4e.13621.0,eval/steps_per_second,980,1776148412.9794235,1.9249999523162842,scalar
events.out.tfevents.1776098432.e18ce739cf4e.13621.0,eval/steps_per_second,990,1776148919.3844872,1.9490000009536743,scalar
events.out.tfevents.1776098432.e18ce739cf4e.13621.0,eval/steps_per_second,1000,1776149410.220278,1.9450000524520874,scalar
events.out.tfevents.1776098432.e18ce739cf4e.13621.0,eval/steps_per_second,1010,1776149913.4931965,1.9490000009536743,scalar
events.out.tfevents.1776098432.e18ce739cf4e.13621.0,eval/steps_per_second,1020,1776150438.1756961,1.9520000219345093,scalar
events.out.tfevents.1776098432.e18ce739cf4e.13621.0,eval/steps_per_second,1030,1776150954.5146358,1.937000036239624,scalar
events.out.tfevents.1776098432.e18ce739cf4e.13621.0,eval/steps_per_second,1040,1776151481.2122452,1.9539999961853027,scalar
events.out.tfevents.1776098432.e18ce739cf4e.13621.0,eval/steps_per_second,1050,1776151996.7152312,1.559999942779541,scalar
events.out.tfevents.1776098432.e18ce739cf4e.13621.0,eval/steps_per_second,1060,1776152495.8583498,1.3339999914169312,scalar
events.out.tfevents.1776098432.e18ce739cf4e.13621.0,eval/steps_per_second,1070,1776153020.2889779,1.9079999923706055,scalar
events.out.tfevents.1776098432.e18ce739cf4e.13621.0,eval/steps_per_second,1080,1776153513.8959708,1.9520000219345093,scalar
events.out.tfevents.1776098432.e18ce739cf4e.13621.0,eval/steps_per_second,1090,1776154028.3718247,1.8849999904632568,scalar
events.out.tfevents.1776098432.e18ce739cf4e.13621.0,eval/steps_per_second,1100,1776154544.8465466,1.9429999589920044,scalar
events.out.tfevents.1776098432.e18ce739cf4e.13621.0,eval/steps_per_second,1110,1776155046.8684616,1.9129999876022339,scalar
events.out.tfevents.1776098432.e18ce739cf4e.13621.0,eval/steps_per_second,1120,1776155598.4596808,1.9420000314712524,scalar
events.out.tfevents.1776098432.e18ce739cf4e.13621.0,eval/steps_per_second,1130,1776156108.986818,1.753999948501587,scalar
events.out.tfevents.1776098432.e18ce739cf4e.13621.0,eval/steps_per_second,1140,1776156624.0608773,1.9479999542236328,scalar
events.out.tfevents.1776098432.e18ce739cf4e.13621.0,eval/steps_per_second,1150,1776157128.8985627,1.9529999494552612,scalar
events.out.tfevents.1776098432.e18ce739cf4e.13621.0,eval/steps_per_second,1160,1776157646.7182608,1.9529999494552612,scalar
events.out.tfevents.1776098432.e18ce739cf4e.13621.0,eval/steps_per_second,1170,1776158137.8995368,1.88100004196167,scalar
events.out.tfevents.1776098432.e18ce739cf4e.13621.0,eval/entropy,10,1776098949.188043,1.1976759433746338,scalar
events.out.tfevents.1776098432.e18ce739cf4e.13621.0,eval/entropy,20,1776099440.761424,1.5280154943466187,scalar
events.out.tfevents.1776098432.e18ce739cf4e.13621.0,eval/entropy,30,1776099992.2256382,1.793976068496704,scalar
events.out.tfevents.1776098432.e18ce739cf4e.13621.0,eval/entropy,40,1776100518.8758323,1.6250128746032715,scalar
events.out.tfevents.1776098432.e18ce739cf4e.13621.0,eval/entropy,50,1776101032.7178895,1.1658438444137573,scalar
events.out.tfevents.1776098432.e18ce739cf4e.13621.0,eval/entropy,60,1776101553.2963963,0.7289748787879944,scalar
events.out.tfevents.1776098432.e18ce739cf4e.13621.0,eval/entropy,70,1776102050.5514805,0.6259856820106506,scalar
events.out.tfevents.1776098432.e18ce739cf4e.13621.0,eval/entropy,80,1776102589.043475,0.5763646364212036,scalar
events.out.tfevents.1776098432.e18ce739cf4e.13621.0,eval/entropy,90,1776103110.5899177,0.5677602291107178,scalar
events.out.tfevents.1776098432.e18ce739cf4e.13621.0,eval/entropy,100,1776103605.522163,0.5703152418136597,scalar
events.out.tfevents.1776098432.e18ce739cf4e.13621.0,eval/entropy,110,1776104162.3438635,0.5827505588531494,scalar
events.out.tfevents.1776098432.e18ce739cf4e.13621.0,eval/entropy,120,1776104677.0607927,0.5824019312858582,scalar
events.out.tfevents.1776098432.e18ce739cf4e.13621.0,eval/entropy,130,1776105233.0160801,0.5811812877655029,scalar
events.out.tfevents.1776098432.e18ce739cf4e.13621.0,eval/entropy,140,1776105726.8905442,0.5777446031570435,scalar
events.out.tfevents.1776098432.e18ce739cf4e.13621.0,eval/entropy,150,1776106266.729172,0.5789520740509033,scalar
events.out.tfevents.1776098432.e18ce739cf4e.13621.0,eval/entropy,160,1776106762.1443293,0.5666347146034241,scalar
events.out.tfevents.1776098432.e18ce739cf4e.13621.0,eval/entropy,170,1776107248.2618368,0.5702317357063293,scalar
events.out.tfevents.1776098432.e18ce739cf4e.13621.0,eval/entropy,180,1776107752.7005434,0.5731462240219116,scalar
events.out.tfevents.1776098432.e18ce739cf4e.13621.0,eval/entropy,190,1776108245.502247,0.5833285450935364,scalar
events.out.tfevents.1776098432.e18ce739cf4e.13621.0,eval/entropy,200,1776108739.1560297,0.5686670541763306,scalar
events.out.tfevents.1776098432.e18ce739cf4e.13621.0,eval/entropy,210,1776109270.024007,0.5617504715919495,scalar
events.out.tfevents.1776098432.e18ce739cf4e.13621.0,eval/entropy,220,1776109772.3773208,0.5639320611953735,scalar
events.out.tfevents.1776098432.e18ce739cf4e.13621.0,eval/entropy,230,1776110271.8738015,0.555357038974762,scalar
events.out.tfevents.1776098432.e18ce739cf4e.13621.0,eval/entropy,240,1776110776.7878354,0.5504149198532104,scalar
events.out.tfevents.1776098432.e18ce739cf4e.13621.0,eval/entropy,250,1776111273.4492111,0.5575258731842041,scalar
events.out.tfevents.1776098432.e18ce739cf4e.13621.0,eval/entropy,260,1776111785.9431634,0.5642533898353577,scalar
events.out.tfevents.1776098432.e18ce739cf4e.13621.0,eval/entropy,270,1776112290.8566673,0.5604812502861023,scalar
events.out.tfevents.1776098432.e18ce739cf4e.13621.0,eval/entropy,280,1776112800.3171682,0.5485945343971252,scalar
events.out.tfevents.1776098432.e18ce739cf4e.13621.0,eval/entropy,290,1776113303.608863,0.541357159614563,scalar
events.out.tfevents.1776098432.e18ce739cf4e.13621.0,eval/entropy,300,1776113819.112339,0.5223656892776489,scalar
events.out.tfevents.1776098432.e18ce739cf4e.13621.0,eval/entropy,310,1776114339.8925836,0.5354245901107788,scalar
events.out.tfevents.1776098432.e18ce739cf4e.13621.0,eval/entropy,320,1776114829.264005,0.5252538919448853,scalar
events.out.tfevents.1776098432.e18ce739cf4e.13621.0,eval/entropy,330,1776115313.5279129,0.515723466873169,scalar
events.out.tfevents.1776098432.e18ce739cf4e.13621.0,eval/entropy,340,1776115835.61725,0.5201931595802307,scalar
events.out.tfevents.1776098432.e18ce739cf4e.13621.0,eval/entropy,350,1776116330.7088745,0.5040234923362732,scalar
events.out.tfevents.1776098432.e18ce739cf4e.13621.0,eval/entropy,360,1776116865.5751393,0.5073891878128052,scalar
events.out.tfevents.1776098432.e18ce739cf4e.13621.0,eval/entropy,370,1776117368.1799138,0.5042452216148376,scalar
events.out.tfevents.1776098432.e18ce739cf4e.13621.0,eval/entropy,380,1776117864.4268153,0.5192013382911682,scalar
events.out.tfevents.1776098432.e18ce739cf4e.13621.0,eval/entropy,390,1776118350.0937335,0.5229640603065491,scalar
events.out.tfevents.1776098432.e18ce739cf4e.13621.0,eval/entropy,400,1776118863.843053,0.5183212757110596,scalar
events.out.tfevents.1776098432.e18ce739cf4e.13621.0,eval/entropy,410,1776119380.581247,0.515047550201416,scalar
events.out.tfevents.1776098432.e18ce739cf4e.13621.0,eval/entropy,420,1776119862.281101,0.498585045337677,scalar
events.out.tfevents.1776098432.e18ce739cf4e.13621.0,eval/entropy,430,1776120347.563788,0.5088542103767395,scalar
events.out.tfevents.1776098432.e18ce739cf4e.13621.0,eval/entropy,440,1776120839.0902824,0.5103291869163513,scalar
events.out.tfevents.1776098432.e18ce739cf4e.13621.0,eval/entropy,450,1776121363.8312473,0.5041913986206055,scalar
events.out.tfevents.1776098432.e18ce739cf4e.13621.0,eval/entropy,460,1776121893.6068797,0.492047518491745,scalar
events.out.tfevents.1776098432.e18ce739cf4e.13621.0,eval/entropy,470,1776122423.305058,0.4995972514152527,scalar
events.out.tfevents.1776098432.e18ce739cf4e.13621.0,eval/entropy,480,1776122933.2570255,0.5095750093460083,scalar
events.out.tfevents.1776098432.e18ce739cf4e.13621.0,eval/entropy,490,1776123430.1053755,0.5068054795265198,scalar
events.out.tfevents.1776098432.e18ce739cf4e.13621.0,eval/entropy,500,1776123942.42924,0.5059870481491089,scalar
events.out.tfevents.1776098432.e18ce739cf4e.13621.0,eval/entropy,510,1776124443.444419,0.5147795677185059,scalar
events.out.tfevents.1776098432.e18ce739cf4e.13621.0,eval/entropy,520,1776124950.3435166,0.5137958526611328,scalar
events.out.tfevents.1776098432.e18ce739cf4e.13621.0,eval/entropy,530,1776125462.4289196,0.5061984062194824,scalar
events.out.tfevents.1776098432.e18ce739cf4e.13621.0,eval/entropy,540,1776125967.1071715,0.5120376944541931,scalar
events.out.tfevents.1776098432.e18ce739cf4e.13621.0,eval/entropy,550,1776126492.7419682,0.49923670291900635,scalar
events.out.tfevents.1776098432.e18ce739cf4e.13621.0,eval/entropy,560,1776127019.9805784,0.4933150112628937,scalar
events.out.tfevents.1776098432.e18ce739cf4e.13621.0,eval/entropy,570,1776127503.4246926,0.5091044306755066,scalar
events.out.tfevents.1776098432.e18ce739cf4e.13621.0,eval/entropy,580,1776128014.7200997,0.5044357180595398,scalar
events.out.tfevents.1776098432.e18ce739cf4e.13621.0,eval/entropy,590,1776128508.3177135,0.49148982763290405,scalar
events.out.tfevents.1776098432.e18ce739cf4e.13621.0,eval/entropy,600,1776129013.30188,0.48709410429000854,scalar
events.out.tfevents.1776098432.e18ce739cf4e.13621.0,eval/entropy,610,1776129538.0656724,0.49179601669311523,scalar
events.out.tfevents.1776098432.e18ce739cf4e.13621.0,eval/entropy,620,1776130069.91072,0.4960477948188782,scalar
events.out.tfevents.1776098432.e18ce739cf4e.13621.0,eval/entropy,630,1776130575.666596,0.49647316336631775,scalar
events.out.tfevents.1776098432.e18ce739cf4e.13621.0,eval/entropy,640,1776131079.4554021,0.49884092807769775,scalar
events.out.tfevents.1776098432.e18ce739cf4e.13621.0,eval/entropy,650,1776131580.8298116,0.49210047721862793,scalar
events.out.tfevents.1776098432.e18ce739cf4e.13621.0,eval/entropy,660,1776132090.472826,0.4836503863334656,scalar
events.out.tfevents.1776098432.e18ce739cf4e.13621.0,eval/entropy,670,1776132578.8387513,0.47397592663764954,scalar
events.out.tfevents.1776098432.e18ce739cf4e.13621.0,eval/entropy,680,1776133071.6104085,0.48484882712364197,scalar
events.out.tfevents.1776098432.e18ce739cf4e.13621.0,eval/entropy,690,1776133574.2890313,0.5000182390213013,scalar
events.out.tfevents.1776098432.e18ce739cf4e.13621.0,eval/entropy,700,1776134099.685696,0.4949353039264679,scalar
events.out.tfevents.1776098432.e18ce739cf4e.13621.0,eval/entropy,710,1776134634.5345724,0.492849200963974,scalar
events.out.tfevents.1776098432.e18ce739cf4e.13621.0,eval/entropy,720,1776135132.5177305,0.5010167956352234,scalar
events.out.tfevents.1776098432.e18ce739cf4e.13621.0,eval/entropy,730,1776135615.2196674,0.495252400636673,scalar
events.out.tfevents.1776098432.e18ce739cf4e.13621.0,eval/entropy,740,1776136126.7043812,0.49062544107437134,scalar
events.out.tfevents.1776098432.e18ce739cf4e.13621.0,eval/entropy,750,1776136628.169242,0.48641809821128845,scalar
events.out.tfevents.1776098432.e18ce739cf4e.13621.0,eval/entropy,760,1776137136.2087286,0.5008580088615417,scalar
events.out.tfevents.1776098432.e18ce739cf4e.13621.0,eval/entropy,770,1776137635.572743,0.495077908039093,scalar
events.out.tfevents.1776098432.e18ce739cf4e.13621.0,eval/entropy,780,1776138171.7613041,0.4893125593662262,scalar
events.out.tfevents.1776098432.e18ce739cf4e.13621.0,eval/entropy,790,1776138672.3932235,0.48602360486984253,scalar
events.out.tfevents.1776098432.e18ce739cf4e.13621.0,eval/entropy,800,1776139162.79168,0.48538440465927124,scalar
events.out.tfevents.1776098432.e18ce739cf4e.13621.0,eval/entropy,810,1776139687.278657,0.4847116470336914,scalar
events.out.tfevents.1776098432.e18ce739cf4e.13621.0,eval/entropy,820,1776140195.9945197,0.47363215684890747,scalar
events.out.tfevents.1776098432.e18ce739cf4e.13621.0,eval/entropy,830,1776140709.7087903,0.48177921772003174,scalar
events.out.tfevents.1776098432.e18ce739cf4e.13621.0,eval/entropy,840,1776141254.266688,0.4893714487552643,scalar
events.out.tfevents.1776098432.e18ce739cf4e.13621.0,eval/entropy,850,1776141751.9428186,0.49883174896240234,scalar
events.out.tfevents.1776098432.e18ce739cf4e.13621.0,eval/entropy,860,1776142303.3258557,0.49660128355026245,scalar
events.out.tfevents.1776098432.e18ce739cf4e.13621.0,eval/entropy,870,1776142783.4760761,0.48713651299476624,scalar
events.out.tfevents.1776098432.e18ce739cf4e.13621.0,eval/entropy,880,1776143294.7032042,0.4782657325267792,scalar
events.out.tfevents.1776098432.e18ce739cf4e.13621.0,eval/entropy,890,1776143812.00696,0.4825318157672882,scalar
events.out.tfevents.1776098432.e18ce739cf4e.13621.0,eval/entropy,900,1776144321.9662075,0.47553858160972595,scalar
events.out.tfevents.1776098432.e18ce739cf4e.13621.0,eval/entropy,910,1776144836.742276,0.4674971103668213,scalar
events.out.tfevents.1776098432.e18ce739cf4e.13621.0,eval/entropy,920,1776145356.356044,0.4762638211250305,scalar
events.out.tfevents.1776098432.e18ce739cf4e.13621.0,eval/entropy,930,1776145860.1326842,0.4795202910900116,scalar
events.out.tfevents.1776098432.e18ce739cf4e.13621.0,eval/entropy,940,1776146377.2108912,0.48297831416130066,scalar
events.out.tfevents.1776098432.e18ce739cf4e.13621.0,eval/entropy,950,1776146910.7680132,0.4922874867916107,scalar
events.out.tfevents.1776098432.e18ce739cf4e.13621.0,eval/entropy,960,1776147396.492858,0.48969343304634094,scalar
events.out.tfevents.1776098432.e18ce739cf4e.13621.0,eval/entropy,970,1776147916.984854,0.48979419469833374,scalar
events.out.tfevents.1776098432.e18ce739cf4e.13621.0,eval/entropy,980,1776148412.9794347,0.48716750741004944,scalar
events.out.tfevents.1776098432.e18ce739cf4e.13621.0,eval/entropy,990,1776148919.3845062,0.47781941294670105,scalar
events.out.tfevents.1776098432.e18ce739cf4e.13621.0,eval/entropy,1000,1776149410.220289,0.48100897669792175,scalar
events.out.tfevents.1776098432.e18ce739cf4e.13621.0,eval/entropy,1010,1776149913.4932086,0.48283442854881287,scalar
events.out.tfevents.1776098432.e18ce739cf4e.13621.0,eval/entropy,1020,1776150438.1757069,0.48065951466560364,scalar
events.out.tfevents.1776098432.e18ce739cf4e.13621.0,eval/entropy,1030,1776150954.514647,0.47848162055015564,scalar
events.out.tfevents.1776098432.e18ce739cf4e.13621.0,eval/entropy,1040,1776151481.2122622,0.47350576519966125,scalar
events.out.tfevents.1776098432.e18ce739cf4e.13621.0,eval/entropy,1050,1776151996.7152424,0.47660791873931885,scalar
events.out.tfevents.1776098432.e18ce739cf4e.13621.0,eval/entropy,1060,1776152495.8583612,0.47529852390289307,scalar
events.out.tfevents.1776098432.e18ce739cf4e.13621.0,eval/entropy,1070,1776153020.28899,0.46683579683303833,scalar
events.out.tfevents.1776098432.e18ce739cf4e.13621.0,eval/entropy,1080,1776153513.8959823,0.46484890580177307,scalar
events.out.tfevents.1776098432.e18ce739cf4e.13621.0,eval/entropy,1090,1776154028.3718414,0.46962830424308777,scalar
events.out.tfevents.1776098432.e18ce739cf4e.13621.0,eval/entropy,1100,1776154544.8465662,0.4639805257320404,scalar
events.out.tfevents.1776098432.e18ce739cf4e.13621.0,eval/entropy,1110,1776155046.8684733,0.4729374051094055,scalar
events.out.tfevents.1776098432.e18ce739cf4e.13621.0,eval/entropy,1120,1776155598.4596922,0.4732101559638977,scalar
events.out.tfevents.1776098432.e18ce739cf4e.13621.0,eval/entropy,1130,1776156108.986829,0.4634740948677063,scalar
events.out.tfevents.1776098432.e18ce739cf4e.13621.0,eval/entropy,1140,1776156624.0608888,0.46444249153137207,scalar
events.out.tfevents.1776098432.e18ce739cf4e.13621.0,eval/entropy,1150,1776157128.8985746,0.4646106958389282,scalar
events.out.tfevents.1776098432.e18ce739cf4e.13621.0,eval/entropy,1160,1776157646.7182724,0.46944448351860046,scalar
events.out.tfevents.1776098432.e18ce739cf4e.13621.0,eval/entropy,1170,1776158137.8995495,0.4767649173736572,scalar
events.out.tfevents.1776098432.e18ce739cf4e.13621.0,eval/num_tokens,10,1776098949.1880548,274388.0,scalar
events.out.tfevents.1776098432.e18ce739cf4e.13621.0,eval/num_tokens,20,1776099440.7614348,548761.0,scalar
events.out.tfevents.1776098432.e18ce739cf4e.13621.0,eval/num_tokens,30,1776099992.2256496,823136.0,scalar
events.out.tfevents.1776098432.e18ce739cf4e.13621.0,eval/num_tokens,40,1776100518.8758435,1097538.0,scalar
events.out.tfevents.1776098432.e18ce739cf4e.13621.0,eval/num_tokens,50,1776101032.7178998,1371918.0,scalar
events.out.tfevents.1776098432.e18ce739cf4e.13621.0,eval/num_tokens,60,1776101553.296407,1646311.0,scalar
events.out.tfevents.1776098432.e18ce739cf4e.13621.0,eval/num_tokens,70,1776102050.5514925,1920683.0,scalar
events.out.tfevents.1776098432.e18ce739cf4e.13621.0,eval/num_tokens,80,1776102589.0434864,2195076.0,scalar
events.out.tfevents.1776098432.e18ce739cf4e.13621.0,eval/num_tokens,90,1776103110.5899296,2469467.0,scalar
events.out.tfevents.1776098432.e18ce739cf4e.13621.0,eval/num_tokens,100,1776103605.5221744,2743860.0,scalar
events.out.tfevents.1776098432.e18ce739cf4e.13621.0,eval/num_tokens,110,1776104162.3438752,3018266.0,scalar
events.out.tfevents.1776098432.e18ce739cf4e.13621.0,eval/num_tokens,120,1776104677.0608046,3292649.0,scalar
events.out.tfevents.1776098432.e18ce739cf4e.13621.0,eval/num_tokens,130,1776105233.0161085,3567055.0,scalar
events.out.tfevents.1776098432.e18ce739cf4e.13621.0,eval/num_tokens,140,1776105726.8905559,3841461.0,scalar
events.out.tfevents.1776098432.e18ce739cf4e.13621.0,eval/num_tokens,150,1776106266.7291825,4115856.0,scalar
events.out.tfevents.1776098432.e18ce739cf4e.13621.0,eval/num_tokens,160,1776106762.144339,4390242.0,scalar
events.out.tfevents.1776098432.e18ce739cf4e.13621.0,eval/num_tokens,170,1776107248.261847,4664648.0,scalar
events.out.tfevents.1776098432.e18ce739cf4e.13621.0,eval/num_tokens,180,1776107752.7005548,4939040.0,scalar
events.out.tfevents.1776098432.e18ce739cf4e.13621.0,eval/num_tokens,190,1776108245.5022578,5213438.0,scalar
events.out.tfevents.1776098432.e18ce739cf4e.13621.0,eval/num_tokens,200,1776108739.1560407,5487838.0,scalar
events.out.tfevents.1776098432.e18ce739cf4e.13621.0,eval/num_tokens,210,1776109270.0240185,5762224.0,scalar
events.out.tfevents.1776098432.e18ce739cf4e.13621.0,eval/num_tokens,220,1776109772.377332,6036613.0,scalar
events.out.tfevents.1776098432.e18ce739cf4e.13621.0,eval/num_tokens,230,1776110271.8738127,6310999.0,scalar
events.out.tfevents.1776098432.e18ce739cf4e.13621.0,eval/num_tokens,240,1776110776.7878458,6585381.0,scalar
events.out.tfevents.1776098432.e18ce739cf4e.13621.0,eval/num_tokens,250,1776111273.449222,6859758.0,scalar
events.out.tfevents.1776098432.e18ce739cf4e.13621.0,eval/num_tokens,260,1776111785.9431746,7134162.0,scalar
events.out.tfevents.1776098432.e18ce739cf4e.13621.0,eval/num_tokens,270,1776112290.856679,7408552.0,scalar
events.out.tfevents.1776098432.e18ce739cf4e.13621.0,eval/num_tokens,280,1776112800.3171782,7682953.0,scalar
events.out.tfevents.1776098432.e18ce739cf4e.13621.0,eval/num_tokens,290,1776113303.6088738,7957347.0,scalar
events.out.tfevents.1776098432.e18ce739cf4e.13621.0,eval/num_tokens,300,1776113819.1123495,8231737.0,scalar
events.out.tfevents.1776098432.e18ce739cf4e.13621.0,eval/num_tokens,310,1776114339.8925939,8506119.0,scalar
events.out.tfevents.1776098432.e18ce739cf4e.13621.0,eval/num_tokens,320,1776114829.2640166,8780516.0,scalar
events.out.tfevents.1776098432.e18ce739cf4e.13621.0,eval/num_tokens,330,1776115313.527924,9054915.0,scalar
events.out.tfevents.1776098432.e18ce739cf4e.13621.0,eval/num_tokens,340,1776115835.6172612,9329318.0,scalar
events.out.tfevents.1776098432.e18ce739cf4e.13621.0,eval/num_tokens,350,1776116330.7088864,9603713.0,scalar
events.out.tfevents.1776098432.e18ce739cf4e.13621.0,eval/num_tokens,360,1776116865.5751498,9878090.0,scalar
events.out.tfevents.1776098432.e18ce739cf4e.13621.0,eval/num_tokens,370,1776117368.1799326,10152493.0,scalar
events.out.tfevents.1776098432.e18ce739cf4e.13621.0,eval/num_tokens,380,1776117864.426826,10426889.0,scalar
events.out.tfevents.1776098432.e18ce739cf4e.13621.0,eval/num_tokens,390,1776118350.093745,10701282.0,scalar
events.out.tfevents.1776098432.e18ce739cf4e.13621.0,eval/num_tokens,400,1776118863.8430638,10975661.0,scalar
events.out.tfevents.1776098432.e18ce739cf4e.13621.0,eval/num_tokens,410,1776119380.5812576,11250069.0,scalar
events.out.tfevents.1776098432.e18ce739cf4e.13621.0,eval/num_tokens,420,1776119862.2811139,11524459.0,scalar
events.out.tfevents.1776098432.e18ce739cf4e.13621.0,eval/num_tokens,430,1776120347.5637994,11798859.0,scalar
events.out.tfevents.1776098432.e18ce739cf4e.13621.0,eval/num_tokens,440,1776120839.090293,12073261.0,scalar
events.out.tfevents.1776098432.e18ce739cf4e.13621.0,eval/num_tokens,450,1776121363.8312593,12347659.0,scalar
events.out.tfevents.1776098432.e18ce739cf4e.13621.0,eval/num_tokens,460,1776121893.6068912,12622033.0,scalar
events.out.tfevents.1776098432.e18ce739cf4e.13621.0,eval/num_tokens,470,1776122423.30507,12896426.0,scalar
events.out.tfevents.1776098432.e18ce739cf4e.13621.0,eval/num_tokens,480,1776122933.2570362,13170810.0,scalar
events.out.tfevents.1776098432.e18ce739cf4e.13621.0,eval/num_tokens,490,1776123430.1053865,13445208.0,scalar
events.out.tfevents.1776098432.e18ce739cf4e.13621.0,eval/num_tokens,500,1776123942.4292507,13719601.0,scalar
events.out.tfevents.1776098432.e18ce739cf4e.13621.0,eval/num_tokens,510,1776124443.4444292,13993994.0,scalar
events.out.tfevents.1776098432.e18ce739cf4e.13621.0,eval/num_tokens,520,1776124950.343527,14247807.0,scalar
events.out.tfevents.1776098432.e18ce739cf4e.13621.0,eval/num_tokens,530,1776125462.428931,14522196.0,scalar
events.out.tfevents.1776098432.e18ce739cf4e.13621.0,eval/num_tokens,540,1776125967.1071827,14796589.0,scalar
events.out.tfevents.1776098432.e18ce739cf4e.13621.0,eval/num_tokens,550,1776126492.741979,15070971.0,scalar
events.out.tfevents.1776098432.e18ce739cf4e.13621.0,eval/num_tokens,560,1776127019.9805894,15345363.0,scalar
events.out.tfevents.1776098432.e18ce739cf4e.13621.0,eval/num_tokens,570,1776127503.4247177,15619740.0,scalar
events.out.tfevents.1776098432.e18ce739cf4e.13621.0,eval/num_tokens,580,1776128014.720121,15894142.0,scalar
events.out.tfevents.1776098432.e18ce739cf4e.13621.0,eval/num_tokens,590,1776128508.3177245,16168518.0,scalar
events.out.tfevents.1776098432.e18ce739cf4e.13621.0,eval/num_tokens,600,1776129013.3018909,16442926.0,scalar
events.out.tfevents.1776098432.e18ce739cf4e.13621.0,eval/num_tokens,610,1776129538.0656826,16717312.0,scalar
events.out.tfevents.1776098432.e18ce739cf4e.13621.0,eval/num_tokens,620,1776130069.9107306,16991710.0,scalar
events.out.tfevents.1776098432.e18ce739cf4e.13621.0,eval/num_tokens,630,1776130575.6666062,17266094.0,scalar
events.out.tfevents.1776098432.e18ce739cf4e.13621.0,eval/num_tokens,640,1776131079.4554124,17540496.0,scalar
events.out.tfevents.1776098432.e18ce739cf4e.13621.0,eval/num_tokens,650,1776131580.8298223,17814892.0,scalar
events.out.tfevents.1776098432.e18ce739cf4e.13621.0,eval/num_tokens,660,1776132090.4728374,18089280.0,scalar
events.out.tfevents.1776098432.e18ce739cf4e.13621.0,eval/num_tokens,670,1776132578.838762,18363692.0,scalar
events.out.tfevents.1776098432.e18ce739cf4e.13621.0,eval/num_tokens,680,1776133071.61042,18638088.0,scalar
events.out.tfevents.1776098432.e18ce739cf4e.13621.0,eval/num_tokens,690,1776133574.2890418,18912476.0,scalar
events.out.tfevents.1776098432.e18ce739cf4e.13621.0,eval/num_tokens,700,1776134099.6857064,19186864.0,scalar
events.out.tfevents.1776098432.e18ce739cf4e.13621.0,eval/num_tokens,710,1776134634.5345829,19461260.0,scalar
events.out.tfevents.1776098432.e18ce739cf4e.13621.0,eval/num_tokens,720,1776135132.5177422,19735640.0,scalar
events.out.tfevents.1776098432.e18ce739cf4e.13621.0,eval/num_tokens,730,1776135615.2196786,20010044.0,scalar
events.out.tfevents.1776098432.e18ce739cf4e.13621.0,eval/num_tokens,740,1776136126.7043917,20284432.0,scalar
events.out.tfevents.1776098432.e18ce739cf4e.13621.0,eval/num_tokens,750,1776136628.1692529,20558832.0,scalar
events.out.tfevents.1776098432.e18ce739cf4e.13621.0,eval/num_tokens,760,1776137136.2087393,20833224.0,scalar
events.out.tfevents.1776098432.e18ce739cf4e.13621.0,eval/num_tokens,770,1776137635.5727537,21107604.0,scalar
events.out.tfevents.1776098432.e18ce739cf4e.13621.0,eval/num_tokens,780,1776138171.7613144,21381992.0,scalar
events.out.tfevents.1776098432.e18ce739cf4e.13621.0,eval/num_tokens,790,1776138672.3932347,21656368.0,scalar
events.out.tfevents.1776098432.e18ce739cf4e.13621.0,eval/num_tokens,800,1776139162.7916908,21930752.0,scalar
events.out.tfevents.1776098432.e18ce739cf4e.13621.0,eval/num_tokens,810,1776139687.2786674,22205148.0,scalar
events.out.tfevents.1776098432.e18ce739cf4e.13621.0,eval/num_tokens,820,1776140195.994531,22479534.0,scalar
events.out.tfevents.1776098432.e18ce739cf4e.13621.0,eval/num_tokens,830,1776140709.708801,22753940.0,scalar
events.out.tfevents.1776098432.e18ce739cf4e.13621.0,eval/num_tokens,840,1776141254.2666993,23028316.0,scalar
events.out.tfevents.1776098432.e18ce739cf4e.13621.0,eval/num_tokens,850,1776141751.9428291,23302708.0,scalar
events.out.tfevents.1776098432.e18ce739cf4e.13621.0,eval/num_tokens,860,1776142303.3258662,23577118.0,scalar
events.out.tfevents.1776098432.e18ce739cf4e.13621.0,eval/num_tokens,870,1776142783.476099,23851510.0,scalar
events.out.tfevents.1776098432.e18ce739cf4e.13621.0,eval/num_tokens,880,1776143294.7032144,24125896.0,scalar
events.out.tfevents.1776098432.e18ce739cf4e.13621.0,eval/num_tokens,890,1776143812.0069728,24400300.0,scalar
events.out.tfevents.1776098432.e18ce739cf4e.13621.0,eval/num_tokens,900,1776144321.9662187,24674712.0,scalar
events.out.tfevents.1776098432.e18ce739cf4e.13621.0,eval/num_tokens,910,1776144836.7422867,24949088.0,scalar
events.out.tfevents.1776098432.e18ce739cf4e.13621.0,eval/num_tokens,920,1776145356.3560543,25223484.0,scalar
events.out.tfevents.1776098432.e18ce739cf4e.13621.0,eval/num_tokens,930,1776145860.1326947,25497856.0,scalar
events.out.tfevents.1776098432.e18ce739cf4e.13621.0,eval/num_tokens,940,1776146377.210902,25772264.0,scalar
events.out.tfevents.1776098432.e18ce739cf4e.13621.0,eval/num_tokens,950,1776146910.7680237,26046656.0,scalar
events.out.tfevents.1776098432.e18ce739cf4e.13621.0,eval/num_tokens,960,1776147396.4928718,26321048.0,scalar
events.out.tfevents.1776098432.e18ce739cf4e.13621.0,eval/num_tokens,970,1776147916.984864,26595438.0,scalar
events.out.tfevents.1776098432.e18ce739cf4e.13621.0,eval/num_tokens,980,1776148412.9794462,26869812.0,scalar
events.out.tfevents.1776098432.e18ce739cf4e.13621.0,eval/num_tokens,990,1776148919.3845205,27144200.0,scalar
events.out.tfevents.1776098432.e18ce739cf4e.13621.0,eval/num_tokens,1000,1776149410.2202997,27418604.0,scalar
events.out.tfevents.1776098432.e18ce739cf4e.13621.0,eval/num_tokens,1010,1776149913.4932206,27692984.0,scalar
events.out.tfevents.1776098432.e18ce739cf4e.13621.0,eval/num_tokens,1020,1776150438.1757176,27967390.0,scalar
events.out.tfevents.1776098432.e18ce739cf4e.13621.0,eval/num_tokens,1030,1776150954.5146592,28241790.0,scalar
events.out.tfevents.1776098432.e18ce739cf4e.13621.0,eval/num_tokens,1040,1776151481.2122736,28495608.0,scalar
events.out.tfevents.1776098432.e18ce739cf4e.13621.0,eval/num_tokens,1050,1776151996.7152534,28769992.0,scalar
events.out.tfevents.1776098432.e18ce739cf4e.13621.0,eval/num_tokens,1060,1776152495.8583727,29044376.0,scalar
events.out.tfevents.1776098432.e18ce739cf4e.13621.0,eval/num_tokens,1070,1776153020.289001,29318756.0,scalar
events.out.tfevents.1776098432.e18ce739cf4e.13621.0,eval/num_tokens,1080,1776153513.8959937,29593148.0,scalar
events.out.tfevents.1776098432.e18ce739cf4e.13621.0,eval/num_tokens,1090,1776154028.3718574,29867540.0,scalar
events.out.tfevents.1776098432.e18ce739cf4e.13621.0,eval/num_tokens,1100,1776154544.8465824,30141930.0,scalar
events.out.tfevents.1776098432.e18ce739cf4e.13621.0,eval/num_tokens,1110,1776155046.8684843,30416308.0,scalar
events.out.tfevents.1776098432.e18ce739cf4e.13621.0,eval/num_tokens,1120,1776155598.459704,30690702.0,scalar
events.out.tfevents.1776098432.e18ce739cf4e.13621.0,eval/num_tokens,1130,1776156108.9868395,30965100.0,scalar
events.out.tfevents.1776098432.e18ce739cf4e.13621.0,eval/num_tokens,1140,1776156624.0608993,31239498.0,scalar
events.out.tfevents.1776098432.e18ce739cf4e.13621.0,eval/num_tokens,1150,1776157128.8985858,31513892.0,scalar
events.out.tfevents.1776098432.e18ce739cf4e.13621.0,eval/num_tokens,1160,1776157646.718284,31788282.0,scalar
events.out.tfevents.1776098432.e18ce739cf4e.13621.0,eval/num_tokens,1170,1776158137.8995607,32062664.0,scalar
events.out.tfevents.1776098432.e18ce739cf4e.13621.0,eval/mean_token_accuracy,10,1776098949.1880653,0.6327936053276062,scalar
events.out.tfevents.1776098432.e18ce739cf4e.13621.0,eval/mean_token_accuracy,20,1776099440.7614448,0.719115138053894,scalar
events.out.tfevents.1776098432.e18ce739cf4e.13621.0,eval/mean_token_accuracy,30,1776099992.2256603,0.8322605490684509,scalar
events.out.tfevents.1776098432.e18ce739cf4e.13621.0,eval/mean_token_accuracy,40,1776100518.8758538,0.8627585768699646,scalar
events.out.tfevents.1776098432.e18ce739cf4e.13621.0,eval/mean_token_accuracy,50,1776101032.71791,0.8730010390281677,scalar
events.out.tfevents.1776098432.e18ce739cf4e.13621.0,eval/mean_token_accuracy,60,1776101553.296418,0.8777382373809814,scalar
events.out.tfevents.1776098432.e18ce739cf4e.13621.0,eval/mean_token_accuracy,70,1776102050.5515032,0.8819774389266968,scalar
events.out.tfevents.1776098432.e18ce739cf4e.13621.0,eval/mean_token_accuracy,80,1776102589.0434968,0.8843149542808533,scalar
events.out.tfevents.1776098432.e18ce739cf4e.13621.0,eval/mean_token_accuracy,90,1776103110.5899403,0.8875834941864014,scalar
events.out.tfevents.1776098432.e18ce739cf4e.13621.0,eval/mean_token_accuracy,100,1776103605.5221853,0.8880176544189453,scalar
events.out.tfevents.1776098432.e18ce739cf4e.13621.0,eval/mean_token_accuracy,110,1776104162.3438864,0.8906189799308777,scalar
events.out.tfevents.1776098432.e18ce739cf4e.13621.0,eval/mean_token_accuracy,120,1776104677.0608156,0.891485869884491,scalar
events.out.tfevents.1776098432.e18ce739cf4e.13621.0,eval/mean_token_accuracy,130,1776105233.0161276,0.892353892326355,scalar
events.out.tfevents.1776098432.e18ce739cf4e.13621.0,eval/mean_token_accuracy,140,1776105726.8905675,0.8929887413978577,scalar
events.out.tfevents.1776098432.e18ce739cf4e.13621.0,eval/mean_token_accuracy,150,1776106266.729193,0.8961248993873596,scalar
events.out.tfevents.1776098432.e18ce739cf4e.13621.0,eval/mean_token_accuracy,160,1776106762.1443489,0.8955917954444885,scalar
events.out.tfevents.1776098432.e18ce739cf4e.13621.0,eval/mean_token_accuracy,170,1776107248.2618573,0.895588755607605,scalar
events.out.tfevents.1776098432.e18ce739cf4e.13621.0,eval/mean_token_accuracy,180,1776107752.7005653,0.8965905904769897,scalar
events.out.tfevents.1776098432.e18ce739cf4e.13621.0,eval/mean_token_accuracy,190,1776108245.502268,0.8980591297149658,scalar
events.out.tfevents.1776098432.e18ce739cf4e.13621.0,eval/mean_token_accuracy,200,1776108739.156051,0.8984261155128479,scalar
events.out.tfevents.1776098432.e18ce739cf4e.13621.0,eval/mean_token_accuracy,210,1776109270.0240295,0.8971937298774719,scalar
events.out.tfevents.1776098432.e18ce739cf4e.13621.0,eval/mean_token_accuracy,220,1776109772.3773432,0.8996276259422302,scalar
events.out.tfevents.1776098432.e18ce739cf4e.13621.0,eval/mean_token_accuracy,230,1776110271.873823,0.8990291357040405,scalar
events.out.tfevents.1776098432.e18ce739cf4e.13621.0,eval/mean_token_accuracy,240,1776110776.7878566,0.8999283313751221,scalar
events.out.tfevents.1776098432.e18ce739cf4e.13621.0,eval/mean_token_accuracy,250,1776111273.4492326,0.9008609652519226,scalar
events.out.tfevents.1776098432.e18ce739cf4e.13621.0,eval/mean_token_accuracy,260,1776111785.943185,0.8992255330085754,scalar
events.out.tfevents.1776098432.e18ce739cf4e.13621.0,eval/mean_token_accuracy,270,1776112290.8566897,0.9021635055541992,scalar
events.out.tfevents.1776098432.e18ce739cf4e.13621.0,eval/mean_token_accuracy,280,1776112800.3171885,0.9008610248565674,scalar
events.out.tfevents.1776098432.e18ce739cf4e.13621.0,eval/mean_token_accuracy,290,1776113303.6088836,0.9029623866081238,scalar
events.out.tfevents.1776098432.e18ce739cf4e.13621.0,eval/mean_token_accuracy,300,1776113819.1123595,0.9029965996742249,scalar
events.out.tfevents.1776098432.e18ce739cf4e.13621.0,eval/mean_token_accuracy,310,1776114339.8926036,0.9015276432037354,scalar
events.out.tfevents.1776098432.e18ce739cf4e.13621.0,eval/mean_token_accuracy,320,1776114829.264027,0.9043323993682861,scalar
events.out.tfevents.1776098432.e18ce739cf4e.13621.0,eval/mean_token_accuracy,330,1776115313.5279346,0.9024963974952698,scalar
events.out.tfevents.1776098432.e18ce739cf4e.13621.0,eval/mean_token_accuracy,340,1776115835.617272,0.9043309688568115,scalar
events.out.tfevents.1776098432.e18ce739cf4e.13621.0,eval/mean_token_accuracy,350,1776116330.7088969,0.9037646651268005,scalar
events.out.tfevents.1776098432.e18ce739cf4e.13621.0,eval/mean_token_accuracy,360,1776116865.5751598,0.9024643898010254,scalar
events.out.tfevents.1776098432.e18ce739cf4e.13621.0,eval/mean_token_accuracy,370,1776117368.1799498,0.9033626317977905,scalar
events.out.tfevents.1776098432.e18ce739cf4e.13621.0,eval/mean_token_accuracy,380,1776117864.4268367,0.9039972424507141,scalar
events.out.tfevents.1776098432.e18ce739cf4e.13621.0,eval/mean_token_accuracy,390,1776118350.0937557,0.9051654934883118,scalar
events.out.tfevents.1776098432.e18ce739cf4e.13621.0,eval/mean_token_accuracy,400,1776118863.8430746,0.9030634760856628,scalar
events.out.tfevents.1776098432.e18ce739cf4e.13621.0,eval/mean_token_accuracy,410,1776119380.5812674,0.9040302634239197,scalar
events.out.tfevents.1776098432.e18ce739cf4e.13621.0,eval/mean_token_accuracy,420,1776119862.2811246,0.9051647782325745,scalar
events.out.tfevents.1776098432.e18ce739cf4e.13621.0,eval/mean_token_accuracy,430,1776120347.56381,0.9034303426742554,scalar
events.out.tfevents.1776098432.e18ce739cf4e.13621.0,eval/mean_token_accuracy,440,1776120839.090303,0.9046645760536194,scalar
events.out.tfevents.1776098432.e18ce739cf4e.13621.0,eval/mean_token_accuracy,450,1776121363.83127,0.9051319360733032,scalar
events.out.tfevents.1776098432.e18ce739cf4e.13621.0,eval/mean_token_accuracy,460,1776121893.6069016,0.9052332043647766,scalar
events.out.tfevents.1776098432.e18ce739cf4e.13621.0,eval/mean_token_accuracy,470,1776122423.3050807,0.9059997797012329,scalar
events.out.tfevents.1776098432.e18ce739cf4e.13621.0,eval/mean_token_accuracy,480,1776122933.257047,0.9055652022361755,scalar
events.out.tfevents.1776098432.e18ce739cf4e.13621.0,eval/mean_token_accuracy,490,1776123430.105397,0.9069337248802185,scalar
events.out.tfevents.1776098432.e18ce739cf4e.13621.0,eval/mean_token_accuracy,500,1776123942.4292607,0.9055659770965576,scalar
events.out.tfevents.1776098432.e18ce739cf4e.13621.0,eval/mean_token_accuracy,510,1776124443.4444394,0.905132532119751,scalar
events.out.tfevents.1776098432.e18ce739cf4e.13621.0,eval/mean_token_accuracy,520,1776124950.343537,0.9059985280036926,scalar
events.out.tfevents.1776098432.e18ce739cf4e.13621.0,eval/mean_token_accuracy,530,1776125462.4289427,0.9051979780197144,scalar
events.out.tfevents.1776098432.e18ce739cf4e.13621.0,eval/mean_token_accuracy,540,1776125967.1071937,0.9063001275062561,scalar
events.out.tfevents.1776098432.e18ce739cf4e.13621.0,eval/mean_token_accuracy,550,1776126492.7419899,0.9051979780197144,scalar
events.out.tfevents.1776098432.e18ce739cf4e.13621.0,eval/mean_token_accuracy,560,1776127019.9806,0.9062994122505188,scalar
events.out.tfevents.1776098432.e18ce739cf4e.13621.0,eval/mean_token_accuracy,570,1776127503.424735,0.9065690040588379,scalar
events.out.tfevents.1776098432.e18ce739cf4e.13621.0,eval/mean_token_accuracy,580,1776128014.7201338,0.9070345163345337,scalar
events.out.tfevents.1776098432.e18ce739cf4e.13621.0,eval/mean_token_accuracy,590,1776128508.3177347,0.9084681272506714,scalar
events.out.tfevents.1776098432.e18ce739cf4e.13621.0,eval/mean_token_accuracy,600,1776129013.301902,0.9060315489768982,scalar
events.out.tfevents.1776098432.e18ce739cf4e.13621.0,eval/mean_token_accuracy,610,1776129538.0656931,0.9079684615135193,scalar
events.out.tfevents.1776098432.e18ce739cf4e.13621.0,eval/mean_token_accuracy,620,1776130069.910741,0.9062328338623047,scalar
events.out.tfevents.1776098432.e18ce739cf4e.13621.0,eval/mean_token_accuracy,630,1776130575.666616,0.9079346060752869,scalar
events.out.tfevents.1776098432.e18ce739cf4e.13621.0,eval/mean_token_accuracy,640,1776131079.4554222,0.9073002338409424,scalar
events.out.tfevents.1776098432.e18ce739cf4e.13621.0,eval/mean_token_accuracy,650,1776131580.8298328,0.9077010154724121,scalar
events.out.tfevents.1776098432.e18ce739cf4e.13621.0,eval/mean_token_accuracy,660,1776132090.472848,0.9070995450019836,scalar
events.out.tfevents.1776098432.e18ce739cf4e.13621.0,eval/mean_token_accuracy,670,1776132578.8387723,0.9077003598213196,scalar
events.out.tfevents.1776098432.e18ce739cf4e.13621.0,eval/mean_token_accuracy,680,1776133071.6104307,0.9078338742256165,scalar
events.out.tfevents.1776098432.e18ce739cf4e.13621.0,eval/mean_token_accuracy,690,1776133574.2890522,0.9067686200141907,scalar
events.out.tfevents.1776098432.e18ce739cf4e.13621.0,eval/mean_token_accuracy,700,1776134099.6857166,0.9073001742362976,scalar
events.out.tfevents.1776098432.e18ce739cf4e.13621.0,eval/mean_token_accuracy,710,1776134634.5345929,0.9079669117927551,scalar
events.out.tfevents.1776098432.e18ce739cf4e.13621.0,eval/mean_token_accuracy,720,1776135132.517753,0.9085355401039124,scalar
events.out.tfevents.1776098432.e18ce739cf4e.13621.0,eval/mean_token_accuracy,730,1776135615.2196898,0.9071011543273926,scalar
events.out.tfevents.1776098432.e18ce739cf4e.13621.0,eval/mean_token_accuracy,740,1776136126.7044017,0.9082696437835693,scalar
events.out.tfevents.1776098432.e18ce739cf4e.13621.0,eval/mean_token_accuracy,750,1776136628.1692638,0.908269464969635,scalar
events.out.tfevents.1776098432.e18ce739cf4e.13621.0,eval/mean_token_accuracy,760,1776137136.2087495,0.9090688228607178,scalar
events.out.tfevents.1776098432.e18ce739cf4e.13621.0,eval/mean_token_accuracy,770,1776137635.5727644,0.9091692566871643,scalar
events.out.tfevents.1776098432.e18ce739cf4e.13621.0,eval/mean_token_accuracy,780,1776138171.7613244,0.9089686274528503,scalar
events.out.tfevents.1776098432.e18ce739cf4e.13621.0,eval/mean_token_accuracy,790,1776138672.3932455,0.9082347750663757,scalar
events.out.tfevents.1776098432.e18ce739cf4e.13621.0,eval/mean_token_accuracy,800,1776139162.7917013,0.9087351560592651,scalar
events.out.tfevents.1776098432.e18ce739cf4e.13621.0,eval/mean_token_accuracy,810,1776139687.2786777,0.9075340628623962,scalar
events.out.tfevents.1776098432.e18ce739cf4e.13621.0,eval/mean_token_accuracy,820,1776140195.994542,0.909837007522583,scalar
events.out.tfevents.1776098432.e18ce739cf4e.13621.0,eval/mean_token_accuracy,830,1776140709.7088118,0.9094367623329163,scalar
events.out.tfevents.1776098432.e18ce739cf4e.13621.0,eval/mean_token_accuracy,840,1776141254.2667103,0.9095361828804016,scalar
events.out.tfevents.1776098432.e18ce739cf4e.13621.0,eval/mean_token_accuracy,850,1776141751.9428391,0.9084016680717468,scalar
events.out.tfevents.1776098432.e18ce739cf4e.13621.0,eval/mean_token_accuracy,860,1776142303.3258765,0.9090026021003723,scalar
events.out.tfevents.1776098432.e18ce739cf4e.13621.0,eval/mean_token_accuracy,870,1776142783.4761102,0.9105702042579651,scalar
events.out.tfevents.1776098432.e18ce739cf4e.13621.0,eval/mean_token_accuracy,880,1776143294.7032247,0.9091033339500427,scalar
events.out.tfevents.1776098432.e18ce739cf4e.13621.0,eval/mean_token_accuracy,890,1776143812.0069854,0.9093686938285828,scalar
events.out.tfevents.1776098432.e18ce739cf4e.13621.0,eval/mean_token_accuracy,900,1776144321.966229,0.9089351296424866,scalar
events.out.tfevents.1776098432.e18ce739cf4e.13621.0,eval/mean_token_accuracy,910,1776144836.742297,0.9086681008338928,scalar
events.out.tfevents.1776098432.e18ce739cf4e.13621.0,eval/mean_token_accuracy,920,1776145356.3560646,0.909269392490387,scalar
events.out.tfevents.1776098432.e18ce739cf4e.13621.0,eval/mean_token_accuracy,930,1776145860.1327052,0.9108037948608398,scalar
events.out.tfevents.1776098432.e18ce739cf4e.13621.0,eval/mean_token_accuracy,940,1776146377.2109125,0.9096693992614746,scalar
events.out.tfevents.1776098432.e18ce739cf4e.13621.0,eval/mean_token_accuracy,950,1776146910.768034,0.9102038145065308,scalar
events.out.tfevents.1776098432.e18ce739cf4e.13621.0,eval/mean_token_accuracy,960,1776147396.4928846,0.909568727016449,scalar
events.out.tfevents.1776098432.e18ce739cf4e.13621.0,eval/mean_token_accuracy,970,1776147916.9848738,0.908402144908905,scalar
events.out.tfevents.1776098432.e18ce739cf4e.13621.0,eval/mean_token_accuracy,980,1776148412.9794574,0.9102362990379333,scalar
events.out.tfevents.1776098432.e18ce739cf4e.13621.0,eval/mean_token_accuracy,990,1776148919.3845336,0.9101690649986267,scalar
events.out.tfevents.1776098432.e18ce739cf4e.13621.0,eval/mean_token_accuracy,1000,1776149410.2203097,0.910636305809021,scalar
events.out.tfevents.1776098432.e18ce739cf4e.13621.0,eval/mean_token_accuracy,1010,1776149913.4932315,0.910135805606842,scalar
events.out.tfevents.1776098432.e18ce739cf4e.13621.0,eval/mean_token_accuracy,1020,1776150438.175728,0.9101701974868774,scalar
events.out.tfevents.1776098432.e18ce739cf4e.13621.0,eval/mean_token_accuracy,1030,1776150954.51467,0.9103359580039978,scalar
events.out.tfevents.1776098432.e18ce739cf4e.13621.0,eval/mean_token_accuracy,1040,1776151481.212285,0.9100028872489929,scalar
events.out.tfevents.1776098432.e18ce739cf4e.13621.0,eval/mean_token_accuracy,1050,1776151996.7152636,0.9111378192901611,scalar
events.out.tfevents.1776098432.e18ce739cf4e.13621.0,eval/mean_token_accuracy,1060,1776152495.8583834,0.9103702306747437,scalar
events.out.tfevents.1776098432.e18ce739cf4e.13621.0,eval/mean_token_accuracy,1070,1776153020.289012,0.9111042022705078,scalar
events.out.tfevents.1776098432.e18ce739cf4e.13621.0,eval/mean_token_accuracy,1080,1776153513.8960042,0.9097354412078857,scalar
events.out.tfevents.1776098432.e18ce739cf4e.13621.0,eval/mean_token_accuracy,1090,1776154028.37188,0.910470187664032,scalar
events.out.tfevents.1776098432.e18ce739cf4e.13621.0,eval/mean_token_accuracy,1100,1776154544.8465939,0.9114039540290833,scalar
events.out.tfevents.1776098432.e18ce739cf4e.13621.0,eval/mean_token_accuracy,1110,1776155046.8684947,0.9107039570808411,scalar
events.out.tfevents.1776098432.e18ce739cf4e.13621.0,eval/mean_token_accuracy,1120,1776155598.4597144,0.911637544631958,scalar
events.out.tfevents.1776098432.e18ce739cf4e.13621.0,eval/mean_token_accuracy,1130,1776156108.9868498,0.9114371538162231,scalar
events.out.tfevents.1776098432.e18ce739cf4e.13621.0,eval/mean_token_accuracy,1140,1776156624.0609095,0.9109707474708557,scalar
events.out.tfevents.1776098432.e18ce739cf4e.13621.0,eval/mean_token_accuracy,1150,1776157128.8985968,0.910770833492279,scalar
events.out.tfevents.1776098432.e18ce739cf4e.13621.0,eval/mean_token_accuracy,1160,1776157646.7182946,0.9112367033958435,scalar
events.out.tfevents.1776098432.e18ce739cf4e.13621.0,eval/mean_token_accuracy,1170,1776158137.8995714,0.9103030562400818,scalar
events.out.tfevents.1776294211.15e97987a4b5.21254.0,train/loss,5,1776294500.0200124,1.6440675258636475,scalar
events.out.tfevents.1776294211.15e97987a4b5.21254.0,train/loss,10,1776294786.9299772,1.5747344493865967,scalar
events.out.tfevents.1776294211.15e97987a4b5.21254.0,train/loss,15,1776295092.9793272,1.3148292303085327,scalar
events.out.tfevents.1776294211.15e97987a4b5.21254.0,train/loss,20,1776295380.9853008,0.9214867353439331,scalar
events.out.tfevents.1776294211.15e97987a4b5.21254.0,train/loss,25,1776295680.8475587,0.6009891629219055,scalar
events.out.tfevents.1776294211.15e97987a4b5.21254.0,train/loss,30,1776295965.7493432,0.4200206696987152,scalar
events.out.tfevents.1776294211.15e97987a4b5.21254.0,train/loss,35,1776296264.6620865,0.3599010407924652,scalar
events.out.tfevents.1776294211.15e97987a4b5.21254.0,train/loss,40,1776296556.975759,0.3182290494441986,scalar
events.out.tfevents.1776294211.15e97987a4b5.21254.0,train/loss,45,1776296859.4412456,0.2960936427116394,scalar
events.out.tfevents.1776294211.15e97987a4b5.21254.0,train/loss,50,1776297151.49739,0.2868267893791199,scalar
events.out.tfevents.1776294211.15e97987a4b5.21254.0,train/loss,55,1776297454.5194519,0.27614468336105347,scalar
events.out.tfevents.1776294211.15e97987a4b5.21254.0,train/loss,60,1776297746.4994357,0.27276140451431274,scalar
events.out.tfevents.1776294211.15e97987a4b5.21254.0,train/loss,65,1776298048.6442904,0.26495233178138733,scalar
events.out.tfevents.1776294211.15e97987a4b5.21254.0,train/loss,70,1776298334.0793047,0.2629680931568146,scalar
events.out.tfevents.1776294211.15e97987a4b5.21254.0,train/loss,75,1776298629.440693,0.2538072466850281,scalar
events.out.tfevents.1776294211.15e97987a4b5.21254.0,train/loss,80,1776298916.3569808,0.254995733499527,scalar
events.out.tfevents.1776294211.15e97987a4b5.21254.0,train/loss,85,1776299214.524326,0.25042441487312317,scalar
events.out.tfevents.1776294211.15e97987a4b5.21254.0,train/loss,90,1776299499.526881,0.24987435340881348,scalar
events.out.tfevents.1776294211.15e97987a4b5.21254.0,train/loss,95,1776299798.8906684,0.24505937099456787,scalar
events.out.tfevents.1776294211.15e97987a4b5.21254.0,train/loss,100,1776300086.0003116,0.24370817840099335,scalar
events.out.tfevents.1776294211.15e97987a4b5.21254.0,train/loss,105,1776300391.0263326,0.24454531073570251,scalar
events.out.tfevents.1776294211.15e97987a4b5.21254.0,train/loss,110,1776300682.6527803,0.24173656105995178,scalar
events.out.tfevents.1776294211.15e97987a4b5.21254.0,train/loss,115,1776300982.365664,0.24383699893951416,scalar
events.out.tfevents.1776294211.15e97987a4b5.21254.0,train/loss,120,1776301269.7542868,0.24534349143505096,scalar
events.out.tfevents.1776294211.15e97987a4b5.21254.0,train/loss,125,1776301571.2823596,0.24428363144397736,scalar
events.out.tfevents.1776294211.15e97987a4b5.21254.0,train/loss,130,1776301857.495636,0.2393890619277954,scalar
events.out.tfevents.1776294211.15e97987a4b5.21254.0,train/loss,135,1776302160.6487672,0.24013788998126984,scalar
events.out.tfevents.1776294211.15e97987a4b5.21254.0,train/loss,140,1776302445.289115,0.23411598801612854,scalar
events.out.tfevents.1776294211.15e97987a4b5.21254.0,train/loss,145,1776302747.5891109,0.23961539566516876,scalar
events.out.tfevents.1776294211.15e97987a4b5.21254.0,train/loss,150,1776303033.4954066,0.23309433460235596,scalar
events.out.tfevents.1776294211.15e97987a4b5.21254.0,train/loss,155,1776303334.7928846,0.23794522881507874,scalar
events.out.tfevents.1776294211.15e97987a4b5.21254.0,train/loss,160,1776303623.2440376,0.23465979099273682,scalar
events.out.tfevents.1776294211.15e97987a4b5.21254.0,train/loss,165,1776303921.700569,0.23244020342826843,scalar
events.out.tfevents.1776294211.15e97987a4b5.21254.0,train/loss,170,1776304208.7429032,0.2359919548034668,scalar
events.out.tfevents.1776294211.15e97987a4b5.21254.0,train/loss,175,1776304512.1923456,0.2313583642244339,scalar
events.out.tfevents.1776294211.15e97987a4b5.21254.0,train/loss,180,1776304805.2790933,0.2326725423336029,scalar
events.out.tfevents.1776294211.15e97987a4b5.21254.0,train/loss,185,1776305112.784675,0.23143568634986877,scalar
events.out.tfevents.1776294211.15e97987a4b5.21254.0,train/loss,190,1776305401.4352818,0.22812990844249725,scalar
events.out.tfevents.1776294211.15e97987a4b5.21254.0,train/loss,195,1776305705.8600864,0.23272733390331268,scalar
events.out.tfevents.1776294211.15e97987a4b5.21254.0,train/loss,200,1776305999.3832414,0.2337566316127777,scalar
events.out.tfevents.1776294211.15e97987a4b5.21254.0,train/loss,205,1776306300.4803407,0.23188455402851105,scalar
events.out.tfevents.1776294211.15e97987a4b5.21254.0,train/loss,210,1776306590.0086408,0.22930899262428284,scalar
events.out.tfevents.1776294211.15e97987a4b5.21254.0,train/loss,215,1776306896.0691607,0.22608475387096405,scalar
events.out.tfevents.1776294211.15e97987a4b5.21254.0,train/loss,220,1776307184.9115026,0.22984452545642853,scalar
events.out.tfevents.1776294211.15e97987a4b5.21254.0,train/loss,225,1776307487.348028,0.23090501129627228,scalar
events.out.tfevents.1776294211.15e97987a4b5.21254.0,train/loss,230,1776307771.4376755,0.2292875498533249,scalar
events.out.tfevents.1776294211.15e97987a4b5.21254.0,train/loss,235,1776308076.250529,0.2252579629421234,scalar
events.out.tfevents.1776294211.15e97987a4b5.21254.0,train/loss,240,1776308366.1285458,0.22367849946022034,scalar
events.out.tfevents.1776294211.15e97987a4b5.21254.0,train/loss,245,1776308664.0102293,0.22303056716918945,scalar
events.out.tfevents.1776294211.15e97987a4b5.21254.0,train/loss,250,1776308953.5336199,0.22434115409851074,scalar
events.out.tfevents.1776294211.15e97987a4b5.21254.0,train/loss,255,1776309253.8979068,0.22468313574790955,scalar
events.out.tfevents.1776294211.15e97987a4b5.21254.0,train/loss,260,1776309518.8442473,0.24047699570655823,scalar
events.out.tfevents.1776294211.15e97987a4b5.21254.0,train/loss,265,1776309818.9600892,0.22400155663490295,scalar
events.out.tfevents.1776294211.15e97987a4b5.21254.0,train/loss,270,1776310109.905832,0.22219979763031006,scalar
events.out.tfevents.1776294211.15e97987a4b5.21254.0,train/loss,275,1776310414.6902127,0.22911480069160461,scalar
events.out.tfevents.1776294211.15e97987a4b5.21254.0,train/loss,280,1776310703.5012631,0.2212698757648468,scalar
events.out.tfevents.1776294211.15e97987a4b5.21254.0,train/loss,285,1776311007.500724,0.22075168788433075,scalar
events.out.tfevents.1776294211.15e97987a4b5.21254.0,train/loss,290,1776311296.4932928,0.21777978539466858,scalar
events.out.tfevents.1776294211.15e97987a4b5.21254.0,train/loss,295,1776311604.6357176,0.22064220905303955,scalar
events.out.tfevents.1776294211.15e97987a4b5.21254.0,train/loss,300,1776311889.6337411,0.216801717877388,scalar
events.out.tfevents.1776294211.15e97987a4b5.21254.0,train/loss,305,1776312189.2478526,0.22192373871803284,scalar
events.out.tfevents.1776294211.15e97987a4b5.21254.0,train/loss,310,1776312474.1445212,0.2199840247631073,scalar
events.out.tfevents.1776294211.15e97987a4b5.21254.0,train/loss,315,1776312776.364226,0.22134408354759216,scalar
events.out.tfevents.1776294211.15e97987a4b5.21254.0,train/loss,320,1776313067.4264715,0.21440163254737854,scalar
events.out.tfevents.1776294211.15e97987a4b5.21254.0,train/loss,325,1776313372.3344219,0.21801522374153137,scalar
events.out.tfevents.1776294211.15e97987a4b5.21254.0,train/loss,330,1776313658.1930554,0.22388021647930145,scalar
events.out.tfevents.1776294211.15e97987a4b5.21254.0,train/loss,335,1776313959.5263898,0.22017809748649597,scalar
events.out.tfevents.1776294211.15e97987a4b5.21254.0,train/loss,340,1776314250.1656296,0.21558673679828644,scalar
events.out.tfevents.1776294211.15e97987a4b5.21254.0,train/loss,345,1776314557.4202507,0.21991212666034698,scalar
events.out.tfevents.1776294211.15e97987a4b5.21254.0,train/loss,350,1776314846.0147336,0.21792717278003693,scalar
events.out.tfevents.1776294211.15e97987a4b5.21254.0,train/loss,355,1776315145.6213071,0.22244596481323242,scalar
events.out.tfevents.1776294211.15e97987a4b5.21254.0,train/loss,360,1776315430.0186567,0.21978361904621124,scalar
events.out.tfevents.1776294211.15e97987a4b5.21254.0,train/loss,365,1776315734.907706,0.21263010799884796,scalar
events.out.tfevents.1776294211.15e97987a4b5.21254.0,train/loss,370,1776316024.4047127,0.21496501564979553,scalar
events.out.tfevents.1776294211.15e97987a4b5.21254.0,train/loss,375,1776316329.1648662,0.2132694274187088,scalar
events.out.tfevents.1776294211.15e97987a4b5.21254.0,train/loss,380,1776316611.4029462,0.21749451756477356,scalar
events.out.tfevents.1776294211.15e97987a4b5.21254.0,train/loss,385,1776316913.101706,0.21419961750507355,scalar
events.out.tfevents.1776294211.15e97987a4b5.21254.0,train/loss,390,1776317206.0596845,0.21334891021251678,scalar
events.out.tfevents.1776294211.15e97987a4b5.21254.0,train/loss,395,1776317512.3739533,0.2149965763092041,scalar
events.out.tfevents.1776294211.15e97987a4b5.21254.0,train/loss,400,1776317800.0853553,0.2218930721282959,scalar
events.out.tfevents.1776294211.15e97987a4b5.21254.0,train/loss,405,1776318100.8513024,0.2147510051727295,scalar
events.out.tfevents.1776294211.15e97987a4b5.21254.0,train/loss,410,1776318390.4442675,0.2165127545595169,scalar
events.out.tfevents.1776294211.15e97987a4b5.21254.0,train/loss,415,1776318690.6368146,0.21253123879432678,scalar
events.out.tfevents.1776294211.15e97987a4b5.21254.0,train/loss,420,1776318981.6244698,0.21970537304878235,scalar
events.out.tfevents.1776294211.15e97987a4b5.21254.0,train/loss,425,1776319280.9084504,0.21405044198036194,scalar
events.out.tfevents.1776294211.15e97987a4b5.21254.0,train/loss,430,1776319572.5018609,0.21231114864349365,scalar
events.out.tfevents.1776294211.15e97987a4b5.21254.0,train/loss,435,1776319875.3563225,0.21630413830280304,scalar
events.out.tfevents.1776294211.15e97987a4b5.21254.0,train/loss,440,1776320161.7897964,0.2124340981245041,scalar
events.out.tfevents.1776294211.15e97987a4b5.21254.0,train/loss,445,1776320472.3607454,0.21419791877269745,scalar
events.out.tfevents.1776294211.15e97987a4b5.21254.0,train/loss,450,1776320759.6397314,0.21206077933311462,scalar
events.out.tfevents.1776294211.15e97987a4b5.21254.0,train/loss,455,1776321059.3415117,0.21274688839912415,scalar
events.out.tfevents.1776294211.15e97987a4b5.21254.0,train/loss,460,1776321348.2781377,0.21433302760124207,scalar
events.out.tfevents.1776294211.15e97987a4b5.21254.0,train/loss,465,1776321655.1963592,0.2145514190196991,scalar
events.out.tfevents.1776294211.15e97987a4b5.21254.0,train/loss,470,1776321944.3679416,0.21360830962657928,scalar
events.out.tfevents.1776294211.15e97987a4b5.21254.0,train/loss,475,1776322245.454235,0.21601414680480957,scalar
events.out.tfevents.1776294211.15e97987a4b5.21254.0,train/loss,480,1776322534.8722112,0.210386723279953,scalar
events.out.tfevents.1776294211.15e97987a4b5.21254.0,train/loss,485,1776322839.494024,0.21158051490783691,scalar
events.out.tfevents.1776294211.15e97987a4b5.21254.0,train/loss,490,1776323129.7089086,0.21353308856487274,scalar
events.out.tfevents.1776294211.15e97987a4b5.21254.0,train/loss,495,1776323436.9533193,0.21018309891223907,scalar
events.out.tfevents.1776294211.15e97987a4b5.21254.0,train/loss,500,1776323729.691487,0.21316492557525635,scalar
events.out.tfevents.1776294211.15e97987a4b5.21254.0,train/loss,505,1776324029.2053022,0.21238884329795837,scalar
events.out.tfevents.1776294211.15e97987a4b5.21254.0,train/loss,510,1776324316.9700298,0.21172277629375458,scalar
events.out.tfevents.1776294211.15e97987a4b5.21254.0,train/loss,515,1776324622.120733,0.21349525451660156,scalar
events.out.tfevents.1776294211.15e97987a4b5.21254.0,train/loss,520,1776324886.9752402,0.21746227145195007,scalar
events.out.tfevents.1776294211.15e97987a4b5.21254.0,train/loss,525,1776325187.2360792,0.21109119057655334,scalar
events.out.tfevents.1776294211.15e97987a4b5.21254.0,train/loss,530,1776325474.3137152,0.21269746124744415,scalar
events.out.tfevents.1776294211.15e97987a4b5.21254.0,train/loss,535,1776325780.9570067,0.21485157310962677,scalar
events.out.tfevents.1776294211.15e97987a4b5.21254.0,train/loss,540,1776326071.6068816,0.21232597529888153,scalar
events.out.tfevents.1776294211.15e97987a4b5.21254.0,train/loss,545,1776326379.2323098,0.2082153856754303,scalar
events.out.tfevents.1776294211.15e97987a4b5.21254.0,train/loss,550,1776326668.7002485,0.20803694427013397,scalar
events.out.tfevents.1776294211.15e97987a4b5.21254.0,train/loss,555,1776326974.0136845,0.20944324135780334,scalar
events.out.tfevents.1776294211.15e97987a4b5.21254.0,train/loss,560,1776327262.5214412,0.20643027126789093,scalar
events.out.tfevents.1776294211.15e97987a4b5.21254.0,train/loss,565,1776327566.405365,0.21000179648399353,scalar
events.out.tfevents.1776294211.15e97987a4b5.21254.0,train/loss,570,1776327862.756733,0.20743027329444885,scalar
events.out.tfevents.1776294211.15e97987a4b5.21254.0,train/loss,575,1776328166.276241,0.2077895849943161,scalar
events.out.tfevents.1776294211.15e97987a4b5.21254.0,train/loss,580,1776328453.9207892,0.20705774426460266,scalar
events.out.tfevents.1776294211.15e97987a4b5.21254.0,train/loss,585,1776328755.7874272,0.20517662167549133,scalar
events.out.tfevents.1776294211.15e97987a4b5.21254.0,train/loss,590,1776329048.7875583,0.20355525612831116,scalar
events.out.tfevents.1776294211.15e97987a4b5.21254.0,train/loss,595,1776329352.9827003,0.20777110755443573,scalar
events.out.tfevents.1776294211.15e97987a4b5.21254.0,train/loss,600,1776329643.4216993,0.20963625609874725,scalar
events.out.tfevents.1776294211.15e97987a4b5.21254.0,train/loss,605,1776329944.3063376,0.20879068970680237,scalar
events.out.tfevents.1776294211.15e97987a4b5.21254.0,train/loss,610,1776330239.6982226,0.21082349121570587,scalar
events.out.tfevents.1776294211.15e97987a4b5.21254.0,train/loss,615,1776330539.2313902,0.20767705142498016,scalar
events.out.tfevents.1776294211.15e97987a4b5.21254.0,train/loss,620,1776330826.8272662,0.20480024814605713,scalar
events.out.tfevents.1776294211.15e97987a4b5.21254.0,train/loss,625,1776331127.0990393,0.20404043793678284,scalar
events.out.tfevents.1776294211.15e97987a4b5.21254.0,train/loss,630,1776331419.7613955,0.20585057139396667,scalar
events.out.tfevents.1776294211.15e97987a4b5.21254.0,train/loss,635,1776331725.0418007,0.20489950478076935,scalar
events.out.tfevents.1776294211.15e97987a4b5.21254.0,train/loss,640,1776332016.4381118,0.20789916813373566,scalar
events.out.tfevents.1776294211.15e97987a4b5.21254.0,train/loss,645,1776332319.0563302,0.2058335840702057,scalar
events.out.tfevents.1776294211.15e97987a4b5.21254.0,train/loss,650,1776332612.7723527,0.21057114005088806,scalar
events.out.tfevents.1776294211.15e97987a4b5.21254.0,train/loss,655,1776332910.7195442,0.20663850009441376,scalar
events.out.tfevents.1776294211.15e97987a4b5.21254.0,train/loss,660,1776333195.8086112,0.20335893332958221,scalar
events.out.tfevents.1776294211.15e97987a4b5.21254.0,train/loss,665,1776333496.8619223,0.2082250565290451,scalar
events.out.tfevents.1776294211.15e97987a4b5.21254.0,train/loss,670,1776333781.156754,0.20510737597942352,scalar
events.out.tfevents.1776294211.15e97987a4b5.21254.0,train/loss,675,1776334086.1084137,0.20419828593730927,scalar
events.out.tfevents.1776294211.15e97987a4b5.21254.0,train/loss,680,1776334373.9043686,0.20819425582885742,scalar
events.out.tfevents.1776294211.15e97987a4b5.21254.0,train/loss,685,1776334675.5745792,0.20672592520713806,scalar
events.out.tfevents.1776294211.15e97987a4b5.21254.0,train/loss,690,1776334967.5167964,0.2050076723098755,scalar
events.out.tfevents.1776294211.15e97987a4b5.21254.0,train/loss,695,1776335269.5882547,0.20628896355628967,scalar
events.out.tfevents.1776294211.15e97987a4b5.21254.0,train/loss,700,1776335557.376066,0.20300252735614777,scalar
events.out.tfevents.1776294211.15e97987a4b5.21254.0,train/loss,705,1776335863.1971486,0.20280805230140686,scalar
events.out.tfevents.1776294211.15e97987a4b5.21254.0,train/loss,710,1776336155.556431,0.20356598496437073,scalar
events.out.tfevents.1776294211.15e97987a4b5.21254.0,train/loss,715,1776336454.841737,0.20217636227607727,scalar
events.out.tfevents.1776294211.15e97987a4b5.21254.0,train/loss,720,1776336744.5748723,0.2024480402469635,scalar
events.out.tfevents.1776294211.15e97987a4b5.21254.0,train/loss,725,1776337045.256356,0.20442846417427063,scalar
events.out.tfevents.1776294211.15e97987a4b5.21254.0,train/loss,730,1776337336.3028975,0.2045196294784546,scalar
events.out.tfevents.1776294211.15e97987a4b5.21254.0,train/loss,735,1776337646.56667,0.2063467800617218,scalar
events.out.tfevents.1776294211.15e97987a4b5.21254.0,train/loss,740,1776337936.6843553,0.20273873209953308,scalar
events.out.tfevents.1776294211.15e97987a4b5.21254.0,train/loss,745,1776338239.975639,0.20367130637168884,scalar
events.out.tfevents.1776294211.15e97987a4b5.21254.0,train/loss,750,1776338524.893115,0.20354454219341278,scalar
events.out.tfevents.1776294211.15e97987a4b5.21254.0,train/loss,755,1776338827.0107384,0.20439882576465607,scalar
events.out.tfevents.1776294211.15e97987a4b5.21254.0,train/loss,760,1776339115.0273829,0.20271995663642883,scalar
events.out.tfevents.1776294211.15e97987a4b5.21254.0,train/loss,765,1776339420.0793438,0.20708563923835754,scalar
events.out.tfevents.1776294211.15e97987a4b5.21254.0,train/loss,770,1776339710.779867,0.2043289840221405,scalar
events.out.tfevents.1776294211.15e97987a4b5.21254.0,train/loss,775,1776340012.0378706,0.20177467167377472,scalar
events.out.tfevents.1776294211.15e97987a4b5.21254.0,train/loss,780,1776340280.663556,0.20141872763633728,scalar
events.out.tfevents.1776294211.15e97987a4b5.21254.0,train/loss,785,1776340587.9290626,0.20328648388385773,scalar
events.out.tfevents.1776294211.15e97987a4b5.21254.0,train/loss,790,1776340877.7142699,0.2007226049900055,scalar
events.out.tfevents.1776294211.15e97987a4b5.21254.0,train/loss,795,1776341175.882296,0.2055428922176361,scalar
events.out.tfevents.1776294211.15e97987a4b5.21254.0,train/loss,800,1776341465.9190395,0.20111370086669922,scalar
events.out.tfevents.1776294211.15e97987a4b5.21254.0,train/loss,805,1776341766.9645045,0.20296761393547058,scalar
events.out.tfevents.1776294211.15e97987a4b5.21254.0,train/loss,810,1776342062.5018888,0.20111677050590515,scalar
events.out.tfevents.1776294211.15e97987a4b5.21254.0,train/loss,815,1776342369.5756886,0.20313850045204163,scalar
events.out.tfevents.1776294211.15e97987a4b5.21254.0,train/loss,820,1776342656.1276693,0.2003285437822342,scalar
events.out.tfevents.1776294211.15e97987a4b5.21254.0,train/loss,825,1776342958.275041,0.2022358477115631,scalar
events.out.tfevents.1776294211.15e97987a4b5.21254.0,train/loss,830,1776343244.8434458,0.20061905682086945,scalar
events.out.tfevents.1776294211.15e97987a4b5.21254.0,train/loss,835,1776343553.0007565,0.20051446557044983,scalar
events.out.tfevents.1776294211.15e97987a4b5.21254.0,train/loss,840,1776343842.554403,0.20251639187335968,scalar
events.out.tfevents.1776294211.15e97987a4b5.21254.0,train/loss,845,1776344141.2857347,0.20144550502300262,scalar
events.out.tfevents.1776294211.15e97987a4b5.21254.0,train/loss,850,1776344429.302524,0.1997985690832138,scalar
events.out.tfevents.1776294211.15e97987a4b5.21254.0,train/loss,855,1776344727.9397726,0.20226185023784637,scalar
events.out.tfevents.1776294211.15e97987a4b5.21254.0,train/loss,860,1776345016.8844376,0.20230638980865479,scalar
events.out.tfevents.1776294211.15e97987a4b5.21254.0,train/loss,865,1776345322.3383453,0.20235200226306915,scalar
events.out.tfevents.1776294211.15e97987a4b5.21254.0,train/loss,870,1776345620.963154,0.1972610503435135,scalar
events.out.tfevents.1776294211.15e97987a4b5.21254.0,train/loss,875,1776345920.9380772,0.19885781407356262,scalar
events.out.tfevents.1776294211.15e97987a4b5.21254.0,train/loss,880,1776346209.39989,0.20243945717811584,scalar
events.out.tfevents.1776294211.15e97987a4b5.21254.0,train/loss,885,1776346514.2003012,0.19933128356933594,scalar
events.out.tfevents.1776294211.15e97987a4b5.21254.0,train/loss,890,1776346808.7360995,0.1980663537979126,scalar
events.out.tfevents.1776294211.15e97987a4b5.21254.0,train/loss,895,1776347116.2924497,0.19945944845676422,scalar
events.out.tfevents.1776294211.15e97987a4b5.21254.0,train/loss,900,1776347403.367768,0.2029929906129837,scalar
events.out.tfevents.1776294211.15e97987a4b5.21254.0,train/loss,905,1776347703.0797033,0.2055969536304474,scalar
events.out.tfevents.1776294211.15e97987a4b5.21254.0,train/loss,910,1776347988.2968934,0.19758081436157227,scalar
events.out.tfevents.1776294211.15e97987a4b5.21254.0,train/loss,915,1776348302.0767777,0.2000039517879486,scalar
events.out.tfevents.1776294211.15e97987a4b5.21254.0,train/loss,920,1776348589.4426477,0.19933876395225525,scalar
events.out.tfevents.1776294211.15e97987a4b5.21254.0,train/loss,925,1776348899.560659,0.20241034030914307,scalar
events.out.tfevents.1776294211.15e97987a4b5.21254.0,train/loss,930,1776349187.42735,0.20020878314971924,scalar
events.out.tfevents.1776294211.15e97987a4b5.21254.0,train/loss,935,1776349490.9905941,0.20197589695453644,scalar
events.out.tfevents.1776294211.15e97987a4b5.21254.0,train/loss,940,1776349784.3592079,0.20005202293395996,scalar
events.out.tfevents.1776294211.15e97987a4b5.21254.0,train/loss,945,1776350087.58746,0.20204469561576843,scalar
events.out.tfevents.1776294211.15e97987a4b5.21254.0,train/loss,950,1776350376.5017493,0.19979283213615417,scalar
events.out.tfevents.1776294211.15e97987a4b5.21254.0,train/loss,955,1776350676.433986,0.19908975064754486,scalar
events.out.tfevents.1776294211.15e97987a4b5.21254.0,train/loss,960,1776350964.7873607,0.20071256160736084,scalar
events.out.tfevents.1776294211.15e97987a4b5.21254.0,train/loss,965,1776351269.3703103,0.19856522977352142,scalar
events.out.tfevents.1776294211.15e97987a4b5.21254.0,train/loss,970,1776351562.843369,0.1988937109708786,scalar
events.out.tfevents.1776294211.15e97987a4b5.21254.0,train/loss,975,1776351866.5086627,0.20075607299804688,scalar
events.out.tfevents.1776294211.15e97987a4b5.21254.0,train/loss,980,1776352155.5180807,0.1983448714017868,scalar
events.out.tfevents.1776294211.15e97987a4b5.21254.0,train/loss,985,1776352462.9413145,0.2010379284620285,scalar
events.out.tfevents.1776294211.15e97987a4b5.21254.0,train/loss,990,1776352752.1802044,0.19830001890659332,scalar
events.out.tfevents.1776294211.15e97987a4b5.21254.0,train/loss,995,1776353055.437668,0.1966467946767807,scalar
events.out.tfevents.1776294211.15e97987a4b5.21254.0,train/loss,1000,1776353350.7218273,0.19887056946754456,scalar
events.out.tfevents.1776294211.15e97987a4b5.21254.0,train/loss,1005,1776353655.246432,0.19853165745735168,scalar
events.out.tfevents.1776294211.15e97987a4b5.21254.0,train/loss,1010,1776353947.7307844,0.19618624448776245,scalar
events.out.tfevents.1776294211.15e97987a4b5.21254.0,train/loss,1015,1776354245.9703987,0.19755956530570984,scalar
events.out.tfevents.1776294211.15e97987a4b5.21254.0,train/loss,1020,1776354528.577473,0.19905832409858704,scalar
events.out.tfevents.1776294211.15e97987a4b5.21254.0,train/loss,1025,1776354831.638137,0.19595733284950256,scalar
events.out.tfevents.1776294211.15e97987a4b5.21254.0,train/loss,1030,1776355121.4812958,0.19949844479560852,scalar
events.out.tfevents.1776294211.15e97987a4b5.21254.0,train/loss,1035,1776355426.396165,0.19751599431037903,scalar
events.out.tfevents.1776294211.15e97987a4b5.21254.0,train/loss,1040,1776355696.4629242,0.19925114512443542,scalar
events.out.tfevents.1776294211.15e97987a4b5.21254.0,train/loss,1045,1776356000.091805,0.1987053006887436,scalar
events.out.tfevents.1776294211.15e97987a4b5.21254.0,train/loss,1050,1776356289.2774696,0.19763879477977753,scalar
events.out.tfevents.1776294211.15e97987a4b5.21254.0,train/loss,1055,1776356588.1141417,0.20206943154335022,scalar
events.out.tfevents.1776294211.15e97987a4b5.21254.0,train/loss,1060,1776356879.3783975,0.19525457918643951,scalar
events.out.tfevents.1776294211.15e97987a4b5.21254.0,train/loss,1065,1776357179.363074,0.19725748896598816,scalar
events.out.tfevents.1776294211.15e97987a4b5.21254.0,train/loss,1070,1776357465.6340823,0.19511379301548004,scalar
events.out.tfevents.1776294211.15e97987a4b5.21254.0,train/loss,1075,1776357765.3203204,0.19997276365756989,scalar
events.out.tfevents.1776294211.15e97987a4b5.21254.0,train/loss,1080,1776358052.2650607,0.19527384638786316,scalar
events.out.tfevents.1776294211.15e97987a4b5.21254.0,train/loss,1085,1776358352.7112982,0.2022360861301422,scalar
events.out.tfevents.1776294211.15e97987a4b5.21254.0,train/loss,1090,1776358643.4963586,0.19728204607963562,scalar
events.out.tfevents.1776294211.15e97987a4b5.21254.0,train/loss,1095,1776358946.7530873,0.19718435406684875,scalar
events.out.tfevents.1776294211.15e97987a4b5.21254.0,train/loss,1100,1776359235.944384,0.19673776626586914,scalar
events.out.tfevents.1776294211.15e97987a4b5.21254.0,train/loss,1105,1776359539.337772,0.1943657100200653,scalar
events.out.tfevents.1776294211.15e97987a4b5.21254.0,train/loss,1110,1776359827.2799332,0.19710399210453033,scalar
events.out.tfevents.1776294211.15e97987a4b5.21254.0,train/loss,1115,1776360131.1080387,0.19452884793281555,scalar
events.out.tfevents.1776294211.15e97987a4b5.21254.0,train/loss,1120,1776360419.0894465,0.1973656713962555,scalar
events.out.tfevents.1776294211.15e97987a4b5.21254.0,train/loss,1125,1776360728.9781625,0.1970105767250061,scalar
events.out.tfevents.1776294211.15e97987a4b5.21254.0,train/loss,1130,1776361024.3770657,0.19829519093036652,scalar
events.out.tfevents.1776294211.15e97987a4b5.21254.0,train/loss,1135,1776361328.5796027,0.1993192881345749,scalar
events.out.tfevents.1776294211.15e97987a4b5.21254.0,train/loss,1140,1776361615.6408355,0.19528326392173767,scalar
events.out.tfevents.1776294211.15e97987a4b5.21254.0,train/loss,1145,1776361919.2369418,0.19765689969062805,scalar
events.out.tfevents.1776294211.15e97987a4b5.21254.0,train/loss,1150,1776362211.1634889,0.1992904096841812,scalar
events.out.tfevents.1776294211.15e97987a4b5.21254.0,train/loss,1155,1776362510.3072312,0.19539737701416016,scalar
events.out.tfevents.1776294211.15e97987a4b5.21254.0,train/loss,1160,1776362801.0450776,0.19383604824543,scalar
events.out.tfevents.1776294211.15e97987a4b5.21254.0,train/loss,1165,1776363106.3958817,0.19702120125293732,scalar
events.out.tfevents.1776294211.15e97987a4b5.21254.0,train/loss,1170,1776363396.5669546,0.19585517048835754,scalar
events.out.tfevents.1776294211.15e97987a4b5.21254.0,train/loss,1175,1776363698.1773348,0.1965150237083435,scalar
events.out.tfevents.1776294211.15e97987a4b5.21254.0,train/loss,1180,1776363987.1616518,0.19758445024490356,scalar
events.out.tfevents.1776294211.15e97987a4b5.21254.0,train/loss,1185,1776364292.7790668,0.1982598602771759,scalar
events.out.tfevents.1776294211.15e97987a4b5.21254.0,train/loss,1190,1776364579.2384565,0.1955406367778778,scalar
events.out.tfevents.1776294211.15e97987a4b5.21254.0,train/loss,1195,1776364885.1014705,0.19697797298431396,scalar
events.out.tfevents.1776294211.15e97987a4b5.21254.0,train/loss,1200,1776365171.900345,0.1948525458574295,scalar
events.out.tfevents.1776294211.15e97987a4b5.21254.0,train/loss,1205,1776365476.1650069,0.19306056201457977,scalar
events.out.tfevents.1776294211.15e97987a4b5.21254.0,train/loss,1210,1776365765.9379048,0.19182223081588745,scalar
events.out.tfevents.1776294211.15e97987a4b5.21254.0,train/loss,1215,1776366071.5135336,0.1959265023469925,scalar
events.out.tfevents.1776294211.15e97987a4b5.21254.0,train/loss,1220,1776366358.4786506,0.19430071115493774,scalar
events.out.tfevents.1776294211.15e97987a4b5.21254.0,train/loss,1225,1776366661.0660522,0.19348257780075073,scalar
events.out.tfevents.1776294211.15e97987a4b5.21254.0,train/loss,1230,1776366948.763333,0.1977209448814392,scalar
events.out.tfevents.1776294211.15e97987a4b5.21254.0,train/loss,1235,1776367248.4411044,0.19233901798725128,scalar
events.out.tfevents.1776294211.15e97987a4b5.21254.0,train/loss,1240,1776367536.1564858,0.19735899567604065,scalar
events.out.tfevents.1776294211.15e97987a4b5.21254.0,train/loss,1245,1776367840.9557285,0.19700047373771667,scalar
events.out.tfevents.1776294211.15e97987a4b5.21254.0,train/loss,1250,1776368132.2783918,0.1943986713886261,scalar
events.out.tfevents.1776294211.15e97987a4b5.21254.0,train/loss,1255,1776368435.050243,0.19473537802696228,scalar
events.out.tfevents.1776294211.15e97987a4b5.21254.0,train/loss,1260,1776368723.394394,0.19681330025196075,scalar
events.out.tfevents.1776294211.15e97987a4b5.21254.0,train/loss,1265,1776369027.9009533,0.19483809173107147,scalar
events.out.tfevents.1776294211.15e97987a4b5.21254.0,train/loss,1270,1776369319.0588322,0.19646617770195007,scalar
events.out.tfevents.1776294211.15e97987a4b5.21254.0,train/loss,1275,1776369622.7122092,0.1938452273607254,scalar
events.out.tfevents.1776294211.15e97987a4b5.21254.0,train/loss,1280,1776369909.0510037,0.19444578886032104,scalar
events.out.tfevents.1776294211.15e97987a4b5.21254.0,train/loss,1285,1776370208.0384305,0.19336292147636414,scalar
events.out.tfevents.1776294211.15e97987a4b5.21254.0,train/loss,1290,1776370501.9476533,0.1955123245716095,scalar
events.out.tfevents.1776294211.15e97987a4b5.21254.0,train/loss,1295,1776370754.3034966,0.19586166739463806,scalar
events.out.tfevents.1776294211.15e97987a4b5.21254.0,train/grad_norm,5,1776294500.0200388,3.734375,scalar
events.out.tfevents.1776294211.15e97987a4b5.21254.0,train/grad_norm,10,1776294786.9300003,3.390625,scalar
events.out.tfevents.1776294211.15e97987a4b5.21254.0,train/grad_norm,15,1776295092.97935,2.53125,scalar
events.out.tfevents.1776294211.15e97987a4b5.21254.0,train/grad_norm,20,1776295380.9853222,2.203125,scalar
events.out.tfevents.1776294211.15e97987a4b5.21254.0,train/grad_norm,25,1776295680.847581,1.2578125,scalar
events.out.tfevents.1776294211.15e97987a4b5.21254.0,train/grad_norm,30,1776295965.7493665,0.6015625,scalar
events.out.tfevents.1776294211.15e97987a4b5.21254.0,train/grad_norm,35,1776296264.6621087,0.5078125,scalar
events.out.tfevents.1776294211.15e97987a4b5.21254.0,train/grad_norm,40,1776296556.9757817,0.435546875,scalar
events.out.tfevents.1776294211.15e97987a4b5.21254.0,train/grad_norm,45,1776296859.4412677,0.369140625,scalar
events.out.tfevents.1776294211.15e97987a4b5.21254.0,train/grad_norm,50,1776297151.4974139,0.353515625,scalar
events.out.tfevents.1776294211.15e97987a4b5.21254.0,train/grad_norm,55,1776297454.5194747,0.3671875,scalar
events.out.tfevents.1776294211.15e97987a4b5.21254.0,train/grad_norm,60,1776297746.4994583,0.287109375,scalar
events.out.tfevents.1776294211.15e97987a4b5.21254.0,train/grad_norm,65,1776298048.644313,0.2392578125,scalar
events.out.tfevents.1776294211.15e97987a4b5.21254.0,train/grad_norm,70,1776298334.0793283,0.234375,scalar
events.out.tfevents.1776294211.15e97987a4b5.21254.0,train/grad_norm,75,1776298629.440716,0.33984375,scalar
events.out.tfevents.1776294211.15e97987a4b5.21254.0,train/grad_norm,80,1776298916.357003,0.32421875,scalar
events.out.tfevents.1776294211.15e97987a4b5.21254.0,train/grad_norm,85,1776299214.5243473,0.28125,scalar
events.out.tfevents.1776294211.15e97987a4b5.21254.0,train/grad_norm,90,1776299499.5269036,0.291015625,scalar
events.out.tfevents.1776294211.15e97987a4b5.21254.0,train/grad_norm,95,1776299798.8906922,0.2890625,scalar
events.out.tfevents.1776294211.15e97987a4b5.21254.0,train/grad_norm,100,1776300086.0003345,0.212890625,scalar
events.out.tfevents.1776294211.15e97987a4b5.21254.0,train/grad_norm,105,1776300391.0263572,0.23828125,scalar
events.out.tfevents.1776294211.15e97987a4b5.21254.0,train/grad_norm,110,1776300682.6528044,0.26953125,scalar
events.out.tfevents.1776294211.15e97987a4b5.21254.0,train/grad_norm,115,1776300982.3656874,0.357421875,scalar
events.out.tfevents.1776294211.15e97987a4b5.21254.0,train/grad_norm,120,1776301269.754308,0.466796875,scalar
events.out.tfevents.1776294211.15e97987a4b5.21254.0,train/grad_norm,125,1776301571.282382,0.453125,scalar
events.out.tfevents.1776294211.15e97987a4b5.21254.0,train/grad_norm,130,1776301857.4956582,0.267578125,scalar
events.out.tfevents.1776294211.15e97987a4b5.21254.0,train/grad_norm,135,1776302160.6487904,0.3125,scalar
events.out.tfevents.1776294211.15e97987a4b5.21254.0,train/grad_norm,140,1776302445.2891388,0.267578125,scalar
events.out.tfevents.1776294211.15e97987a4b5.21254.0,train/grad_norm,145,1776302747.5891345,0.3203125,scalar
events.out.tfevents.1776294211.15e97987a4b5.21254.0,train/grad_norm,150,1776303033.4954317,0.404296875,scalar
events.out.tfevents.1776294211.15e97987a4b5.21254.0,train/grad_norm,155,1776303334.7929063,0.291015625,scalar
events.out.tfevents.1776294211.15e97987a4b5.21254.0,train/grad_norm,160,1776303623.2440588,0.28125,scalar
events.out.tfevents.1776294211.15e97987a4b5.21254.0,train/grad_norm,165,1776303921.7005908,0.23828125,scalar
events.out.tfevents.1776294211.15e97987a4b5.21254.0,train/grad_norm,170,1776304208.7429245,0.400390625,scalar
events.out.tfevents.1776294211.15e97987a4b5.21254.0,train/grad_norm,175,1776304512.1923707,0.34765625,scalar
events.out.tfevents.1776294211.15e97987a4b5.21254.0,train/grad_norm,180,1776304805.2791176,0.34375,scalar
events.out.tfevents.1776294211.15e97987a4b5.21254.0,train/grad_norm,185,1776305112.784699,0.4375,scalar
events.out.tfevents.1776294211.15e97987a4b5.21254.0,train/grad_norm,190,1776305401.4353054,0.55078125,scalar
events.out.tfevents.1776294211.15e97987a4b5.21254.0,train/grad_norm,195,1776305705.8601105,0.431640625,scalar
events.out.tfevents.1776294211.15e97987a4b5.21254.0,train/grad_norm,200,1776305999.3832633,0.359375,scalar
events.out.tfevents.1776294211.15e97987a4b5.21254.0,train/grad_norm,205,1776306300.4803648,0.390625,scalar
events.out.tfevents.1776294211.15e97987a4b5.21254.0,train/grad_norm,210,1776306590.0086646,0.353515625,scalar
events.out.tfevents.1776294211.15e97987a4b5.21254.0,train/grad_norm,215,1776306896.0691824,0.291015625,scalar
events.out.tfevents.1776294211.15e97987a4b5.21254.0,train/grad_norm,220,1776307184.9115255,0.376953125,scalar
events.out.tfevents.1776294211.15e97987a4b5.21254.0,train/grad_norm,225,1776307487.34805,0.267578125,scalar
events.out.tfevents.1776294211.15e97987a4b5.21254.0,train/grad_norm,230,1776307771.4376962,0.3671875,scalar
events.out.tfevents.1776294211.15e97987a4b5.21254.0,train/grad_norm,235,1776308076.2505524,0.3828125,scalar
events.out.tfevents.1776294211.15e97987a4b5.21254.0,train/grad_norm,240,1776308366.1285706,0.314453125,scalar
events.out.tfevents.1776294211.15e97987a4b5.21254.0,train/grad_norm,245,1776308664.0102522,0.30859375,scalar
events.out.tfevents.1776294211.15e97987a4b5.21254.0,train/grad_norm,250,1776308953.5336435,0.29296875,scalar
events.out.tfevents.1776294211.15e97987a4b5.21254.0,train/grad_norm,255,1776309253.8979297,0.333984375,scalar
events.out.tfevents.1776294211.15e97987a4b5.21254.0,train/grad_norm,260,1776309518.844271,0.37890625,scalar
events.out.tfevents.1776294211.15e97987a4b5.21254.0,train/grad_norm,265,1776309818.9601161,0.40234375,scalar
events.out.tfevents.1776294211.15e97987a4b5.21254.0,train/grad_norm,270,1776310109.9058619,0.306640625,scalar
events.out.tfevents.1776294211.15e97987a4b5.21254.0,train/grad_norm,275,1776310414.690237,0.25,scalar
events.out.tfevents.1776294211.15e97987a4b5.21254.0,train/grad_norm,280,1776310703.5012865,0.447265625,scalar
events.out.tfevents.1776294211.15e97987a4b5.21254.0,train/grad_norm,285,1776311007.5007486,0.271484375,scalar
events.out.tfevents.1776294211.15e97987a4b5.21254.0,train/grad_norm,290,1776311296.4933176,0.404296875,scalar
events.out.tfevents.1776294211.15e97987a4b5.21254.0,train/grad_norm,295,1776311604.6357424,0.3203125,scalar
events.out.tfevents.1776294211.15e97987a4b5.21254.0,train/grad_norm,300,1776311889.6337657,0.328125,scalar
events.out.tfevents.1776294211.15e97987a4b5.21254.0,train/grad_norm,305,1776312189.2478812,0.40234375,scalar
events.out.tfevents.1776294211.15e97987a4b5.21254.0,train/grad_norm,310,1776312474.1445427,0.349609375,scalar
events.out.tfevents.1776294211.15e97987a4b5.21254.0,train/grad_norm,315,1776312776.3642483,0.345703125,scalar
events.out.tfevents.1776294211.15e97987a4b5.21254.0,train/grad_norm,320,1776313067.4264932,0.294921875,scalar
events.out.tfevents.1776294211.15e97987a4b5.21254.0,train/grad_norm,325,1776313372.3344445,0.310546875,scalar
events.out.tfevents.1776294211.15e97987a4b5.21254.0,train/grad_norm,330,1776313658.1930792,0.291015625,scalar
events.out.tfevents.1776294211.15e97987a4b5.21254.0,train/grad_norm,335,1776313959.5264127,0.412109375,scalar
events.out.tfevents.1776294211.15e97987a4b5.21254.0,train/grad_norm,340,1776314250.1656523,0.35546875,scalar
events.out.tfevents.1776294211.15e97987a4b5.21254.0,train/grad_norm,345,1776314557.4202719,0.330078125,scalar
events.out.tfevents.1776294211.15e97987a4b5.21254.0,train/grad_norm,350,1776314846.014757,0.296875,scalar
events.out.tfevents.1776294211.15e97987a4b5.21254.0,train/grad_norm,355,1776315145.621331,0.3671875,scalar
events.out.tfevents.1776294211.15e97987a4b5.21254.0,train/grad_norm,360,1776315430.018681,0.38671875,scalar
events.out.tfevents.1776294211.15e97987a4b5.21254.0,train/grad_norm,365,1776315734.9077303,0.302734375,scalar
events.out.tfevents.1776294211.15e97987a4b5.21254.0,train/grad_norm,370,1776316024.4047363,0.251953125,scalar
events.out.tfevents.1776294211.15e97987a4b5.21254.0,train/grad_norm,375,1776316329.1648898,0.322265625,scalar
events.out.tfevents.1776294211.15e97987a4b5.21254.0,train/grad_norm,380,1776316611.4029675,0.419921875,scalar
events.out.tfevents.1776294211.15e97987a4b5.21254.0,train/grad_norm,385,1776316913.101728,0.396484375,scalar
events.out.tfevents.1776294211.15e97987a4b5.21254.0,train/grad_norm,390,1776317206.0597064,0.298828125,scalar
events.out.tfevents.1776294211.15e97987a4b5.21254.0,train/grad_norm,395,1776317512.3739765,0.30078125,scalar
events.out.tfevents.1776294211.15e97987a4b5.21254.0,train/grad_norm,400,1776317800.0853798,0.3046875,scalar
events.out.tfevents.1776294211.15e97987a4b5.21254.0,train/grad_norm,405,1776318100.8513253,0.392578125,scalar
events.out.tfevents.1776294211.15e97987a4b5.21254.0,train/grad_norm,410,1776318390.4442892,0.58984375,scalar
events.out.tfevents.1776294211.15e97987a4b5.21254.0,train/grad_norm,415,1776318690.6368363,0.388671875,scalar
events.out.tfevents.1776294211.15e97987a4b5.21254.0,train/grad_norm,420,1776318981.6244915,0.453125,scalar
events.out.tfevents.1776294211.15e97987a4b5.21254.0,train/grad_norm,425,1776319280.9084718,0.283203125,scalar
events.out.tfevents.1776294211.15e97987a4b5.21254.0,train/grad_norm,430,1776319572.501885,0.39453125,scalar
events.out.tfevents.1776294211.15e97987a4b5.21254.0,train/grad_norm,435,1776319875.3563464,0.4296875,scalar
events.out.tfevents.1776294211.15e97987a4b5.21254.0,train/grad_norm,440,1776320161.7898214,0.353515625,scalar
events.out.tfevents.1776294211.15e97987a4b5.21254.0,train/grad_norm,445,1776320472.360769,0.41796875,scalar
events.out.tfevents.1776294211.15e97987a4b5.21254.0,train/grad_norm,450,1776320759.6397552,0.44140625,scalar
events.out.tfevents.1776294211.15e97987a4b5.21254.0,train/grad_norm,455,1776321059.3415368,0.27734375,scalar
events.out.tfevents.1776294211.15e97987a4b5.21254.0,train/grad_norm,460,1776321348.2781599,0.54296875,scalar
events.out.tfevents.1776294211.15e97987a4b5.21254.0,train/grad_norm,465,1776321655.1963823,0.310546875,scalar
events.out.tfevents.1776294211.15e97987a4b5.21254.0,train/grad_norm,470,1776321944.367966,0.30859375,scalar
events.out.tfevents.1776294211.15e97987a4b5.21254.0,train/grad_norm,475,1776322245.4542558,0.251953125,scalar
events.out.tfevents.1776294211.15e97987a4b5.21254.0,train/grad_norm,480,1776322534.8722346,0.345703125,scalar
events.out.tfevents.1776294211.15e97987a4b5.21254.0,train/grad_norm,485,1776322839.4940488,0.287109375,scalar
events.out.tfevents.1776294211.15e97987a4b5.21254.0,train/grad_norm,490,1776323129.7089324,0.294921875,scalar
events.out.tfevents.1776294211.15e97987a4b5.21254.0,train/grad_norm,495,1776323436.9533434,0.267578125,scalar
events.out.tfevents.1776294211.15e97987a4b5.21254.0,train/grad_norm,500,1776323729.6915107,0.3359375,scalar
events.out.tfevents.1776294211.15e97987a4b5.21254.0,train/grad_norm,505,1776324029.205326,0.349609375,scalar
events.out.tfevents.1776294211.15e97987a4b5.21254.0,train/grad_norm,510,1776324316.9700541,0.373046875,scalar
events.out.tfevents.1776294211.15e97987a4b5.21254.0,train/grad_norm,515,1776324622.120758,0.314453125,scalar
events.out.tfevents.1776294211.15e97987a4b5.21254.0,train/grad_norm,520,1776324886.9752636,0.56640625,scalar
events.out.tfevents.1776294211.15e97987a4b5.21254.0,train/grad_norm,525,1776325187.2361028,0.431640625,scalar
events.out.tfevents.1776294211.15e97987a4b5.21254.0,train/grad_norm,530,1776325474.3137395,0.466796875,scalar
events.out.tfevents.1776294211.15e97987a4b5.21254.0,train/grad_norm,535,1776325780.9570296,0.353515625,scalar
events.out.tfevents.1776294211.15e97987a4b5.21254.0,train/grad_norm,540,1776326071.6069033,0.39453125,scalar
events.out.tfevents.1776294211.15e97987a4b5.21254.0,train/grad_norm,545,1776326379.232334,0.298828125,scalar
events.out.tfevents.1776294211.15e97987a4b5.21254.0,train/grad_norm,550,1776326668.7002718,0.3359375,scalar
events.out.tfevents.1776294211.15e97987a4b5.21254.0,train/grad_norm,555,1776326974.0137079,0.3359375,scalar
events.out.tfevents.1776294211.15e97987a4b5.21254.0,train/grad_norm,560,1776327262.521466,0.40625,scalar
events.out.tfevents.1776294211.15e97987a4b5.21254.0,train/grad_norm,565,1776327566.4053886,0.47265625,scalar
events.out.tfevents.1776294211.15e97987a4b5.21254.0,train/grad_norm,570,1776327862.7567568,0.33984375,scalar
events.out.tfevents.1776294211.15e97987a4b5.21254.0,train/grad_norm,575,1776328166.2762656,0.478515625,scalar
events.out.tfevents.1776294211.15e97987a4b5.21254.0,train/grad_norm,580,1776328453.920813,0.296875,scalar
events.out.tfevents.1776294211.15e97987a4b5.21254.0,train/grad_norm,585,1776328755.7874508,0.291015625,scalar
events.out.tfevents.1776294211.15e97987a4b5.21254.0,train/grad_norm,590,1776329048.787584,0.328125,scalar
events.out.tfevents.1776294211.15e97987a4b5.21254.0,train/grad_norm,595,1776329352.9827232,0.380859375,scalar
events.out.tfevents.1776294211.15e97987a4b5.21254.0,train/grad_norm,600,1776329643.4217224,0.380859375,scalar
events.out.tfevents.1776294211.15e97987a4b5.21254.0,train/grad_norm,605,1776329944.3063602,0.412109375,scalar
events.out.tfevents.1776294211.15e97987a4b5.21254.0,train/grad_norm,610,1776330239.6982477,0.4453125,scalar
events.out.tfevents.1776294211.15e97987a4b5.21254.0,train/grad_norm,615,1776330539.2314136,0.4140625,scalar
events.out.tfevents.1776294211.15e97987a4b5.21254.0,train/grad_norm,620,1776330826.8272908,0.412109375,scalar
events.out.tfevents.1776294211.15e97987a4b5.21254.0,train/grad_norm,625,1776331127.0990627,0.5078125,scalar
events.out.tfevents.1776294211.15e97987a4b5.21254.0,train/grad_norm,630,1776331419.7614195,0.4453125,scalar
events.out.tfevents.1776294211.15e97987a4b5.21254.0,train/grad_norm,635,1776331725.041824,0.5078125,scalar
events.out.tfevents.1776294211.15e97987a4b5.21254.0,train/grad_norm,640,1776332016.4381363,0.4453125,scalar
events.out.tfevents.1776294211.15e97987a4b5.21254.0,train/grad_norm,645,1776332319.056354,0.333984375,scalar
events.out.tfevents.1776294211.15e97987a4b5.21254.0,train/grad_norm,650,1776332612.7723753,0.369140625,scalar
events.out.tfevents.1776294211.15e97987a4b5.21254.0,train/grad_norm,655,1776332910.7195685,0.35546875,scalar
events.out.tfevents.1776294211.15e97987a4b5.21254.0,train/grad_norm,660,1776333195.808635,0.55859375,scalar
events.out.tfevents.1776294211.15e97987a4b5.21254.0,train/grad_norm,665,1776333496.8619452,0.322265625,scalar
events.out.tfevents.1776294211.15e97987a4b5.21254.0,train/grad_norm,670,1776333781.156777,0.294921875,scalar
events.out.tfevents.1776294211.15e97987a4b5.21254.0,train/grad_norm,675,1776334086.1084366,0.373046875,scalar
events.out.tfevents.1776294211.15e97987a4b5.21254.0,train/grad_norm,680,1776334373.904391,0.37890625,scalar
events.out.tfevents.1776294211.15e97987a4b5.21254.0,train/grad_norm,685,1776334675.5746021,0.322265625,scalar
events.out.tfevents.1776294211.15e97987a4b5.21254.0,train/grad_norm,690,1776334967.516821,0.302734375,scalar
events.out.tfevents.1776294211.15e97987a4b5.21254.0,train/grad_norm,695,1776335269.5882785,0.34375,scalar
events.out.tfevents.1776294211.15e97987a4b5.21254.0,train/grad_norm,700,1776335557.3760886,0.408203125,scalar
events.out.tfevents.1776294211.15e97987a4b5.21254.0,train/grad_norm,705,1776335863.1971724,0.318359375,scalar
events.out.tfevents.1776294211.15e97987a4b5.21254.0,train/grad_norm,710,1776336155.5564566,0.4765625,scalar
events.out.tfevents.1776294211.15e97987a4b5.21254.0,train/grad_norm,715,1776336454.8417602,0.427734375,scalar
events.out.tfevents.1776294211.15e97987a4b5.21254.0,train/grad_norm,720,1776336744.5748947,0.451171875,scalar
events.out.tfevents.1776294211.15e97987a4b5.21254.0,train/grad_norm,725,1776337045.2563791,0.328125,scalar
events.out.tfevents.1776294211.15e97987a4b5.21254.0,train/grad_norm,730,1776337336.3029196,0.447265625,scalar
events.out.tfevents.1776294211.15e97987a4b5.21254.0,train/grad_norm,735,1776337646.5666955,0.3203125,scalar
events.out.tfevents.1776294211.15e97987a4b5.21254.0,train/grad_norm,740,1776337936.6843796,0.328125,scalar
events.out.tfevents.1776294211.15e97987a4b5.21254.0,train/grad_norm,745,1776338239.9756637,0.53515625,scalar
events.out.tfevents.1776294211.15e97987a4b5.21254.0,train/grad_norm,750,1776338524.8931386,0.44140625,scalar
events.out.tfevents.1776294211.15e97987a4b5.21254.0,train/grad_norm,755,1776338827.0107625,0.357421875,scalar
events.out.tfevents.1776294211.15e97987a4b5.21254.0,train/grad_norm,760,1776339115.027407,0.419921875,scalar
events.out.tfevents.1776294211.15e97987a4b5.21254.0,train/grad_norm,765,1776339420.079368,0.451171875,scalar
events.out.tfevents.1776294211.15e97987a4b5.21254.0,train/grad_norm,770,1776339710.7798896,0.443359375,scalar
events.out.tfevents.1776294211.15e97987a4b5.21254.0,train/grad_norm,775,1776340012.037893,0.45703125,scalar
events.out.tfevents.1776294211.15e97987a4b5.21254.0,train/grad_norm,780,1776340280.663581,0.51171875,scalar
events.out.tfevents.1776294211.15e97987a4b5.21254.0,train/grad_norm,785,1776340587.9290855,0.375,scalar
events.out.tfevents.1776294211.15e97987a4b5.21254.0,train/grad_norm,790,1776340877.714294,0.345703125,scalar
events.out.tfevents.1776294211.15e97987a4b5.21254.0,train/grad_norm,795,1776341175.8823202,0.640625,scalar
events.out.tfevents.1776294211.15e97987a4b5.21254.0,train/grad_norm,800,1776341465.9190633,0.39453125,scalar
events.out.tfevents.1776294211.15e97987a4b5.21254.0,train/grad_norm,805,1776341766.964529,0.396484375,scalar
events.out.tfevents.1776294211.15e97987a4b5.21254.0,train/grad_norm,810,1776342062.5019114,0.42578125,scalar
events.out.tfevents.1776294211.15e97987a4b5.21254.0,train/grad_norm,815,1776342369.5757117,0.2890625,scalar
events.out.tfevents.1776294211.15e97987a4b5.21254.0,train/grad_norm,820,1776342656.1276934,0.416015625,scalar
events.out.tfevents.1776294211.15e97987a4b5.21254.0,train/grad_norm,825,1776342958.2750664,0.390625,scalar
events.out.tfevents.1776294211.15e97987a4b5.21254.0,train/grad_norm,830,1776343244.84347,0.322265625,scalar
events.out.tfevents.1776294211.15e97987a4b5.21254.0,train/grad_norm,835,1776343553.0007803,0.345703125,scalar
events.out.tfevents.1776294211.15e97987a4b5.21254.0,train/grad_norm,840,1776343842.554427,0.37109375,scalar
events.out.tfevents.1776294211.15e97987a4b5.21254.0,train/grad_norm,845,1776344141.285758,0.3046875,scalar
events.out.tfevents.1776294211.15e97987a4b5.21254.0,train/grad_norm,850,1776344429.3025467,0.349609375,scalar
events.out.tfevents.1776294211.15e97987a4b5.21254.0,train/grad_norm,855,1776344727.9397993,0.380859375,scalar
events.out.tfevents.1776294211.15e97987a4b5.21254.0,train/grad_norm,860,1776345016.8844607,0.53125,scalar
events.out.tfevents.1776294211.15e97987a4b5.21254.0,train/grad_norm,865,1776345322.3383687,0.404296875,scalar
events.out.tfevents.1776294211.15e97987a4b5.21254.0,train/grad_norm,870,1776345620.9631786,0.365234375,scalar
events.out.tfevents.1776294211.15e97987a4b5.21254.0,train/grad_norm,875,1776345920.9381022,0.3046875,scalar
events.out.tfevents.1776294211.15e97987a4b5.21254.0,train/grad_norm,880,1776346209.3999145,0.328125,scalar
events.out.tfevents.1776294211.15e97987a4b5.21254.0,train/grad_norm,885,1776346514.2003255,0.44140625,scalar
events.out.tfevents.1776294211.15e97987a4b5.21254.0,train/grad_norm,890,1776346808.7361224,0.353515625,scalar
events.out.tfevents.1776294211.15e97987a4b5.21254.0,train/grad_norm,895,1776347116.2924743,0.349609375,scalar
events.out.tfevents.1776294211.15e97987a4b5.21254.0,train/grad_norm,900,1776347403.3677912,0.369140625,scalar
events.out.tfevents.1776294211.15e97987a4b5.21254.0,train/grad_norm,905,1776347703.079726,0.369140625,scalar
events.out.tfevents.1776294211.15e97987a4b5.21254.0,train/grad_norm,910,1776347988.3005168,0.259765625,scalar
events.out.tfevents.1776294211.15e97987a4b5.21254.0,train/grad_norm,915,1776348302.0768025,0.3828125,scalar
events.out.tfevents.1776294211.15e97987a4b5.21254.0,train/grad_norm,920,1776348589.4426725,0.357421875,scalar
events.out.tfevents.1776294211.15e97987a4b5.21254.0,train/grad_norm,925,1776348899.5606847,0.3515625,scalar
events.out.tfevents.1776294211.15e97987a4b5.21254.0,train/grad_norm,930,1776349187.4273744,0.326171875,scalar
events.out.tfevents.1776294211.15e97987a4b5.21254.0,train/grad_norm,935,1776349490.9906178,0.41015625,scalar
events.out.tfevents.1776294211.15e97987a4b5.21254.0,train/grad_norm,940,1776349784.3592334,0.404296875,scalar
events.out.tfevents.1776294211.15e97987a4b5.21254.0,train/grad_norm,945,1776350087.5874841,0.3515625,scalar
events.out.tfevents.1776294211.15e97987a4b5.21254.0,train/grad_norm,950,1776350376.5017738,0.458984375,scalar
events.out.tfevents.1776294211.15e97987a4b5.21254.0,train/grad_norm,955,1776350676.4340084,0.353515625,scalar
events.out.tfevents.1776294211.15e97987a4b5.21254.0,train/grad_norm,960,1776350964.7873857,0.3125,scalar
events.out.tfevents.1776294211.15e97987a4b5.21254.0,train/grad_norm,965,1776351269.3703344,0.349609375,scalar
events.out.tfevents.1776294211.15e97987a4b5.21254.0,train/grad_norm,970,1776351562.843392,0.31640625,scalar
events.out.tfevents.1776294211.15e97987a4b5.21254.0,train/grad_norm,975,1776351866.508687,0.4296875,scalar
events.out.tfevents.1776294211.15e97987a4b5.21254.0,train/grad_norm,980,1776352155.5181036,0.380859375,scalar
events.out.tfevents.1776294211.15e97987a4b5.21254.0,train/grad_norm,985,1776352462.9413385,0.39453125,scalar
events.out.tfevents.1776294211.15e97987a4b5.21254.0,train/grad_norm,990,1776352752.1802287,0.248046875,scalar
events.out.tfevents.1776294211.15e97987a4b5.21254.0,train/grad_norm,995,1776353055.4376907,0.42578125,scalar
events.out.tfevents.1776294211.15e97987a4b5.21254.0,train/grad_norm,1000,1776353350.7218516,0.28515625,scalar
events.out.tfevents.1776294211.15e97987a4b5.21254.0,train/grad_norm,1005,1776353655.246456,0.349609375,scalar
events.out.tfevents.1776294211.15e97987a4b5.21254.0,train/grad_norm,1010,1776353947.730809,0.3515625,scalar
events.out.tfevents.1776294211.15e97987a4b5.21254.0,train/grad_norm,1015,1776354245.9704225,0.28125,scalar
events.out.tfevents.1776294211.15e97987a4b5.21254.0,train/grad_norm,1020,1776354528.5774965,0.328125,scalar
events.out.tfevents.1776294211.15e97987a4b5.21254.0,train/grad_norm,1025,1776354831.6381614,0.330078125,scalar
events.out.tfevents.1776294211.15e97987a4b5.21254.0,train/grad_norm,1030,1776355121.4813192,0.306640625,scalar
events.out.tfevents.1776294211.15e97987a4b5.21254.0,train/grad_norm,1035,1776355426.3961885,0.310546875,scalar
events.out.tfevents.1776294211.15e97987a4b5.21254.0,train/grad_norm,1040,1776355696.4629483,0.44140625,scalar
events.out.tfevents.1776294211.15e97987a4b5.21254.0,train/grad_norm,1045,1776356000.0918279,0.37109375,scalar
events.out.tfevents.1776294211.15e97987a4b5.21254.0,train/grad_norm,1050,1776356289.2774944,0.3515625,scalar
events.out.tfevents.1776294211.15e97987a4b5.21254.0,train/grad_norm,1055,1776356588.1141667,0.33203125,scalar
events.out.tfevents.1776294211.15e97987a4b5.21254.0,train/grad_norm,1060,1776356879.3784218,0.30859375,scalar
events.out.tfevents.1776294211.15e97987a4b5.21254.0,train/grad_norm,1065,1776357179.3630984,0.31640625,scalar
events.out.tfevents.1776294211.15e97987a4b5.21254.0,train/grad_norm,1070,1776357465.6341057,0.2890625,scalar
events.out.tfevents.1776294211.15e97987a4b5.21254.0,train/grad_norm,1075,1776357765.320342,0.306640625,scalar
events.out.tfevents.1776294211.15e97987a4b5.21254.0,train/grad_norm,1080,1776358052.265083,0.28515625,scalar
events.out.tfevents.1776294211.15e97987a4b5.21254.0,train/grad_norm,1085,1776358352.711323,0.322265625,scalar
events.out.tfevents.1776294211.15e97987a4b5.21254.0,train/grad_norm,1090,1776358643.496381,0.419921875,scalar
events.out.tfevents.1776294211.15e97987a4b5.21254.0,train/grad_norm,1095,1776358946.7531128,0.345703125,scalar
events.out.tfevents.1776294211.15e97987a4b5.21254.0,train/grad_norm,1100,1776359235.9444084,0.3671875,scalar
events.out.tfevents.1776294211.15e97987a4b5.21254.0,train/grad_norm,1105,1776359539.3377943,0.32421875,scalar
events.out.tfevents.1776294211.15e97987a4b5.21254.0,train/grad_norm,1110,1776359827.2799556,0.330078125,scalar
events.out.tfevents.1776294211.15e97987a4b5.21254.0,train/grad_norm,1115,1776360131.1080604,0.365234375,scalar
events.out.tfevents.1776294211.15e97987a4b5.21254.0,train/grad_norm,1120,1776360419.0894692,0.392578125,scalar
events.out.tfevents.1776294211.15e97987a4b5.21254.0,train/grad_norm,1125,1776360728.9781857,0.369140625,scalar
events.out.tfevents.1776294211.15e97987a4b5.21254.0,train/grad_norm,1130,1776361024.377089,0.302734375,scalar
events.out.tfevents.1776294211.15e97987a4b5.21254.0,train/grad_norm,1135,1776361328.5796266,0.357421875,scalar
events.out.tfevents.1776294211.15e97987a4b5.21254.0,train/grad_norm,1140,1776361615.6408696,0.35546875,scalar
events.out.tfevents.1776294211.15e97987a4b5.21254.0,train/grad_norm,1145,1776361919.2369645,0.32421875,scalar
events.out.tfevents.1776294211.15e97987a4b5.21254.0,train/grad_norm,1150,1776362211.1635122,0.33203125,scalar
events.out.tfevents.1776294211.15e97987a4b5.21254.0,train/grad_norm,1155,1776362510.3072565,0.3671875,scalar
events.out.tfevents.1776294211.15e97987a4b5.21254.0,train/grad_norm,1160,1776362801.0451002,0.2734375,scalar
events.out.tfevents.1776294211.15e97987a4b5.21254.0,train/grad_norm,1165,1776363106.3959053,0.33984375,scalar
events.out.tfevents.1776294211.15e97987a4b5.21254.0,train/grad_norm,1170,1776363396.5669792,0.33984375,scalar
events.out.tfevents.1776294211.15e97987a4b5.21254.0,train/grad_norm,1175,1776363698.1773589,0.30859375,scalar
events.out.tfevents.1776294211.15e97987a4b5.21254.0,train/grad_norm,1180,1776363987.1616757,0.283203125,scalar
events.out.tfevents.1776294211.15e97987a4b5.21254.0,train/grad_norm,1185,1776364292.7790911,0.251953125,scalar
events.out.tfevents.1776294211.15e97987a4b5.21254.0,train/grad_norm,1190,1776364579.2384815,0.3515625,scalar
events.out.tfevents.1776294211.15e97987a4b5.21254.0,train/grad_norm,1195,1776364885.1014943,0.310546875,scalar
events.out.tfevents.1776294211.15e97987a4b5.21254.0,train/grad_norm,1200,1776365171.90037,0.27734375,scalar
events.out.tfevents.1776294211.15e97987a4b5.21254.0,train/grad_norm,1205,1776365476.1650305,0.34375,scalar
events.out.tfevents.1776294211.15e97987a4b5.21254.0,train/grad_norm,1210,1776365765.937928,0.298828125,scalar
events.out.tfevents.1776294211.15e97987a4b5.21254.0,train/grad_norm,1215,1776366071.513558,0.32421875,scalar
events.out.tfevents.1776294211.15e97987a4b5.21254.0,train/grad_norm,1220,1776366358.4786747,0.279296875,scalar
events.out.tfevents.1776294211.15e97987a4b5.21254.0,train/grad_norm,1225,1776366661.0660763,0.275390625,scalar
events.out.tfevents.1776294211.15e97987a4b5.21254.0,train/grad_norm,1230,1776366948.763358,0.3046875,scalar
events.out.tfevents.1776294211.15e97987a4b5.21254.0,train/grad_norm,1235,1776367248.441128,0.26953125,scalar
events.out.tfevents.1776294211.15e97987a4b5.21254.0,train/grad_norm,1240,1776367536.15651,0.251953125,scalar
events.out.tfevents.1776294211.15e97987a4b5.21254.0,train/grad_norm,1245,1776367840.9557533,0.2314453125,scalar
events.out.tfevents.1776294211.15e97987a4b5.21254.0,train/grad_norm,1250,1776368132.2784164,0.23828125,scalar
events.out.tfevents.1776294211.15e97987a4b5.21254.0,train/grad_norm,1255,1776368435.0502675,0.298828125,scalar
events.out.tfevents.1776294211.15e97987a4b5.21254.0,train/grad_norm,1260,1776368723.3944178,0.2421875,scalar
events.out.tfevents.1776294211.15e97987a4b5.21254.0,train/grad_norm,1265,1776369027.9009774,0.23828125,scalar
events.out.tfevents.1776294211.15e97987a4b5.21254.0,train/grad_norm,1270,1776369319.0588632,0.29296875,scalar
events.out.tfevents.1776294211.15e97987a4b5.21254.0,train/grad_norm,1275,1776369622.7122338,0.2734375,scalar
events.out.tfevents.1776294211.15e97987a4b5.21254.0,train/grad_norm,1280,1776369909.0510285,0.3046875,scalar
events.out.tfevents.1776294211.15e97987a4b5.21254.0,train/grad_norm,1285,1776370208.0384543,0.294921875,scalar
events.out.tfevents.1776294211.15e97987a4b5.21254.0,train/grad_norm,1290,1776370501.9476774,0.28125,scalar
events.out.tfevents.1776294211.15e97987a4b5.21254.0,train/grad_norm,1295,1776370754.3035216,0.77734375,scalar
events.out.tfevents.1776294211.15e97987a4b5.21254.0,train/learning_rate,5,1776294500.020048,1.0256409950670786e-05,scalar
events.out.tfevents.1776294211.15e97987a4b5.21254.0,train/learning_rate,10,1776294786.9300072,2.307692375325132e-05,scalar
events.out.tfevents.1776294211.15e97987a4b5.21254.0,train/learning_rate,15,1776295092.979357,3.5897435736842453e-05,scalar
events.out.tfevents.1776294211.15e97987a4b5.21254.0,train/learning_rate,20,1776295380.9853284,4.871794953942299e-05,scalar
events.out.tfevents.1776294211.15e97987a4b5.21254.0,train/learning_rate,25,1776295680.8475866,6.153846334200352e-05,scalar
events.out.tfevents.1776294211.15e97987a4b5.21254.0,train/learning_rate,30,1776295965.7493727,7.435897714458406e-05,scalar
events.out.tfevents.1776294211.15e97987a4b5.21254.0,train/learning_rate,35,1776296264.662115,8.717948367120698e-05,scalar
events.out.tfevents.1776294211.15e97987a4b5.21254.0,train/learning_rate,40,1776296556.9757879,9.999999747378752e-05,scalar
events.out.tfevents.1776294211.15e97987a4b5.21254.0,train/learning_rate,45,1776296859.4412744,9.96019080048427e-05,scalar
events.out.tfevents.1776294211.15e97987a4b5.21254.0,train/learning_rate,50,1776297151.4974208,9.920381853589788e-05,scalar
events.out.tfevents.1776294211.15e97987a4b5.21254.0,train/learning_rate,55,1776297454.5194817,9.880572906695306e-05,scalar
events.out.tfevents.1776294211.15e97987a4b5.21254.0,train/learning_rate,60,1776297746.499465,9.840764687396586e-05,scalar
events.out.tfevents.1776294211.15e97987a4b5.21254.0,train/learning_rate,65,1776298048.64432,9.800955740502104e-05,scalar
events.out.tfevents.1776294211.15e97987a4b5.21254.0,train/learning_rate,70,1776298334.0793347,9.761146793607622e-05,scalar
events.out.tfevents.1776294211.15e97987a4b5.21254.0,train/learning_rate,75,1776298629.4407227,9.72133784671314e-05,scalar
events.out.tfevents.1776294211.15e97987a4b5.21254.0,train/learning_rate,80,1776298916.357009,9.681528899818659e-05,scalar
events.out.tfevents.1776294211.15e97987a4b5.21254.0,train/learning_rate,85,1776299214.5243535,9.641719952924177e-05,scalar
events.out.tfevents.1776294211.15e97987a4b5.21254.0,train/learning_rate,90,1776299499.5269105,9.601911006029695e-05,scalar
events.out.tfevents.1776294211.15e97987a4b5.21254.0,train/learning_rate,95,1776299798.890699,9.562102059135213e-05,scalar
events.out.tfevents.1776294211.15e97987a4b5.21254.0,train/learning_rate,100,1776300086.000341,9.522293112240732e-05,scalar
events.out.tfevents.1776294211.15e97987a4b5.21254.0,train/learning_rate,105,1776300391.0263636,9.48248416534625e-05,scalar
events.out.tfevents.1776294211.15e97987a4b5.21254.0,train/learning_rate,110,1776300682.6528108,9.442675218451768e-05,scalar
events.out.tfevents.1776294211.15e97987a4b5.21254.0,train/learning_rate,115,1776300982.365694,9.402866271557286e-05,scalar
events.out.tfevents.1776294211.15e97987a4b5.21254.0,train/learning_rate,120,1776301269.7543142,9.363057324662805e-05,scalar
events.out.tfevents.1776294211.15e97987a4b5.21254.0,train/learning_rate,125,1776301571.2823882,9.323248377768323e-05,scalar
events.out.tfevents.1776294211.15e97987a4b5.21254.0,train/learning_rate,130,1776301857.4956644,9.283439430873841e-05,scalar
events.out.tfevents.1776294211.15e97987a4b5.21254.0,train/learning_rate,135,1776302160.648797,9.243630483979359e-05,scalar
events.out.tfevents.1776294211.15e97987a4b5.21254.0,train/learning_rate,140,1776302445.2891452,9.203821537084877e-05,scalar
events.out.tfevents.1776294211.15e97987a4b5.21254.0,train/learning_rate,145,1776302747.5891407,9.164012590190396e-05,scalar
events.out.tfevents.1776294211.15e97987a4b5.21254.0,train/learning_rate,150,1776303033.4954386,9.124203643295914e-05,scalar
events.out.tfevents.1776294211.15e97987a4b5.21254.0,train/learning_rate,155,1776303334.792913,9.084394696401432e-05,scalar
events.out.tfevents.1776294211.15e97987a4b5.21254.0,train/learning_rate,160,1776303623.244065,9.04458574950695e-05,scalar
events.out.tfevents.1776294211.15e97987a4b5.21254.0,train/learning_rate,165,1776303921.700597,9.004776802612469e-05,scalar
events.out.tfevents.1776294211.15e97987a4b5.21254.0,train/learning_rate,170,1776304208.7429304,8.964967855717987e-05,scalar
events.out.tfevents.1776294211.15e97987a4b5.21254.0,train/learning_rate,175,1776304512.1923776,8.925158908823505e-05,scalar
events.out.tfevents.1776294211.15e97987a4b5.21254.0,train/learning_rate,180,1776304805.2791245,8.885349961929023e-05,scalar
events.out.tfevents.1776294211.15e97987a4b5.21254.0,train/learning_rate,185,1776305112.7847052,8.845541742630303e-05,scalar
events.out.tfevents.1776294211.15e97987a4b5.21254.0,train/learning_rate,190,1776305401.4353118,8.805732795735821e-05,scalar
events.out.tfevents.1776294211.15e97987a4b5.21254.0,train/learning_rate,195,1776305705.8601174,8.76592384884134e-05,scalar
events.out.tfevents.1776294211.15e97987a4b5.21254.0,train/learning_rate,200,1776305999.3832688,8.726114901946858e-05,scalar
events.out.tfevents.1776294211.15e97987a4b5.21254.0,train/learning_rate,205,1776306300.4803715,8.686305955052376e-05,scalar
events.out.tfevents.1776294211.15e97987a4b5.21254.0,train/learning_rate,210,1776306590.0086708,8.646497008157894e-05,scalar
events.out.tfevents.1776294211.15e97987a4b5.21254.0,train/learning_rate,215,1776306896.0691886,8.606688061263412e-05,scalar
events.out.tfevents.1776294211.15e97987a4b5.21254.0,train/learning_rate,220,1776307184.9115317,8.56687911436893e-05,scalar
events.out.tfevents.1776294211.15e97987a4b5.21254.0,train/learning_rate,225,1776307487.3480566,8.527070167474449e-05,scalar
events.out.tfevents.1776294211.15e97987a4b5.21254.0,train/learning_rate,230,1776307771.4377027,8.487261220579967e-05,scalar
events.out.tfevents.1776294211.15e97987a4b5.21254.0,train/learning_rate,235,1776308076.250559,8.447452273685485e-05,scalar
events.out.tfevents.1776294211.15e97987a4b5.21254.0,train/learning_rate,240,1776308366.128577,8.407643326791003e-05,scalar
events.out.tfevents.1776294211.15e97987a4b5.21254.0,train/learning_rate,245,1776308664.0102587,8.367834379896522e-05,scalar
events.out.tfevents.1776294211.15e97987a4b5.21254.0,train/learning_rate,250,1776308953.5336502,8.32802543300204e-05,scalar
events.out.tfevents.1776294211.15e97987a4b5.21254.0,train/learning_rate,255,1776309253.8979366,8.288216486107558e-05,scalar
events.out.tfevents.1776294211.15e97987a4b5.21254.0,train/learning_rate,260,1776309518.8442771,8.248407539213076e-05,scalar
events.out.tfevents.1776294211.15e97987a4b5.21254.0,train/learning_rate,265,1776309818.960123,8.208598592318594e-05,scalar
events.out.tfevents.1776294211.15e97987a4b5.21254.0,train/learning_rate,270,1776310109.9058683,8.168789645424113e-05,scalar
events.out.tfevents.1776294211.15e97987a4b5.21254.0,train/learning_rate,275,1776310414.6902435,8.128980698529631e-05,scalar
events.out.tfevents.1776294211.15e97987a4b5.21254.0,train/learning_rate,280,1776310703.501293,8.089171751635149e-05,scalar
events.out.tfevents.1776294211.15e97987a4b5.21254.0,train/learning_rate,285,1776311007.5007548,8.049362804740667e-05,scalar
events.out.tfevents.1776294211.15e97987a4b5.21254.0,train/learning_rate,290,1776311296.493324,8.009553857846186e-05,scalar
events.out.tfevents.1776294211.15e97987a4b5.21254.0,train/learning_rate,295,1776311604.635749,7.969744910951704e-05,scalar
events.out.tfevents.1776294211.15e97987a4b5.21254.0,train/learning_rate,300,1776311889.6337729,7.929935964057222e-05,scalar
events.out.tfevents.1776294211.15e97987a4b5.21254.0,train/learning_rate,305,1776312189.247888,7.890127744758502e-05,scalar
events.out.tfevents.1776294211.15e97987a4b5.21254.0,train/learning_rate,310,1776312474.1445491,7.85031879786402e-05,scalar
events.out.tfevents.1776294211.15e97987a4b5.21254.0,train/learning_rate,315,1776312776.3642547,7.810509850969538e-05,scalar
events.out.tfevents.1776294211.15e97987a4b5.21254.0,train/learning_rate,320,1776313067.4264994,7.770700904075056e-05,scalar
events.out.tfevents.1776294211.15e97987a4b5.21254.0,train/learning_rate,325,1776313372.3344507,7.730891957180575e-05,scalar
events.out.tfevents.1776294211.15e97987a4b5.21254.0,train/learning_rate,330,1776313658.1930854,7.691083010286093e-05,scalar
events.out.tfevents.1776294211.15e97987a4b5.21254.0,train/learning_rate,335,1776313959.5264196,7.651274063391611e-05,scalar
events.out.tfevents.1776294211.15e97987a4b5.21254.0,train/learning_rate,340,1776314250.165659,7.611465116497129e-05,scalar
events.out.tfevents.1776294211.15e97987a4b5.21254.0,train/learning_rate,345,1776314557.420278,7.571656169602647e-05,scalar
events.out.tfevents.1776294211.15e97987a4b5.21254.0,train/learning_rate,350,1776314846.0147636,7.531847222708166e-05,scalar
events.out.tfevents.1776294211.15e97987a4b5.21254.0,train/learning_rate,355,1776315145.6213377,7.492038275813684e-05,scalar
events.out.tfevents.1776294211.15e97987a4b5.21254.0,train/learning_rate,360,1776315430.0186877,7.452229328919202e-05,scalar
events.out.tfevents.1776294211.15e97987a4b5.21254.0,train/learning_rate,365,1776315734.9077368,7.41242038202472e-05,scalar
events.out.tfevents.1776294211.15e97987a4b5.21254.0,train/learning_rate,370,1776316024.4047427,7.372611435130239e-05,scalar
events.out.tfevents.1776294211.15e97987a4b5.21254.0,train/learning_rate,375,1776316329.1648962,7.332802488235757e-05,scalar
events.out.tfevents.1776294211.15e97987a4b5.21254.0,train/learning_rate,380,1776316611.402974,7.292993541341275e-05,scalar
events.out.tfevents.1776294211.15e97987a4b5.21254.0,train/learning_rate,385,1776316913.1017344,7.253184594446793e-05,scalar
events.out.tfevents.1776294211.15e97987a4b5.21254.0,train/learning_rate,390,1776317206.0597134,7.213375647552311e-05,scalar
events.out.tfevents.1776294211.15e97987a4b5.21254.0,train/learning_rate,395,1776317512.373983,7.17356670065783e-05,scalar
events.out.tfevents.1776294211.15e97987a4b5.21254.0,train/learning_rate,400,1776317800.0853865,7.133757753763348e-05,scalar
events.out.tfevents.1776294211.15e97987a4b5.21254.0,train/learning_rate,405,1776318100.8513322,7.093948806868866e-05,scalar
events.out.tfevents.1776294211.15e97987a4b5.21254.0,train/learning_rate,410,1776318390.444295,7.054139859974384e-05,scalar
events.out.tfevents.1776294211.15e97987a4b5.21254.0,train/learning_rate,415,1776318690.6368423,7.014330913079903e-05,scalar
events.out.tfevents.1776294211.15e97987a4b5.21254.0,train/learning_rate,420,1776318981.6244972,6.974521966185421e-05,scalar
events.out.tfevents.1776294211.15e97987a4b5.21254.0,train/learning_rate,425,1776319280.9084778,6.934713019290939e-05,scalar
events.out.tfevents.1776294211.15e97987a4b5.21254.0,train/learning_rate,430,1776319572.5018914,6.894904799992219e-05,scalar
events.out.tfevents.1776294211.15e97987a4b5.21254.0,train/learning_rate,435,1776319875.3563533,6.855095853097737e-05,scalar
events.out.tfevents.1776294211.15e97987a4b5.21254.0,train/learning_rate,440,1776320161.7898278,6.815286906203255e-05,scalar
events.out.tfevents.1776294211.15e97987a4b5.21254.0,train/learning_rate,445,1776320472.360776,6.775477959308773e-05,scalar
events.out.tfevents.1776294211.15e97987a4b5.21254.0,train/learning_rate,450,1776320759.639762,6.735669012414292e-05,scalar
events.out.tfevents.1776294211.15e97987a4b5.21254.0,train/learning_rate,455,1776321059.3415434,6.69586006551981e-05,scalar
events.out.tfevents.1776294211.15e97987a4b5.21254.0,train/learning_rate,460,1776321348.2781658,6.656051118625328e-05,scalar
events.out.tfevents.1776294211.15e97987a4b5.21254.0,train/learning_rate,465,1776321655.1963887,6.616242171730846e-05,scalar
events.out.tfevents.1776294211.15e97987a4b5.21254.0,train/learning_rate,470,1776321944.3679724,6.576433224836364e-05,scalar
events.out.tfevents.1776294211.15e97987a4b5.21254.0,train/learning_rate,475,1776322245.454262,6.536624277941883e-05,scalar
events.out.tfevents.1776294211.15e97987a4b5.21254.0,train/learning_rate,480,1776322534.8722408,6.496815331047401e-05,scalar
events.out.tfevents.1776294211.15e97987a4b5.21254.0,train/learning_rate,485,1776322839.4940557,6.457006384152919e-05,scalar
events.out.tfevents.1776294211.15e97987a4b5.21254.0,train/learning_rate,490,1776323129.708939,6.417197437258437e-05,scalar
events.out.tfevents.1776294211.15e97987a4b5.21254.0,train/learning_rate,495,1776323436.9533498,6.377388490363955e-05,scalar
events.out.tfevents.1776294211.15e97987a4b5.21254.0,train/learning_rate,500,1776323729.691517,6.337579543469474e-05,scalar
events.out.tfevents.1776294211.15e97987a4b5.21254.0,train/learning_rate,505,1776324029.2053325,6.297770596574992e-05,scalar
events.out.tfevents.1776294211.15e97987a4b5.21254.0,train/learning_rate,510,1776324316.9700608,6.25796164968051e-05,scalar
events.out.tfevents.1776294211.15e97987a4b5.21254.0,train/learning_rate,515,1776324622.120765,6.218152702786028e-05,scalar
events.out.tfevents.1776294211.15e97987a4b5.21254.0,train/learning_rate,520,1776324886.97527,6.178343755891547e-05,scalar
events.out.tfevents.1776294211.15e97987a4b5.21254.0,train/learning_rate,525,1776325187.236109,6.138534808997065e-05,scalar
events.out.tfevents.1776294211.15e97987a4b5.21254.0,train/learning_rate,530,1776325474.3137455,6.098726225900464e-05,scalar
events.out.tfevents.1776294211.15e97987a4b5.21254.0,train/learning_rate,535,1776325780.9570355,6.058917279005982e-05,scalar
events.out.tfevents.1776294211.15e97987a4b5.21254.0,train/learning_rate,540,1776326071.6069098,6.0191083321115e-05,scalar
events.out.tfevents.1776294211.15e97987a4b5.21254.0,train/learning_rate,545,1776326379.2323399,5.9792993852170184e-05,scalar
events.out.tfevents.1776294211.15e97987a4b5.21254.0,train/learning_rate,550,1776326668.7002788,5.9394904383225366e-05,scalar
events.out.tfevents.1776294211.15e97987a4b5.21254.0,train/learning_rate,555,1776326974.0137143,5.899681491428055e-05,scalar
events.out.tfevents.1776294211.15e97987a4b5.21254.0,train/learning_rate,560,1776327262.5214727,5.859872544533573e-05,scalar
events.out.tfevents.1776294211.15e97987a4b5.21254.0,train/learning_rate,565,1776327566.4053955,5.820063597639091e-05,scalar
events.out.tfevents.1776294211.15e97987a4b5.21254.0,train/learning_rate,570,1776327862.7567635,5.7802546507446095e-05,scalar
events.out.tfevents.1776294211.15e97987a4b5.21254.0,train/learning_rate,575,1776328166.276272,5.740445703850128e-05,scalar
events.out.tfevents.1776294211.15e97987a4b5.21254.0,train/learning_rate,580,1776328453.9208195,5.700637120753527e-05,scalar
events.out.tfevents.1776294211.15e97987a4b5.21254.0,train/learning_rate,585,1776328755.787458,5.660828173859045e-05,scalar
events.out.tfevents.1776294211.15e97987a4b5.21254.0,train/learning_rate,590,1776329048.7875907,5.621019226964563e-05,scalar
events.out.tfevents.1776294211.15e97987a4b5.21254.0,train/learning_rate,595,1776329352.9827297,5.5812102800700814e-05,scalar
events.out.tfevents.1776294211.15e97987a4b5.21254.0,train/learning_rate,600,1776329643.421729,5.5414013331755996e-05,scalar
events.out.tfevents.1776294211.15e97987a4b5.21254.0,train/learning_rate,605,1776329944.3063664,5.501592386281118e-05,scalar
events.out.tfevents.1776294211.15e97987a4b5.21254.0,train/learning_rate,610,1776330239.698254,5.461783439386636e-05,scalar
events.out.tfevents.1776294211.15e97987a4b5.21254.0,train/learning_rate,615,1776330539.2314198,5.421974492492154e-05,scalar
events.out.tfevents.1776294211.15e97987a4b5.21254.0,train/learning_rate,620,1776330826.8272972,5.3821655455976725e-05,scalar
events.out.tfevents.1776294211.15e97987a4b5.21254.0,train/learning_rate,625,1776331127.0990689,5.342356598703191e-05,scalar
events.out.tfevents.1776294211.15e97987a4b5.21254.0,train/learning_rate,630,1776331419.7614262,5.302547651808709e-05,scalar
events.out.tfevents.1776294211.15e97987a4b5.21254.0,train/learning_rate,635,1776331725.0418303,5.262738704914227e-05,scalar
events.out.tfevents.1776294211.15e97987a4b5.21254.0,train/learning_rate,640,1776332016.438143,5.2229297580197453e-05,scalar
events.out.tfevents.1776294211.15e97987a4b5.21254.0,train/learning_rate,645,1776332319.0563602,5.183121174923144e-05,scalar
events.out.tfevents.1776294211.15e97987a4b5.21254.0,train/learning_rate,650,1776332612.7723823,5.1433122280286625e-05,scalar
events.out.tfevents.1776294211.15e97987a4b5.21254.0,train/learning_rate,655,1776332910.7195754,5.103503281134181e-05,scalar
events.out.tfevents.1776294211.15e97987a4b5.21254.0,train/learning_rate,660,1776333195.8086412,5.063694334239699e-05,scalar
events.out.tfevents.1776294211.15e97987a4b5.21254.0,train/learning_rate,665,1776333496.861952,5.023885387345217e-05,scalar
events.out.tfevents.1776294211.15e97987a4b5.21254.0,train/learning_rate,670,1776333781.156783,4.9840764404507354e-05,scalar
events.out.tfevents.1776294211.15e97987a4b5.21254.0,train/learning_rate,675,1776334086.1084428,4.9442674935562536e-05,scalar
events.out.tfevents.1776294211.15e97987a4b5.21254.0,train/learning_rate,680,1776334373.9043977,4.904458546661772e-05,scalar
events.out.tfevents.1776294211.15e97987a4b5.21254.0,train/learning_rate,685,1776334675.5746086,4.86464959976729e-05,scalar
events.out.tfevents.1776294211.15e97987a4b5.21254.0,train/learning_rate,690,1776334967.5168273,4.824840652872808e-05,scalar
events.out.tfevents.1776294211.15e97987a4b5.21254.0,train/learning_rate,695,1776335269.5882843,4.7850317059783265e-05,scalar
events.out.tfevents.1776294211.15e97987a4b5.21254.0,train/learning_rate,700,1776335557.376095,4.745222759083845e-05,scalar
events.out.tfevents.1776294211.15e97987a4b5.21254.0,train/learning_rate,705,1776335863.1971788,4.7054141759872437e-05,scalar
events.out.tfevents.1776294211.15e97987a4b5.21254.0,train/learning_rate,710,1776336155.5564654,4.665605229092762e-05,scalar
events.out.tfevents.1776294211.15e97987a4b5.21254.0,train/learning_rate,715,1776336454.841767,4.62579628219828e-05,scalar
events.out.tfevents.1776294211.15e97987a4b5.21254.0,train/learning_rate,720,1776336744.5749013,4.585987335303798e-05,scalar
events.out.tfevents.1776294211.15e97987a4b5.21254.0,train/learning_rate,725,1776337045.2563856,4.5461783884093165e-05,scalar
events.out.tfevents.1776294211.15e97987a4b5.21254.0,train/learning_rate,730,1776337336.3029263,4.506369441514835e-05,scalar
events.out.tfevents.1776294211.15e97987a4b5.21254.0,train/learning_rate,735,1776337646.5667017,4.466560494620353e-05,scalar
events.out.tfevents.1776294211.15e97987a4b5.21254.0,train/learning_rate,740,1776337936.684386,4.426751547725871e-05,scalar
events.out.tfevents.1776294211.15e97987a4b5.21254.0,train/learning_rate,745,1776338239.97567,4.3869426008313894e-05,scalar
events.out.tfevents.1776294211.15e97987a4b5.21254.0,train/learning_rate,750,1776338524.893145,4.3471336539369076e-05,scalar
events.out.tfevents.1776294211.15e97987a4b5.21254.0,train/learning_rate,755,1776338827.0107696,4.307324707042426e-05,scalar
events.out.tfevents.1776294211.15e97987a4b5.21254.0,train/learning_rate,760,1776339115.0274138,4.267515760147944e-05,scalar
events.out.tfevents.1776294211.15e97987a4b5.21254.0,train/learning_rate,765,1776339420.0793748,4.227707177051343e-05,scalar
events.out.tfevents.1776294211.15e97987a4b5.21254.0,train/learning_rate,770,1776339710.7798965,4.187898230156861e-05,scalar
events.out.tfevents.1776294211.15e97987a4b5.21254.0,train/learning_rate,775,1776340012.037899,4.1480892832623795e-05,scalar
events.out.tfevents.1776294211.15e97987a4b5.21254.0,train/learning_rate,780,1776340280.66359,4.108280336367898e-05,scalar
events.out.tfevents.1776294211.15e97987a4b5.21254.0,train/learning_rate,785,1776340587.929092,4.068471389473416e-05,scalar
events.out.tfevents.1776294211.15e97987a4b5.21254.0,train/learning_rate,790,1776340877.7143004,4.028662442578934e-05,scalar
events.out.tfevents.1776294211.15e97987a4b5.21254.0,train/learning_rate,795,1776341175.8823268,3.9888534956844524e-05,scalar
events.out.tfevents.1776294211.15e97987a4b5.21254.0,train/learning_rate,800,1776341465.9190707,3.9490445487899706e-05,scalar
events.out.tfevents.1776294211.15e97987a4b5.21254.0,train/learning_rate,805,1776341766.9645357,3.909235601895489e-05,scalar
events.out.tfevents.1776294211.15e97987a4b5.21254.0,train/learning_rate,810,1776342062.5019176,3.869426655001007e-05,scalar
events.out.tfevents.1776294211.15e97987a4b5.21254.0,train/learning_rate,815,1776342369.575718,3.829617708106525e-05,scalar
events.out.tfevents.1776294211.15e97987a4b5.21254.0,train/learning_rate,820,1776342656.1276999,3.7898087612120435e-05,scalar
events.out.tfevents.1776294211.15e97987a4b5.21254.0,train/learning_rate,825,1776342958.2750733,3.7500001781154424e-05,scalar
events.out.tfevents.1776294211.15e97987a4b5.21254.0,train/learning_rate,830,1776343244.8434765,3.7101912312209606e-05,scalar
events.out.tfevents.1776294211.15e97987a4b5.21254.0,train/learning_rate,835,1776343553.000787,3.670382284326479e-05,scalar
events.out.tfevents.1776294211.15e97987a4b5.21254.0,train/learning_rate,840,1776343842.554433,3.630573337431997e-05,scalar
events.out.tfevents.1776294211.15e97987a4b5.21254.0,train/learning_rate,845,1776344141.2857647,3.590764390537515e-05,scalar
events.out.tfevents.1776294211.15e97987a4b5.21254.0,train/learning_rate,850,1776344429.3025537,3.5509554436430335e-05,scalar
events.out.tfevents.1776294211.15e97987a4b5.21254.0,train/learning_rate,855,1776344727.9398077,3.511146496748552e-05,scalar
events.out.tfevents.1776294211.15e97987a4b5.21254.0,train/learning_rate,860,1776345016.8844674,3.47133754985407e-05,scalar
events.out.tfevents.1776294211.15e97987a4b5.21254.0,train/learning_rate,865,1776345322.3383753,3.431528602959588e-05,scalar
events.out.tfevents.1776294211.15e97987a4b5.21254.0,train/learning_rate,870,1776345620.963185,3.3917196560651064e-05,scalar
events.out.tfevents.1776294211.15e97987a4b5.21254.0,train/learning_rate,875,1776345920.938109,3.3519107091706246e-05,scalar
events.out.tfevents.1776294211.15e97987a4b5.21254.0,train/learning_rate,880,1776346209.3999212,3.312101762276143e-05,scalar
events.out.tfevents.1776294211.15e97987a4b5.21254.0,train/learning_rate,885,1776346514.200332,3.272292815381661e-05,scalar
events.out.tfevents.1776294211.15e97987a4b5.21254.0,train/learning_rate,890,1776346808.7361283,3.23248423228506e-05,scalar
events.out.tfevents.1776294211.15e97987a4b5.21254.0,train/learning_rate,895,1776347116.2924812,3.192675285390578e-05,scalar
events.out.tfevents.1776294211.15e97987a4b5.21254.0,train/learning_rate,900,1776347403.3677971,3.1528663384960964e-05,scalar
events.out.tfevents.1776294211.15e97987a4b5.21254.0,train/learning_rate,905,1776347703.079732,3.1130573916016147e-05,scalar
events.out.tfevents.1776294211.15e97987a4b5.21254.0,train/learning_rate,910,1776347988.3005266,3.073248444707133e-05,scalar
events.out.tfevents.1776294211.15e97987a4b5.21254.0,train/learning_rate,915,1776348302.076809,3.033439497812651e-05,scalar
events.out.tfevents.1776294211.15e97987a4b5.21254.0,train/learning_rate,920,1776348589.442679,2.9936305509181693e-05,scalar
events.out.tfevents.1776294211.15e97987a4b5.21254.0,train/learning_rate,925,1776348899.560692,2.9538216040236875e-05,scalar
events.out.tfevents.1776294211.15e97987a4b5.21254.0,train/learning_rate,930,1776349187.427381,2.9140126571292058e-05,scalar
events.out.tfevents.1776294211.15e97987a4b5.21254.0,train/learning_rate,935,1776349490.9906244,2.8742038921336643e-05,scalar
events.out.tfevents.1776294211.15e97987a4b5.21254.0,train/learning_rate,940,1776349784.3592403,2.8343949452391826e-05,scalar
events.out.tfevents.1776294211.15e97987a4b5.21254.0,train/learning_rate,945,1776350087.5874906,2.7945859983447008e-05,scalar
events.out.tfevents.1776294211.15e97987a4b5.21254.0,train/learning_rate,950,1776350376.5017805,2.754777051450219e-05,scalar
events.out.tfevents.1776294211.15e97987a4b5.21254.0,train/learning_rate,955,1776350676.434015,2.7149681045557372e-05,scalar
events.out.tfevents.1776294211.15e97987a4b5.21254.0,train/learning_rate,960,1776350964.7873914,2.6751591576612554e-05,scalar
events.out.tfevents.1776294211.15e97987a4b5.21254.0,train/learning_rate,965,1776351269.3703413,2.635350392665714e-05,scalar
events.out.tfevents.1776294211.15e97987a4b5.21254.0,train/learning_rate,970,1776351562.8433986,2.5955414457712322e-05,scalar
events.out.tfevents.1776294211.15e97987a4b5.21254.0,train/learning_rate,975,1776351866.5086937,2.5557324988767505e-05,scalar
events.out.tfevents.1776294211.15e97987a4b5.21254.0,train/learning_rate,980,1776352155.5181093,2.5159235519822687e-05,scalar
events.out.tfevents.1776294211.15e97987a4b5.21254.0,train/learning_rate,985,1776352462.9413457,2.476114605087787e-05,scalar
events.out.tfevents.1776294211.15e97987a4b5.21254.0,train/learning_rate,990,1776352752.180235,2.436305658193305e-05,scalar
events.out.tfevents.1776294211.15e97987a4b5.21254.0,train/learning_rate,995,1776353055.4376967,2.3964968931977637e-05,scalar
events.out.tfevents.1776294211.15e97987a4b5.21254.0,train/learning_rate,1000,1776353350.7218642,2.356687946303282e-05,scalar
events.out.tfevents.1776294211.15e97987a4b5.21254.0,train/learning_rate,1005,1776353655.2464628,2.3168789994088e-05,scalar
events.out.tfevents.1776294211.15e97987a4b5.21254.0,train/learning_rate,1010,1776353947.7308156,2.2770700525143184e-05,scalar
events.out.tfevents.1776294211.15e97987a4b5.21254.0,train/learning_rate,1015,1776354245.9704292,2.2372611056198366e-05,scalar
events.out.tfevents.1776294211.15e97987a4b5.21254.0,train/learning_rate,1020,1776354528.5775032,2.1974521587253548e-05,scalar
events.out.tfevents.1776294211.15e97987a4b5.21254.0,train/learning_rate,1025,1776354831.638168,2.1576433937298134e-05,scalar
events.out.tfevents.1776294211.15e97987a4b5.21254.0,train/learning_rate,1030,1776355121.4813266,2.1178344468353316e-05,scalar
events.out.tfevents.1776294211.15e97987a4b5.21254.0,train/learning_rate,1035,1776355426.3961954,2.07802549994085e-05,scalar
events.out.tfevents.1776294211.15e97987a4b5.21254.0,train/learning_rate,1040,1776355696.4629552,2.038216553046368e-05,scalar
events.out.tfevents.1776294211.15e97987a4b5.21254.0,train/learning_rate,1045,1776356000.0918348,1.9984076061518863e-05,scalar
events.out.tfevents.1776294211.15e97987a4b5.21254.0,train/learning_rate,1050,1776356289.2775013,1.9585986592574045e-05,scalar
events.out.tfevents.1776294211.15e97987a4b5.21254.0,train/learning_rate,1055,1776356588.1141732,1.918789894261863e-05,scalar
events.out.tfevents.1776294211.15e97987a4b5.21254.0,train/learning_rate,1060,1776356879.3784287,1.8789809473673813e-05,scalar
events.out.tfevents.1776294211.15e97987a4b5.21254.0,train/learning_rate,1065,1776357179.3631053,1.8391720004728995e-05,scalar
events.out.tfevents.1776294211.15e97987a4b5.21254.0,train/learning_rate,1070,1776357465.6341116,1.7993630535784177e-05,scalar
events.out.tfevents.1776294211.15e97987a4b5.21254.0,train/learning_rate,1075,1776357765.3203485,1.759554106683936e-05,scalar
events.out.tfevents.1776294211.15e97987a4b5.21254.0,train/learning_rate,1080,1776358052.265089,1.7197451597894542e-05,scalar
events.out.tfevents.1776294211.15e97987a4b5.21254.0,train/learning_rate,1085,1776358352.7113295,1.6799363947939128e-05,scalar
events.out.tfevents.1776294211.15e97987a4b5.21254.0,train/learning_rate,1090,1776358643.4963872,1.640127447899431e-05,scalar
events.out.tfevents.1776294211.15e97987a4b5.21254.0,train/learning_rate,1095,1776358946.753119,1.6003185010049492e-05,scalar
events.out.tfevents.1776294211.15e97987a4b5.21254.0,train/learning_rate,1100,1776359235.944415,1.5605095541104674e-05,scalar
events.out.tfevents.1776294211.15e97987a4b5.21254.0,train/learning_rate,1105,1776359539.3378005,1.5207006072159857e-05,scalar
events.out.tfevents.1776294211.15e97987a4b5.21254.0,train/learning_rate,1110,1776359827.279962,1.480891751270974e-05,scalar
events.out.tfevents.1776294211.15e97987a4b5.21254.0,train/learning_rate,1115,1776360131.1080666,1.4410828043764923e-05,scalar
events.out.tfevents.1776294211.15e97987a4b5.21254.0,train/learning_rate,1120,1776360419.0894756,1.4012738574820105e-05,scalar
events.out.tfevents.1776294211.15e97987a4b5.21254.0,train/learning_rate,1125,1776360728.9781923,1.3614650015369989e-05,scalar
events.out.tfevents.1776294211.15e97987a4b5.21254.0,train/learning_rate,1130,1776361024.3770971,1.3216560546425171e-05,scalar
events.out.tfevents.1776294211.15e97987a4b5.21254.0,train/learning_rate,1135,1776361328.5796335,1.2818471077480353e-05,scalar
events.out.tfevents.1776294211.15e97987a4b5.21254.0,train/learning_rate,1140,1776361615.6408787,1.2420382518030237e-05,scalar
events.out.tfevents.1776294211.15e97987a4b5.21254.0,train/learning_rate,1145,1776361919.2369707,1.202229304908542e-05,scalar
events.out.tfevents.1776294211.15e97987a4b5.21254.0,train/learning_rate,1150,1776362211.163519,1.1624203580140602e-05,scalar
events.out.tfevents.1776294211.15e97987a4b5.21254.0,train/learning_rate,1155,1776362510.3072631,1.1226115020690486e-05,scalar
events.out.tfevents.1776294211.15e97987a4b5.21254.0,train/learning_rate,1160,1776362801.045107,1.0828025551745668e-05,scalar
events.out.tfevents.1776294211.15e97987a4b5.21254.0,train/learning_rate,1165,1776363106.395912,1.042993608280085e-05,scalar
events.out.tfevents.1776294211.15e97987a4b5.21254.0,train/learning_rate,1170,1776363396.566986,1.0031847523350734e-05,scalar
events.out.tfevents.1776294211.15e97987a4b5.21254.0,train/learning_rate,1175,1776363698.1773655,9.633758054405916e-06,scalar
events.out.tfevents.1776294211.15e97987a4b5.21254.0,train/learning_rate,1180,1776363987.161682,9.235668585461099e-06,scalar
events.out.tfevents.1776294211.15e97987a4b5.21254.0,train/learning_rate,1185,1776364292.7790978,8.837580026010983e-06,scalar
events.out.tfevents.1776294211.15e97987a4b5.21254.0,train/learning_rate,1190,1776364579.2384884,8.439490557066165e-06,scalar
events.out.tfevents.1776294211.15e97987a4b5.21254.0,train/learning_rate,1195,1776364885.101501,8.041401088121347e-06,scalar
events.out.tfevents.1776294211.15e97987a4b5.21254.0,train/learning_rate,1200,1776365171.9003766,7.643312528671231e-06,scalar
events.out.tfevents.1776294211.15e97987a4b5.21254.0,train/learning_rate,1205,1776365476.1650372,7.245223059726413e-06,scalar
events.out.tfevents.1776294211.15e97987a4b5.21254.0,train/learning_rate,1210,1776365765.9379344,6.8471335907815956e-06,scalar
events.out.tfevents.1776294211.15e97987a4b5.21254.0,train/learning_rate,1215,1776366071.5135646,6.449044576584129e-06,scalar
events.out.tfevents.1776294211.15e97987a4b5.21254.0,train/learning_rate,1220,1776366358.4786813,6.050955562386662e-06,scalar
events.out.tfevents.1776294211.15e97987a4b5.21254.0,train/learning_rate,1225,1776366661.066083,5.652866093441844e-06,scalar
events.out.tfevents.1776294211.15e97987a4b5.21254.0,train/learning_rate,1230,1776366948.763365,5.254777079244377e-06,scalar
events.out.tfevents.1776294211.15e97987a4b5.21254.0,train/learning_rate,1235,1776367248.4411345,4.85668806504691e-06,scalar
events.out.tfevents.1776294211.15e97987a4b5.21254.0,train/learning_rate,1240,1776367536.1565163,4.458598596102092e-06,scalar
events.out.tfevents.1776294211.15e97987a4b5.21254.0,train/learning_rate,1245,1776367840.9557602,4.0605095819046255e-06,scalar
events.out.tfevents.1776294211.15e97987a4b5.21254.0,train/learning_rate,1250,1776368132.278423,3.662420340333483e-06,scalar
events.out.tfevents.1776294211.15e97987a4b5.21254.0,train/learning_rate,1255,1776368435.0502741,3.264331098762341e-06,scalar
events.out.tfevents.1776294211.15e97987a4b5.21254.0,train/learning_rate,1260,1776368723.3944244,2.866242084564874e-06,scalar
events.out.tfevents.1776294211.15e97987a4b5.21254.0,train/learning_rate,1265,1776369027.9009836,2.4681528429937316e-06,scalar
events.out.tfevents.1776294211.15e97987a4b5.21254.0,train/learning_rate,1270,1776369319.0588696,2.0700636014225893e-06,scalar
events.out.tfevents.1776294211.15e97987a4b5.21254.0,train/learning_rate,1275,1776369622.7122405,1.6719744735382847e-06,scalar
events.out.tfevents.1776294211.15e97987a4b5.21254.0,train/learning_rate,1280,1776369909.051035,1.27388534565398e-06,scalar
events.out.tfevents.1776294211.15e97987a4b5.21254.0,train/learning_rate,1285,1776370208.038461,8.757961609262566e-07,scalar
events.out.tfevents.1776294211.15e97987a4b5.21254.0,train/learning_rate,1290,1776370501.947684,4.777070330419519e-07,scalar
events.out.tfevents.1776294211.15e97987a4b5.21254.0,train/learning_rate,1295,1776370754.3035285,7.961783410337375e-08,scalar
events.out.tfevents.1776294211.15e97987a4b5.21254.0,train/entropy,5,1776294500.0200534,1.1610982418060303,scalar
events.out.tfevents.1776294211.15e97987a4b5.21254.0,train/entropy,10,1776294786.9300122,1.1989108324050903,scalar
events.out.tfevents.1776294211.15e97987a4b5.21254.0,train/entropy,15,1776295092.9793618,1.392829418182373,scalar
events.out.tfevents.1776294211.15e97987a4b5.21254.0,train/entropy,20,1776295380.9853332,1.7369446754455566,scalar
events.out.tfevents.1776294211.15e97987a4b5.21254.0,train/entropy,25,1776295680.8475916,1.9370661973953247,scalar
events.out.tfevents.1776294211.15e97987a4b5.21254.0,train/entropy,30,1776295965.7493773,1.8132493495941162,scalar
events.out.tfevents.1776294211.15e97987a4b5.21254.0,train/entropy,35,1776296264.6621199,1.4086140394210815,scalar
events.out.tfevents.1776294211.15e97987a4b5.21254.0,train/entropy,40,1776296556.9757924,0.8219910264015198,scalar
events.out.tfevents.1776294211.15e97987a4b5.21254.0,train/entropy,45,1776296859.4412792,0.42590975761413574,scalar
events.out.tfevents.1776294211.15e97987a4b5.21254.0,train/entropy,50,1776297151.4974265,0.31029003858566284,scalar
events.out.tfevents.1776294211.15e97987a4b5.21254.0,train/entropy,55,1776297454.5194864,0.26885566115379333,scalar
events.out.tfevents.1776294211.15e97987a4b5.21254.0,train/entropy,60,1776297746.4994712,0.24951860308647156,scalar
events.out.tfevents.1776294211.15e97987a4b5.21254.0,train/entropy,65,1776298048.6443245,0.2446705400943756,scalar
events.out.tfevents.1776294211.15e97987a4b5.21254.0,train/entropy,70,1776298334.07934,0.23484715819358826,scalar
events.out.tfevents.1776294211.15e97987a4b5.21254.0,train/entropy,75,1776298629.440728,0.2204531878232956,scalar
events.out.tfevents.1776294211.15e97987a4b5.21254.0,train/entropy,80,1776298916.3570135,0.21986857056617737,scalar
events.out.tfevents.1776294211.15e97987a4b5.21254.0,train/entropy,85,1776299214.5243585,0.21459592878818512,scalar
events.out.tfevents.1776294211.15e97987a4b5.21254.0,train/entropy,90,1776299499.5269156,0.21162815392017365,scalar
events.out.tfevents.1776294211.15e97987a4b5.21254.0,train/entropy,95,1776299798.8907044,0.2125062197446823,scalar
events.out.tfevents.1776294211.15e97987a4b5.21254.0,train/entropy,100,1776300086.0003457,0.20625144243240356,scalar
events.out.tfevents.1776294211.15e97987a4b5.21254.0,train/entropy,105,1776300391.0263681,0.20528779923915863,scalar
events.out.tfevents.1776294211.15e97987a4b5.21254.0,train/entropy,110,1776300682.6528156,0.20323584973812103,scalar
events.out.tfevents.1776294211.15e97987a4b5.21254.0,train/entropy,115,1776300982.3656993,0.20397931337356567,scalar
events.out.tfevents.1776294211.15e97987a4b5.21254.0,train/entropy,120,1776301269.7543194,0.20348261296749115,scalar
events.out.tfevents.1776294211.15e97987a4b5.21254.0,train/entropy,125,1776301571.2823935,0.20095530152320862,scalar
events.out.tfevents.1776294211.15e97987a4b5.21254.0,train/entropy,130,1776301857.4956694,0.19626429677009583,scalar
events.out.tfevents.1776294211.15e97987a4b5.21254.0,train/entropy,135,1776302160.6488016,0.19667798280715942,scalar
events.out.tfevents.1776294211.15e97987a4b5.21254.0,train/entropy,140,1776302445.2891507,0.1934618502855301,scalar
events.out.tfevents.1776294211.15e97987a4b5.21254.0,train/entropy,145,1776302747.5891461,0.1965344250202179,scalar
events.out.tfevents.1776294211.15e97987a4b5.21254.0,train/entropy,150,1776303033.495444,0.19251422584056854,scalar
events.out.tfevents.1776294211.15e97987a4b5.21254.0,train/entropy,155,1776303334.7929177,0.19743067026138306,scalar
events.out.tfevents.1776294211.15e97987a4b5.21254.0,train/entropy,160,1776303623.2440698,0.19219641387462616,scalar
events.out.tfevents.1776294211.15e97987a4b5.21254.0,train/entropy,165,1776303921.7006018,0.1901160329580307,scalar
events.out.tfevents.1776294211.15e97987a4b5.21254.0,train/entropy,170,1776304208.742935,0.19040615856647491,scalar
events.out.tfevents.1776294211.15e97987a4b5.21254.0,train/entropy,175,1776304512.1923826,0.18779586255550385,scalar
events.out.tfevents.1776294211.15e97987a4b5.21254.0,train/entropy,180,1776304805.2791293,0.18744789063930511,scalar
events.out.tfevents.1776294211.15e97987a4b5.21254.0,train/entropy,185,1776305112.7847104,0.18943528831005096,scalar
events.out.tfevents.1776294211.15e97987a4b5.21254.0,train/entropy,190,1776305401.4353168,0.18946106731891632,scalar
events.out.tfevents.1776294211.15e97987a4b5.21254.0,train/entropy,195,1776305705.8601227,0.19071416556835175,scalar
events.out.tfevents.1776294211.15e97987a4b5.21254.0,train/entropy,200,1776305999.3832731,0.19917070865631104,scalar
events.out.tfevents.1776294211.15e97987a4b5.21254.0,train/entropy,205,1776306300.4803762,0.1976015567779541,scalar
events.out.tfevents.1776294211.15e97987a4b5.21254.0,train/entropy,210,1776306590.0086756,0.19807115197181702,scalar
events.out.tfevents.1776294211.15e97987a4b5.21254.0,train/entropy,215,1776306896.0691934,0.19212530553340912,scalar
events.out.tfevents.1776294211.15e97987a4b5.21254.0,train/entropy,220,1776307184.9115367,0.19497692584991455,scalar
events.out.tfevents.1776294211.15e97987a4b5.21254.0,train/entropy,225,1776307487.3480613,0.1936105340719223,scalar
events.out.tfevents.1776294211.15e97987a4b5.21254.0,train/entropy,230,1776307771.4377074,0.19816358387470245,scalar
events.out.tfevents.1776294211.15e97987a4b5.21254.0,train/entropy,235,1776308076.250564,0.19119955599308014,scalar
events.out.tfevents.1776294211.15e97987a4b5.21254.0,train/entropy,240,1776308366.128583,0.19129136204719543,scalar
events.out.tfevents.1776294211.15e97987a4b5.21254.0,train/entropy,245,1776308664.0102632,0.19604671001434326,scalar
events.out.tfevents.1776294211.15e97987a4b5.21254.0,train/entropy,250,1776308953.5336554,0.19070124626159668,scalar
events.out.tfevents.1776294211.15e97987a4b5.21254.0,train/entropy,255,1776309253.897942,0.19301237165927887,scalar
events.out.tfevents.1776294211.15e97987a4b5.21254.0,train/entropy,260,1776309518.8442822,0.19664576649665833,scalar
events.out.tfevents.1776294211.15e97987a4b5.21254.0,train/entropy,265,1776309818.9601283,0.1962294578552246,scalar
events.out.tfevents.1776294211.15e97987a4b5.21254.0,train/entropy,270,1776310109.905874,0.19279900193214417,scalar
events.out.tfevents.1776294211.15e97987a4b5.21254.0,train/entropy,275,1776310414.690249,0.19983360171318054,scalar
events.out.tfevents.1776294211.15e97987a4b5.21254.0,train/entropy,280,1776310703.5012984,0.19626295566558838,scalar
events.out.tfevents.1776294211.15e97987a4b5.21254.0,train/entropy,285,1776311007.5007603,0.1970169097185135,scalar
events.out.tfevents.1776294211.15e97987a4b5.21254.0,train/entropy,290,1776311296.4933288,0.1911514401435852,scalar
events.out.tfevents.1776294211.15e97987a4b5.21254.0,train/entropy,295,1776311604.6357548,0.1926773488521576,scalar
events.out.tfevents.1776294211.15e97987a4b5.21254.0,train/entropy,300,1776311889.6337779,0.19064627587795258,scalar
events.out.tfevents.1776294211.15e97987a4b5.21254.0,train/entropy,305,1776312189.2478933,0.194224551320076,scalar
events.out.tfevents.1776294211.15e97987a4b5.21254.0,train/entropy,310,1776312474.1445541,0.19151750206947327,scalar
events.out.tfevents.1776294211.15e97987a4b5.21254.0,train/entropy,315,1776312776.3642595,0.192631796002388,scalar
events.out.tfevents.1776294211.15e97987a4b5.21254.0,train/entropy,320,1776313067.4265044,0.18901187181472778,scalar
events.out.tfevents.1776294211.15e97987a4b5.21254.0,train/entropy,325,1776313372.3344557,0.19286319613456726,scalar
events.out.tfevents.1776294211.15e97987a4b5.21254.0,train/entropy,330,1776313658.1930902,0.19815699756145477,scalar
events.out.tfevents.1776294211.15e97987a4b5.21254.0,train/entropy,335,1776313959.526425,0.19692260026931763,scalar
events.out.tfevents.1776294211.15e97987a4b5.21254.0,train/entropy,340,1776314250.165664,0.1931237280368805,scalar
events.out.tfevents.1776294211.15e97987a4b5.21254.0,train/entropy,345,1776314557.4202826,0.1937248259782791,scalar
events.out.tfevents.1776294211.15e97987a4b5.21254.0,train/entropy,350,1776314846.0147684,0.19633008539676666,scalar
events.out.tfevents.1776294211.15e97987a4b5.21254.0,train/entropy,355,1776315145.6213427,0.1996086686849594,scalar
events.out.tfevents.1776294211.15e97987a4b5.21254.0,train/entropy,360,1776315430.018693,0.19944757223129272,scalar
events.out.tfevents.1776294211.15e97987a4b5.21254.0,train/entropy,365,1776315734.907742,0.19490346312522888,scalar
events.out.tfevents.1776294211.15e97987a4b5.21254.0,train/entropy,370,1776316024.404748,0.19368498027324677,scalar
events.out.tfevents.1776294211.15e97987a4b5.21254.0,train/entropy,375,1776316329.164902,0.19361773133277893,scalar
events.out.tfevents.1776294211.15e97987a4b5.21254.0,train/entropy,380,1776316611.4029791,0.19521810114383698,scalar
events.out.tfevents.1776294211.15e97987a4b5.21254.0,train/entropy,385,1776316913.1017392,0.19511659443378448,scalar
events.out.tfevents.1776294211.15e97987a4b5.21254.0,train/entropy,390,1776317206.0597186,0.1979036033153534,scalar
events.out.tfevents.1776294211.15e97987a4b5.21254.0,train/entropy,395,1776317512.373988,0.1951485574245453,scalar
events.out.tfevents.1776294211.15e97987a4b5.21254.0,train/entropy,400,1776317800.0853915,0.19468235969543457,scalar
events.out.tfevents.1776294211.15e97987a4b5.21254.0,train/entropy,405,1776318100.8513372,0.1922023445367813,scalar
events.out.tfevents.1776294211.15e97987a4b5.21254.0,train/entropy,410,1776318390.4442997,0.1948111653327942,scalar
events.out.tfevents.1776294211.15e97987a4b5.21254.0,train/entropy,415,1776318690.6368477,0.19612205028533936,scalar
events.out.tfevents.1776294211.15e97987a4b5.21254.0,train/entropy,420,1776318981.6245017,0.20038054883480072,scalar
events.out.tfevents.1776294211.15e97987a4b5.21254.0,train/entropy,425,1776319280.9084823,0.19762498140335083,scalar
events.out.tfevents.1776294211.15e97987a4b5.21254.0,train/entropy,430,1776319572.5018961,0.19540677964687347,scalar
events.out.tfevents.1776294211.15e97987a4b5.21254.0,train/entropy,435,1776319875.3563588,0.19657503068447113,scalar
events.out.tfevents.1776294211.15e97987a4b5.21254.0,train/entropy,440,1776320161.7898335,0.19265298545360565,scalar
events.out.tfevents.1776294211.15e97987a4b5.21254.0,train/entropy,445,1776320472.3607814,0.19464316964149475,scalar
events.out.tfevents.1776294211.15e97987a4b5.21254.0,train/entropy,450,1776320759.639767,0.19312265515327454,scalar
events.out.tfevents.1776294211.15e97987a4b5.21254.0,train/entropy,455,1776321059.3415482,0.19444163143634796,scalar
events.out.tfevents.1776294211.15e97987a4b5.21254.0,train/entropy,460,1776321348.2781708,0.19679982960224152,scalar
events.out.tfevents.1776294211.15e97987a4b5.21254.0,train/entropy,465,1776321655.1963937,0.1933392733335495,scalar
events.out.tfevents.1776294211.15e97987a4b5.21254.0,train/entropy,470,1776321944.3679771,0.19383849203586578,scalar
events.out.tfevents.1776294211.15e97987a4b5.21254.0,train/entropy,475,1776322245.454267,0.19499920308589935,scalar
events.out.tfevents.1776294211.15e97987a4b5.21254.0,train/entropy,480,1776322534.872246,0.19128181040287018,scalar
events.out.tfevents.1776294211.15e97987a4b5.21254.0,train/entropy,485,1776322839.4940608,0.19405153393745422,scalar
events.out.tfevents.1776294211.15e97987a4b5.21254.0,train/entropy,490,1776323129.7089438,0.1916503608226776,scalar
events.out.tfevents.1776294211.15e97987a4b5.21254.0,train/entropy,495,1776323436.9533548,0.18884320557117462,scalar
events.out.tfevents.1776294211.15e97987a4b5.21254.0,train/entropy,500,1776323729.6915224,0.1869654655456543,scalar
events.out.tfevents.1776294211.15e97987a4b5.21254.0,train/entropy,505,1776324029.2053375,0.19105958938598633,scalar
events.out.tfevents.1776294211.15e97987a4b5.21254.0,train/entropy,510,1776324316.9700656,0.18824851512908936,scalar
events.out.tfevents.1776294211.15e97987a4b5.21254.0,train/entropy,515,1776324622.1207702,0.19714617729187012,scalar
events.out.tfevents.1776294211.15e97987a4b5.21254.0,train/entropy,520,1776324886.9752748,0.1942475438117981,scalar
events.out.tfevents.1776294211.15e97987a4b5.21254.0,train/entropy,525,1776325187.2361135,0.19883118569850922,scalar
events.out.tfevents.1776294211.15e97987a4b5.21254.0,train/entropy,530,1776325474.3137503,0.19652807712554932,scalar
events.out.tfevents.1776294211.15e97987a4b5.21254.0,train/entropy,535,1776325780.95704,0.20670141279697418,scalar
events.out.tfevents.1776294211.15e97987a4b5.21254.0,train/entropy,540,1776326071.6069143,0.19516250491142273,scalar
events.out.tfevents.1776294211.15e97987a4b5.21254.0,train/entropy,545,1776326379.2323453,0.19144286215305328,scalar
events.out.tfevents.1776294211.15e97987a4b5.21254.0,train/entropy,550,1776326668.7002847,0.18773260712623596,scalar
events.out.tfevents.1776294211.15e97987a4b5.21254.0,train/entropy,555,1776326974.0137198,0.18673670291900635,scalar
events.out.tfevents.1776294211.15e97987a4b5.21254.0,train/entropy,560,1776327262.5214777,0.18972794711589813,scalar
events.out.tfevents.1776294211.15e97987a4b5.21254.0,train/entropy,565,1776327566.4054003,0.1911398023366928,scalar
events.out.tfevents.1776294211.15e97987a4b5.21254.0,train/entropy,570,1776327862.756768,0.18828260898590088,scalar
events.out.tfevents.1776294211.15e97987a4b5.21254.0,train/entropy,575,1776328166.2762778,0.1873331367969513,scalar
events.out.tfevents.1776294211.15e97987a4b5.21254.0,train/entropy,580,1776328453.9208245,0.1874767392873764,scalar
events.out.tfevents.1776294211.15e97987a4b5.21254.0,train/entropy,585,1776328755.7874637,0.18522903323173523,scalar
events.out.tfevents.1776294211.15e97987a4b5.21254.0,train/entropy,590,1776329048.7875957,0.18381844460964203,scalar
events.out.tfevents.1776294211.15e97987a4b5.21254.0,train/entropy,595,1776329352.9827344,0.1894848346710205,scalar
events.out.tfevents.1776294211.15e97987a4b5.21254.0,train/entropy,600,1776329643.421734,0.18517424166202545,scalar
events.out.tfevents.1776294211.15e97987a4b5.21254.0,train/entropy,605,1776329944.3063712,0.19057513773441315,scalar
events.out.tfevents.1776294211.15e97987a4b5.21254.0,train/entropy,610,1776330239.698259,0.188919335603714,scalar
events.out.tfevents.1776294211.15e97987a4b5.21254.0,train/entropy,615,1776330539.2314253,0.18606771528720856,scalar
events.out.tfevents.1776294211.15e97987a4b5.21254.0,train/entropy,620,1776330826.8273022,0.18506887555122375,scalar
events.out.tfevents.1776294211.15e97987a4b5.21254.0,train/entropy,625,1776331127.0990746,0.187138170003891,scalar
events.out.tfevents.1776294211.15e97987a4b5.21254.0,train/entropy,630,1776331419.7614315,0.18785616755485535,scalar
events.out.tfevents.1776294211.15e97987a4b5.21254.0,train/entropy,635,1776331725.0418355,0.18840478360652924,scalar
events.out.tfevents.1776294211.15e97987a4b5.21254.0,train/entropy,640,1776332016.4381485,0.19098705053329468,scalar
events.out.tfevents.1776294211.15e97987a4b5.21254.0,train/entropy,645,1776332319.0563653,0.1878804713487625,scalar
events.out.tfevents.1776294211.15e97987a4b5.21254.0,train/entropy,650,1776332612.7723873,0.1878364235162735,scalar
events.out.tfevents.1776294211.15e97987a4b5.21254.0,train/entropy,655,1776332910.7195807,0.18453530967235565,scalar
events.out.tfevents.1776294211.15e97987a4b5.21254.0,train/entropy,660,1776333195.8086462,0.17753271758556366,scalar
events.out.tfevents.1776294211.15e97987a4b5.21254.0,train/entropy,665,1776333496.8619568,0.1842229813337326,scalar
events.out.tfevents.1776294211.15e97987a4b5.21254.0,train/entropy,670,1776333781.156788,0.18192201852798462,scalar
events.out.tfevents.1776294211.15e97987a4b5.21254.0,train/entropy,675,1776334086.1084478,0.18008384108543396,scalar
events.out.tfevents.1776294211.15e97987a4b5.21254.0,train/entropy,680,1776334373.9044027,0.18455731868743896,scalar
events.out.tfevents.1776294211.15e97987a4b5.21254.0,train/entropy,685,1776334675.574614,0.18299511075019836,scalar
events.out.tfevents.1776294211.15e97987a4b5.21254.0,train/entropy,690,1776334967.5168326,0.1856483519077301,scalar
events.out.tfevents.1776294211.15e97987a4b5.21254.0,train/entropy,695,1776335269.588289,0.184544637799263,scalar
events.out.tfevents.1776294211.15e97987a4b5.21254.0,train/entropy,700,1776335557.3761005,0.1828811764717102,scalar
events.out.tfevents.1776294211.15e97987a4b5.21254.0,train/entropy,705,1776335863.1971834,0.17978154122829437,scalar
events.out.tfevents.1776294211.15e97987a4b5.21254.0,train/entropy,710,1776336155.5564723,0.18192538619041443,scalar
events.out.tfevents.1776294211.15e97987a4b5.21254.0,train/entropy,715,1776336454.8417726,0.1842341274023056,scalar
events.out.tfevents.1776294211.15e97987a4b5.21254.0,train/entropy,720,1776336744.574906,0.18249841034412384,scalar
events.out.tfevents.1776294211.15e97987a4b5.21254.0,train/entropy,725,1776337045.25639,0.185811385512352,scalar
events.out.tfevents.1776294211.15e97987a4b5.21254.0,train/entropy,730,1776337336.3029315,0.18610048294067383,scalar
events.out.tfevents.1776294211.15e97987a4b5.21254.0,train/entropy,735,1776337646.5667067,0.188960999250412,scalar
events.out.tfevents.1776294211.15e97987a4b5.21254.0,train/entropy,740,1776337936.6843917,0.1815926879644394,scalar
events.out.tfevents.1776294211.15e97987a4b5.21254.0,train/entropy,745,1776338239.975675,0.18098407983779907,scalar
events.out.tfevents.1776294211.15e97987a4b5.21254.0,train/entropy,750,1776338524.8931499,0.1847209930419922,scalar
events.out.tfevents.1776294211.15e97987a4b5.21254.0,train/entropy,755,1776338827.0107749,0.1852617859840393,scalar
events.out.tfevents.1776294211.15e97987a4b5.21254.0,train/entropy,760,1776339115.0274189,0.18526026606559753,scalar
events.out.tfevents.1776294211.15e97987a4b5.21254.0,train/entropy,765,1776339420.07938,0.18433575332164764,scalar
events.out.tfevents.1776294211.15e97987a4b5.21254.0,train/entropy,770,1776339710.779902,0.18724612891674042,scalar
events.out.tfevents.1776294211.15e97987a4b5.21254.0,train/entropy,775,1776340012.0379038,0.1835128515958786,scalar
events.out.tfevents.1776294211.15e97987a4b5.21254.0,train/entropy,780,1776340280.6635957,0.18585188686847687,scalar
events.out.tfevents.1776294211.15e97987a4b5.21254.0,train/entropy,785,1776340587.929097,0.19051752984523773,scalar
events.out.tfevents.1776294211.15e97987a4b5.21254.0,train/entropy,790,1776340877.7143059,0.18567335605621338,scalar
events.out.tfevents.1776294211.15e97987a4b5.21254.0,train/entropy,795,1776341175.8823318,0.18676988780498505,scalar
events.out.tfevents.1776294211.15e97987a4b5.21254.0,train/entropy,800,1776341465.9190764,0.18655501306056976,scalar
events.out.tfevents.1776294211.15e97987a4b5.21254.0,train/entropy,805,1776341766.9645412,0.18524572253227234,scalar
events.out.tfevents.1776294211.15e97987a4b5.21254.0,train/entropy,810,1776342062.5019224,0.18325300514698029,scalar
events.out.tfevents.1776294211.15e97987a4b5.21254.0,train/entropy,815,1776342369.5757232,0.1891978234052658,scalar
events.out.tfevents.1776294211.15e97987a4b5.21254.0,train/entropy,820,1776342656.1277056,0.18513192236423492,scalar
events.out.tfevents.1776294211.15e97987a4b5.21254.0,train/entropy,825,1776342958.2750788,0.18433085083961487,scalar
events.out.tfevents.1776294211.15e97987a4b5.21254.0,train/entropy,830,1776343244.8434815,0.1839912235736847,scalar
events.out.tfevents.1776294211.15e97987a4b5.21254.0,train/entropy,835,1776343553.0007915,0.18348293006420135,scalar
events.out.tfevents.1776294211.15e97987a4b5.21254.0,train/entropy,840,1776343842.554438,0.18420174717903137,scalar
events.out.tfevents.1776294211.15e97987a4b5.21254.0,train/entropy,845,1776344141.2857697,0.18138651549816132,scalar
events.out.tfevents.1776294211.15e97987a4b5.21254.0,train/entropy,850,1776344429.3025587,0.182758167386055,scalar
events.out.tfevents.1776294211.15e97987a4b5.21254.0,train/entropy,855,1776344727.9398131,0.18384158611297607,scalar
events.out.tfevents.1776294211.15e97987a4b5.21254.0,train/entropy,860,1776345016.8844726,0.1865948587656021,scalar
events.out.tfevents.1776294211.15e97987a4b5.21254.0,train/entropy,865,1776345322.3383806,0.1857956051826477,scalar
events.out.tfevents.1776294211.15e97987a4b5.21254.0,train/entropy,870,1776345620.96319,0.18301652371883392,scalar
events.out.tfevents.1776294211.15e97987a4b5.21254.0,train/entropy,875,1776345920.9381137,0.18654806911945343,scalar
events.out.tfevents.1776294211.15e97987a4b5.21254.0,train/entropy,880,1776346209.399926,0.18676583468914032,scalar
events.out.tfevents.1776294211.15e97987a4b5.21254.0,train/entropy,885,1776346514.2003372,0.18370482325553894,scalar
events.out.tfevents.1776294211.15e97987a4b5.21254.0,train/entropy,890,1776346808.7361326,0.18651990592479706,scalar
events.out.tfevents.1776294211.15e97987a4b5.21254.0,train/entropy,895,1776347116.2924864,0.18378601968288422,scalar
events.out.tfevents.1776294211.15e97987a4b5.21254.0,train/entropy,900,1776347403.3678024,0.18725429475307465,scalar
events.out.tfevents.1776294211.15e97987a4b5.21254.0,train/entropy,905,1776347703.0797365,0.18812137842178345,scalar
events.out.tfevents.1776294211.15e97987a4b5.21254.0,train/entropy,910,1776347988.3005323,0.18351252377033234,scalar
events.out.tfevents.1776294211.15e97987a4b5.21254.0,train/entropy,915,1776348302.0768135,0.18515311181545258,scalar
events.out.tfevents.1776294211.15e97987a4b5.21254.0,train/entropy,920,1776348589.4426842,0.18680834770202637,scalar
events.out.tfevents.1776294211.15e97987a4b5.21254.0,train/entropy,925,1776348899.5606968,0.18580612540245056,scalar
events.out.tfevents.1776294211.15e97987a4b5.21254.0,train/entropy,930,1776349187.4273877,0.18367013335227966,scalar
events.out.tfevents.1776294211.15e97987a4b5.21254.0,train/entropy,935,1776349490.99063,0.18569329380989075,scalar
events.out.tfevents.1776294211.15e97987a4b5.21254.0,train/entropy,940,1776349784.3592455,0.18326887488365173,scalar
events.out.tfevents.1776294211.15e97987a4b5.21254.0,train/entropy,945,1776350087.5874956,0.1855745017528534,scalar
events.out.tfevents.1776294211.15e97987a4b5.21254.0,train/entropy,950,1776350376.5017853,0.1847659796476364,scalar
events.out.tfevents.1776294211.15e97987a4b5.21254.0,train/entropy,955,1776350676.4340198,0.18450745940208435,scalar
events.out.tfevents.1776294211.15e97987a4b5.21254.0,train/entropy,960,1776350964.7873962,0.1848464161157608,scalar
events.out.tfevents.1776294211.15e97987a4b5.21254.0,train/entropy,965,1776351269.3703465,0.18280573189258575,scalar
events.out.tfevents.1776294211.15e97987a4b5.21254.0,train/entropy,970,1776351562.8434033,0.18486860394477844,scalar
events.out.tfevents.1776294211.15e97987a4b5.21254.0,train/entropy,975,1776351866.5086992,0.18093858659267426,scalar
events.out.tfevents.1776294211.15e97987a4b5.21254.0,train/entropy,980,1776352155.518114,0.18060432374477386,scalar
events.out.tfevents.1776294211.15e97987a4b5.21254.0,train/entropy,985,1776352462.941351,0.18331246078014374,scalar
events.out.tfevents.1776294211.15e97987a4b5.21254.0,train/entropy,990,1776352752.1802402,0.18133974075317383,scalar
events.out.tfevents.1776294211.15e97987a4b5.21254.0,train/entropy,995,1776353055.4377017,0.179254412651062,scalar
events.out.tfevents.1776294211.15e97987a4b5.21254.0,train/entropy,1000,1776353350.721869,0.18388372659683228,scalar
events.out.tfevents.1776294211.15e97987a4b5.21254.0,train/entropy,1005,1776353655.2464676,0.18309390544891357,scalar
events.out.tfevents.1776294211.15e97987a4b5.21254.0,train/entropy,1010,1776353947.7308207,0.1814025193452835,scalar
events.out.tfevents.1776294211.15e97987a4b5.21254.0,train/entropy,1015,1776354245.9704342,0.18085017800331116,scalar
events.out.tfevents.1776294211.15e97987a4b5.21254.0,train/entropy,1020,1776354528.5775087,0.18390898406505585,scalar
events.out.tfevents.1776294211.15e97987a4b5.21254.0,train/entropy,1025,1776354831.638173,0.17861893773078918,scalar
events.out.tfevents.1776294211.15e97987a4b5.21254.0,train/entropy,1030,1776355121.4813323,0.18307290971279144,scalar
events.out.tfevents.1776294211.15e97987a4b5.21254.0,train/entropy,1035,1776355426.3962004,0.18041713535785675,scalar
events.out.tfevents.1776294211.15e97987a4b5.21254.0,train/entropy,1040,1776355696.4629598,0.18099987506866455,scalar
events.out.tfevents.1776294211.15e97987a4b5.21254.0,train/entropy,1045,1776356000.0918403,0.18308541178703308,scalar
events.out.tfevents.1776294211.15e97987a4b5.21254.0,train/entropy,1050,1776356289.277507,0.18074852228164673,scalar
events.out.tfevents.1776294211.15e97987a4b5.21254.0,train/entropy,1055,1776356588.1141784,0.18356871604919434,scalar
events.out.tfevents.1776294211.15e97987a4b5.21254.0,train/entropy,1060,1776356879.3784337,0.1795431226491928,scalar
events.out.tfevents.1776294211.15e97987a4b5.21254.0,train/entropy,1065,1776357179.3631105,0.1810321807861328,scalar
events.out.tfevents.1776294211.15e97987a4b5.21254.0,train/entropy,1070,1776357465.634117,0.17918364703655243,scalar
events.out.tfevents.1776294211.15e97987a4b5.21254.0,train/entropy,1075,1776357765.3203535,0.1841701865196228,scalar
events.out.tfevents.1776294211.15e97987a4b5.21254.0,train/entropy,1080,1776358052.2650936,0.17993852496147156,scalar
events.out.tfevents.1776294211.15e97987a4b5.21254.0,train/entropy,1085,1776358352.711335,0.18639883399009705,scalar
events.out.tfevents.1776294211.15e97987a4b5.21254.0,train/entropy,1090,1776358643.4963925,0.18281833827495575,scalar
events.out.tfevents.1776294211.15e97987a4b5.21254.0,train/entropy,1095,1776358946.7531238,0.18054886162281036,scalar
events.out.tfevents.1776294211.15e97987a4b5.21254.0,train/entropy,1100,1776359235.9444203,0.17911756038665771,scalar
events.out.tfevents.1776294211.15e97987a4b5.21254.0,train/entropy,1105,1776359539.3378055,0.1807435005903244,scalar
events.out.tfevents.1776294211.15e97987a4b5.21254.0,train/entropy,1110,1776359827.2799675,0.1794721782207489,scalar
events.out.tfevents.1776294211.15e97987a4b5.21254.0,train/entropy,1115,1776360131.1080713,0.17867513000965118,scalar
events.out.tfevents.1776294211.15e97987a4b5.21254.0,train/entropy,1120,1776360419.0894804,0.18237754702568054,scalar
events.out.tfevents.1776294211.15e97987a4b5.21254.0,train/entropy,1125,1776360728.9781976,0.18265578150749207,scalar
events.out.tfevents.1776294211.15e97987a4b5.21254.0,train/entropy,1130,1776361024.3771036,0.1816655546426773,scalar
events.out.tfevents.1776294211.15e97987a4b5.21254.0,train/entropy,1135,1776361328.5796385,0.18295519053936005,scalar
events.out.tfevents.1776294211.15e97987a4b5.21254.0,train/entropy,1140,1776361615.6408837,0.18073078989982605,scalar
events.out.tfevents.1776294211.15e97987a4b5.21254.0,train/entropy,1145,1776361919.2369754,0.18179109692573547,scalar
events.out.tfevents.1776294211.15e97987a4b5.21254.0,train/entropy,1150,1776362211.1635237,0.1825181394815445,scalar
events.out.tfevents.1776294211.15e97987a4b5.21254.0,train/entropy,1155,1776362510.3072689,0.17833247780799866,scalar
events.out.tfevents.1776294211.15e97987a4b5.21254.0,train/entropy,1160,1776362801.0451126,0.17926393449306488,scalar
events.out.tfevents.1776294211.15e97987a4b5.21254.0,train/entropy,1165,1776363106.3959177,0.18193338811397552,scalar
events.out.tfevents.1776294211.15e97987a4b5.21254.0,train/entropy,1170,1776363396.5669909,0.17960107326507568,scalar
events.out.tfevents.1776294211.15e97987a4b5.21254.0,train/entropy,1175,1776363698.1773705,0.17876237630844116,scalar
events.out.tfevents.1776294211.15e97987a4b5.21254.0,train/entropy,1180,1776363987.1616871,0.1812036633491516,scalar
events.out.tfevents.1776294211.15e97987a4b5.21254.0,train/entropy,1185,1776364292.779103,0.18178151547908783,scalar
events.out.tfevents.1776294211.15e97987a4b5.21254.0,train/entropy,1190,1776364579.2384934,0.18082498013973236,scalar
events.out.tfevents.1776294211.15e97987a4b5.21254.0,train/entropy,1195,1776364885.1015065,0.1801927387714386,scalar
events.out.tfevents.1776294211.15e97987a4b5.21254.0,train/entropy,1200,1776365171.900382,0.17902906239032745,scalar
events.out.tfevents.1776294211.15e97987a4b5.21254.0,train/entropy,1205,1776365476.1650424,0.17711210250854492,scalar
events.out.tfevents.1776294211.15e97987a4b5.21254.0,train/entropy,1210,1776365765.9379394,0.1774066686630249,scalar
events.out.tfevents.1776294211.15e97987a4b5.21254.0,train/entropy,1215,1776366071.51357,0.179227814078331,scalar
events.out.tfevents.1776294211.15e97987a4b5.21254.0,train/entropy,1220,1776366358.4786868,0.1768263727426529,scalar
events.out.tfevents.1776294211.15e97987a4b5.21254.0,train/entropy,1225,1776366661.066088,0.17808574438095093,scalar
events.out.tfevents.1776294211.15e97987a4b5.21254.0,train/entropy,1230,1776366948.7633708,0.18090951442718506,scalar
events.out.tfevents.1776294211.15e97987a4b5.21254.0,train/entropy,1235,1776367248.4411397,0.17757178843021393,scalar
events.out.tfevents.1776294211.15e97987a4b5.21254.0,train/entropy,1240,1776367536.1565208,0.1802062690258026,scalar
events.out.tfevents.1776294211.15e97987a4b5.21254.0,train/entropy,1245,1776367840.9557655,0.18039484322071075,scalar
events.out.tfevents.1776294211.15e97987a4b5.21254.0,train/entropy,1250,1776368132.2784278,0.17940884828567505,scalar
events.out.tfevents.1776294211.15e97987a4b5.21254.0,train/entropy,1255,1776368435.050279,0.1789747029542923,scalar
events.out.tfevents.1776294211.15e97987a4b5.21254.0,train/entropy,1260,1776368723.3944294,0.17957372963428497,scalar
events.out.tfevents.1776294211.15e97987a4b5.21254.0,train/entropy,1265,1776369027.9009883,0.17856165766716003,scalar
events.out.tfevents.1776294211.15e97987a4b5.21254.0,train/entropy,1270,1776369319.058875,0.17924661934375763,scalar
events.out.tfevents.1776294211.15e97987a4b5.21254.0,train/entropy,1275,1776369622.7122455,0.17774266004562378,scalar
events.out.tfevents.1776294211.15e97987a4b5.21254.0,train/entropy,1280,1776369909.0510397,0.17992481589317322,scalar
events.out.tfevents.1776294211.15e97987a4b5.21254.0,train/entropy,1285,1776370208.0384657,0.1789693385362625,scalar
events.out.tfevents.1776294211.15e97987a4b5.21254.0,train/entropy,1290,1776370501.9476895,0.18008768558502197,scalar
events.out.tfevents.1776294211.15e97987a4b5.21254.0,train/entropy,1295,1776370754.3035333,0.18070994317531586,scalar
events.out.tfevents.1776294211.15e97987a4b5.21254.0,train/num_tokens,5,1776294500.020059,274388.0,scalar
events.out.tfevents.1776294211.15e97987a4b5.21254.0,train/num_tokens,10,1776294786.930018,548761.0,scalar
events.out.tfevents.1776294211.15e97987a4b5.21254.0,train/num_tokens,15,1776295092.9793677,823136.0,scalar
events.out.tfevents.1776294211.15e97987a4b5.21254.0,train/num_tokens,20,1776295380.9853382,1097538.0,scalar
events.out.tfevents.1776294211.15e97987a4b5.21254.0,train/num_tokens,25,1776295680.8475966,1371918.0,scalar
events.out.tfevents.1776294211.15e97987a4b5.21254.0,train/num_tokens,30,1776295965.7493825,1646311.0,scalar
events.out.tfevents.1776294211.15e97987a4b5.21254.0,train/num_tokens,35,1776296264.662124,1920683.0,scalar
events.out.tfevents.1776294211.15e97987a4b5.21254.0,train/num_tokens,40,1776296556.9757972,2195076.0,scalar
events.out.tfevents.1776294211.15e97987a4b5.21254.0,train/num_tokens,45,1776296859.441284,2469467.0,scalar
events.out.tfevents.1776294211.15e97987a4b5.21254.0,train/num_tokens,50,1776297151.4974308,2743860.0,scalar
events.out.tfevents.1776294211.15e97987a4b5.21254.0,train/num_tokens,55,1776297454.5194914,3018266.0,scalar
events.out.tfevents.1776294211.15e97987a4b5.21254.0,train/num_tokens,60,1776297746.4994762,3292649.0,scalar
events.out.tfevents.1776294211.15e97987a4b5.21254.0,train/num_tokens,65,1776298048.644329,3567055.0,scalar
events.out.tfevents.1776294211.15e97987a4b5.21254.0,train/num_tokens,70,1776298334.079344,3841461.0,scalar
events.out.tfevents.1776294211.15e97987a4b5.21254.0,train/num_tokens,75,1776298629.4407325,4115856.0,scalar
events.out.tfevents.1776294211.15e97987a4b5.21254.0,train/num_tokens,80,1776298916.3570178,4390242.0,scalar
events.out.tfevents.1776294211.15e97987a4b5.21254.0,train/num_tokens,85,1776299214.5243626,4664648.0,scalar
events.out.tfevents.1776294211.15e97987a4b5.21254.0,train/num_tokens,90,1776299499.52692,4939040.0,scalar
events.out.tfevents.1776294211.15e97987a4b5.21254.0,train/num_tokens,95,1776299798.8907087,5213438.0,scalar
events.out.tfevents.1776294211.15e97987a4b5.21254.0,train/num_tokens,100,1776300086.00035,5487838.0,scalar
events.out.tfevents.1776294211.15e97987a4b5.21254.0,train/num_tokens,105,1776300391.0263727,5762224.0,scalar
events.out.tfevents.1776294211.15e97987a4b5.21254.0,train/num_tokens,110,1776300682.6528199,6036613.0,scalar
events.out.tfevents.1776294211.15e97987a4b5.21254.0,train/num_tokens,115,1776300982.3657043,6310999.0,scalar
events.out.tfevents.1776294211.15e97987a4b5.21254.0,train/num_tokens,120,1776301269.7543242,6585381.0,scalar
events.out.tfevents.1776294211.15e97987a4b5.21254.0,train/num_tokens,125,1776301571.2823975,6859758.0,scalar
events.out.tfevents.1776294211.15e97987a4b5.21254.0,train/num_tokens,130,1776301857.4956734,7134162.0,scalar
events.out.tfevents.1776294211.15e97987a4b5.21254.0,train/num_tokens,135,1776302160.6488059,7408552.0,scalar
events.out.tfevents.1776294211.15e97987a4b5.21254.0,train/num_tokens,140,1776302445.2891555,7682953.0,scalar
events.out.tfevents.1776294211.15e97987a4b5.21254.0,train/num_tokens,145,1776302747.5891502,7957347.0,scalar
events.out.tfevents.1776294211.15e97987a4b5.21254.0,train/num_tokens,150,1776303033.4954484,8231737.0,scalar
events.out.tfevents.1776294211.15e97987a4b5.21254.0,train/num_tokens,155,1776303334.7929223,8506119.0,scalar
events.out.tfevents.1776294211.15e97987a4b5.21254.0,train/num_tokens,160,1776303623.2440743,8780516.0,scalar
events.out.tfevents.1776294211.15e97987a4b5.21254.0,train/num_tokens,165,1776303921.7006063,9054915.0,scalar
events.out.tfevents.1776294211.15e97987a4b5.21254.0,train/num_tokens,170,1776304208.7429395,9329318.0,scalar
events.out.tfevents.1776294211.15e97987a4b5.21254.0,train/num_tokens,175,1776304512.192387,9603713.0,scalar
events.out.tfevents.1776294211.15e97987a4b5.21254.0,train/num_tokens,180,1776304805.2791338,9878090.0,scalar
events.out.tfevents.1776294211.15e97987a4b5.21254.0,train/num_tokens,185,1776305112.784715,10152493.0,scalar
events.out.tfevents.1776294211.15e97987a4b5.21254.0,train/num_tokens,190,1776305401.4353209,10426889.0,scalar
events.out.tfevents.1776294211.15e97987a4b5.21254.0,train/num_tokens,195,1776305705.8601277,10701282.0,scalar
events.out.tfevents.1776294211.15e97987a4b5.21254.0,train/num_tokens,200,1776305999.3832774,10975661.0,scalar
events.out.tfevents.1776294211.15e97987a4b5.21254.0,train/num_tokens,205,1776306300.480381,11250069.0,scalar
events.out.tfevents.1776294211.15e97987a4b5.21254.0,train/num_tokens,210,1776306590.0086799,11524459.0,scalar
events.out.tfevents.1776294211.15e97987a4b5.21254.0,train/num_tokens,215,1776306896.069198,11798859.0,scalar
events.out.tfevents.1776294211.15e97987a4b5.21254.0,train/num_tokens,220,1776307184.911541,12073261.0,scalar
events.out.tfevents.1776294211.15e97987a4b5.21254.0,train/num_tokens,225,1776307487.348066,12347659.0,scalar
events.out.tfevents.1776294211.15e97987a4b5.21254.0,train/num_tokens,230,1776307771.4377122,12622033.0,scalar
events.out.tfevents.1776294211.15e97987a4b5.21254.0,train/num_tokens,235,1776308076.2505684,12896426.0,scalar
events.out.tfevents.1776294211.15e97987a4b5.21254.0,train/num_tokens,240,1776308366.1285872,13170810.0,scalar
events.out.tfevents.1776294211.15e97987a4b5.21254.0,train/num_tokens,245,1776308664.0102677,13445208.0,scalar
events.out.tfevents.1776294211.15e97987a4b5.21254.0,train/num_tokens,250,1776308953.5336597,13719601.0,scalar
events.out.tfevents.1776294211.15e97987a4b5.21254.0,train/num_tokens,255,1776309253.8979464,13993994.0,scalar
events.out.tfevents.1776294211.15e97987a4b5.21254.0,train/num_tokens,260,1776309518.844287,14220367.0,scalar
events.out.tfevents.1776294211.15e97987a4b5.21254.0,train/num_tokens,265,1776309818.9601328,14494757.0,scalar
events.out.tfevents.1776294211.15e97987a4b5.21254.0,train/num_tokens,270,1776310109.9058783,14769150.0,scalar
events.out.tfevents.1776294211.15e97987a4b5.21254.0,train/num_tokens,275,1776310414.690254,15043532.0,scalar
events.out.tfevents.1776294211.15e97987a4b5.21254.0,train/num_tokens,280,1776310703.5013032,15317925.0,scalar
events.out.tfevents.1776294211.15e97987a4b5.21254.0,train/num_tokens,285,1776311007.5007646,15592295.0,scalar
events.out.tfevents.1776294211.15e97987a4b5.21254.0,train/num_tokens,290,1776311296.4933333,15866701.0,scalar
events.out.tfevents.1776294211.15e97987a4b5.21254.0,train/num_tokens,295,1776311604.6357596,16141082.0,scalar
events.out.tfevents.1776294211.15e97987a4b5.21254.0,train/num_tokens,300,1776311889.6337826,16415482.0,scalar
events.out.tfevents.1776294211.15e97987a4b5.21254.0,train/num_tokens,305,1776312189.2478979,16689870.0,scalar
events.out.tfevents.1776294211.15e97987a4b5.21254.0,train/num_tokens,310,1776312474.1445584,16964272.0,scalar
events.out.tfevents.1776294211.15e97987a4b5.21254.0,train/num_tokens,315,1776312776.3642642,17238656.0,scalar
events.out.tfevents.1776294211.15e97987a4b5.21254.0,train/num_tokens,320,1776313067.426509,17513056.0,scalar
events.out.tfevents.1776294211.15e97987a4b5.21254.0,train/num_tokens,325,1776313372.3344607,17787452.0,scalar
events.out.tfevents.1776294211.15e97987a4b5.21254.0,train/num_tokens,330,1776313658.1930952,18061840.0,scalar
events.out.tfevents.1776294211.15e97987a4b5.21254.0,train/num_tokens,335,1776313959.5264294,18336248.0,scalar
events.out.tfevents.1776294211.15e97987a4b5.21254.0,train/num_tokens,340,1776314250.1656682,18610648.0,scalar
events.out.tfevents.1776294211.15e97987a4b5.21254.0,train/num_tokens,345,1776314557.420287,18885040.0,scalar
events.out.tfevents.1776294211.15e97987a4b5.21254.0,train/num_tokens,350,1776314846.014773,19159424.0,scalar
events.out.tfevents.1776294211.15e97987a4b5.21254.0,train/num_tokens,355,1776315145.6213472,19433822.0,scalar
events.out.tfevents.1776294211.15e97987a4b5.21254.0,train/num_tokens,360,1776315430.0186975,19708204.0,scalar
events.out.tfevents.1776294211.15e97987a4b5.21254.0,train/num_tokens,365,1776315734.9077468,19982608.0,scalar
events.out.tfevents.1776294211.15e97987a4b5.21254.0,train/num_tokens,370,1776316024.404753,20256992.0,scalar
events.out.tfevents.1776294211.15e97987a4b5.21254.0,train/num_tokens,375,1776316329.1649065,20531396.0,scalar
events.out.tfevents.1776294211.15e97987a4b5.21254.0,train/num_tokens,380,1776316611.4029834,20805790.0,scalar
events.out.tfevents.1776294211.15e97987a4b5.21254.0,train/num_tokens,385,1776316913.1017437,21080166.0,scalar
events.out.tfevents.1776294211.15e97987a4b5.21254.0,train/num_tokens,390,1776317206.0597234,21354552.0,scalar
events.out.tfevents.1776294211.15e97987a4b5.21254.0,train/num_tokens,395,1776317512.373993,21628930.0,scalar
events.out.tfevents.1776294211.15e97987a4b5.21254.0,train/num_tokens,400,1776317800.0853965,21903314.0,scalar
events.out.tfevents.1776294211.15e97987a4b5.21254.0,train/num_tokens,405,1776318100.8513417,22177704.0,scalar
events.out.tfevents.1776294211.15e97987a4b5.21254.0,train/num_tokens,410,1776318390.4443042,22452096.0,scalar
events.out.tfevents.1776294211.15e97987a4b5.21254.0,train/num_tokens,415,1776318690.6368523,22726496.0,scalar
events.out.tfevents.1776294211.15e97987a4b5.21254.0,train/num_tokens,420,1776318981.624506,23000882.0,scalar
events.out.tfevents.1776294211.15e97987a4b5.21254.0,train/num_tokens,425,1776319280.9084866,23275268.0,scalar
events.out.tfevents.1776294211.15e97987a4b5.21254.0,train/num_tokens,430,1776319572.5019004,23549678.0,scalar
events.out.tfevents.1776294211.15e97987a4b5.21254.0,train/num_tokens,435,1776319875.3563638,23824068.0,scalar
events.out.tfevents.1776294211.15e97987a4b5.21254.0,train/num_tokens,440,1776320161.7898383,24098456.0,scalar
events.out.tfevents.1776294211.15e97987a4b5.21254.0,train/num_tokens,445,1776320472.3607864,24372858.0,scalar
events.out.tfevents.1776294211.15e97987a4b5.21254.0,train/num_tokens,450,1776320759.639772,24647270.0,scalar
events.out.tfevents.1776294211.15e97987a4b5.21254.0,train/num_tokens,455,1776321059.341553,24921648.0,scalar
events.out.tfevents.1776294211.15e97987a4b5.21254.0,train/num_tokens,460,1776321348.2781756,25196044.0,scalar
events.out.tfevents.1776294211.15e97987a4b5.21254.0,train/num_tokens,465,1776321655.1963978,25470418.0,scalar
events.out.tfevents.1776294211.15e97987a4b5.21254.0,train/num_tokens,470,1776321944.3679817,25744824.0,scalar
events.out.tfevents.1776294211.15e97987a4b5.21254.0,train/num_tokens,475,1776322245.4542716,26019214.0,scalar
events.out.tfevents.1776294211.15e97987a4b5.21254.0,train/num_tokens,480,1776322534.872251,26293608.0,scalar
events.out.tfevents.1776294211.15e97987a4b5.21254.0,train/num_tokens,485,1776322839.494065,26568000.0,scalar
events.out.tfevents.1776294211.15e97987a4b5.21254.0,train/num_tokens,490,1776323129.7089481,26842372.0,scalar
events.out.tfevents.1776294211.15e97987a4b5.21254.0,train/num_tokens,495,1776323436.9533594,27116764.0,scalar
events.out.tfevents.1776294211.15e97987a4b5.21254.0,train/num_tokens,500,1776323729.6915271,27391164.0,scalar
events.out.tfevents.1776294211.15e97987a4b5.21254.0,train/num_tokens,505,1776324029.205342,27665544.0,scalar
events.out.tfevents.1776294211.15e97987a4b5.21254.0,train/num_tokens,510,1776324316.9700704,27939952.0,scalar
events.out.tfevents.1776294211.15e97987a4b5.21254.0,train/num_tokens,515,1776324622.1207752,28214352.0,scalar
events.out.tfevents.1776294211.15e97987a4b5.21254.0,train/num_tokens,520,1776324886.9752789,28440734.0,scalar
events.out.tfevents.1776294211.15e97987a4b5.21254.0,train/num_tokens,525,1776325187.2361186,28715114.0,scalar
events.out.tfevents.1776294211.15e97987a4b5.21254.0,train/num_tokens,530,1776325474.3137548,28989504.0,scalar
events.out.tfevents.1776294211.15e97987a4b5.21254.0,train/num_tokens,535,1776325780.957044,29263884.0,scalar
events.out.tfevents.1776294211.15e97987a4b5.21254.0,train/num_tokens,540,1776326071.6069188,29538268.0,scalar
events.out.tfevents.1776294211.15e97987a4b5.21254.0,train/num_tokens,545,1776326379.2323499,29812658.0,scalar
events.out.tfevents.1776294211.15e97987a4b5.21254.0,train/num_tokens,550,1776326668.7002892,30087052.0,scalar
events.out.tfevents.1776294211.15e97987a4b5.21254.0,train/num_tokens,555,1776326974.0137239,30361428.0,scalar
events.out.tfevents.1776294211.15e97987a4b5.21254.0,train/num_tokens,560,1776327262.521482,30635820.0,scalar
events.out.tfevents.1776294211.15e97987a4b5.21254.0,train/num_tokens,565,1776327566.4054053,30910216.0,scalar
events.out.tfevents.1776294211.15e97987a4b5.21254.0,train/num_tokens,570,1776327862.7567723,31184616.0,scalar
events.out.tfevents.1776294211.15e97987a4b5.21254.0,train/num_tokens,575,1776328166.2762825,31459010.0,scalar
events.out.tfevents.1776294211.15e97987a4b5.21254.0,train/num_tokens,580,1776328453.9208295,31733400.0,scalar
events.out.tfevents.1776294211.15e97987a4b5.21254.0,train/num_tokens,585,1776328755.787469,32007788.0,scalar
events.out.tfevents.1776294211.15e97987a4b5.21254.0,train/num_tokens,590,1776329048.7876003,32282176.0,scalar
events.out.tfevents.1776294211.15e97987a4b5.21254.0,train/num_tokens,595,1776329352.9827387,32556572.0,scalar
events.out.tfevents.1776294211.15e97987a4b5.21254.0,train/num_tokens,600,1776329643.421739,32830952.0,scalar
events.out.tfevents.1776294211.15e97987a4b5.21254.0,train/num_tokens,605,1776329944.306376,33105338.0,scalar
events.out.tfevents.1776294211.15e97987a4b5.21254.0,train/num_tokens,610,1776330239.6982646,33379724.0,scalar
events.out.tfevents.1776294211.15e97987a4b5.21254.0,train/num_tokens,615,1776330539.2314303,33654116.0,scalar
events.out.tfevents.1776294211.15e97987a4b5.21254.0,train/num_tokens,620,1776330826.827307,33928496.0,scalar
events.out.tfevents.1776294211.15e97987a4b5.21254.0,train/num_tokens,625,1776331127.0990791,34202888.0,scalar
events.out.tfevents.1776294211.15e97987a4b5.21254.0,train/num_tokens,630,1776331419.761436,34477288.0,scalar
events.out.tfevents.1776294211.15e97987a4b5.21254.0,train/num_tokens,635,1776331725.04184,34751672.0,scalar
events.out.tfevents.1776294211.15e97987a4b5.21254.0,train/num_tokens,640,1776332016.4381537,35026072.0,scalar
events.out.tfevents.1776294211.15e97987a4b5.21254.0,train/num_tokens,645,1776332319.0563703,35300464.0,scalar
events.out.tfevents.1776294211.15e97987a4b5.21254.0,train/num_tokens,650,1776332612.7723918,35574856.0,scalar
events.out.tfevents.1776294211.15e97987a4b5.21254.0,train/num_tokens,655,1776332910.7195861,35849256.0,scalar
events.out.tfevents.1776294211.15e97987a4b5.21254.0,train/num_tokens,660,1776333195.8086505,36123656.0,scalar
events.out.tfevents.1776294211.15e97987a4b5.21254.0,train/num_tokens,665,1776333496.8619618,36398060.0,scalar
events.out.tfevents.1776294211.15e97987a4b5.21254.0,train/num_tokens,670,1776333781.1567929,36672460.0,scalar
events.out.tfevents.1776294211.15e97987a4b5.21254.0,train/num_tokens,675,1776334086.1084526,36946840.0,scalar
events.out.tfevents.1776294211.15e97987a4b5.21254.0,train/num_tokens,680,1776334373.9044077,37221240.0,scalar
events.out.tfevents.1776294211.15e97987a4b5.21254.0,train/num_tokens,685,1776334675.5746186,37495632.0,scalar
events.out.tfevents.1776294211.15e97987a4b5.21254.0,train/num_tokens,690,1776334967.5168378,37770036.0,scalar
events.out.tfevents.1776294211.15e97987a4b5.21254.0,train/num_tokens,695,1776335269.5882945,38044436.0,scalar
events.out.tfevents.1776294211.15e97987a4b5.21254.0,train/num_tokens,700,1776335557.3761053,38318836.0,scalar
events.out.tfevents.1776294211.15e97987a4b5.21254.0,train/num_tokens,705,1776335863.1971877,38593224.0,scalar
events.out.tfevents.1776294211.15e97987a4b5.21254.0,train/num_tokens,710,1776336155.5564775,38867608.0,scalar
events.out.tfevents.1776294211.15e97987a4b5.21254.0,train/num_tokens,715,1776336454.8417773,39142008.0,scalar
events.out.tfevents.1776294211.15e97987a4b5.21254.0,train/num_tokens,720,1776336744.5749109,39416408.0,scalar
events.out.tfevents.1776294211.15e97987a4b5.21254.0,train/num_tokens,725,1776337045.2563949,39690800.0,scalar
events.out.tfevents.1776294211.15e97987a4b5.21254.0,train/num_tokens,730,1776337336.3029366,39965188.0,scalar
events.out.tfevents.1776294211.15e97987a4b5.21254.0,train/num_tokens,735,1776337646.5667112,40239576.0,scalar
events.out.tfevents.1776294211.15e97987a4b5.21254.0,train/num_tokens,740,1776337936.684396,40513972.0,scalar
events.out.tfevents.1776294211.15e97987a4b5.21254.0,train/num_tokens,745,1776338239.9756796,40788368.0,scalar
events.out.tfevents.1776294211.15e97987a4b5.21254.0,train/num_tokens,750,1776338524.8931546,41062752.0,scalar
events.out.tfevents.1776294211.15e97987a4b5.21254.0,train/num_tokens,755,1776338827.0107794,41337148.0,scalar
events.out.tfevents.1776294211.15e97987a4b5.21254.0,train/num_tokens,760,1776339115.0274239,41611540.0,scalar
events.out.tfevents.1776294211.15e97987a4b5.21254.0,train/num_tokens,765,1776339420.0793846,41885928.0,scalar
events.out.tfevents.1776294211.15e97987a4b5.21254.0,train/num_tokens,770,1776339710.7799065,42160328.0,scalar
events.out.tfevents.1776294211.15e97987a4b5.21254.0,train/num_tokens,775,1776340012.037908,42434716.0,scalar
events.out.tfevents.1776294211.15e97987a4b5.21254.0,train/num_tokens,780,1776340280.6636007,42661088.0,scalar
events.out.tfevents.1776294211.15e97987a4b5.21254.0,train/num_tokens,785,1776340587.9291022,42935464.0,scalar
events.out.tfevents.1776294211.15e97987a4b5.21254.0,train/num_tokens,790,1776340877.7143102,43209848.0,scalar
events.out.tfevents.1776294211.15e97987a4b5.21254.0,train/num_tokens,795,1776341175.8823361,43484252.0,scalar
events.out.tfevents.1776294211.15e97987a4b5.21254.0,train/num_tokens,800,1776341465.9190814,43758648.0,scalar
events.out.tfevents.1776294211.15e97987a4b5.21254.0,train/num_tokens,805,1776341766.9645457,44033048.0,scalar
events.out.tfevents.1776294211.15e97987a4b5.21254.0,train/num_tokens,810,1776342062.501927,44307464.0,scalar
events.out.tfevents.1776294211.15e97987a4b5.21254.0,train/num_tokens,815,1776342369.5757275,44581836.0,scalar
events.out.tfevents.1776294211.15e97987a4b5.21254.0,train/num_tokens,820,1776342656.12771,44856240.0,scalar
events.out.tfevents.1776294211.15e97987a4b5.21254.0,train/num_tokens,825,1776342958.2750838,45130636.0,scalar
events.out.tfevents.1776294211.15e97987a4b5.21254.0,train/num_tokens,830,1776343244.8434863,45405020.0,scalar
events.out.tfevents.1776294211.15e97987a4b5.21254.0,train/num_tokens,835,1776343553.0007966,45679424.0,scalar
events.out.tfevents.1776294211.15e97987a4b5.21254.0,train/num_tokens,840,1776343842.5544422,45953816.0,scalar
events.out.tfevents.1776294211.15e97987a4b5.21254.0,train/num_tokens,845,1776344141.2857742,46228196.0,scalar
events.out.tfevents.1776294211.15e97987a4b5.21254.0,train/num_tokens,850,1776344429.3025632,46502576.0,scalar
events.out.tfevents.1776294211.15e97987a4b5.21254.0,train/num_tokens,855,1776344727.939818,46776960.0,scalar
events.out.tfevents.1776294211.15e97987a4b5.21254.0,train/num_tokens,860,1776345016.8844771,47051348.0,scalar
events.out.tfevents.1776294211.15e97987a4b5.21254.0,train/num_tokens,865,1776345322.338385,47325724.0,scalar
events.out.tfevents.1776294211.15e97987a4b5.21254.0,train/num_tokens,870,1776345620.9631941,47600120.0,scalar
events.out.tfevents.1776294211.15e97987a4b5.21254.0,train/num_tokens,875,1776345920.9381185,47874520.0,scalar
events.out.tfevents.1776294211.15e97987a4b5.21254.0,train/num_tokens,880,1776346209.3999305,48148912.0,scalar
events.out.tfevents.1776294211.15e97987a4b5.21254.0,train/num_tokens,885,1776346514.200342,48423312.0,scalar
events.out.tfevents.1776294211.15e97987a4b5.21254.0,train/num_tokens,890,1776346808.7361367,48697704.0,scalar
events.out.tfevents.1776294211.15e97987a4b5.21254.0,train/num_tokens,895,1776347116.292491,48972100.0,scalar
events.out.tfevents.1776294211.15e97987a4b5.21254.0,train/num_tokens,900,1776347403.367807,49246472.0,scalar
events.out.tfevents.1776294211.15e97987a4b5.21254.0,train/num_tokens,905,1776347703.0797412,49520872.0,scalar
events.out.tfevents.1776294211.15e97987a4b5.21254.0,train/num_tokens,910,1776347988.3005366,49795288.0,scalar
events.out.tfevents.1776294211.15e97987a4b5.21254.0,train/num_tokens,915,1776348302.0768178,50069676.0,scalar
events.out.tfevents.1776294211.15e97987a4b5.21254.0,train/num_tokens,920,1776348589.4426882,50344064.0,scalar
events.out.tfevents.1776294211.15e97987a4b5.21254.0,train/num_tokens,925,1776348899.5607014,50618432.0,scalar
events.out.tfevents.1776294211.15e97987a4b5.21254.0,train/num_tokens,930,1776349187.427393,50892820.0,scalar
events.out.tfevents.1776294211.15e97987a4b5.21254.0,train/num_tokens,935,1776349490.9906342,51167216.0,scalar
events.out.tfevents.1776294211.15e97987a4b5.21254.0,train/num_tokens,940,1776349784.3592505,51441620.0,scalar
events.out.tfevents.1776294211.15e97987a4b5.21254.0,train/num_tokens,945,1776350087.5875008,51716004.0,scalar
events.out.tfevents.1776294211.15e97987a4b5.21254.0,train/num_tokens,950,1776350376.5017898,51990396.0,scalar
events.out.tfevents.1776294211.15e97987a4b5.21254.0,train/num_tokens,955,1776350676.434025,52264780.0,scalar
events.out.tfevents.1776294211.15e97987a4b5.21254.0,train/num_tokens,960,1776350964.7874005,52539172.0,scalar
events.out.tfevents.1776294211.15e97987a4b5.21254.0,train/num_tokens,965,1776351269.370351,52813556.0,scalar
events.out.tfevents.1776294211.15e97987a4b5.21254.0,train/num_tokens,970,1776351562.8434074,53087960.0,scalar
events.out.tfevents.1776294211.15e97987a4b5.21254.0,train/num_tokens,975,1776351866.5087037,53362348.0,scalar
events.out.tfevents.1776294211.15e97987a4b5.21254.0,train/num_tokens,980,1776352155.5181186,53636744.0,scalar
events.out.tfevents.1776294211.15e97987a4b5.21254.0,train/num_tokens,985,1776352462.9413555,53911132.0,scalar
events.out.tfevents.1776294211.15e97987a4b5.21254.0,train/num_tokens,990,1776352752.1802452,54185532.0,scalar
events.out.tfevents.1776294211.15e97987a4b5.21254.0,train/num_tokens,995,1776353055.437706,54459940.0,scalar
events.out.tfevents.1776294211.15e97987a4b5.21254.0,train/num_tokens,1000,1776353350.7218738,54734324.0,scalar
events.out.tfevents.1776294211.15e97987a4b5.21254.0,train/num_tokens,1005,1776353655.2464716,55008728.0,scalar
events.out.tfevents.1776294211.15e97987a4b5.21254.0,train/num_tokens,1010,1776353947.7308252,55283136.0,scalar
events.out.tfevents.1776294211.15e97987a4b5.21254.0,train/num_tokens,1015,1776354245.970439,55557548.0,scalar
events.out.tfevents.1776294211.15e97987a4b5.21254.0,train/num_tokens,1020,1776354528.5775132,55831928.0,scalar
events.out.tfevents.1776294211.15e97987a4b5.21254.0,train/num_tokens,1025,1776354831.638178,56106304.0,scalar
events.out.tfevents.1776294211.15e97987a4b5.21254.0,train/num_tokens,1030,1776355121.4813368,56380680.0,scalar
events.out.tfevents.1776294211.15e97987a4b5.21254.0,train/num_tokens,1035,1776355426.3962057,56655076.0,scalar
events.out.tfevents.1776294211.15e97987a4b5.21254.0,train/num_tokens,1040,1776355696.4629645,56881440.0,scalar
events.out.tfevents.1776294211.15e97987a4b5.21254.0,train/num_tokens,1045,1776356000.0918448,57155804.0,scalar
events.out.tfevents.1776294211.15e97987a4b5.21254.0,train/num_tokens,1050,1776356289.2775118,57430200.0,scalar
events.out.tfevents.1776294211.15e97987a4b5.21254.0,train/num_tokens,1055,1776356588.1141827,57704600.0,scalar
events.out.tfevents.1776294211.15e97987a4b5.21254.0,train/num_tokens,1060,1776356879.3784382,57978968.0,scalar
events.out.tfevents.1776294211.15e97987a4b5.21254.0,train/num_tokens,1065,1776357179.3631155,58253356.0,scalar
events.out.tfevents.1776294211.15e97987a4b5.21254.0,train/num_tokens,1070,1776357465.6341214,58527756.0,scalar
events.out.tfevents.1776294211.15e97987a4b5.21254.0,train/num_tokens,1075,1776357765.320358,58802160.0,scalar
events.out.tfevents.1776294211.15e97987a4b5.21254.0,train/num_tokens,1080,1776358052.265098,59076552.0,scalar
events.out.tfevents.1776294211.15e97987a4b5.21254.0,train/num_tokens,1085,1776358352.71134,59350936.0,scalar
events.out.tfevents.1776294211.15e97987a4b5.21254.0,train/num_tokens,1090,1776358643.4963968,59625336.0,scalar
events.out.tfevents.1776294211.15e97987a4b5.21254.0,train/num_tokens,1095,1776358946.753129,59899728.0,scalar
events.out.tfevents.1776294211.15e97987a4b5.21254.0,train/num_tokens,1100,1776359235.9444256,60174112.0,scalar
events.out.tfevents.1776294211.15e97987a4b5.21254.0,train/num_tokens,1105,1776359539.3378096,60448504.0,scalar
events.out.tfevents.1776294211.15e97987a4b5.21254.0,train/num_tokens,1110,1776359827.279972,60722912.0,scalar
events.out.tfevents.1776294211.15e97987a4b5.21254.0,train/num_tokens,1115,1776360131.108076,60997312.0,scalar
events.out.tfevents.1776294211.15e97987a4b5.21254.0,train/num_tokens,1120,1776360419.0894852,61271708.0,scalar
events.out.tfevents.1776294211.15e97987a4b5.21254.0,train/num_tokens,1125,1776360728.9782019,61546104.0,scalar
events.out.tfevents.1776294211.15e97987a4b5.21254.0,train/num_tokens,1130,1776361024.3771088,61820500.0,scalar
events.out.tfevents.1776294211.15e97987a4b5.21254.0,train/num_tokens,1135,1776361328.5796432,62094892.0,scalar
events.out.tfevents.1776294211.15e97987a4b5.21254.0,train/num_tokens,1140,1776361615.640888,62369280.0,scalar
events.out.tfevents.1776294211.15e97987a4b5.21254.0,train/num_tokens,1145,1776361919.2369804,62643664.0,scalar
events.out.tfevents.1776294211.15e97987a4b5.21254.0,train/num_tokens,1150,1776362211.163528,62918052.0,scalar
events.out.tfevents.1776294211.15e97987a4b5.21254.0,train/num_tokens,1155,1776362510.3072736,63192452.0,scalar
events.out.tfevents.1776294211.15e97987a4b5.21254.0,train/num_tokens,1160,1776362801.0451174,63466844.0,scalar
events.out.tfevents.1776294211.15e97987a4b5.21254.0,train/num_tokens,1165,1776363106.3959224,63741240.0,scalar
events.out.tfevents.1776294211.15e97987a4b5.21254.0,train/num_tokens,1170,1776363396.5669956,64015636.0,scalar
events.out.tfevents.1776294211.15e97987a4b5.21254.0,train/num_tokens,1175,1776363698.1773756,64290036.0,scalar
events.out.tfevents.1776294211.15e97987a4b5.21254.0,train/num_tokens,1180,1776363987.1616914,64564436.0,scalar
events.out.tfevents.1776294211.15e97987a4b5.21254.0,train/num_tokens,1185,1776364292.7791076,64838836.0,scalar
events.out.tfevents.1776294211.15e97987a4b5.21254.0,train/num_tokens,1190,1776364579.2384982,65113232.0,scalar
events.out.tfevents.1776294211.15e97987a4b5.21254.0,train/num_tokens,1195,1776364885.1015117,65387632.0,scalar
events.out.tfevents.1776294211.15e97987a4b5.21254.0,train/num_tokens,1200,1776365171.900387,65662016.0,scalar
events.out.tfevents.1776294211.15e97987a4b5.21254.0,train/num_tokens,1205,1776365476.165047,65936404.0,scalar
events.out.tfevents.1776294211.15e97987a4b5.21254.0,train/num_tokens,1210,1776365765.9379442,66210804.0,scalar
events.out.tfevents.1776294211.15e97987a4b5.21254.0,train/num_tokens,1215,1776366071.5135748,66485192.0,scalar
events.out.tfevents.1776294211.15e97987a4b5.21254.0,train/num_tokens,1220,1776366358.4786913,66759568.0,scalar
events.out.tfevents.1776294211.15e97987a4b5.21254.0,train/num_tokens,1225,1776366661.0660923,67033968.0,scalar
events.out.tfevents.1776294211.15e97987a4b5.21254.0,train/num_tokens,1230,1776366948.7633753,67308368.0,scalar
events.out.tfevents.1776294211.15e97987a4b5.21254.0,train/num_tokens,1235,1776367248.4411452,67582760.0,scalar
events.out.tfevents.1776294211.15e97987a4b5.21254.0,train/num_tokens,1240,1776367536.1565254,67857160.0,scalar
events.out.tfevents.1776294211.15e97987a4b5.21254.0,train/num_tokens,1245,1776367840.9557707,68131552.0,scalar
events.out.tfevents.1776294211.15e97987a4b5.21254.0,train/num_tokens,1250,1776368132.2784326,68405944.0,scalar
events.out.tfevents.1776294211.15e97987a4b5.21254.0,train/num_tokens,1255,1776368435.050283,68680336.0,scalar
events.out.tfevents.1776294211.15e97987a4b5.21254.0,train/num_tokens,1260,1776368723.3944342,68954720.0,scalar
events.out.tfevents.1776294211.15e97987a4b5.21254.0,train/num_tokens,1265,1776369027.900993,69229104.0,scalar
events.out.tfevents.1776294211.15e97987a4b5.21254.0,train/num_tokens,1270,1776369319.0588799,69503480.0,scalar
events.out.tfevents.1776294211.15e97987a4b5.21254.0,train/num_tokens,1275,1776369622.71225,69777880.0,scalar
events.out.tfevents.1776294211.15e97987a4b5.21254.0,train/num_tokens,1280,1776369909.0510445,70052280.0,scalar
events.out.tfevents.1776294211.15e97987a4b5.21254.0,train/num_tokens,1285,1776370208.0384707,70326672.0,scalar
events.out.tfevents.1776294211.15e97987a4b5.21254.0,train/num_tokens,1290,1776370501.9476943,70601056.0,scalar
events.out.tfevents.1776294211.15e97987a4b5.21254.0,train/num_tokens,1295,1776370754.3035378,70827424.0,scalar
events.out.tfevents.1776294211.15e97987a4b5.21254.0,train/mean_token_accuracy,5,1776294500.0200646,0.6285352110862732,scalar
events.out.tfevents.1776294211.15e97987a4b5.21254.0,train/mean_token_accuracy,10,1776294786.930023,0.6324177980422974,scalar
events.out.tfevents.1776294211.15e97987a4b5.21254.0,train/mean_token_accuracy,15,1776295092.9793723,0.6662198305130005,scalar
events.out.tfevents.1776294211.15e97987a4b5.21254.0,train/mean_token_accuracy,20,1776295380.9853423,0.7464008927345276,scalar
events.out.tfevents.1776294211.15e97987a4b5.21254.0,train/mean_token_accuracy,25,1776295680.8476007,0.8208217620849609,scalar
events.out.tfevents.1776294211.15e97987a4b5.21254.0,train/mean_token_accuracy,30,1776295965.7493868,0.8613722920417786,scalar
events.out.tfevents.1776294211.15e97987a4b5.21254.0,train/mean_token_accuracy,35,1776296264.6621282,0.8719813227653503,scalar
events.out.tfevents.1776294211.15e97987a4b5.21254.0,train/mean_token_accuracy,40,1776296556.9758017,0.8786328434944153,scalar
events.out.tfevents.1776294211.15e97987a4b5.21254.0,train/mean_token_accuracy,45,1776296859.4412885,0.8841936588287354,scalar
events.out.tfevents.1776294211.15e97987a4b5.21254.0,train/mean_token_accuracy,50,1776297151.4974356,0.8866608142852783,scalar
events.out.tfevents.1776294211.15e97987a4b5.21254.0,train/mean_token_accuracy,55,1776297454.5194957,0.8897488713264465,scalar
events.out.tfevents.1776294211.15e97987a4b5.21254.0,train/mean_token_accuracy,60,1776297746.4994805,0.891701877117157,scalar
events.out.tfevents.1776294211.15e97987a4b5.21254.0,train/mean_token_accuracy,65,1776298048.6443331,0.8931689262390137,scalar
events.out.tfevents.1776294211.15e97987a4b5.21254.0,train/mean_token_accuracy,70,1776298334.0793486,0.8949984312057495,scalar
events.out.tfevents.1776294211.15e97987a4b5.21254.0,train/mean_token_accuracy,75,1776298629.440737,0.8979591131210327,scalar
events.out.tfevents.1776294211.15e97987a4b5.21254.0,train/mean_token_accuracy,80,1776298916.3570223,0.8973386883735657,scalar
events.out.tfevents.1776294211.15e97987a4b5.21254.0,train/mean_token_accuracy,85,1776299214.5243669,0.8992520570755005,scalar
events.out.tfevents.1776294211.15e97987a4b5.21254.0,train/mean_token_accuracy,90,1776299499.5269244,0.8997491002082825,scalar
events.out.tfevents.1776294211.15e97987a4b5.21254.0,train/mean_token_accuracy,95,1776299798.890713,0.9009259939193726,scalar
events.out.tfevents.1776294211.15e97987a4b5.21254.0,train/mean_token_accuracy,100,1776300086.000354,0.9015942215919495,scalar
events.out.tfevents.1776294211.15e97987a4b5.21254.0,train/mean_token_accuracy,105,1776300391.0263767,0.9013000130653381,scalar
events.out.tfevents.1776294211.15e97987a4b5.21254.0,train/mean_token_accuracy,110,1776300682.6528244,0.9020631909370422,scalar
events.out.tfevents.1776294211.15e97987a4b5.21254.0,train/mean_token_accuracy,115,1776300982.3657103,0.9011961817741394,scalar
events.out.tfevents.1776294211.15e97987a4b5.21254.0,train/mean_token_accuracy,120,1776301269.7543285,0.9007982611656189,scalar
events.out.tfevents.1776294211.15e97987a4b5.21254.0,train/mean_token_accuracy,125,1776301571.2824016,0.9009310007095337,scalar
events.out.tfevents.1776294211.15e97987a4b5.21254.0,train/mean_token_accuracy,130,1776301857.4956775,0.9029459953308105,scalar
events.out.tfevents.1776294211.15e97987a4b5.21254.0,train/mean_token_accuracy,135,1776302160.6488101,0.9025334715843201,scalar
events.out.tfevents.1776294211.15e97987a4b5.21254.0,train/mean_token_accuracy,140,1776302445.28916,0.9045711755752563,scalar
events.out.tfevents.1776294211.15e97987a4b5.21254.0,train/mean_token_accuracy,145,1776302747.5891545,0.9026392698287964,scalar
events.out.tfevents.1776294211.15e97987a4b5.21254.0,train/mean_token_accuracy,150,1776303033.4954526,0.9047423005104065,scalar
events.out.tfevents.1776294211.15e97987a4b5.21254.0,train/mean_token_accuracy,155,1776303334.7929265,0.9031124114990234,scalar
events.out.tfevents.1776294211.15e97987a4b5.21254.0,train/mean_token_accuracy,160,1776303623.2440784,0.9050168991088867,scalar
events.out.tfevents.1776294211.15e97987a4b5.21254.0,train/mean_token_accuracy,165,1776303921.7006106,0.9046904444694519,scalar
events.out.tfevents.1776294211.15e97987a4b5.21254.0,train/mean_token_accuracy,170,1776304208.7429438,0.9043170809745789,scalar
events.out.tfevents.1776294211.15e97987a4b5.21254.0,train/mean_token_accuracy,175,1776304512.1923914,0.9059183597564697,scalar
events.out.tfevents.1776294211.15e97987a4b5.21254.0,train/mean_token_accuracy,180,1776304805.279138,0.9049878120422363,scalar
events.out.tfevents.1776294211.15e97987a4b5.21254.0,train/mean_token_accuracy,185,1776305112.7847195,0.9055217504501343,scalar
events.out.tfevents.1776294211.15e97987a4b5.21254.0,train/mean_token_accuracy,190,1776305401.4353247,0.9069202542304993,scalar
events.out.tfevents.1776294211.15e97987a4b5.21254.0,train/mean_token_accuracy,195,1776305705.8601325,0.9053803086280823,scalar
events.out.tfevents.1776294211.15e97987a4b5.21254.0,train/mean_token_accuracy,200,1776305999.3832812,0.9047789573669434,scalar
events.out.tfevents.1776294211.15e97987a4b5.21254.0,train/mean_token_accuracy,205,1776306300.4803853,0.9058626890182495,scalar
events.out.tfevents.1776294211.15e97987a4b5.21254.0,train/mean_token_accuracy,210,1776306590.008684,0.9067708849906921,scalar
events.out.tfevents.1776294211.15e97987a4b5.21254.0,train/mean_token_accuracy,215,1776306896.0692022,0.9075310826301575,scalar
events.out.tfevents.1776294211.15e97987a4b5.21254.0,train/mean_token_accuracy,220,1776307184.9115455,0.9061353206634521,scalar
events.out.tfevents.1776294211.15e97987a4b5.21254.0,train/mean_token_accuracy,225,1776307487.3480704,0.9057524800300598,scalar
events.out.tfevents.1776294211.15e97987a4b5.21254.0,train/mean_token_accuracy,230,1776307771.4377165,0.9065701365470886,scalar
events.out.tfevents.1776294211.15e97987a4b5.21254.0,train/mean_token_accuracy,235,1776308076.2505734,0.9080075621604919,scalar
events.out.tfevents.1776294211.15e97987a4b5.21254.0,train/mean_token_accuracy,240,1776308366.1285913,0.9086292386054993,scalar
events.out.tfevents.1776294211.15e97987a4b5.21254.0,train/mean_token_accuracy,245,1776308664.0102723,0.9087556004524231,scalar
events.out.tfevents.1776294211.15e97987a4b5.21254.0,train/mean_token_accuracy,250,1776308953.533664,0.9077675342559814,scalar
events.out.tfevents.1776294211.15e97987a4b5.21254.0,train/mean_token_accuracy,255,1776309253.897951,0.9084144234657288,scalar
events.out.tfevents.1776294211.15e97987a4b5.21254.0,train/mean_token_accuracy,260,1776309518.8442917,0.9058378338813782,scalar
events.out.tfevents.1776294211.15e97987a4b5.21254.0,train/mean_token_accuracy,265,1776309818.960137,0.9082302451133728,scalar
events.out.tfevents.1776294211.15e97987a4b5.21254.0,train/mean_token_accuracy,270,1776310109.9058826,0.9087316393852234,scalar
events.out.tfevents.1776294211.15e97987a4b5.21254.0,train/mean_token_accuracy,275,1776310414.6902585,0.9063863158226013,scalar
events.out.tfevents.1776294211.15e97987a4b5.21254.0,train/mean_token_accuracy,280,1776310703.5013077,0.9097495079040527,scalar
events.out.tfevents.1776294211.15e97987a4b5.21254.0,train/mean_token_accuracy,285,1776311007.5007687,0.9097175598144531,scalar
events.out.tfevents.1776294211.15e97987a4b5.21254.0,train/mean_token_accuracy,290,1776311296.4933379,0.9107767343521118,scalar
events.out.tfevents.1776294211.15e97987a4b5.21254.0,train/mean_token_accuracy,295,1776311604.6357636,0.9099407196044922,scalar
events.out.tfevents.1776294211.15e97987a4b5.21254.0,train/mean_token_accuracy,300,1776311889.6337876,0.9111436009407043,scalar
events.out.tfevents.1776294211.15e97987a4b5.21254.0,train/mean_token_accuracy,305,1776312189.247902,0.9089958667755127,scalar
events.out.tfevents.1776294211.15e97987a4b5.21254.0,train/mean_token_accuracy,310,1776312474.1445627,0.9102270007133484,scalar
events.out.tfevents.1776294211.15e97987a4b5.21254.0,train/mean_token_accuracy,315,1776312776.3642685,0.9087240099906921,scalar
events.out.tfevents.1776294211.15e97987a4b5.21254.0,train/mean_token_accuracy,320,1776313067.4265132,0.9118061065673828,scalar
events.out.tfevents.1776294211.15e97987a4b5.21254.0,train/mean_token_accuracy,325,1776313372.334465,0.9103381633758545,scalar
events.out.tfevents.1776294211.15e97987a4b5.21254.0,train/mean_token_accuracy,330,1776313658.1930993,0.9091872572898865,scalar
events.out.tfevents.1776294211.15e97987a4b5.21254.0,train/mean_token_accuracy,335,1776313959.526434,0.909980058670044,scalar
events.out.tfevents.1776294211.15e97987a4b5.21254.0,train/mean_token_accuracy,340,1776314250.1656728,0.9120617508888245,scalar
events.out.tfevents.1776294211.15e97987a4b5.21254.0,train/mean_token_accuracy,345,1776314557.4202912,0.9100462794303894,scalar
events.out.tfevents.1776294211.15e97987a4b5.21254.0,train/mean_token_accuracy,350,1776314846.0147774,0.911267876625061,scalar
events.out.tfevents.1776294211.15e97987a4b5.21254.0,train/mean_token_accuracy,355,1776315145.6213512,0.9091048836708069,scalar
events.out.tfevents.1776294211.15e97987a4b5.21254.0,train/mean_token_accuracy,360,1776315430.018702,0.9099372029304504,scalar
events.out.tfevents.1776294211.15e97987a4b5.21254.0,train/mean_token_accuracy,365,1776315734.907751,0.9122154712677002,scalar
events.out.tfevents.1776294211.15e97987a4b5.21254.0,train/mean_token_accuracy,370,1776316024.4047573,0.912112295627594,scalar
events.out.tfevents.1776294211.15e97987a4b5.21254.0,train/mean_token_accuracy,375,1776316329.164911,0.9117444753646851,scalar
events.out.tfevents.1776294211.15e97987a4b5.21254.0,train/mean_token_accuracy,380,1776316611.4029877,0.9105992913246155,scalar
events.out.tfevents.1776294211.15e97987a4b5.21254.0,train/mean_token_accuracy,385,1776316913.1017478,0.9118885397911072,scalar
events.out.tfevents.1776294211.15e97987a4b5.21254.0,train/mean_token_accuracy,390,1776317206.0597277,0.9125456213951111,scalar
events.out.tfevents.1776294211.15e97987a4b5.21254.0,train/mean_token_accuracy,395,1776317512.373998,0.9119887948036194,scalar
events.out.tfevents.1776294211.15e97987a4b5.21254.0,train/mean_token_accuracy,400,1776317800.085401,0.9094263911247253,scalar
events.out.tfevents.1776294211.15e97987a4b5.21254.0,train/mean_token_accuracy,405,1776318100.8513465,0.9115611910820007,scalar
events.out.tfevents.1776294211.15e97987a4b5.21254.0,train/mean_token_accuracy,410,1776318390.4443085,0.9112650752067566,scalar
events.out.tfevents.1776294211.15e97987a4b5.21254.0,train/mean_token_accuracy,415,1776318690.6368635,0.9123385548591614,scalar
events.out.tfevents.1776294211.15e97987a4b5.21254.0,train/mean_token_accuracy,420,1776318981.6245105,0.9100054502487183,scalar
events.out.tfevents.1776294211.15e97987a4b5.21254.0,train/mean_token_accuracy,425,1776319280.908491,0.9120394587516785,scalar
events.out.tfevents.1776294211.15e97987a4b5.21254.0,train/mean_token_accuracy,430,1776319572.5019052,0.9128327965736389,scalar
events.out.tfevents.1776294211.15e97987a4b5.21254.0,train/mean_token_accuracy,435,1776319875.356368,0.911133885383606,scalar
events.out.tfevents.1776294211.15e97987a4b5.21254.0,train/mean_token_accuracy,440,1776320161.7898428,0.9124577641487122,scalar
events.out.tfevents.1776294211.15e97987a4b5.21254.0,train/mean_token_accuracy,445,1776320472.360791,0.9118319749832153,scalar
events.out.tfevents.1776294211.15e97987a4b5.21254.0,train/mean_token_accuracy,450,1776320759.6397767,0.9129214882850647,scalar
events.out.tfevents.1776294211.15e97987a4b5.21254.0,train/mean_token_accuracy,455,1776321059.3415575,0.9119729995727539,scalar
events.out.tfevents.1776294211.15e97987a4b5.21254.0,train/mean_token_accuracy,460,1776321348.2781796,0.9122157096862793,scalar
events.out.tfevents.1776294211.15e97987a4b5.21254.0,train/mean_token_accuracy,465,1776321655.1964018,0.9118412733078003,scalar
events.out.tfevents.1776294211.15e97987a4b5.21254.0,train/mean_token_accuracy,470,1776321944.3679857,0.9119912981987,scalar
events.out.tfevents.1776294211.15e97987a4b5.21254.0,train/mean_token_accuracy,475,1776322245.4542758,0.9109165072441101,scalar
events.out.tfevents.1776294211.15e97987a4b5.21254.0,train/mean_token_accuracy,480,1776322534.8722556,0.9133664965629578,scalar
events.out.tfevents.1776294211.15e97987a4b5.21254.0,train/mean_token_accuracy,485,1776322839.4940698,0.9129032492637634,scalar
events.out.tfevents.1776294211.15e97987a4b5.21254.0,train/mean_token_accuracy,490,1776323129.708953,0.9117400050163269,scalar
events.out.tfevents.1776294211.15e97987a4b5.21254.0,train/mean_token_accuracy,495,1776323436.9533637,0.913652777671814,scalar
events.out.tfevents.1776294211.15e97987a4b5.21254.0,train/mean_token_accuracy,500,1776323729.691531,0.912505030632019,scalar
events.out.tfevents.1776294211.15e97987a4b5.21254.0,train/mean_token_accuracy,505,1776324029.2053466,0.9126399755477905,scalar
events.out.tfevents.1776294211.15e97987a4b5.21254.0,train/mean_token_accuracy,510,1776324316.9700744,0.9127435088157654,scalar
events.out.tfevents.1776294211.15e97987a4b5.21254.0,train/mean_token_accuracy,515,1776324622.12078,0.9117860794067383,scalar
events.out.tfevents.1776294211.15e97987a4b5.21254.0,train/mean_token_accuracy,520,1776324886.975283,0.9111326932907104,scalar
events.out.tfevents.1776294211.15e97987a4b5.21254.0,train/mean_token_accuracy,525,1776325187.2361226,0.9135804176330566,scalar
events.out.tfevents.1776294211.15e97987a4b5.21254.0,train/mean_token_accuracy,530,1776325474.3137593,0.9122292399406433,scalar
events.out.tfevents.1776294211.15e97987a4b5.21254.0,train/mean_token_accuracy,535,1776325780.9570482,0.9113534092903137,scalar
events.out.tfevents.1776294211.15e97987a4b5.21254.0,train/mean_token_accuracy,540,1776326071.6069233,0.9129725098609924,scalar
events.out.tfevents.1776294211.15e97987a4b5.21254.0,train/mean_token_accuracy,545,1776326379.2323542,0.9144485592842102,scalar
events.out.tfevents.1776294211.15e97987a4b5.21254.0,train/mean_token_accuracy,550,1776326668.7002935,0.914695680141449,scalar
events.out.tfevents.1776294211.15e97987a4b5.21254.0,train/mean_token_accuracy,555,1776326974.013728,0.9137601852416992,scalar
events.out.tfevents.1776294211.15e97987a4b5.21254.0,train/mean_token_accuracy,560,1776327262.5214858,0.915004312992096,scalar
events.out.tfevents.1776294211.15e97987a4b5.21254.0,train/mean_token_accuracy,565,1776327566.4054096,0.9136751890182495,scalar
events.out.tfevents.1776294211.15e97987a4b5.21254.0,train/mean_token_accuracy,570,1776327862.756777,0.9143277406692505,scalar
events.out.tfevents.1776294211.15e97987a4b5.21254.0,train/mean_token_accuracy,575,1776328166.276287,0.9140446782112122,scalar
events.out.tfevents.1776294211.15e97987a4b5.21254.0,train/mean_token_accuracy,580,1776328453.9208343,0.9146525859832764,scalar
events.out.tfevents.1776294211.15e97987a4b5.21254.0,train/mean_token_accuracy,585,1776328755.7874734,0.9151269197463989,scalar
events.out.tfevents.1776294211.15e97987a4b5.21254.0,train/mean_token_accuracy,590,1776329048.7876048,0.9159454107284546,scalar
events.out.tfevents.1776294211.15e97987a4b5.21254.0,train/mean_token_accuracy,595,1776329352.9827428,0.9143473505973816,scalar
events.out.tfevents.1776294211.15e97987a4b5.21254.0,train/mean_token_accuracy,600,1776329643.4217436,0.9133663773536682,scalar
events.out.tfevents.1776294211.15e97987a4b5.21254.0,train/mean_token_accuracy,605,1776329944.3063803,0.9138949513435364,scalar
events.out.tfevents.1776294211.15e97987a4b5.21254.0,train/mean_token_accuracy,610,1776330239.6982691,0.9135770797729492,scalar
events.out.tfevents.1776294211.15e97987a4b5.21254.0,train/mean_token_accuracy,615,1776330539.231435,0.9145237803459167,scalar
events.out.tfevents.1776294211.15e97987a4b5.21254.0,train/mean_token_accuracy,620,1776330826.8273115,0.915952205657959,scalar
events.out.tfevents.1776294211.15e97987a4b5.21254.0,train/mean_token_accuracy,625,1776331127.0990837,0.9161500334739685,scalar
events.out.tfevents.1776294211.15e97987a4b5.21254.0,train/mean_token_accuracy,630,1776331419.76144,0.9149755239486694,scalar
events.out.tfevents.1776294211.15e97987a4b5.21254.0,train/mean_token_accuracy,635,1776331725.0418444,0.9156039357185364,scalar
events.out.tfevents.1776294211.15e97987a4b5.21254.0,train/mean_token_accuracy,640,1776332016.4381578,0.9144231677055359,scalar
events.out.tfevents.1776294211.15e97987a4b5.21254.0,train/mean_token_accuracy,645,1776332319.0563745,0.9155873656272888,scalar
events.out.tfevents.1776294211.15e97987a4b5.21254.0,train/mean_token_accuracy,650,1776332612.772396,0.9136108160018921,scalar
events.out.tfevents.1776294211.15e97987a4b5.21254.0,train/mean_token_accuracy,655,1776332910.7195904,0.9147312045097351,scalar
events.out.tfevents.1776294211.15e97987a4b5.21254.0,train/mean_token_accuracy,660,1776333195.8086548,0.9159348607063293,scalar
events.out.tfevents.1776294211.15e97987a4b5.21254.0,train/mean_token_accuracy,665,1776333496.8619664,0.9141648411750793,scalar
events.out.tfevents.1776294211.15e97987a4b5.21254.0,train/mean_token_accuracy,670,1776333781.156797,0.915595293045044,scalar
events.out.tfevents.1776294211.15e97987a4b5.21254.0,train/mean_token_accuracy,675,1776334086.1084569,0.9159133434295654,scalar
events.out.tfevents.1776294211.15e97987a4b5.21254.0,train/mean_token_accuracy,680,1776334373.9044123,0.9142307043075562,scalar
events.out.tfevents.1776294211.15e97987a4b5.21254.0,train/mean_token_accuracy,685,1776334675.5746229,0.9150293469429016,scalar
events.out.tfevents.1776294211.15e97987a4b5.21254.0,train/mean_token_accuracy,690,1776334967.5168426,0.9159923195838928,scalar
events.out.tfevents.1776294211.15e97987a4b5.21254.0,train/mean_token_accuracy,695,1776335269.5882988,0.915137767791748,scalar
events.out.tfevents.1776294211.15e97987a4b5.21254.0,train/mean_token_accuracy,700,1776335557.3761094,0.9158201217651367,scalar
events.out.tfevents.1776294211.15e97987a4b5.21254.0,train/mean_token_accuracy,705,1776335863.197192,0.9164718389511108,scalar
events.out.tfevents.1776294211.15e97987a4b5.21254.0,train/mean_token_accuracy,710,1776336155.5564818,0.9158791899681091,scalar
events.out.tfevents.1776294211.15e97987a4b5.21254.0,train/mean_token_accuracy,715,1776336454.8417816,0.9161919951438904,scalar
events.out.tfevents.1776294211.15e97987a4b5.21254.0,train/mean_token_accuracy,720,1776336744.5749156,0.9159548282623291,scalar
events.out.tfevents.1776294211.15e97987a4b5.21254.0,train/mean_token_accuracy,725,1776337045.2563994,0.9151282906532288,scalar
events.out.tfevents.1776294211.15e97987a4b5.21254.0,train/mean_token_accuracy,730,1776337336.3029408,0.9154555201530457,scalar
events.out.tfevents.1776294211.15e97987a4b5.21254.0,train/mean_token_accuracy,735,1776337646.566716,0.9144428968429565,scalar
events.out.tfevents.1776294211.15e97987a4b5.21254.0,train/mean_token_accuracy,740,1776337936.6844,0.9156411290168762,scalar
events.out.tfevents.1776294211.15e97987a4b5.21254.0,train/mean_token_accuracy,745,1776338239.9756842,0.9157137274742126,scalar
events.out.tfevents.1776294211.15e97987a4b5.21254.0,train/mean_token_accuracy,750,1776338524.8931592,0.9159618616104126,scalar
events.out.tfevents.1776294211.15e97987a4b5.21254.0,train/mean_token_accuracy,755,1776338827.0107841,0.9154847860336304,scalar
events.out.tfevents.1776294211.15e97987a4b5.21254.0,train/mean_token_accuracy,760,1776339115.0274286,0.9158167243003845,scalar
events.out.tfevents.1776294211.15e97987a4b5.21254.0,train/mean_token_accuracy,765,1776339420.079389,0.9146718382835388,scalar
events.out.tfevents.1776294211.15e97987a4b5.21254.0,train/mean_token_accuracy,770,1776339710.7799115,0.9155069589614868,scalar
events.out.tfevents.1776294211.15e97987a4b5.21254.0,train/mean_token_accuracy,775,1776340012.0379124,0.9162471890449524,scalar
events.out.tfevents.1776294211.15e97987a4b5.21254.0,train/mean_token_accuracy,780,1776340280.663605,0.9172173738479614,scalar
events.out.tfevents.1776294211.15e97987a4b5.21254.0,train/mean_token_accuracy,785,1776340587.9291067,0.9163019061088562,scalar
events.out.tfevents.1776294211.15e97987a4b5.21254.0,train/mean_token_accuracy,790,1776340877.714315,0.9162032604217529,scalar
events.out.tfevents.1776294211.15e97987a4b5.21254.0,train/mean_token_accuracy,795,1776341175.8823407,0.9149762988090515,scalar
events.out.tfevents.1776294211.15e97987a4b5.21254.0,train/mean_token_accuracy,800,1776341465.9190862,0.9170015454292297,scalar
events.out.tfevents.1776294211.15e97987a4b5.21254.0,train/mean_token_accuracy,805,1776341766.9645503,0.9159080982208252,scalar
events.out.tfevents.1776294211.15e97987a4b5.21254.0,train/mean_token_accuracy,810,1776342062.501931,0.9169266819953918,scalar
events.out.tfevents.1776294211.15e97987a4b5.21254.0,train/mean_token_accuracy,815,1776342369.5757318,0.9165114760398865,scalar
events.out.tfevents.1776294211.15e97987a4b5.21254.0,train/mean_token_accuracy,820,1776342656.1277146,0.917198121547699,scalar
events.out.tfevents.1776294211.15e97987a4b5.21254.0,train/mean_token_accuracy,825,1776342958.275088,0.91606205701828,scalar
events.out.tfevents.1776294211.15e97987a4b5.21254.0,train/mean_token_accuracy,830,1776343244.8434908,0.9167208075523376,scalar
events.out.tfevents.1776294211.15e97987a4b5.21254.0,train/mean_token_accuracy,835,1776343553.0008013,0.9166755080223083,scalar
events.out.tfevents.1776294211.15e97987a4b5.21254.0,train/mean_token_accuracy,840,1776343842.5544462,0.916530966758728,scalar
events.out.tfevents.1776294211.15e97987a4b5.21254.0,train/mean_token_accuracy,845,1776344141.2857788,0.9172753095626831,scalar
events.out.tfevents.1776294211.15e97987a4b5.21254.0,train/mean_token_accuracy,850,1776344429.3025677,0.9178702235221863,scalar
events.out.tfevents.1776294211.15e97987a4b5.21254.0,train/mean_token_accuracy,855,1776344727.9398227,0.9164230227470398,scalar
events.out.tfevents.1776294211.15e97987a4b5.21254.0,train/mean_token_accuracy,860,1776345016.8844814,0.9159656167030334,scalar
events.out.tfevents.1776294211.15e97987a4b5.21254.0,train/mean_token_accuracy,865,1776345322.3383899,0.9164760708808899,scalar
events.out.tfevents.1776294211.15e97987a4b5.21254.0,train/mean_token_accuracy,870,1776345620.9631982,0.9182167649269104,scalar
events.out.tfevents.1776294211.15e97987a4b5.21254.0,train/mean_token_accuracy,875,1776345920.9381227,0.9177231192588806,scalar
events.out.tfevents.1776294211.15e97987a4b5.21254.0,train/mean_token_accuracy,880,1776346209.399935,0.916096568107605,scalar
events.out.tfevents.1776294211.15e97987a4b5.21254.0,train/mean_token_accuracy,885,1776346514.2003465,0.9176238179206848,scalar
events.out.tfevents.1776294211.15e97987a4b5.21254.0,train/mean_token_accuracy,890,1776346808.7361405,0.9180645942687988,scalar
events.out.tfevents.1776294211.15e97987a4b5.21254.0,train/mean_token_accuracy,895,1776347116.2924957,0.9176945686340332,scalar
events.out.tfevents.1776294211.15e97987a4b5.21254.0,train/mean_token_accuracy,900,1776347403.3678114,0.9153804183006287,scalar
events.out.tfevents.1776294211.15e97987a4b5.21254.0,train/mean_token_accuracy,905,1776347703.0797453,0.9155832529067993,scalar
events.out.tfevents.1776294211.15e97987a4b5.21254.0,train/mean_token_accuracy,910,1776347988.300541,0.9178594350814819,scalar
events.out.tfevents.1776294211.15e97987a4b5.21254.0,train/mean_token_accuracy,915,1776348302.0768218,0.9173009395599365,scalar
events.out.tfevents.1776294211.15e97987a4b5.21254.0,train/mean_token_accuracy,920,1776348589.4426928,0.9175031185150146,scalar
events.out.tfevents.1776294211.15e97987a4b5.21254.0,train/mean_token_accuracy,925,1776348899.5607064,0.9171134233474731,scalar
events.out.tfevents.1776294211.15e97987a4b5.21254.0,train/mean_token_accuracy,930,1776349187.4273996,0.9168409705162048,scalar
events.out.tfevents.1776294211.15e97987a4b5.21254.0,train/mean_token_accuracy,935,1776349490.9906383,0.9161110520362854,scalar
events.out.tfevents.1776294211.15e97987a4b5.21254.0,train/mean_token_accuracy,940,1776349784.3592548,0.9176511168479919,scalar
events.out.tfevents.1776294211.15e97987a4b5.21254.0,train/mean_token_accuracy,945,1776350087.587505,0.9165105819702148,scalar
events.out.tfevents.1776294211.15e97987a4b5.21254.0,train/mean_token_accuracy,950,1776350376.501794,0.9172079563140869,scalar
events.out.tfevents.1776294211.15e97987a4b5.21254.0,train/mean_token_accuracy,955,1776350676.434029,0.9174716472625732,scalar
events.out.tfevents.1776294211.15e97987a4b5.21254.0,train/mean_token_accuracy,960,1776350964.7874048,0.9168220162391663,scalar
events.out.tfevents.1776294211.15e97987a4b5.21254.0,train/mean_token_accuracy,965,1776351269.3703554,0.918377697467804,scalar
events.out.tfevents.1776294211.15e97987a4b5.21254.0,train/mean_token_accuracy,970,1776351562.8434117,0.917891800403595,scalar
events.out.tfevents.1776294211.15e97987a4b5.21254.0,train/mean_token_accuracy,975,1776351866.5087082,0.9159490466117859,scalar
events.out.tfevents.1776294211.15e97987a4b5.21254.0,train/mean_token_accuracy,980,1776352155.518123,0.9176012873649597,scalar
events.out.tfevents.1776294211.15e97987a4b5.21254.0,train/mean_token_accuracy,985,1776352462.9413602,0.9173946380615234,scalar
events.out.tfevents.1776294211.15e97987a4b5.21254.0,train/mean_token_accuracy,990,1776352752.1802502,0.9177954792976379,scalar
events.out.tfevents.1776294211.15e97987a4b5.21254.0,train/mean_token_accuracy,995,1776353055.4377103,0.9186844825744629,scalar
events.out.tfevents.1776294211.15e97987a4b5.21254.0,train/mean_token_accuracy,1000,1776353350.721878,0.917043924331665,scalar
events.out.tfevents.1776294211.15e97987a4b5.21254.0,train/mean_token_accuracy,1005,1776353655.2464755,0.917698860168457,scalar
events.out.tfevents.1776294211.15e97987a4b5.21254.0,train/mean_token_accuracy,1010,1776353947.7308297,0.9184092283248901,scalar
events.out.tfevents.1776294211.15e97987a4b5.21254.0,train/mean_token_accuracy,1015,1776354245.9704432,0.9181764721870422,scalar
events.out.tfevents.1776294211.15e97987a4b5.21254.0,train/mean_token_accuracy,1020,1776354528.5775177,0.917233943939209,scalar
events.out.tfevents.1776294211.15e97987a4b5.21254.0,train/mean_token_accuracy,1025,1776354831.6381822,0.9183015823364258,scalar
events.out.tfevents.1776294211.15e97987a4b5.21254.0,train/mean_token_accuracy,1030,1776355121.4813411,0.9174079895019531,scalar
events.out.tfevents.1776294211.15e97987a4b5.21254.0,train/mean_token_accuracy,1035,1776355426.3962097,0.9189938902854919,scalar
events.out.tfevents.1776294211.15e97987a4b5.21254.0,train/mean_token_accuracy,1040,1776355696.4629683,0.9179716110229492,scalar
events.out.tfevents.1776294211.15e97987a4b5.21254.0,train/mean_token_accuracy,1045,1776356000.0918498,0.9174308180809021,scalar
events.out.tfevents.1776294211.15e97987a4b5.21254.0,train/mean_token_accuracy,1050,1776356289.2775166,0.9189937114715576,scalar
events.out.tfevents.1776294211.15e97987a4b5.21254.0,train/mean_token_accuracy,1055,1776356588.114187,0.9164696931838989,scalar
events.out.tfevents.1776294211.15e97987a4b5.21254.0,train/mean_token_accuracy,1060,1776356879.3784428,0.9188246130943298,scalar
events.out.tfevents.1776294211.15e97987a4b5.21254.0,train/mean_token_accuracy,1065,1776357179.36312,0.9185370206832886,scalar
events.out.tfevents.1776294211.15e97987a4b5.21254.0,train/mean_token_accuracy,1070,1776357465.6341262,0.9196872711181641,scalar
events.out.tfevents.1776294211.15e97987a4b5.21254.0,train/mean_token_accuracy,1075,1776357765.3203623,0.9179580807685852,scalar
events.out.tfevents.1776294211.15e97987a4b5.21254.0,train/mean_token_accuracy,1080,1776358052.2651021,0.919417679309845,scalar
events.out.tfevents.1776294211.15e97987a4b5.21254.0,train/mean_token_accuracy,1085,1776358352.7113452,0.9162987470626831,scalar
events.out.tfevents.1776294211.15e97987a4b5.21254.0,train/mean_token_accuracy,1090,1776358643.4964008,0.918239951133728,scalar
events.out.tfevents.1776294211.15e97987a4b5.21254.0,train/mean_token_accuracy,1095,1776358946.7531333,0.9186937212944031,scalar
events.out.tfevents.1776294211.15e97987a4b5.21254.0,train/mean_token_accuracy,1100,1776359235.9444296,0.9184665083885193,scalar
events.out.tfevents.1776294211.15e97987a4b5.21254.0,train/mean_token_accuracy,1105,1776359539.3378139,0.919037401676178,scalar
events.out.tfevents.1776294211.15e97987a4b5.21254.0,train/mean_token_accuracy,1110,1776359827.2799764,0.9180383086204529,scalar
events.out.tfevents.1776294211.15e97987a4b5.21254.0,train/mean_token_accuracy,1115,1776360131.1080804,0.9191049933433533,scalar
events.out.tfevents.1776294211.15e97987a4b5.21254.0,train/mean_token_accuracy,1120,1776360419.0894895,0.9178470373153687,scalar
events.out.tfevents.1776294211.15e97987a4b5.21254.0,train/mean_token_accuracy,1125,1776360728.9782064,0.9184451103210449,scalar
events.out.tfevents.1776294211.15e97987a4b5.21254.0,train/mean_token_accuracy,1130,1776361024.377113,0.9178718328475952,scalar
events.out.tfevents.1776294211.15e97987a4b5.21254.0,train/mean_token_accuracy,1135,1776361328.5796475,0.9174534678459167,scalar
events.out.tfevents.1776294211.15e97987a4b5.21254.0,train/mean_token_accuracy,1140,1776361615.640893,0.919447124004364,scalar
events.out.tfevents.1776294211.15e97987a4b5.21254.0,train/mean_token_accuracy,1145,1776361919.2369845,0.917923629283905,scalar
events.out.tfevents.1776294211.15e97987a4b5.21254.0,train/mean_token_accuracy,1150,1776362211.1635325,0.9175927639007568,scalar
events.out.tfevents.1776294211.15e97987a4b5.21254.0,train/mean_token_accuracy,1155,1776362510.3072782,0.9187800884246826,scalar
events.out.tfevents.1776294211.15e97987a4b5.21254.0,train/mean_token_accuracy,1160,1776362801.045122,0.9195331335067749,scalar
events.out.tfevents.1776294211.15e97987a4b5.21254.0,train/mean_token_accuracy,1165,1776363106.3959267,0.9184461236000061,scalar
events.out.tfevents.1776294211.15e97987a4b5.21254.0,train/mean_token_accuracy,1170,1776363396.567,0.9189402461051941,scalar
events.out.tfevents.1776294211.15e97987a4b5.21254.0,train/mean_token_accuracy,1175,1776363698.17738,0.9178216457366943,scalar
events.out.tfevents.1776294211.15e97987a4b5.21254.0,train/mean_token_accuracy,1180,1776363987.161696,0.9176798462867737,scalar
events.out.tfevents.1776294211.15e97987a4b5.21254.0,train/mean_token_accuracy,1185,1776364292.7791119,0.9178217649459839,scalar
events.out.tfevents.1776294211.15e97987a4b5.21254.0,train/mean_token_accuracy,1190,1776364579.2385032,0.9188418984413147,scalar
events.out.tfevents.1776294211.15e97987a4b5.21254.0,train/mean_token_accuracy,1195,1776364885.1015165,0.9184051752090454,scalar
events.out.tfevents.1776294211.15e97987a4b5.21254.0,train/mean_token_accuracy,1200,1776365171.9003916,0.9180435538291931,scalar
events.out.tfevents.1776294211.15e97987a4b5.21254.0,train/mean_token_accuracy,1205,1776365476.1650515,0.9199587106704712,scalar
events.out.tfevents.1776294211.15e97987a4b5.21254.0,train/mean_token_accuracy,1210,1776365765.9379487,0.9207191467285156,scalar
events.out.tfevents.1776294211.15e97987a4b5.21254.0,train/mean_token_accuracy,1215,1776366071.5135794,0.9185612797737122,scalar
events.out.tfevents.1776294211.15e97987a4b5.21254.0,train/mean_token_accuracy,1220,1776366358.4786956,0.9194473624229431,scalar
events.out.tfevents.1776294211.15e97987a4b5.21254.0,train/mean_token_accuracy,1225,1776366661.0660965,0.9196986556053162,scalar
events.out.tfevents.1776294211.15e97987a4b5.21254.0,train/mean_token_accuracy,1230,1776366948.76338,0.9184215068817139,scalar
events.out.tfevents.1776294211.15e97987a4b5.21254.0,train/mean_token_accuracy,1235,1776367248.4411495,0.9207522869110107,scalar
events.out.tfevents.1776294211.15e97987a4b5.21254.0,train/mean_token_accuracy,1240,1776367536.1565301,0.9186083078384399,scalar
events.out.tfevents.1776294211.15e97987a4b5.21254.0,train/mean_token_accuracy,1245,1776367840.9557753,0.9178948998451233,scalar
events.out.tfevents.1776294211.15e97987a4b5.21254.0,train/mean_token_accuracy,1250,1776368132.2784367,0.9192583560943604,scalar
events.out.tfevents.1776294211.15e97987a4b5.21254.0,train/mean_token_accuracy,1255,1776368435.0502872,0.9189175963401794,scalar
events.out.tfevents.1776294211.15e97987a4b5.21254.0,train/mean_token_accuracy,1260,1776368723.3944387,0.9188722968101501,scalar
events.out.tfevents.1776294211.15e97987a4b5.21254.0,train/mean_token_accuracy,1265,1776369027.9009974,0.9186941981315613,scalar
events.out.tfevents.1776294211.15e97987a4b5.21254.0,train/mean_token_accuracy,1270,1776369319.0588844,0.9183154702186584,scalar
events.out.tfevents.1776294211.15e97987a4b5.21254.0,train/mean_token_accuracy,1275,1776369622.7122543,0.9195513725280762,scalar
events.out.tfevents.1776294211.15e97987a4b5.21254.0,train/mean_token_accuracy,1280,1776369909.051049,0.9191312193870544,scalar
events.out.tfevents.1776294211.15e97987a4b5.21254.0,train/mean_token_accuracy,1285,1776370208.0384748,0.9190322160720825,scalar
events.out.tfevents.1776294211.15e97987a4b5.21254.0,train/mean_token_accuracy,1290,1776370501.9476993,0.9191544651985168,scalar
events.out.tfevents.1776294211.15e97987a4b5.21254.0,train/mean_token_accuracy,1295,1776370754.3035429,0.9182695150375366,scalar
events.out.tfevents.1776294211.15e97987a4b5.21254.0,train/epoch,5,1776294500.0200696,0.019370460882782936,scalar
events.out.tfevents.1776294211.15e97987a4b5.21254.0,train/epoch,10,1776294786.9300277,0.03874092176556587,scalar
events.out.tfevents.1776294211.15e97987a4b5.21254.0,train/epoch,10,1776294800.5821023,0.03874092176556587,scalar
events.out.tfevents.1776294211.15e97987a4b5.21254.0,train/epoch,15,1776295092.979376,0.05811138078570366,scalar
events.out.tfevents.1776294211.15e97987a4b5.21254.0,train/epoch,20,1776295380.9853463,0.07748184353113174,scalar
events.out.tfevents.1776294211.15e97987a4b5.21254.0,train/epoch,20,1776295394.6198761,0.07748184353113174,scalar
events.out.tfevents.1776294211.15e97987a4b5.21254.0,train/epoch,25,1776295680.847605,0.09685230255126953,scalar
events.out.tfevents.1776294211.15e97987a4b5.21254.0,train/epoch,30,1776295965.7493927,0.11622276157140732,scalar
events.out.tfevents.1776294211.15e97987a4b5.21254.0,train/epoch,30,1776295979.3581893,0.11622276157140732,scalar
events.out.tfevents.1776294211.15e97987a4b5.21254.0,train/epoch,35,1776296264.6621327,0.1355932205915451,scalar
events.out.tfevents.1776294211.15e97987a4b5.21254.0,train/epoch,40,1776296556.975806,0.1549636870622635,scalar
events.out.tfevents.1776294211.15e97987a4b5.21254.0,train/epoch,40,1776296570.66878,0.1549636870622635,scalar
events.out.tfevents.1776294211.15e97987a4b5.21254.0,train/epoch,45,1776296859.4412923,0.17433413863182068,scalar
events.out.tfevents.1776294211.15e97987a4b5.21254.0,train/epoch,50,1776297151.4974403,0.19370460510253906,scalar
events.out.tfevents.1776294211.15e97987a4b5.21254.0,train/epoch,50,1776297165.1954098,0.19370460510253906,scalar
events.out.tfevents.1776294211.15e97987a4b5.21254.0,train/epoch,55,1776297454.5195,0.21307505667209625,scalar
events.out.tfevents.1776294211.15e97987a4b5.21254.0,train/epoch,60,1776297746.4994848,0.23244552314281464,scalar
events.out.tfevents.1776294211.15e97987a4b5.21254.0,train/epoch,60,1776297760.1387982,0.23244552314281464,scalar
events.out.tfevents.1776294211.15e97987a4b5.21254.0,train/epoch,65,1776298048.6443367,0.2518159747123718,scalar
events.out.tfevents.1776294211.15e97987a4b5.21254.0,train/epoch,70,1776298334.0793529,0.2711864411830902,scalar
events.out.tfevents.1776294211.15e97987a4b5.21254.0,train/epoch,70,1776298347.7577012,0.2711864411830902,scalar
events.out.tfevents.1776294211.15e97987a4b5.21254.0,train/epoch,75,1776298629.4407413,0.2905569076538086,scalar
events.out.tfevents.1776294211.15e97987a4b5.21254.0,train/epoch,80,1776298916.3570266,0.309927374124527,scalar
events.out.tfevents.1776294211.15e97987a4b5.21254.0,train/epoch,80,1776298929.9890144,0.309927374124527,scalar
events.out.tfevents.1776294211.15e97987a4b5.21254.0,train/epoch,85,1776299214.524371,0.329297810792923,scalar
events.out.tfevents.1776294211.15e97987a4b5.21254.0,train/epoch,90,1776299499.5269287,0.34866827726364136,scalar
events.out.tfevents.1776294211.15e97987a4b5.21254.0,train/epoch,90,1776299513.166781,0.34866827726364136,scalar
events.out.tfevents.1776294211.15e97987a4b5.21254.0,train/epoch,95,1776299798.8907175,0.36803874373435974,scalar
events.out.tfevents.1776294211.15e97987a4b5.21254.0,train/epoch,100,1776300086.000358,0.3874092102050781,scalar
events.out.tfevents.1776294211.15e97987a4b5.21254.0,train/epoch,100,1776300099.6215754,0.3874092102050781,scalar
events.out.tfevents.1776294211.15e97987a4b5.21254.0,train/epoch,105,1776300391.0263805,0.4067796468734741,scalar
events.out.tfevents.1776294211.15e97987a4b5.21254.0,train/epoch,110,1776300682.6528285,0.4261501133441925,scalar
events.out.tfevents.1776294211.15e97987a4b5.21254.0,train/epoch,110,1776300696.3722157,0.4261501133441925,scalar
events.out.tfevents.1776294211.15e97987a4b5.21254.0,train/epoch,115,1776300982.365715,0.4455205798149109,scalar
events.out.tfevents.1776294211.15e97987a4b5.21254.0,train/epoch,120,1776301269.754333,0.4648910462856293,scalar
events.out.tfevents.1776294211.15e97987a4b5.21254.0,train/epoch,120,1776301283.4618444,0.4648910462856293,scalar
events.out.tfevents.1776294211.15e97987a4b5.21254.0,train/epoch,125,1776301571.2824054,0.48426151275634766,scalar
events.out.tfevents.1776294211.15e97987a4b5.21254.0,train/epoch,130,1776301857.495682,0.5036319494247437,scalar
events.out.tfevents.1776294211.15e97987a4b5.21254.0,train/epoch,130,1776301871.1856732,0.5036319494247437,scalar
events.out.tfevents.1776294211.15e97987a4b5.21254.0,train/epoch,135,1776302160.648814,0.5230024456977844,scalar
events.out.tfevents.1776294211.15e97987a4b5.21254.0,train/epoch,140,1776302445.2891643,0.5423728823661804,scalar
events.out.tfevents.1776294211.15e97987a4b5.21254.0,train/epoch,140,1776302459.0400863,0.5423728823661804,scalar
events.out.tfevents.1776294211.15e97987a4b5.21254.0,train/epoch,145,1776302747.5891588,0.5617433190345764,scalar
events.out.tfevents.1776294211.15e97987a4b5.21254.0,train/epoch,150,1776303033.4954572,0.5811138153076172,scalar
events.out.tfevents.1776294211.15e97987a4b5.21254.0,train/epoch,150,1776303047.1108737,0.5811138153076172,scalar
events.out.tfevents.1776294211.15e97987a4b5.21254.0,train/epoch,155,1776303334.7929306,0.6004842519760132,scalar
events.out.tfevents.1776294211.15e97987a4b5.21254.0,train/epoch,160,1776303623.2440827,0.619854748249054,scalar
events.out.tfevents.1776294211.15e97987a4b5.21254.0,train/epoch,160,1776303636.8792393,0.619854748249054,scalar
events.out.tfevents.1776294211.15e97987a4b5.21254.0,train/epoch,165,1776303921.7006145,0.63922518491745,scalar
events.out.tfevents.1776294211.15e97987a4b5.21254.0,train/epoch,170,1776304208.742948,0.658595621585846,scalar
events.out.tfevents.1776294211.15e97987a4b5.21254.0,train/epoch,170,1776304222.3703988,0.658595621585846,scalar
events.out.tfevents.1776294211.15e97987a4b5.21254.0,train/epoch,175,1776304512.1923957,0.6779661178588867,scalar
events.out.tfevents.1776294211.15e97987a4b5.21254.0,train/epoch,180,1776304805.2791426,0.6973365545272827,scalar
events.out.tfevents.1776294211.15e97987a4b5.21254.0,train/epoch,180,1776304818.9516056,0.6973365545272827,scalar
events.out.tfevents.1776294211.15e97987a4b5.21254.0,train/epoch,185,1776305112.7847238,0.7167070508003235,scalar
events.out.tfevents.1776294211.15e97987a4b5.21254.0,train/epoch,190,1776305401.4353287,0.7360774874687195,scalar
events.out.tfevents.1776294211.15e97987a4b5.21254.0,train/epoch,190,1776305415.1269205,0.7360774874687195,scalar
events.out.tfevents.1776294211.15e97987a4b5.21254.0,train/epoch,195,1776305705.8601365,0.7554479241371155,scalar
events.out.tfevents.1776294211.15e97987a4b5.21254.0,train/epoch,200,1776305999.383285,0.7748184204101562,scalar
events.out.tfevents.1776294211.15e97987a4b5.21254.0,train/epoch,200,1776306013.0893369,0.7748184204101562,scalar
events.out.tfevents.1776294211.15e97987a4b5.21254.0,train/epoch,205,1776306300.4803894,0.7941888570785522,scalar
events.out.tfevents.1776294211.15e97987a4b5.21254.0,train/epoch,210,1776306590.0086882,0.8135592937469482,scalar
events.out.tfevents.1776294211.15e97987a4b5.21254.0,train/epoch,210,1776306603.6478763,0.8135592937469482,scalar
events.out.tfevents.1776294211.15e97987a4b5.21254.0,train/epoch,215,1776306896.0692062,0.832929790019989,scalar
events.out.tfevents.1776294211.15e97987a4b5.21254.0,train/epoch,220,1776307184.9115503,0.852300226688385,scalar
events.out.tfevents.1776294211.15e97987a4b5.21254.0,train/epoch,220,1776307198.543192,0.852300226688385,scalar
events.out.tfevents.1776294211.15e97987a4b5.21254.0,train/epoch,225,1776307487.3480742,0.8716707229614258,scalar
events.out.tfevents.1776294211.15e97987a4b5.21254.0,train/epoch,230,1776307771.437721,0.8910411596298218,scalar
events.out.tfevents.1776294211.15e97987a4b5.21254.0,train/epoch,230,1776307785.1321354,0.8910411596298218,scalar
events.out.tfevents.1776294211.15e97987a4b5.21254.0,train/epoch,235,1776308076.2505774,0.9104115962982178,scalar
events.out.tfevents.1776294211.15e97987a4b5.21254.0,train/epoch,240,1776308366.1285954,0.9297820925712585,scalar
events.out.tfevents.1776294211.15e97987a4b5.21254.0,train/epoch,240,1776308379.823735,0.9297820925712585,scalar
events.out.tfevents.1776294211.15e97987a4b5.21254.0,train/epoch,245,1776308664.0102766,0.9491525292396545,scalar
events.out.tfevents.1776294211.15e97987a4b5.21254.0,train/epoch,250,1776308953.533668,0.9685230255126953,scalar
events.out.tfevents.1776294211.15e97987a4b5.21254.0,train/epoch,250,1776308967.242325,0.9685230255126953,scalar
events.out.tfevents.1776294211.15e97987a4b5.21254.0,train/epoch,255,1776309253.8979552,0.9878934621810913,scalar
events.out.tfevents.1776294211.15e97987a4b5.21254.0,train/epoch,260,1776309518.8442955,1.0038740634918213,scalar
events.out.tfevents.1776294211.15e97987a4b5.21254.0,train/epoch,260,1776309532.4968185,1.0038740634918213,scalar
events.out.tfevents.1776294211.15e97987a4b5.21254.0,train/epoch,265,1776309818.9601407,1.0232445001602173,scalar
events.out.tfevents.1776294211.15e97987a4b5.21254.0,train/epoch,270,1776310109.905887,1.0426150560379028,scalar
events.out.tfevents.1776294211.15e97987a4b5.21254.0,train/epoch,270,1776310123.5849288,1.0426150560379028,scalar
events.out.tfevents.1776294211.15e97987a4b5.21254.0,train/epoch,275,1776310414.6902626,1.0619854927062988,scalar
events.out.tfevents.1776294211.15e97987a4b5.21254.0,train/epoch,280,1776310703.501312,1.0813559293746948,scalar
events.out.tfevents.1776294211.15e97987a4b5.21254.0,train/epoch,280,1776310717.1699193,1.0813559293746948,scalar
events.out.tfevents.1776294211.15e97987a4b5.21254.0,train/epoch,285,1776311007.5007732,1.1007263660430908,scalar
events.out.tfevents.1776294211.15e97987a4b5.21254.0,train/epoch,290,1776311296.493342,1.1200968027114868,scalar
events.out.tfevents.1776294211.15e97987a4b5.21254.0,train/epoch,290,1776311310.173019,1.1200968027114868,scalar
events.out.tfevents.1776294211.15e97987a4b5.21254.0,train/epoch,295,1776311604.6357677,1.1394673585891724,scalar
events.out.tfevents.1776294211.15e97987a4b5.21254.0,train/epoch,300,1776311889.633792,1.1588377952575684,scalar
events.out.tfevents.1776294211.15e97987a4b5.21254.0,train/epoch,300,1776311903.3782632,1.1588377952575684,scalar
events.out.tfevents.1776294211.15e97987a4b5.21254.0,train/epoch,305,1776312189.2479057,1.1782082319259644,scalar
events.out.tfevents.1776294211.15e97987a4b5.21254.0,train/epoch,310,1776312474.1445668,1.1975786685943604,scalar
events.out.tfevents.1776294211.15e97987a4b5.21254.0,train/epoch,310,1776312487.8251002,1.1975786685943604,scalar
events.out.tfevents.1776294211.15e97987a4b5.21254.0,train/epoch,315,1776312776.3642726,1.2169491052627563,scalar
events.out.tfevents.1776294211.15e97987a4b5.21254.0,train/epoch,320,1776313067.4265175,1.236319661140442,scalar
events.out.tfevents.1776294211.15e97987a4b5.21254.0,train/epoch,320,1776313081.107115,1.236319661140442,scalar
events.out.tfevents.1776294211.15e97987a4b5.21254.0,train/epoch,325,1776313372.3344696,1.255690097808838,scalar
events.out.tfevents.1776294211.15e97987a4b5.21254.0,train/epoch,330,1776313658.1931038,1.2750605344772339,scalar
events.out.tfevents.1776294211.15e97987a4b5.21254.0,train/epoch,330,1776313671.8914747,1.2750605344772339,scalar
events.out.tfevents.1776294211.15e97987a4b5.21254.0,train/epoch,335,1776313959.5264385,1.2944309711456299,scalar
events.out.tfevents.1776294211.15e97987a4b5.21254.0,train/epoch,340,1776314250.1656768,1.3138014078140259,scalar
events.out.tfevents.1776294211.15e97987a4b5.21254.0,train/epoch,340,1776314263.8689003,1.3138014078140259,scalar
events.out.tfevents.1776294211.15e97987a4b5.21254.0,train/epoch,345,1776314557.420295,1.3331719636917114,scalar
events.out.tfevents.1776294211.15e97987a4b5.21254.0,train/epoch,350,1776314846.0147815,1.3525424003601074,scalar
events.out.tfevents.1776294211.15e97987a4b5.21254.0,train/epoch,350,1776314860.3537278,1.3525424003601074,scalar
events.out.tfevents.1776294211.15e97987a4b5.21254.0,train/epoch,355,1776315145.6213553,1.3719128370285034,scalar
events.out.tfevents.1776294211.15e97987a4b5.21254.0,train/epoch,360,1776315430.018706,1.3912832736968994,scalar
events.out.tfevents.1776294211.15e97987a4b5.21254.0,train/epoch,360,1776315443.7422285,1.3912832736968994,scalar
events.out.tfevents.1776294211.15e97987a4b5.21254.0,train/epoch,365,1776315734.907756,1.4106537103652954,scalar
events.out.tfevents.1776294211.15e97987a4b5.21254.0,train/epoch,370,1776316024.4047613,1.430024266242981,scalar
events.out.tfevents.1776294211.15e97987a4b5.21254.0,train/epoch,370,1776316038.1729434,1.430024266242981,scalar
events.out.tfevents.1776294211.15e97987a4b5.21254.0,train/epoch,375,1776316329.1649158,1.449394702911377,scalar
events.out.tfevents.1776294211.15e97987a4b5.21254.0,train/epoch,380,1776316611.4029918,1.468765139579773,scalar
events.out.tfevents.1776294211.15e97987a4b5.21254.0,train/epoch,380,1776316625.187103,1.468765139579773,scalar
events.out.tfevents.1776294211.15e97987a4b5.21254.0,train/epoch,385,1776316913.1017516,1.488135576248169,scalar
events.out.tfevents.1776294211.15e97987a4b5.21254.0,train/epoch,390,1776317206.059732,1.507506012916565,scalar
events.out.tfevents.1776294211.15e97987a4b5.21254.0,train/epoch,390,1776317221.0264652,1.507506012916565,scalar
events.out.tfevents.1776294211.15e97987a4b5.21254.0,train/epoch,395,1776317512.3740022,1.5268765687942505,scalar
events.out.tfevents.1776294211.15e97987a4b5.21254.0,train/epoch,400,1776317800.0854053,1.5462470054626465,scalar
events.out.tfevents.1776294211.15e97987a4b5.21254.0,train/epoch,400,1776317813.828841,1.5462470054626465,scalar
events.out.tfevents.1776294211.15e97987a4b5.21254.0,train/epoch,405,1776318100.851351,1.5656174421310425,scalar
events.out.tfevents.1776294211.15e97987a4b5.21254.0,train/epoch,410,1776318390.4443126,1.5849878787994385,scalar
events.out.tfevents.1776294211.15e97987a4b5.21254.0,train/epoch,410,1776318404.1147854,1.5849878787994385,scalar
events.out.tfevents.1776294211.15e97987a4b5.21254.0,train/epoch,415,1776318690.6368675,1.6043583154678345,scalar
events.out.tfevents.1776294211.15e97987a4b5.21254.0,train/epoch,420,1776318981.6245148,1.62372887134552,scalar
events.out.tfevents.1776294211.15e97987a4b5.21254.0,train/epoch,420,1776318995.9597216,1.62372887134552,scalar
events.out.tfevents.1776294211.15e97987a4b5.21254.0,train/epoch,425,1776319280.9084952,1.643099308013916,scalar
events.out.tfevents.1776294211.15e97987a4b5.21254.0,train/epoch,430,1776319572.5019093,1.662469744682312,scalar
events.out.tfevents.1776294211.15e97987a4b5.21254.0,train/epoch,430,1776319586.1457982,1.662469744682312,scalar
events.out.tfevents.1776294211.15e97987a4b5.21254.0,train/epoch,435,1776319875.3563728,1.681840181350708,scalar
events.out.tfevents.1776294211.15e97987a4b5.21254.0,train/epoch,440,1776320161.7898476,1.701210618019104,scalar
events.out.tfevents.1776294211.15e97987a4b5.21254.0,train/epoch,440,1776320175.5192697,1.701210618019104,scalar
events.out.tfevents.1776294211.15e97987a4b5.21254.0,train/epoch,445,1776320472.3607955,1.7205810546875,scalar
events.out.tfevents.1776294211.15e97987a4b5.21254.0,train/epoch,450,1776320759.6397815,1.7399516105651855,scalar
events.out.tfevents.1776294211.15e97987a4b5.21254.0,train/epoch,450,1776320773.384989,1.7399516105651855,scalar
events.out.tfevents.1776294211.15e97987a4b5.21254.0,train/epoch,455,1776321059.3415616,1.7593220472335815,scalar
events.out.tfevents.1776294211.15e97987a4b5.21254.0,train/epoch,460,1776321348.2781837,1.7786924839019775,scalar
events.out.tfevents.1776294211.15e97987a4b5.21254.0,train/epoch,460,1776321361.933819,1.7786924839019775,scalar
events.out.tfevents.1776294211.15e97987a4b5.21254.0,train/epoch,465,1776321655.1964056,1.7980629205703735,scalar
events.out.tfevents.1776294211.15e97987a4b5.21254.0,train/epoch,470,1776321944.3679895,1.8174333572387695,scalar
events.out.tfevents.1776294211.15e97987a4b5.21254.0,train/epoch,470,1776321958.0908096,1.8174333572387695,scalar
events.out.tfevents.1776294211.15e97987a4b5.21254.0,train/epoch,475,1776322245.45428,1.836803913116455,scalar
events.out.tfevents.1776294211.15e97987a4b5.21254.0,train/epoch,480,1776322534.8722599,1.856174349784851,scalar
events.out.tfevents.1776294211.15e97987a4b5.21254.0,train/epoch,480,1776322548.5724993,1.856174349784851,scalar
events.out.tfevents.1776294211.15e97987a4b5.21254.0,train/epoch,485,1776322839.494074,1.875544786453247,scalar
events.out.tfevents.1776294211.15e97987a4b5.21254.0,train/epoch,490,1776323129.708957,1.894915223121643,scalar
events.out.tfevents.1776294211.15e97987a4b5.21254.0,train/epoch,490,1776323143.3975968,1.894915223121643,scalar
events.out.tfevents.1776294211.15e97987a4b5.21254.0,train/epoch,495,1776323436.9533677,1.914285659790039,scalar
events.out.tfevents.1776294211.15e97987a4b5.21254.0,train/epoch,500,1776323729.6915355,1.9336562156677246,scalar
events.out.tfevents.1776294211.15e97987a4b5.21254.0,train/epoch,500,1776323743.3708704,1.9336562156677246,scalar
events.out.tfevents.1776294211.15e97987a4b5.21254.0,train/epoch,505,1776324029.2053509,1.9530266523361206,scalar
events.out.tfevents.1776294211.15e97987a4b5.21254.0,train/epoch,510,1776324316.9700785,1.9723970890045166,scalar
events.out.tfevents.1776294211.15e97987a4b5.21254.0,train/epoch,510,1776324330.6043038,1.9723970890045166,scalar
events.out.tfevents.1776294211.15e97987a4b5.21254.0,train/epoch,515,1776324622.1207845,1.9917675256729126,scalar
events.out.tfevents.1776294211.15e97987a4b5.21254.0,train/epoch,520,1776324886.975287,2.0077481269836426,scalar
events.out.tfevents.1776294211.15e97987a4b5.21254.0,train/epoch,520,1776324900.6447053,2.0077481269836426,scalar
events.out.tfevents.1776294211.15e97987a4b5.21254.0,train/epoch,525,1776325187.2361267,2.027118682861328,scalar
events.out.tfevents.1776294211.15e97987a4b5.21254.0,train/epoch,530,1776325474.3137631,2.0464890003204346,scalar
events.out.tfevents.1776294211.15e97987a4b5.21254.0,train/epoch,530,1776325488.410328,2.0464890003204346,scalar
events.out.tfevents.1776294211.15e97987a4b5.21254.0,train/epoch,535,1776325780.957052,2.06585955619812,scalar
events.out.tfevents.1776294211.15e97987a4b5.21254.0,train/epoch,540,1776326071.6069274,2.0852301120758057,scalar
events.out.tfevents.1776294211.15e97987a4b5.21254.0,train/epoch,540,1776326085.2941508,2.0852301120758057,scalar
events.out.tfevents.1776294211.15e97987a4b5.21254.0,train/epoch,545,1776326379.2323582,2.104600429534912,scalar
events.out.tfevents.1776294211.15e97987a4b5.21254.0,train/epoch,550,1776326668.7002978,2.1239709854125977,scalar
events.out.tfevents.1776294211.15e97987a4b5.21254.0,train/epoch,550,1776326682.348706,2.1239709854125977,scalar
events.out.tfevents.1776294211.15e97987a4b5.21254.0,train/epoch,555,1776326974.013732,2.143341302871704,scalar
events.out.tfevents.1776294211.15e97987a4b5.21254.0,train/epoch,560,1776327262.5214896,2.1627118587493896,scalar
events.out.tfevents.1776294211.15e97987a4b5.21254.0,train/epoch,560,1776327276.2317166,2.1627118587493896,scalar
events.out.tfevents.1776294211.15e97987a4b5.21254.0,train/epoch,565,1776327566.405414,2.182082414627075,scalar
events.out.tfevents.1776294211.15e97987a4b5.21254.0,train/epoch,570,1776327862.756781,2.2014527320861816,scalar
events.out.tfevents.1776294211.15e97987a4b5.21254.0,train/epoch,570,1776327876.3787944,2.2014527320861816,scalar
events.out.tfevents.1776294211.15e97987a4b5.21254.0,train/epoch,575,1776328166.2762911,2.220823287963867,scalar
events.out.tfevents.1776294211.15e97987a4b5.21254.0,train/epoch,580,1776328453.9208384,2.2401936054229736,scalar
events.out.tfevents.1776294211.15e97987a4b5.21254.0,train/epoch,580,1776328467.577797,2.2401936054229736,scalar
events.out.tfevents.1776294211.15e97987a4b5.21254.0,train/epoch,585,1776328755.7874777,2.259564161300659,scalar
events.out.tfevents.1776294211.15e97987a4b5.21254.0,train/epoch,590,1776329048.7876089,2.2789347171783447,scalar
events.out.tfevents.1776294211.15e97987a4b5.21254.0,train/epoch,590,1776329062.7609987,2.2789347171783447,scalar
events.out.tfevents.1776294211.15e97987a4b5.21254.0,train/epoch,595,1776329352.9827468,2.298305034637451,scalar
events.out.tfevents.1776294211.15e97987a4b5.21254.0,train/epoch,600,1776329643.421748,2.3176755905151367,scalar
events.out.tfevents.1776294211.15e97987a4b5.21254.0,train/epoch,600,1776329657.0753176,2.3176755905151367,scalar
events.out.tfevents.1776294211.15e97987a4b5.21254.0,train/epoch,605,1776329944.3063846,2.337045907974243,scalar
events.out.tfevents.1776294211.15e97987a4b5.21254.0,train/epoch,610,1776330239.698274,2.3564164638519287,scalar
events.out.tfevents.1776294211.15e97987a4b5.21254.0,train/epoch,610,1776330253.3683233,2.3564164638519287,scalar
events.out.tfevents.1776294211.15e97987a4b5.21254.0,train/epoch,615,1776330539.2314394,2.3757870197296143,scalar
events.out.tfevents.1776294211.15e97987a4b5.21254.0,train/epoch,620,1776330826.8273163,2.3951573371887207,scalar
events.out.tfevents.1776294211.15e97987a4b5.21254.0,train/epoch,620,1776330840.5370774,2.3951573371887207,scalar
events.out.tfevents.1776294211.15e97987a4b5.21254.0,train/epoch,625,1776331127.0990884,2.4145278930664062,scalar
events.out.tfevents.1776294211.15e97987a4b5.21254.0,train/epoch,630,1776331419.7614439,2.4338982105255127,scalar
events.out.tfevents.1776294211.15e97987a4b5.21254.0,train/epoch,630,1776331433.38338,2.4338982105255127,scalar
events.out.tfevents.1776294211.15e97987a4b5.21254.0,train/epoch,635,1776331725.041849,2.4532687664031982,scalar
events.out.tfevents.1776294211.15e97987a4b5.21254.0,train/epoch,640,1776332016.4381618,2.472639322280884,scalar
events.out.tfevents.1776294211.15e97987a4b5.21254.0,train/epoch,640,1776332030.1540911,2.472639322280884,scalar
events.out.tfevents.1776294211.15e97987a4b5.21254.0,train/epoch,645,1776332319.0563788,2.4920096397399902,scalar
events.out.tfevents.1776294211.15e97987a4b5.21254.0,train/epoch,650,1776332612.7724004,2.511380195617676,scalar
events.out.tfevents.1776294211.15e97987a4b5.21254.0,train/epoch,650,1776332626.4421,2.511380195617676,scalar
events.out.tfevents.1776294211.15e97987a4b5.21254.0,train/epoch,655,1776332910.7195947,2.5307505130767822,scalar
events.out.tfevents.1776294211.15e97987a4b5.21254.0,train/epoch,660,1776333195.8086588,2.5501210689544678,scalar
events.out.tfevents.1776294211.15e97987a4b5.21254.0,train/epoch,660,1776333209.4984562,2.5501210689544678,scalar
events.out.tfevents.1776294211.15e97987a4b5.21254.0,train/epoch,665,1776333496.8619707,2.5694916248321533,scalar
events.out.tfevents.1776294211.15e97987a4b5.21254.0,train/epoch,670,1776333781.1568012,2.5888619422912598,scalar
events.out.tfevents.1776294211.15e97987a4b5.21254.0,train/epoch,670,1776333794.8321836,2.5888619422912598,scalar
events.out.tfevents.1776294211.15e97987a4b5.21254.0,train/epoch,675,1776334086.108461,2.6082324981689453,scalar
events.out.tfevents.1776294211.15e97987a4b5.21254.0,train/epoch,680,1776334373.9044166,2.6276028156280518,scalar
events.out.tfevents.1776294211.15e97987a4b5.21254.0,train/epoch,680,1776334387.5459363,2.6276028156280518,scalar
events.out.tfevents.1776294211.15e97987a4b5.21254.0,train/epoch,685,1776334675.5746272,2.6469733715057373,scalar
events.out.tfevents.1776294211.15e97987a4b5.21254.0,train/epoch,690,1776334967.5168467,2.666343927383423,scalar
events.out.tfevents.1776294211.15e97987a4b5.21254.0,train/epoch,690,1776334981.190987,2.666343927383423,scalar
events.out.tfevents.1776294211.15e97987a4b5.21254.0,train/epoch,695,1776335269.5883029,2.6857142448425293,scalar
events.out.tfevents.1776294211.15e97987a4b5.21254.0,train/epoch,700,1776335557.3761134,2.705084800720215,scalar
events.out.tfevents.1776294211.15e97987a4b5.21254.0,train/epoch,700,1776335571.3379583,2.705084800720215,scalar
events.out.tfevents.1776294211.15e97987a4b5.21254.0,train/epoch,705,1776335863.1971958,2.7244551181793213,scalar
events.out.tfevents.1776294211.15e97987a4b5.21254.0,train/epoch,710,1776336155.5564864,2.743825674057007,scalar
events.out.tfevents.1776294211.15e97987a4b5.21254.0,train/epoch,710,1776336169.2603102,2.743825674057007,scalar
events.out.tfevents.1776294211.15e97987a4b5.21254.0,train/epoch,715,1776336454.8417857,2.7631962299346924,scalar
events.out.tfevents.1776294211.15e97987a4b5.21254.0,train/epoch,720,1776336744.5749197,2.782566547393799,scalar
events.out.tfevents.1776294211.15e97987a4b5.21254.0,train/epoch,720,1776336758.2744591,2.782566547393799,scalar
events.out.tfevents.1776294211.15e97987a4b5.21254.0,train/epoch,725,1776337045.2564034,2.8019371032714844,scalar
events.out.tfevents.1776294211.15e97987a4b5.21254.0,train/epoch,730,1776337336.3029447,2.821307420730591,scalar
events.out.tfevents.1776294211.15e97987a4b5.21254.0,train/epoch,730,1776337349.9825807,2.821307420730591,scalar
events.out.tfevents.1776294211.15e97987a4b5.21254.0,train/epoch,735,1776337646.56672,2.8406779766082764,scalar
events.out.tfevents.1776294211.15e97987a4b5.21254.0,train/epoch,740,1776337936.6844041,2.860048532485962,scalar
events.out.tfevents.1776294211.15e97987a4b5.21254.0,train/epoch,740,1776337950.3425672,2.860048532485962,scalar
events.out.tfevents.1776294211.15e97987a4b5.21254.0,train/epoch,745,1776338239.9756885,2.8794188499450684,scalar
events.out.tfevents.1776294211.15e97987a4b5.21254.0,train/epoch,750,1776338524.8931632,2.898789405822754,scalar
events.out.tfevents.1776294211.15e97987a4b5.21254.0,train/epoch,750,1776338538.544692,2.898789405822754,scalar
events.out.tfevents.1776294211.15e97987a4b5.21254.0,train/epoch,755,1776338827.0107887,2.9181597232818604,scalar
events.out.tfevents.1776294211.15e97987a4b5.21254.0,train/epoch,760,1776339115.027433,2.937530279159546,scalar
events.out.tfevents.1776294211.15e97987a4b5.21254.0,train/epoch,760,1776339128.7352698,2.937530279159546,scalar
events.out.tfevents.1776294211.15e97987a4b5.21254.0,train/epoch,765,1776339420.0793936,2.9569008350372314,scalar
events.out.tfevents.1776294211.15e97987a4b5.21254.0,train/epoch,770,1776339710.7799163,2.976271152496338,scalar
events.out.tfevents.1776294211.15e97987a4b5.21254.0,train/epoch,770,1776339724.471445,2.976271152496338,scalar
events.out.tfevents.1776294211.15e97987a4b5.21254.0,train/epoch,775,1776340012.0379164,2.9956417083740234,scalar
events.out.tfevents.1776294211.15e97987a4b5.21254.0,train/epoch,780,1776340280.663609,3.011622190475464,scalar
events.out.tfevents.1776294211.15e97987a4b5.21254.0,train/epoch,780,1776340294.3080301,3.011622190475464,scalar
events.out.tfevents.1776294211.15e97987a4b5.21254.0,train/epoch,785,1776340587.9291108,3.0309927463531494,scalar
events.out.tfevents.1776294211.15e97987a4b5.21254.0,train/epoch,790,1776340877.7143195,3.050363302230835,scalar
events.out.tfevents.1776294211.15e97987a4b5.21254.0,train/epoch,790,1776340891.4768345,3.050363302230835,scalar
events.out.tfevents.1776294211.15e97987a4b5.21254.0,train/epoch,795,1776341175.8823452,3.0697336196899414,scalar
events.out.tfevents.1776294211.15e97987a4b5.21254.0,train/epoch,800,1776341465.9190905,3.089104175567627,scalar
events.out.tfevents.1776294211.15e97987a4b5.21254.0,train/epoch,800,1776341479.6459649,3.089104175567627,scalar
events.out.tfevents.1776294211.15e97987a4b5.21254.0,train/epoch,805,1776341766.9645548,3.1084744930267334,scalar
events.out.tfevents.1776294211.15e97987a4b5.21254.0,train/epoch,810,1776342062.5019352,3.127845048904419,scalar
events.out.tfevents.1776294211.15e97987a4b5.21254.0,train/epoch,810,1776342076.5235293,3.127845048904419,scalar
events.out.tfevents.1776294211.15e97987a4b5.21254.0,train/epoch,815,1776342369.5757358,3.1472156047821045,scalar
events.out.tfevents.1776294211.15e97987a4b5.21254.0,train/epoch,820,1776342656.1277187,3.166585922241211,scalar
events.out.tfevents.1776294211.15e97987a4b5.21254.0,train/epoch,820,1776342669.802134,3.166585922241211,scalar
events.out.tfevents.1776294211.15e97987a4b5.21254.0,train/epoch,825,1776342958.2750924,3.1859564781188965,scalar
events.out.tfevents.1776294211.15e97987a4b5.21254.0,train/epoch,830,1776343244.843495,3.205326795578003,scalar
events.out.tfevents.1776294211.15e97987a4b5.21254.0,train/epoch,830,1776343258.590806,3.205326795578003,scalar
events.out.tfevents.1776294211.15e97987a4b5.21254.0,train/epoch,835,1776343553.0008054,3.2246973514556885,scalar
events.out.tfevents.1776294211.15e97987a4b5.21254.0,train/epoch,840,1776343842.5544503,3.244067907333374,scalar
events.out.tfevents.1776294211.15e97987a4b5.21254.0,train/epoch,840,1776343856.2310572,3.244067907333374,scalar
events.out.tfevents.1776294211.15e97987a4b5.21254.0,train/epoch,845,1776344141.285783,3.2634382247924805,scalar
events.out.tfevents.1776294211.15e97987a4b5.21254.0,train/epoch,850,1776344429.302572,3.282808780670166,scalar
events.out.tfevents.1776294211.15e97987a4b5.21254.0,train/epoch,850,1776344442.9644792,3.282808780670166,scalar
events.out.tfevents.1776294211.15e97987a4b5.21254.0,train/epoch,855,1776344727.9398267,3.3021790981292725,scalar
events.out.tfevents.1776294211.15e97987a4b5.21254.0,train/epoch,860,1776345016.8844857,3.321549654006958,scalar
events.out.tfevents.1776294211.15e97987a4b5.21254.0,train/epoch,860,1776345030.554489,3.321549654006958,scalar
events.out.tfevents.1776294211.15e97987a4b5.21254.0,train/epoch,865,1776345322.3383942,3.3409202098846436,scalar
events.out.tfevents.1776294211.15e97987a4b5.21254.0,train/epoch,870,1776345620.963202,3.36029052734375,scalar
events.out.tfevents.1776294211.15e97987a4b5.21254.0,train/epoch,870,1776345634.6833282,3.36029052734375,scalar
events.out.tfevents.1776294211.15e97987a4b5.21254.0,train/epoch,875,1776345920.9381268,3.3796610832214355,scalar
events.out.tfevents.1776294211.15e97987a4b5.21254.0,train/epoch,880,1776346209.399939,3.399031400680542,scalar
events.out.tfevents.1776294211.15e97987a4b5.21254.0,train/epoch,880,1776346223.0543044,3.399031400680542,scalar
events.out.tfevents.1776294211.15e97987a4b5.21254.0,train/epoch,885,1776346514.2003508,3.4184019565582275,scalar
events.out.tfevents.1776294211.15e97987a4b5.21254.0,train/epoch,890,1776346808.7361445,3.437772512435913,scalar
events.out.tfevents.1776294211.15e97987a4b5.21254.0,train/epoch,890,1776346822.6985173,3.437772512435913,scalar
events.out.tfevents.1776294211.15e97987a4b5.21254.0,train/epoch,895,1776347116.2924998,3.4571428298950195,scalar
events.out.tfevents.1776294211.15e97987a4b5.21254.0,train/epoch,900,1776347403.3678155,3.476513385772705,scalar
events.out.tfevents.1776294211.15e97987a4b5.21254.0,train/epoch,900,1776347417.064523,3.476513385772705,scalar
events.out.tfevents.1776294211.15e97987a4b5.21254.0,train/epoch,905,1776347703.0797496,3.4958837032318115,scalar
events.out.tfevents.1776294211.15e97987a4b5.21254.0,train/epoch,910,1776347988.3005452,3.515254259109497,scalar
events.out.tfevents.1776294211.15e97987a4b5.21254.0,train/epoch,910,1776348006.117163,3.515254259109497,scalar
events.out.tfevents.1776294211.15e97987a4b5.21254.0,train/epoch,915,1776348302.0768259,3.5346248149871826,scalar
events.out.tfevents.1776294211.15e97987a4b5.21254.0,train/epoch,920,1776348589.442697,3.553995132446289,scalar
events.out.tfevents.1776294211.15e97987a4b5.21254.0,train/epoch,920,1776348603.4740837,3.553995132446289,scalar
events.out.tfevents.1776294211.15e97987a4b5.21254.0,train/epoch,925,1776348899.5607107,3.5733656883239746,scalar
events.out.tfevents.1776294211.15e97987a4b5.21254.0,train/epoch,930,1776349187.4274044,3.592736005783081,scalar
events.out.tfevents.1776294211.15e97987a4b5.21254.0,train/epoch,930,1776349201.0721571,3.592736005783081,scalar
events.out.tfevents.1776294211.15e97987a4b5.21254.0,train/epoch,935,1776349490.9906425,3.6121065616607666,scalar
events.out.tfevents.1776294211.15e97987a4b5.21254.0,train/epoch,940,1776349784.359259,3.631476879119873,scalar
events.out.tfevents.1776294211.15e97987a4b5.21254.0,train/epoch,940,1776349798.078533,3.631476879119873,scalar
events.out.tfevents.1776294211.15e97987a4b5.21254.0,train/epoch,945,1776350087.5875092,3.6508474349975586,scalar
events.out.tfevents.1776294211.15e97987a4b5.21254.0,train/epoch,950,1776350376.5017984,3.670217990875244,scalar
events.out.tfevents.1776294211.15e97987a4b5.21254.0,train/epoch,950,1776350390.1911662,3.670217990875244,scalar
events.out.tfevents.1776294211.15e97987a4b5.21254.0,train/epoch,955,1776350676.4340332,3.6895883083343506,scalar
events.out.tfevents.1776294211.15e97987a4b5.21254.0,train/epoch,960,1776350964.7874088,3.708958864212036,scalar
events.out.tfevents.1776294211.15e97987a4b5.21254.0,train/epoch,960,1776350978.4974377,3.708958864212036,scalar
events.out.tfevents.1776294211.15e97987a4b5.21254.0,train/epoch,965,1776351269.37036,3.7283291816711426,scalar
events.out.tfevents.1776294211.15e97987a4b5.21254.0,train/epoch,970,1776351562.8434153,3.747699737548828,scalar
events.out.tfevents.1776294211.15e97987a4b5.21254.0,train/epoch,970,1776351576.9630487,3.747699737548828,scalar
events.out.tfevents.1776294211.15e97987a4b5.21254.0,train/epoch,975,1776351866.5087125,3.7670702934265137,scalar
events.out.tfevents.1776294211.15e97987a4b5.21254.0,train/epoch,980,1776352155.5181274,3.78644061088562,scalar
events.out.tfevents.1776294211.15e97987a4b5.21254.0,train/epoch,980,1776352169.2340503,3.78644061088562,scalar
events.out.tfevents.1776294211.15e97987a4b5.21254.0,train/epoch,985,1776352462.9413643,3.8058111667633057,scalar
events.out.tfevents.1776294211.15e97987a4b5.21254.0,train/epoch,990,1776352752.1802547,3.825181484222412,scalar
events.out.tfevents.1776294211.15e97987a4b5.21254.0,train/epoch,990,1776352765.9323676,3.825181484222412,scalar
events.out.tfevents.1776294211.15e97987a4b5.21254.0,train/epoch,995,1776353055.4377146,3.8445520401000977,scalar
events.out.tfevents.1776294211.15e97987a4b5.21254.0,train/epoch,1000,1776353350.7218823,3.863922595977783,scalar
events.out.tfevents.1776294211.15e97987a4b5.21254.0,train/epoch,1000,1776353364.453362,3.863922595977783,scalar
events.out.tfevents.1776294211.15e97987a4b5.21254.0,train/epoch,1005,1776353655.2464793,3.8832929134368896,scalar
events.out.tfevents.1776294211.15e97987a4b5.21254.0,train/epoch,1010,1776353947.7308342,3.902663469314575,scalar
events.out.tfevents.1776294211.15e97987a4b5.21254.0,train/epoch,1010,1776353961.427389,3.902663469314575,scalar
events.out.tfevents.1776294211.15e97987a4b5.21254.0,train/epoch,1015,1776354245.970447,3.9220337867736816,scalar
events.out.tfevents.1776294211.15e97987a4b5.21254.0,train/epoch,1020,1776354528.5775223,3.941404342651367,scalar
events.out.tfevents.1776294211.15e97987a4b5.21254.0,train/epoch,1020,1776354542.275768,3.941404342651367,scalar
events.out.tfevents.1776294211.15e97987a4b5.21254.0,train/epoch,1025,1776354831.6381865,3.9607748985290527,scalar
events.out.tfevents.1776294211.15e97987a4b5.21254.0,train/epoch,1030,1776355121.4813452,3.980145215988159,scalar
events.out.tfevents.1776294211.15e97987a4b5.21254.0,train/epoch,1030,1776355135.14605,3.980145215988159,scalar
events.out.tfevents.1776294211.15e97987a4b5.21254.0,train/epoch,1035,1776355426.3962133,3.9995157718658447,scalar
events.out.tfevents.1776294211.15e97987a4b5.21254.0,train/epoch,1040,1776355696.4629724,4.015496253967285,scalar
events.out.tfevents.1776294211.15e97987a4b5.21254.0,train/epoch,1040,1776355710.1384473,4.015496253967285,scalar
events.out.tfevents.1776294211.15e97987a4b5.21254.0,train/epoch,1045,1776356000.0918539,4.034866809844971,scalar
events.out.tfevents.1776294211.15e97987a4b5.21254.0,train/epoch,1050,1776356289.2775207,4.054237365722656,scalar
events.out.tfevents.1776294211.15e97987a4b5.21254.0,train/epoch,1050,1776356303.0391767,4.054237365722656,scalar
events.out.tfevents.1776294211.15e97987a4b5.21254.0,train/epoch,1055,1776356588.1141915,4.073607921600342,scalar
events.out.tfevents.1776294211.15e97987a4b5.21254.0,train/epoch,1060,1776356879.378447,4.092978000640869,scalar
events.out.tfevents.1776294211.15e97987a4b5.21254.0,train/epoch,1060,1776356893.1060815,4.092978000640869,scalar
events.out.tfevents.1776294211.15e97987a4b5.21254.0,train/epoch,1065,1776357179.3631248,4.112348556518555,scalar
events.out.tfevents.1776294211.15e97987a4b5.21254.0,train/epoch,1070,1776357465.6341305,4.13171911239624,scalar
events.out.tfevents.1776294211.15e97987a4b5.21254.0,train/epoch,1070,1776357479.3401797,4.13171911239624,scalar
events.out.tfevents.1776294211.15e97987a4b5.21254.0,train/epoch,1075,1776357765.3203661,4.151089668273926,scalar
events.out.tfevents.1776294211.15e97987a4b5.21254.0,train/epoch,1080,1776358052.2651064,4.170460224151611,scalar
events.out.tfevents.1776294211.15e97987a4b5.21254.0,train/epoch,1080,1776358065.9833808,4.170460224151611,scalar
events.out.tfevents.1776294211.15e97987a4b5.21254.0,train/epoch,1085,1776358352.7113495,4.189830303192139,scalar
events.out.tfevents.1776294211.15e97987a4b5.21254.0,train/epoch,1090,1776358643.496405,4.209200859069824,scalar
events.out.tfevents.1776294211.15e97987a4b5.21254.0,train/epoch,1090,1776358657.1962738,4.209200859069824,scalar
events.out.tfevents.1776294211.15e97987a4b5.21254.0,train/epoch,1095,1776358946.7531374,4.22857141494751,scalar
events.out.tfevents.1776294211.15e97987a4b5.21254.0,train/epoch,1100,1776359235.9444344,4.247941970825195,scalar
events.out.tfevents.1776294211.15e97987a4b5.21254.0,train/epoch,1100,1776359249.6938393,4.247941970825195,scalar
events.out.tfevents.1776294211.15e97987a4b5.21254.0,train/epoch,1105,1776359539.3378181,4.267312526702881,scalar
events.out.tfevents.1776294211.15e97987a4b5.21254.0,train/epoch,1110,1776359827.2799802,4.286682605743408,scalar
events.out.tfevents.1776294211.15e97987a4b5.21254.0,train/epoch,1110,1776359841.0238047,4.286682605743408,scalar
events.out.tfevents.1776294211.15e97987a4b5.21254.0,train/epoch,1115,1776360131.1080844,4.306053161621094,scalar
events.out.tfevents.1776294211.15e97987a4b5.21254.0,train/epoch,1120,1776360419.0894938,4.325423717498779,scalar
events.out.tfevents.1776294211.15e97987a4b5.21254.0,train/epoch,1120,1776360432.739099,4.325423717498779,scalar
events.out.tfevents.1776294211.15e97987a4b5.21254.0,train/epoch,1125,1776360728.9782104,4.344794273376465,scalar
events.out.tfevents.1776294211.15e97987a4b5.21254.0,train/epoch,1130,1776361024.3771174,4.36416482925415,scalar
events.out.tfevents.1776294211.15e97987a4b5.21254.0,train/epoch,1130,1776361038.0559573,4.36416482925415,scalar
events.out.tfevents.1776294211.15e97987a4b5.21254.0,train/epoch,1135,1776361328.579652,4.383534908294678,scalar
events.out.tfevents.1776294211.15e97987a4b5.21254.0,train/epoch,1140,1776361615.6408973,4.402905464172363,scalar
events.out.tfevents.1776294211.15e97987a4b5.21254.0,train/epoch,1140,1776361629.3525007,4.402905464172363,scalar
events.out.tfevents.1776294211.15e97987a4b5.21254.0,train/epoch,1145,1776361919.236989,4.422276020050049,scalar
events.out.tfevents.1776294211.15e97987a4b5.21254.0,train/epoch,1150,1776362211.1635373,4.441646575927734,scalar
events.out.tfevents.1776294211.15e97987a4b5.21254.0,train/epoch,1150,1776362224.9083757,4.441646575927734,scalar
events.out.tfevents.1776294211.15e97987a4b5.21254.0,train/epoch,1155,1776362510.307283,4.46101713180542,scalar
events.out.tfevents.1776294211.15e97987a4b5.21254.0,train/epoch,1160,1776362801.0451262,4.480387210845947,scalar
events.out.tfevents.1776294211.15e97987a4b5.21254.0,train/epoch,1160,1776362814.7914202,4.480387210845947,scalar
events.out.tfevents.1776294211.15e97987a4b5.21254.0,train/epoch,1165,1776363106.3959317,4.499757766723633,scalar
events.out.tfevents.1776294211.15e97987a4b5.21254.0,train/epoch,1170,1776363396.567004,4.519128322601318,scalar
events.out.tfevents.1776294211.15e97987a4b5.21254.0,train/epoch,1170,1776363410.31716,4.519128322601318,scalar
events.out.tfevents.1776294211.15e97987a4b5.21254.0,train/epoch,1175,1776363698.1773844,4.538498878479004,scalar
events.out.tfevents.1776294211.15e97987a4b5.21254.0,train/epoch,1180,1776363987.161701,4.5578694343566895,scalar
events.out.tfevents.1776294211.15e97987a4b5.21254.0,train/epoch,1180,1776364000.92817,4.5578694343566895,scalar
events.out.tfevents.1776294211.15e97987a4b5.21254.0,train/epoch,1185,1776364292.7791157,4.577239513397217,scalar
events.out.tfevents.1776294211.15e97987a4b5.21254.0,train/epoch,1190,1776364579.2385077,4.596610069274902,scalar
events.out.tfevents.1776294211.15e97987a4b5.21254.0,train/epoch,1190,1776364592.9440403,4.596610069274902,scalar
events.out.tfevents.1776294211.15e97987a4b5.21254.0,train/epoch,1195,1776364885.1015213,4.615980625152588,scalar
events.out.tfevents.1776294211.15e97987a4b5.21254.0,train/epoch,1200,1776365171.9003959,4.635351181030273,scalar
events.out.tfevents.1776294211.15e97987a4b5.21254.0,train/epoch,1200,1776365185.5415394,4.635351181030273,scalar
events.out.tfevents.1776294211.15e97987a4b5.21254.0,train/epoch,1205,1776365476.1650555,4.654721736907959,scalar
events.out.tfevents.1776294211.15e97987a4b5.21254.0,train/epoch,1210,1776365765.937953,4.674091815948486,scalar
events.out.tfevents.1776294211.15e97987a4b5.21254.0,train/epoch,1210,1776365779.6448035,4.674091815948486,scalar
events.out.tfevents.1776294211.15e97987a4b5.21254.0,train/epoch,1215,1776366071.5135837,4.693462371826172,scalar
events.out.tfevents.1776294211.15e97987a4b5.21254.0,train/epoch,1220,1776366358.4787004,4.712832927703857,scalar
events.out.tfevents.1776294211.15e97987a4b5.21254.0,train/epoch,1220,1776366372.1519997,4.712832927703857,scalar
events.out.tfevents.1776294211.15e97987a4b5.21254.0,train/epoch,1225,1776366661.0661008,4.732203483581543,scalar
events.out.tfevents.1776294211.15e97987a4b5.21254.0,train/epoch,1230,1776366948.7633846,4.7515740394592285,scalar
events.out.tfevents.1776294211.15e97987a4b5.21254.0,train/epoch,1230,1776366962.4930577,4.7515740394592285,scalar
events.out.tfevents.1776294211.15e97987a4b5.21254.0,train/epoch,1235,1776367248.4411542,4.770944118499756,scalar
events.out.tfevents.1776294211.15e97987a4b5.21254.0,train/epoch,1240,1776367536.1565342,4.790314674377441,scalar
events.out.tfevents.1776294211.15e97987a4b5.21254.0,train/epoch,1240,1776367549.832617,4.790314674377441,scalar
events.out.tfevents.1776294211.15e97987a4b5.21254.0,train/epoch,1245,1776367840.9557793,4.809685230255127,scalar
events.out.tfevents.1776294211.15e97987a4b5.21254.0,train/epoch,1250,1776368132.278441,4.8290557861328125,scalar
events.out.tfevents.1776294211.15e97987a4b5.21254.0,train/epoch,1250,1776368145.9983258,4.8290557861328125,scalar
events.out.tfevents.1776294211.15e97987a4b5.21254.0,train/epoch,1255,1776368435.0502918,4.848426342010498,scalar
events.out.tfevents.1776294211.15e97987a4b5.21254.0,train/epoch,1260,1776368723.3944428,4.867796421051025,scalar
events.out.tfevents.1776294211.15e97987a4b5.21254.0,train/epoch,1260,1776368737.108024,4.867796421051025,scalar
events.out.tfevents.1776294211.15e97987a4b5.21254.0,train/epoch,1265,1776369027.9010017,4.887166976928711,scalar
events.out.tfevents.1776294211.15e97987a4b5.21254.0,train/epoch,1270,1776369319.0588887,4.9065375328063965,scalar
events.out.tfevents.1776294211.15e97987a4b5.21254.0,train/epoch,1270,1776369333.3575861,4.9065375328063965,scalar
events.out.tfevents.1776294211.15e97987a4b5.21254.0,train/epoch,1275,1776369622.7122588,4.925908088684082,scalar
events.out.tfevents.1776294211.15e97987a4b5.21254.0,train/epoch,1280,1776369909.051053,4.945278644561768,scalar
events.out.tfevents.1776294211.15e97987a4b5.21254.0,train/epoch,1280,1776369922.8028865,4.945278644561768,scalar
events.out.tfevents.1776294211.15e97987a4b5.21254.0,train/epoch,1285,1776370208.0384786,4.964648723602295,scalar
events.out.tfevents.1776294211.15e97987a4b5.21254.0,train/epoch,1290,1776370501.9477038,4.9840192794799805,scalar
events.out.tfevents.1776294211.15e97987a4b5.21254.0,train/epoch,1290,1776370515.6814635,4.9840192794799805,scalar
events.out.tfevents.1776294211.15e97987a4b5.21254.0,train/epoch,1295,1776370754.3035471,5.0,scalar
events.out.tfevents.1776294211.15e97987a4b5.21254.0,train/epoch,1295,1776370768.2458727,5.0,scalar
events.out.tfevents.1776294211.15e97987a4b5.21254.0,train/epoch,1295,1776370798.1390123,5.0,scalar
events.out.tfevents.1776294211.15e97987a4b5.21254.0,eval/loss,10,1776294800.5820496,1.4489496946334839,scalar
events.out.tfevents.1776294211.15e97987a4b5.21254.0,eval/loss,20,1776295394.6198132,0.7091252207756042,scalar
events.out.tfevents.1776294211.15e97987a4b5.21254.0,eval/loss,30,1776295979.3581383,0.38502267003059387,scalar
events.out.tfevents.1776294211.15e97987a4b5.21254.0,eval/loss,40,1776296570.668729,0.3071761131286621,scalar
events.out.tfevents.1776294211.15e97987a4b5.21254.0,eval/loss,50,1776297165.1953585,0.28957024216651917,scalar
events.out.tfevents.1776294211.15e97987a4b5.21254.0,eval/loss,60,1776297760.138747,0.27602627873420715,scalar
events.out.tfevents.1776294211.15e97987a4b5.21254.0,eval/loss,70,1776298347.757652,0.26807907223701477,scalar
events.out.tfevents.1776294211.15e97987a4b5.21254.0,eval/loss,80,1776298929.9889667,0.262485533952713,scalar
events.out.tfevents.1776294211.15e97987a4b5.21254.0,eval/loss,90,1776299513.1667297,0.2597716152667999,scalar
events.out.tfevents.1776294211.15e97987a4b5.21254.0,eval/loss,100,1776300099.6215253,0.254238486289978,scalar
events.out.tfevents.1776294211.15e97987a4b5.21254.0,eval/loss,110,1776300696.3721662,0.25166481733322144,scalar
events.out.tfevents.1776294211.15e97987a4b5.21254.0,eval/loss,120,1776301283.4617944,0.25064513087272644,scalar
events.out.tfevents.1776294211.15e97987a4b5.21254.0,eval/loss,130,1776301871.1856225,0.24738000333309174,scalar
events.out.tfevents.1776294211.15e97987a4b5.21254.0,eval/loss,140,1776302459.0400352,0.2446248084306717,scalar
events.out.tfevents.1776294211.15e97987a4b5.21254.0,eval/loss,150,1776303047.1108098,0.24167409539222717,scalar
events.out.tfevents.1776294211.15e97987a4b5.21254.0,eval/loss,160,1776303636.8791895,0.23881205916404724,scalar
events.out.tfevents.1776294211.15e97987a4b5.21254.0,eval/loss,170,1776304222.3703504,0.23890727758407593,scalar
events.out.tfevents.1776294211.15e97987a4b5.21254.0,eval/loss,180,1776304818.9515536,0.23864853382110596,scalar
events.out.tfevents.1776294211.15e97987a4b5.21254.0,eval/loss,190,1776305415.1268709,0.23733097314834595,scalar
events.out.tfevents.1776294211.15e97987a4b5.21254.0,eval/loss,200,1776306013.0892873,0.23633112013339996,scalar
events.out.tfevents.1776294211.15e97987a4b5.21254.0,eval/loss,210,1776306603.6478138,0.2378745973110199,scalar
events.out.tfevents.1776294211.15e97987a4b5.21254.0,eval/loss,220,1776307198.5431447,0.23323427140712738,scalar
events.out.tfevents.1776294211.15e97987a4b5.21254.0,eval/loss,230,1776307785.1320834,0.23280084133148193,scalar
events.out.tfevents.1776294211.15e97987a4b5.21254.0,eval/loss,240,1776308379.8236878,0.2308119833469391,scalar
events.out.tfevents.1776294211.15e97987a4b5.21254.0,eval/loss,250,1776308967.242275,0.23178869485855103,scalar
events.out.tfevents.1776294211.15e97987a4b5.21254.0,eval/loss,260,1776309532.496766,0.2325831651687622,scalar
events.out.tfevents.1776294211.15e97987a4b5.21254.0,eval/loss,270,1776310123.584878,0.23082725703716278,scalar
events.out.tfevents.1776294211.15e97987a4b5.21254.0,eval/loss,280,1776310717.1698694,0.22905336320400238,scalar
events.out.tfevents.1776294211.15e97987a4b5.21254.0,eval/loss,290,1776311310.1729708,0.22792091965675354,scalar
events.out.tfevents.1776294211.15e97987a4b5.21254.0,eval/loss,300,1776311903.378209,0.22927936911582947,scalar
events.out.tfevents.1776294211.15e97987a4b5.21254.0,eval/loss,310,1776312487.8250506,0.22610734403133392,scalar
events.out.tfevents.1776294211.15e97987a4b5.21254.0,eval/loss,320,1776313081.1070633,0.22604283690452576,scalar
events.out.tfevents.1776294211.15e97987a4b5.21254.0,eval/loss,330,1776313671.8914216,0.22641819715499878,scalar
events.out.tfevents.1776294211.15e97987a4b5.21254.0,eval/loss,340,1776314263.8688376,0.22426921129226685,scalar
events.out.tfevents.1776294211.15e97987a4b5.21254.0,eval/loss,350,1776314860.3536763,0.2245633453130722,scalar
events.out.tfevents.1776294211.15e97987a4b5.21254.0,eval/loss,360,1776315443.7421763,0.2230716496706009,scalar
events.out.tfevents.1776294211.15e97987a4b5.21254.0,eval/loss,370,1776316038.1728938,0.22282952070236206,scalar
events.out.tfevents.1776294211.15e97987a4b5.21254.0,eval/loss,380,1776316625.1870527,0.22244350612163544,scalar
events.out.tfevents.1776294211.15e97987a4b5.21254.0,eval/loss,390,1776317221.0264187,0.22102545201778412,scalar
events.out.tfevents.1776294211.15e97987a4b5.21254.0,eval/loss,400,1776317813.8287914,0.22127889096736908,scalar
events.out.tfevents.1776294211.15e97987a4b5.21254.0,eval/loss,410,1776318404.1147351,0.22241218388080597,scalar
events.out.tfevents.1776294211.15e97987a4b5.21254.0,eval/loss,420,1776318995.9596746,0.2218380719423294,scalar
events.out.tfevents.1776294211.15e97987a4b5.21254.0,eval/loss,430,1776319586.1457448,0.22037552297115326,scalar
events.out.tfevents.1776294211.15e97987a4b5.21254.0,eval/loss,440,1776320175.519218,0.2189117819070816,scalar
events.out.tfevents.1776294211.15e97987a4b5.21254.0,eval/loss,450,1776320773.3849394,0.21893370151519775,scalar
events.out.tfevents.1776294211.15e97987a4b5.21254.0,eval/loss,460,1776321361.9337692,0.22187328338623047,scalar
events.out.tfevents.1776294211.15e97987a4b5.21254.0,eval/loss,470,1776321958.090761,0.21925798058509827,scalar
events.out.tfevents.1776294211.15e97987a4b5.21254.0,eval/loss,480,1776322548.5724473,0.21779966354370117,scalar
events.out.tfevents.1776294211.15e97987a4b5.21254.0,eval/loss,490,1776323143.3975475,0.2181374877691269,scalar
events.out.tfevents.1776294211.15e97987a4b5.21254.0,eval/loss,500,1776323743.370805,0.2179044783115387,scalar
events.out.tfevents.1776294211.15e97987a4b5.21254.0,eval/loss,510,1776324330.6042511,0.21832790970802307,scalar
events.out.tfevents.1776294211.15e97987a4b5.21254.0,eval/loss,520,1776324900.6446524,0.21794454753398895,scalar
events.out.tfevents.1776294211.15e97987a4b5.21254.0,eval/loss,530,1776325488.4102743,0.21628610789775848,scalar
events.out.tfevents.1776294211.15e97987a4b5.21254.0,eval/loss,540,1776326085.2941005,0.21573461592197418,scalar
events.out.tfevents.1776294211.15e97987a4b5.21254.0,eval/loss,550,1776326682.3486536,0.21599723398685455,scalar
events.out.tfevents.1776294211.15e97987a4b5.21254.0,eval/loss,560,1776327276.2316656,0.21539543569087982,scalar
events.out.tfevents.1776294211.15e97987a4b5.21254.0,eval/loss,570,1776327876.3787422,0.21522104740142822,scalar
events.out.tfevents.1776294211.15e97987a4b5.21254.0,eval/loss,580,1776328467.577747,0.21407881379127502,scalar
events.out.tfevents.1776294211.15e97987a4b5.21254.0,eval/loss,590,1776329062.7609475,0.21444149315357208,scalar
events.out.tfevents.1776294211.15e97987a4b5.21254.0,eval/loss,600,1776329657.0752683,0.21465253829956055,scalar
events.out.tfevents.1776294211.15e97987a4b5.21254.0,eval/loss,610,1776330253.3682723,0.21398574113845825,scalar
events.out.tfevents.1776294211.15e97987a4b5.21254.0,eval/loss,620,1776330840.5370247,0.21324560046195984,scalar
events.out.tfevents.1776294211.15e97987a4b5.21254.0,eval/loss,630,1776331433.383326,0.2157636433839798,scalar
events.out.tfevents.1776294211.15e97987a4b5.21254.0,eval/loss,640,1776332030.1540391,0.2142813503742218,scalar
events.out.tfevents.1776294211.15e97987a4b5.21254.0,eval/loss,650,1776332626.4420497,0.21420800685882568,scalar
events.out.tfevents.1776294211.15e97987a4b5.21254.0,eval/loss,660,1776333209.498406,0.21370042860507965,scalar
events.out.tfevents.1776294211.15e97987a4b5.21254.0,eval/loss,670,1776333794.8321311,0.21255342662334442,scalar
events.out.tfevents.1776294211.15e97987a4b5.21254.0,eval/loss,680,1776334387.545886,0.21278047561645508,scalar
events.out.tfevents.1776294211.15e97987a4b5.21254.0,eval/loss,690,1776334981.1909366,0.2121494710445404,scalar
events.out.tfevents.1776294211.15e97987a4b5.21254.0,eval/loss,700,1776335571.337905,0.21292752027511597,scalar
events.out.tfevents.1776294211.15e97987a4b5.21254.0,eval/loss,710,1776336169.2602603,0.2111813724040985,scalar
events.out.tfevents.1776294211.15e97987a4b5.21254.0,eval/loss,720,1776336758.2744045,0.2129652202129364,scalar
events.out.tfevents.1776294211.15e97987a4b5.21254.0,eval/loss,730,1776337349.98253,0.211689293384552,scalar
events.out.tfevents.1776294211.15e97987a4b5.21254.0,eval/loss,740,1776337950.3425133,0.21117477118968964,scalar
events.out.tfevents.1776294211.15e97987a4b5.21254.0,eval/loss,750,1776338538.5446434,0.21198968589305878,scalar
events.out.tfevents.1776294211.15e97987a4b5.21254.0,eval/loss,760,1776339128.7352178,0.21118369698524475,scalar
events.out.tfevents.1776294211.15e97987a4b5.21254.0,eval/loss,770,1776339724.471395,0.21028375625610352,scalar
events.out.tfevents.1776294211.15e97987a4b5.21254.0,eval/loss,780,1776340294.3079712,0.21006439626216888,scalar
events.out.tfevents.1776294211.15e97987a4b5.21254.0,eval/loss,790,1776340891.476783,0.21048790216445923,scalar
events.out.tfevents.1776294211.15e97987a4b5.21254.0,eval/loss,800,1776341479.6459148,0.21028190851211548,scalar
events.out.tfevents.1776294211.15e97987a4b5.21254.0,eval/loss,810,1776342076.5234807,0.20910146832466125,scalar
events.out.tfevents.1776294211.15e97987a4b5.21254.0,eval/loss,820,1776342669.8020842,0.2092282623052597,scalar
events.out.tfevents.1776294211.15e97987a4b5.21254.0,eval/loss,830,1776343258.5907547,0.21022726595401764,scalar
events.out.tfevents.1776294211.15e97987a4b5.21254.0,eval/loss,840,1776343856.231008,0.20932573080062866,scalar
events.out.tfevents.1776294211.15e97987a4b5.21254.0,eval/loss,850,1776344442.9644258,0.20953841507434845,scalar
events.out.tfevents.1776294211.15e97987a4b5.21254.0,eval/loss,860,1776345030.5544379,0.2092592865228653,scalar
events.out.tfevents.1776294211.15e97987a4b5.21254.0,eval/loss,870,1776345634.6832778,0.20821964740753174,scalar
events.out.tfevents.1776294211.15e97987a4b5.21254.0,eval/loss,880,1776346223.054253,0.2094239592552185,scalar
events.out.tfevents.1776294211.15e97987a4b5.21254.0,eval/loss,890,1776346822.6984675,0.2094969004392624,scalar
events.out.tfevents.1776294211.15e97987a4b5.21254.0,eval/loss,900,1776347417.064473,0.2074049413204193,scalar
events.out.tfevents.1776294211.15e97987a4b5.21254.0,eval/loss,910,1776348006.1171126,0.20793920755386353,scalar
events.out.tfevents.1776294211.15e97987a4b5.21254.0,eval/loss,920,1776348603.474032,0.20888575911521912,scalar
events.out.tfevents.1776294211.15e97987a4b5.21254.0,eval/loss,930,1776349201.072106,0.20848634839057922,scalar
events.out.tfevents.1776294211.15e97987a4b5.21254.0,eval/loss,940,1776349798.078481,0.20751525461673737,scalar
events.out.tfevents.1776294211.15e97987a4b5.21254.0,eval/loss,950,1776350390.1911159,0.20815452933311462,scalar
events.out.tfevents.1776294211.15e97987a4b5.21254.0,eval/loss,960,1776350978.4973896,0.2070930451154709,scalar
events.out.tfevents.1776294211.15e97987a4b5.21254.0,eval/loss,970,1776351576.9629989,0.20767436921596527,scalar
events.out.tfevents.1776294211.15e97987a4b5.21254.0,eval/loss,980,1776352169.2339988,0.2074044644832611,scalar
events.out.tfevents.1776294211.15e97987a4b5.21254.0,eval/loss,990,1776352765.9323146,0.20695838332176208,scalar
events.out.tfevents.1776294211.15e97987a4b5.21254.0,eval/loss,1000,1776353364.4533095,0.20785200595855713,scalar
events.out.tfevents.1776294211.15e97987a4b5.21254.0,eval/loss,1010,1776353961.427337,0.20723137259483337,scalar
events.out.tfevents.1776294211.15e97987a4b5.21254.0,eval/loss,1020,1776354542.2757173,0.2065955102443695,scalar
events.out.tfevents.1776294211.15e97987a4b5.21254.0,eval/loss,1030,1776355135.1459978,0.20695331692695618,scalar
events.out.tfevents.1776294211.15e97987a4b5.21254.0,eval/loss,1040,1776355710.1383953,0.20729351043701172,scalar
events.out.tfevents.1776294211.15e97987a4b5.21254.0,eval/loss,1050,1776356303.039124,0.20579755306243896,scalar
events.out.tfevents.1776294211.15e97987a4b5.21254.0,eval/loss,1060,1776356893.1060321,0.20630455017089844,scalar
events.out.tfevents.1776294211.15e97987a4b5.21254.0,eval/loss,1070,1776357479.3401308,0.2062469869852066,scalar
events.out.tfevents.1776294211.15e97987a4b5.21254.0,eval/loss,1080,1776358065.9833305,0.20560571551322937,scalar
events.out.tfevents.1776294211.15e97987a4b5.21254.0,eval/loss,1090,1776358657.1962235,0.2063649594783783,scalar
events.out.tfevents.1776294211.15e97987a4b5.21254.0,eval/loss,1100,1776359249.6937864,0.20563499629497528,scalar
events.out.tfevents.1776294211.15e97987a4b5.21254.0,eval/loss,1110,1776359841.0237546,0.2059585601091385,scalar
events.out.tfevents.1776294211.15e97987a4b5.21254.0,eval/loss,1120,1776360432.739049,0.20595481991767883,scalar
events.out.tfevents.1776294211.15e97987a4b5.21254.0,eval/loss,1130,1776361038.055905,0.20556141436100006,scalar
events.out.tfevents.1776294211.15e97987a4b5.21254.0,eval/loss,1140,1776361629.3524508,0.20560061931610107,scalar
events.out.tfevents.1776294211.15e97987a4b5.21254.0,eval/loss,1150,1776362224.9083254,0.2060466706752777,scalar
events.out.tfevents.1776294211.15e97987a4b5.21254.0,eval/loss,1160,1776362814.7913687,0.2049074023962021,scalar
events.out.tfevents.1776294211.15e97987a4b5.21254.0,eval/loss,1170,1776363410.31711,0.20526979863643646,scalar
events.out.tfevents.1776294211.15e97987a4b5.21254.0,eval/loss,1180,1776364000.9281192,0.20468951761722565,scalar
events.out.tfevents.1776294211.15e97987a4b5.21254.0,eval/loss,1190,1776364592.9439902,0.20546665787696838,scalar
events.out.tfevents.1776294211.15e97987a4b5.21254.0,eval/loss,1200,1776365185.5414894,0.20515523850917816,scalar
events.out.tfevents.1776294211.15e97987a4b5.21254.0,eval/loss,1210,1776365779.6447513,0.20549780130386353,scalar
events.out.tfevents.1776294211.15e97987a4b5.21254.0,eval/loss,1220,1776366372.1519508,0.20488916337490082,scalar
events.out.tfevents.1776294211.15e97987a4b5.21254.0,eval/loss,1230,1776366962.4930077,0.20464065670967102,scalar
events.out.tfevents.1776294211.15e97987a4b5.21254.0,eval/loss,1240,1776367549.8325667,0.20510195195674896,scalar
events.out.tfevents.1776294211.15e97987a4b5.21254.0,eval/loss,1250,1776368145.998278,0.20481084287166595,scalar
events.out.tfevents.1776294211.15e97987a4b5.21254.0,eval/loss,1260,1776368737.1079707,0.20529289543628693,scalar
events.out.tfevents.1776294211.15e97987a4b5.21254.0,eval/loss,1270,1776369333.3575346,0.20493105053901672,scalar
events.out.tfevents.1776294211.15e97987a4b5.21254.0,eval/loss,1280,1776369922.8028226,0.20496322214603424,scalar
events.out.tfevents.1776294211.15e97987a4b5.21254.0,eval/loss,1290,1776370515.681414,0.20492476224899292,scalar
events.out.tfevents.1776294211.15e97987a4b5.21254.0,eval/loss,1295,1776370768.2458081,0.20524659752845764,scalar
events.out.tfevents.1776294211.15e97987a4b5.21254.0,eval/runtime,10,1776294800.582073,13.650799751281738,scalar
events.out.tfevents.1776294211.15e97987a4b5.21254.0,eval/runtime,20,1776295394.619837,13.633299827575684,scalar
events.out.tfevents.1776294211.15e97987a4b5.21254.0,eval/runtime,30,1776295979.3581614,13.607500076293945,scalar
events.out.tfevents.1776294211.15e97987a4b5.21254.0,eval/runtime,40,1776296570.6687515,13.691699981689453,scalar
events.out.tfevents.1776294211.15e97987a4b5.21254.0,eval/runtime,50,1776297165.1953804,13.696700096130371,scalar
events.out.tfevents.1776294211.15e97987a4b5.21254.0,eval/runtime,60,1776297760.1387691,13.637999534606934,scalar
events.out.tfevents.1776294211.15e97987a4b5.21254.0,eval/runtime,70,1776298347.757673,13.67710018157959,scalar
events.out.tfevents.1776294211.15e97987a4b5.21254.0,eval/runtime,80,1776298929.9889882,13.63070011138916,scalar
events.out.tfevents.1776294211.15e97987a4b5.21254.0,eval/runtime,90,1776299513.1667526,13.63860034942627,scalar
events.out.tfevents.1776294211.15e97987a4b5.21254.0,eval/runtime,100,1776300099.6215487,13.619999885559082,scalar
events.out.tfevents.1776294211.15e97987a4b5.21254.0,eval/runtime,110,1776300696.3721876,13.718099594116211,scalar
events.out.tfevents.1776294211.15e97987a4b5.21254.0,eval/runtime,120,1776301283.461816,13.706299781799316,scalar
events.out.tfevents.1776294211.15e97987a4b5.21254.0,eval/runtime,130,1776301871.185645,13.688799858093262,scalar
events.out.tfevents.1776294211.15e97987a4b5.21254.0,eval/runtime,140,1776302459.0400586,13.749600410461426,scalar
events.out.tfevents.1776294211.15e97987a4b5.21254.0,eval/runtime,150,1776303047.1108332,13.6141996383667,scalar
events.out.tfevents.1776294211.15e97987a4b5.21254.0,eval/runtime,160,1776303636.8792114,13.633899688720703,scalar
events.out.tfevents.1776294211.15e97987a4b5.21254.0,eval/runtime,170,1776304222.3703716,13.626199722290039,scalar
events.out.tfevents.1776294211.15e97987a4b5.21254.0,eval/runtime,180,1776304818.951577,13.671199798583984,scalar
events.out.tfevents.1776294211.15e97987a4b5.21254.0,eval/runtime,190,1776305415.1268926,13.690400123596191,scalar
events.out.tfevents.1776294211.15e97987a4b5.21254.0,eval/runtime,200,1776306013.089309,13.70479965209961,scalar
events.out.tfevents.1776294211.15e97987a4b5.21254.0,eval/runtime,210,1776306603.647836,13.637900352478027,scalar
events.out.tfevents.1776294211.15e97987a4b5.21254.0,eval/runtime,220,1776307198.5431657,13.630399703979492,scalar
events.out.tfevents.1776294211.15e97987a4b5.21254.0,eval/runtime,230,1776307785.1321046,13.69320011138916,scalar
events.out.tfevents.1776294211.15e97987a4b5.21254.0,eval/runtime,240,1776308379.8237088,13.693900108337402,scalar
events.out.tfevents.1776294211.15e97987a4b5.21254.0,eval/runtime,250,1776308967.2422976,13.70740032196045,scalar
events.out.tfevents.1776294211.15e97987a4b5.21254.0,eval/runtime,260,1776309532.4967916,13.651300430297852,scalar
events.out.tfevents.1776294211.15e97987a4b5.21254.0,eval/runtime,270,1776310123.584901,13.67770004272461,scalar
events.out.tfevents.1776294211.15e97987a4b5.21254.0,eval/runtime,280,1776310717.1698916,13.667400360107422,scalar
events.out.tfevents.1776294211.15e97987a4b5.21254.0,eval/runtime,290,1776311310.1729922,13.678400039672852,scalar
events.out.tfevents.1776294211.15e97987a4b5.21254.0,eval/runtime,300,1776311903.3782337,13.743200302124023,scalar
events.out.tfevents.1776294211.15e97987a4b5.21254.0,eval/runtime,310,1776312487.8250737,13.679300308227539,scalar
events.out.tfevents.1776294211.15e97987a4b5.21254.0,eval/runtime,320,1776313081.1070874,13.679400444030762,scalar
events.out.tfevents.1776294211.15e97987a4b5.21254.0,eval/runtime,330,1776313671.891446,13.697099685668945,scalar
events.out.tfevents.1776294211.15e97987a4b5.21254.0,eval/runtime,340,1776314263.8688724,13.70199966430664,scalar
events.out.tfevents.1776294211.15e97987a4b5.21254.0,eval/runtime,350,1776314860.3537,14.337599754333496,scalar
events.out.tfevents.1776294211.15e97987a4b5.21254.0,eval/runtime,360,1776315443.7422001,13.722200393676758,scalar
events.out.tfevents.1776294211.15e97987a4b5.21254.0,eval/runtime,370,1776316038.172916,13.766900062561035,scalar
events.out.tfevents.1776294211.15e97987a4b5.21254.0,eval/runtime,380,1776316625.187075,13.782899856567383,scalar
events.out.tfevents.1776294211.15e97987a4b5.21254.0,eval/runtime,390,1776317221.0264385,14.965499877929688,scalar
events.out.tfevents.1776294211.15e97987a4b5.21254.0,eval/runtime,400,1776317813.8288138,13.742199897766113,scalar
events.out.tfevents.1776294211.15e97987a4b5.21254.0,eval/runtime,410,1776318404.1147585,13.669300079345703,scalar
events.out.tfevents.1776294211.15e97987a4b5.21254.0,eval/runtime,420,1776318995.9596949,14.333999633789062,scalar
events.out.tfevents.1776294211.15e97987a4b5.21254.0,eval/runtime,430,1776319586.1457698,13.642600059509277,scalar
events.out.tfevents.1776294211.15e97987a4b5.21254.0,eval/runtime,440,1776320175.5192413,13.728099822998047,scalar
events.out.tfevents.1776294211.15e97987a4b5.21254.0,eval/runtime,450,1776320773.3849626,13.743900299072266,scalar
events.out.tfevents.1776294211.15e97987a4b5.21254.0,eval/runtime,460,1776321361.9337914,13.654399871826172,scalar
events.out.tfevents.1776294211.15e97987a4b5.21254.0,eval/runtime,470,1776321958.0907829,13.721500396728516,scalar
events.out.tfevents.1776294211.15e97987a4b5.21254.0,eval/runtime,480,1776322548.5724711,13.69890022277832,scalar
events.out.tfevents.1776294211.15e97987a4b5.21254.0,eval/runtime,490,1776323143.3975687,13.687299728393555,scalar
events.out.tfevents.1776294211.15e97987a4b5.21254.0,eval/runtime,500,1776323743.3708293,13.678000450134277,scalar
events.out.tfevents.1776294211.15e97987a4b5.21254.0,eval/runtime,510,1776324330.6042745,13.63290023803711,scalar
events.out.tfevents.1776294211.15e97987a4b5.21254.0,eval/runtime,520,1776324900.6446764,13.66819953918457,scalar
events.out.tfevents.1776294211.15e97987a4b5.21254.0,eval/runtime,530,1776325488.4102972,14.09529972076416,scalar
events.out.tfevents.1776294211.15e97987a4b5.21254.0,eval/runtime,540,1776326085.294122,13.685999870300293,scalar
events.out.tfevents.1776294211.15e97987a4b5.21254.0,eval/runtime,550,1776326682.3486774,13.647100448608398,scalar
events.out.tfevents.1776294211.15e97987a4b5.21254.0,eval/runtime,560,1776327276.231689,13.708999633789062,scalar
events.out.tfevents.1776294211.15e97987a4b5.21254.0,eval/runtime,570,1776327876.378765,13.620699882507324,scalar
events.out.tfevents.1776294211.15e97987a4b5.21254.0,eval/runtime,580,1776328467.5777693,13.655699729919434,scalar
events.out.tfevents.1776294211.15e97987a4b5.21254.0,eval/runtime,590,1776329062.7609706,13.972000122070312,scalar
events.out.tfevents.1776294211.15e97987a4b5.21254.0,eval/runtime,600,1776329657.0752912,13.652299880981445,scalar
events.out.tfevents.1776294211.15e97987a4b5.21254.0,eval/runtime,610,1776330253.368296,13.668700218200684,scalar
events.out.tfevents.1776294211.15e97987a4b5.21254.0,eval/runtime,620,1776330840.5370488,13.708499908447266,scalar
events.out.tfevents.1776294211.15e97987a4b5.21254.0,eval/runtime,630,1776331433.383351,13.620599746704102,scalar
events.out.tfevents.1776294211.15e97987a4b5.21254.0,eval/runtime,640,1776332030.154062,13.714599609375,scalar
events.out.tfevents.1776294211.15e97987a4b5.21254.0,eval/runtime,650,1776332626.442072,13.668399810791016,scalar
events.out.tfevents.1776294211.15e97987a4b5.21254.0,eval/runtime,660,1776333209.4984276,13.68850040435791,scalar
events.out.tfevents.1776294211.15e97987a4b5.21254.0,eval/runtime,670,1776333794.8321555,13.674099922180176,scalar
events.out.tfevents.1776294211.15e97987a4b5.21254.0,eval/runtime,680,1776334387.5459092,13.640199661254883,scalar
events.out.tfevents.1776294211.15e97987a4b5.21254.0,eval/runtime,690,1776334981.1909587,13.672800064086914,scalar
events.out.tfevents.1776294211.15e97987a4b5.21254.0,eval/runtime,700,1776335571.3379278,13.96049976348877,scalar
events.out.tfevents.1776294211.15e97987a4b5.21254.0,eval/runtime,710,1776336169.2602842,13.70259952545166,scalar
events.out.tfevents.1776294211.15e97987a4b5.21254.0,eval/runtime,720,1776336758.2744305,13.698200225830078,scalar
events.out.tfevents.1776294211.15e97987a4b5.21254.0,eval/runtime,730,1776337349.9825544,13.678299903869629,scalar
events.out.tfevents.1776294211.15e97987a4b5.21254.0,eval/runtime,740,1776337950.3425379,13.656800270080566,scalar
events.out.tfevents.1776294211.15e97987a4b5.21254.0,eval/runtime,750,1776338538.5446646,13.650199890136719,scalar
events.out.tfevents.1776294211.15e97987a4b5.21254.0,eval/runtime,760,1776339128.7352407,13.706500053405762,scalar
events.out.tfevents.1776294211.15e97987a4b5.21254.0,eval/runtime,770,1776339724.4714172,13.690299987792969,scalar
events.out.tfevents.1776294211.15e97987a4b5.21254.0,eval/runtime,780,1776340294.3079963,13.643199920654297,scalar
events.out.tfevents.1776294211.15e97987a4b5.21254.0,eval/runtime,790,1776340891.4768069,13.761300086975098,scalar
events.out.tfevents.1776294211.15e97987a4b5.21254.0,eval/runtime,800,1776341479.6459365,13.725500106811523,scalar
events.out.tfevents.1776294211.15e97987a4b5.21254.0,eval/runtime,810,1776342076.5235019,14.020299911499023,scalar
events.out.tfevents.1776294211.15e97987a4b5.21254.0,eval/runtime,820,1776342669.802107,13.673100471496582,scalar
events.out.tfevents.1776294211.15e97987a4b5.21254.0,eval/runtime,830,1776343258.5907776,13.746000289916992,scalar
events.out.tfevents.1776294211.15e97987a4b5.21254.0,eval/runtime,840,1776343856.23103,13.675299644470215,scalar
events.out.tfevents.1776294211.15e97987a4b5.21254.0,eval/runtime,850,1776344442.9644508,13.660699844360352,scalar
events.out.tfevents.1776294211.15e97987a4b5.21254.0,eval/runtime,860,1776345030.5544605,13.668800354003906,scalar
events.out.tfevents.1776294211.15e97987a4b5.21254.0,eval/runtime,870,1776345634.6833,13.718899726867676,scalar
events.out.tfevents.1776294211.15e97987a4b5.21254.0,eval/runtime,880,1776346223.0542753,13.65310001373291,scalar
events.out.tfevents.1776294211.15e97987a4b5.21254.0,eval/runtime,890,1776346822.6984909,13.961099624633789,scalar
events.out.tfevents.1776294211.15e97987a4b5.21254.0,eval/runtime,900,1776347417.0644953,13.69540023803711,scalar
events.out.tfevents.1776294211.15e97987a4b5.21254.0,eval/runtime,910,1776348006.1171358,17.81529998779297,scalar
events.out.tfevents.1776294211.15e97987a4b5.21254.0,eval/runtime,920,1776348603.4740558,14.030099868774414,scalar
events.out.tfevents.1776294211.15e97987a4b5.21254.0,eval/runtime,930,1776349201.072131,13.643500328063965,scalar
events.out.tfevents.1776294211.15e97987a4b5.21254.0,eval/runtime,940,1776349798.0785055,13.718000411987305,scalar
events.out.tfevents.1776294211.15e97987a4b5.21254.0,eval/runtime,950,1776350390.1911387,13.68809986114502,scalar
events.out.tfevents.1776294211.15e97987a4b5.21254.0,eval/runtime,960,1776350978.4974115,13.708800315856934,scalar
events.out.tfevents.1776294211.15e97987a4b5.21254.0,eval/runtime,970,1776351576.9630213,14.118300437927246,scalar
events.out.tfevents.1776294211.15e97987a4b5.21254.0,eval/runtime,980,1776352169.2340217,13.714599609375,scalar
events.out.tfevents.1776294211.15e97987a4b5.21254.0,eval/runtime,990,1776352765.932339,13.750800132751465,scalar
events.out.tfevents.1776294211.15e97987a4b5.21254.0,eval/runtime,1000,1776353364.4533327,13.73009967803955,scalar
events.out.tfevents.1776294211.15e97987a4b5.21254.0,eval/runtime,1010,1776353961.4273605,13.695300102233887,scalar
events.out.tfevents.1776294211.15e97987a4b5.21254.0,eval/runtime,1020,1776354542.2757401,13.696900367736816,scalar
events.out.tfevents.1776294211.15e97987a4b5.21254.0,eval/runtime,1030,1776355135.1460207,13.663399696350098,scalar
events.out.tfevents.1776294211.15e97987a4b5.21254.0,eval/runtime,1040,1776355710.138419,13.674099922180176,scalar
events.out.tfevents.1776294211.15e97987a4b5.21254.0,eval/runtime,1050,1776356303.0391479,13.76039981842041,scalar
events.out.tfevents.1776294211.15e97987a4b5.21254.0,eval/runtime,1060,1776356893.1060538,13.726400375366211,scalar
events.out.tfevents.1776294211.15e97987a4b5.21254.0,eval/runtime,1070,1776357479.340153,13.70479965209961,scalar
events.out.tfevents.1776294211.15e97987a4b5.21254.0,eval/runtime,1080,1776358065.9833534,13.717000007629395,scalar
events.out.tfevents.1776294211.15e97987a4b5.21254.0,eval/runtime,1090,1776358657.196246,13.698599815368652,scalar
events.out.tfevents.1776294211.15e97987a4b5.21254.0,eval/runtime,1100,1776359249.6938105,13.748100280761719,scalar
events.out.tfevents.1776294211.15e97987a4b5.21254.0,eval/runtime,1110,1776359841.023777,13.742500305175781,scalar
events.out.tfevents.1776294211.15e97987a4b5.21254.0,eval/runtime,1120,1776360432.7390714,13.64840030670166,scalar
events.out.tfevents.1776294211.15e97987a4b5.21254.0,eval/runtime,1130,1776361038.055929,13.677499771118164,scalar
events.out.tfevents.1776294211.15e97987a4b5.21254.0,eval/runtime,1140,1776361629.3524728,13.710200309753418,scalar
events.out.tfevents.1776294211.15e97987a4b5.21254.0,eval/runtime,1150,1776362224.908348,13.743499755859375,scalar
events.out.tfevents.1776294211.15e97987a4b5.21254.0,eval/runtime,1160,1776362814.791392,13.744999885559082,scalar
events.out.tfevents.1776294211.15e97987a4b5.21254.0,eval/runtime,1170,1776363410.3171325,13.748800277709961,scalar
events.out.tfevents.1776294211.15e97987a4b5.21254.0,eval/runtime,1180,1776364000.928142,13.765199661254883,scalar
events.out.tfevents.1776294211.15e97987a4b5.21254.0,eval/runtime,1190,1776364592.9440134,13.704299926757812,scalar
events.out.tfevents.1776294211.15e97987a4b5.21254.0,eval/runtime,1200,1776365185.541512,13.639800071716309,scalar
events.out.tfevents.1776294211.15e97987a4b5.21254.0,eval/runtime,1210,1776365779.6447752,13.705499649047852,scalar
events.out.tfevents.1776294211.15e97987a4b5.21254.0,eval/runtime,1220,1776366372.1519737,13.672100067138672,scalar
events.out.tfevents.1776294211.15e97987a4b5.21254.0,eval/runtime,1230,1776366962.4930303,13.728400230407715,scalar
events.out.tfevents.1776294211.15e97987a4b5.21254.0,eval/runtime,1240,1776367549.83259,13.674799919128418,scalar
events.out.tfevents.1776294211.15e97987a4b5.21254.0,eval/runtime,1250,1776368145.9982994,13.718600273132324,scalar
events.out.tfevents.1776294211.15e97987a4b5.21254.0,eval/runtime,1260,1776368737.1079948,13.712300300598145,scalar
events.out.tfevents.1776294211.15e97987a4b5.21254.0,eval/runtime,1270,1776369333.357558,14.297300338745117,scalar
events.out.tfevents.1776294211.15e97987a4b5.21254.0,eval/runtime,1280,1776369922.802848,13.750499725341797,scalar
events.out.tfevents.1776294211.15e97987a4b5.21254.0,eval/runtime,1290,1776370515.6814375,13.732500076293945,scalar
events.out.tfevents.1776294211.15e97987a4b5.21254.0,eval/runtime,1295,1776370768.2458317,13.940999984741211,scalar
events.out.tfevents.1776294211.15e97987a4b5.21254.0,eval/samples_per_second,10,1776294800.5820792,3.6630001068115234,scalar
events.out.tfevents.1776294211.15e97987a4b5.21254.0,eval/samples_per_second,20,1776295394.6198428,3.6679999828338623,scalar
events.out.tfevents.1776294211.15e97987a4b5.21254.0,eval/samples_per_second,30,1776295979.3581676,3.6740000247955322,scalar
events.out.tfevents.1776294211.15e97987a4b5.21254.0,eval/samples_per_second,40,1776296570.6687574,3.6519999504089355,scalar
events.out.tfevents.1776294211.15e97987a4b5.21254.0,eval/samples_per_second,50,1776297165.195387,3.6510000228881836,scalar
events.out.tfevents.1776294211.15e97987a4b5.21254.0,eval/samples_per_second,60,1776297760.1387756,3.6659998893737793,scalar
events.out.tfevents.1776294211.15e97987a4b5.21254.0,eval/samples_per_second,70,1776298347.757679,3.6559998989105225,scalar
events.out.tfevents.1776294211.15e97987a4b5.21254.0,eval/samples_per_second,80,1776298929.988994,3.6679999828338623,scalar
events.out.tfevents.1776294211.15e97987a4b5.21254.0,eval/samples_per_second,90,1776299513.1667583,3.6659998893737793,scalar
events.out.tfevents.1776294211.15e97987a4b5.21254.0,eval/samples_per_second,100,1776300099.6215544,3.6710000038146973,scalar
events.out.tfevents.1776294211.15e97987a4b5.21254.0,eval/samples_per_second,110,1776300696.3721936,3.6449999809265137,scalar
events.out.tfevents.1776294211.15e97987a4b5.21254.0,eval/samples_per_second,120,1776301283.4618223,3.6480000019073486,scalar
events.out.tfevents.1776294211.15e97987a4b5.21254.0,eval/samples_per_second,130,1776301871.1856515,3.6530001163482666,scalar
events.out.tfevents.1776294211.15e97987a4b5.21254.0,eval/samples_per_second,140,1776302459.0400648,3.635999917984009,scalar
events.out.tfevents.1776294211.15e97987a4b5.21254.0,eval/samples_per_second,150,1776303047.1108394,3.6730000972747803,scalar
events.out.tfevents.1776294211.15e97987a4b5.21254.0,eval/samples_per_second,160,1776303636.8792176,3.6670000553131104,scalar
events.out.tfevents.1776294211.15e97987a4b5.21254.0,eval/samples_per_second,170,1776304222.3703775,3.6689999103546143,scalar
events.out.tfevents.1776294211.15e97987a4b5.21254.0,eval/samples_per_second,180,1776304818.951583,3.6570000648498535,scalar
events.out.tfevents.1776294211.15e97987a4b5.21254.0,eval/samples_per_second,190,1776305415.1268988,3.6519999504089355,scalar
events.out.tfevents.1776294211.15e97987a4b5.21254.0,eval/samples_per_second,200,1776306013.0893152,3.6480000019073486,scalar
events.out.tfevents.1776294211.15e97987a4b5.21254.0,eval/samples_per_second,210,1776306603.6478424,3.6659998893737793,scalar
events.out.tfevents.1776294211.15e97987a4b5.21254.0,eval/samples_per_second,220,1776307198.5431716,3.6679999828338623,scalar
events.out.tfevents.1776294211.15e97987a4b5.21254.0,eval/samples_per_second,230,1776307785.132111,3.6510000228881836,scalar
events.out.tfevents.1776294211.15e97987a4b5.21254.0,eval/samples_per_second,240,1776308379.823715,3.6510000228881836,scalar
events.out.tfevents.1776294211.15e97987a4b5.21254.0,eval/samples_per_second,250,1776308967.2423038,3.6480000019073486,scalar
events.out.tfevents.1776294211.15e97987a4b5.21254.0,eval/samples_per_second,260,1776309532.496798,3.6630001068115234,scalar
events.out.tfevents.1776294211.15e97987a4b5.21254.0,eval/samples_per_second,270,1776310123.5849073,3.6559998989105225,scalar
events.out.tfevents.1776294211.15e97987a4b5.21254.0,eval/samples_per_second,280,1776310717.1698978,3.6579999923706055,scalar
events.out.tfevents.1776294211.15e97987a4b5.21254.0,eval/samples_per_second,290,1776311310.1729984,3.6549999713897705,scalar
events.out.tfevents.1776294211.15e97987a4b5.21254.0,eval/samples_per_second,300,1776311903.37824,3.638000011444092,scalar
events.out.tfevents.1776294211.15e97987a4b5.21254.0,eval/samples_per_second,310,1776312487.82508,3.6549999713897705,scalar
events.out.tfevents.1776294211.15e97987a4b5.21254.0,eval/samples_per_second,320,1776313081.1070936,3.6549999713897705,scalar
events.out.tfevents.1776294211.15e97987a4b5.21254.0,eval/samples_per_second,330,1776313671.8914523,3.6500000953674316,scalar
events.out.tfevents.1776294211.15e97987a4b5.21254.0,eval/samples_per_second,340,1776314263.8688784,3.6489999294281006,scalar
events.out.tfevents.1776294211.15e97987a4b5.21254.0,eval/samples_per_second,350,1776314860.353706,3.486999988555908,scalar
events.out.tfevents.1776294211.15e97987a4b5.21254.0,eval/samples_per_second,360,1776315443.742206,3.6440000534057617,scalar
events.out.tfevents.1776294211.15e97987a4b5.21254.0,eval/samples_per_second,370,1776316038.172922,3.631999969482422,scalar
events.out.tfevents.1776294211.15e97987a4b5.21254.0,eval/samples_per_second,380,1776316625.187081,3.628000020980835,scalar
events.out.tfevents.1776294211.15e97987a4b5.21254.0,eval/samples_per_second,390,1776317221.0264442,3.3410000801086426,scalar
events.out.tfevents.1776294211.15e97987a4b5.21254.0,eval/samples_per_second,400,1776317813.8288202,3.638000011444092,scalar
events.out.tfevents.1776294211.15e97987a4b5.21254.0,eval/samples_per_second,410,1776318404.1147642,3.6579999923706055,scalar
events.out.tfevents.1776294211.15e97987a4b5.21254.0,eval/samples_per_second,420,1776318995.9597006,3.48799991607666,scalar
events.out.tfevents.1776294211.15e97987a4b5.21254.0,eval/samples_per_second,430,1776319586.1457756,3.6649999618530273,scalar
events.out.tfevents.1776294211.15e97987a4b5.21254.0,eval/samples_per_second,440,1776320175.5192478,3.6419999599456787,scalar
events.out.tfevents.1776294211.15e97987a4b5.21254.0,eval/samples_per_second,450,1776320773.3849688,3.638000011444092,scalar
events.out.tfevents.1776294211.15e97987a4b5.21254.0,eval/samples_per_second,460,1776321361.9337976,3.6619999408721924,scalar
events.out.tfevents.1776294211.15e97987a4b5.21254.0,eval/samples_per_second,470,1776321958.090789,3.6440000534057617,scalar
events.out.tfevents.1776294211.15e97987a4b5.21254.0,eval/samples_per_second,480,1776322548.5724773,3.6500000953674316,scalar
events.out.tfevents.1776294211.15e97987a4b5.21254.0,eval/samples_per_second,490,1776323143.397575,3.6530001163482666,scalar
events.out.tfevents.1776294211.15e97987a4b5.21254.0,eval/samples_per_second,500,1776323743.3708355,3.6549999713897705,scalar
events.out.tfevents.1776294211.15e97987a4b5.21254.0,eval/samples_per_second,510,1776324330.6042805,3.6679999828338623,scalar
events.out.tfevents.1776294211.15e97987a4b5.21254.0,eval/samples_per_second,520,1776324900.6446824,3.6579999923706055,scalar
events.out.tfevents.1776294211.15e97987a4b5.21254.0,eval/samples_per_second,530,1776325488.4103038,3.546999931335449,scalar
events.out.tfevents.1776294211.15e97987a4b5.21254.0,eval/samples_per_second,540,1776326085.2941287,3.6530001163482666,scalar
events.out.tfevents.1776294211.15e97987a4b5.21254.0,eval/samples_per_second,550,1776326682.3486834,3.6640000343322754,scalar
events.out.tfevents.1776294211.15e97987a4b5.21254.0,eval/samples_per_second,560,1776327276.231695,3.6470000743865967,scalar
events.out.tfevents.1776294211.15e97987a4b5.21254.0,eval/samples_per_second,570,1776327876.3787713,3.6710000038146973,scalar
events.out.tfevents.1776294211.15e97987a4b5.21254.0,eval/samples_per_second,580,1776328467.577775,3.6610000133514404,scalar
events.out.tfevents.1776294211.15e97987a4b5.21254.0,eval/samples_per_second,590,1776329062.7609766,3.5789999961853027,scalar
events.out.tfevents.1776294211.15e97987a4b5.21254.0,eval/samples_per_second,600,1776329657.0752969,3.6619999408721924,scalar
events.out.tfevents.1776294211.15e97987a4b5.21254.0,eval/samples_per_second,610,1776330253.368302,3.6579999923706055,scalar
events.out.tfevents.1776294211.15e97987a4b5.21254.0,eval/samples_per_second,620,1776330840.537055,3.6470000743865967,scalar
events.out.tfevents.1776294211.15e97987a4b5.21254.0,eval/samples_per_second,630,1776331433.3833573,3.6710000038146973,scalar
events.out.tfevents.1776294211.15e97987a4b5.21254.0,eval/samples_per_second,640,1776332030.1540682,3.6459999084472656,scalar
events.out.tfevents.1776294211.15e97987a4b5.21254.0,eval/samples_per_second,650,1776332626.4420776,3.6579999923706055,scalar
events.out.tfevents.1776294211.15e97987a4b5.21254.0,eval/samples_per_second,660,1776333209.498434,3.6530001163482666,scalar
events.out.tfevents.1776294211.15e97987a4b5.21254.0,eval/samples_per_second,670,1776333794.8321612,3.6570000648498535,scalar
events.out.tfevents.1776294211.15e97987a4b5.21254.0,eval/samples_per_second,680,1776334387.5459151,3.6659998893737793,scalar
events.out.tfevents.1776294211.15e97987a4b5.21254.0,eval/samples_per_second,690,1776334981.1909652,3.6570000648498535,scalar
events.out.tfevents.1776294211.15e97987a4b5.21254.0,eval/samples_per_second,700,1776335571.3379345,3.5820000171661377,scalar
events.out.tfevents.1776294211.15e97987a4b5.21254.0,eval/samples_per_second,710,1776336169.26029,3.6489999294281006,scalar
events.out.tfevents.1776294211.15e97987a4b5.21254.0,eval/samples_per_second,720,1776336758.2744367,3.6500000953674316,scalar
events.out.tfevents.1776294211.15e97987a4b5.21254.0,eval/samples_per_second,730,1776337349.9825602,3.6549999713897705,scalar
events.out.tfevents.1776294211.15e97987a4b5.21254.0,eval/samples_per_second,740,1776337950.3425438,3.6610000133514404,scalar
events.out.tfevents.1776294211.15e97987a4b5.21254.0,eval/samples_per_second,750,1776338538.5446708,3.6630001068115234,scalar
events.out.tfevents.1776294211.15e97987a4b5.21254.0,eval/samples_per_second,760,1776339128.735247,3.6480000019073486,scalar
events.out.tfevents.1776294211.15e97987a4b5.21254.0,eval/samples_per_second,770,1776339724.4714231,3.6519999504089355,scalar
events.out.tfevents.1776294211.15e97987a4b5.21254.0,eval/samples_per_second,780,1776340294.3080041,3.6649999618530273,scalar
events.out.tfevents.1776294211.15e97987a4b5.21254.0,eval/samples_per_second,790,1776340891.4768133,3.632999897003174,scalar
events.out.tfevents.1776294211.15e97987a4b5.21254.0,eval/samples_per_second,800,1776341479.6459424,3.6429998874664307,scalar
events.out.tfevents.1776294211.15e97987a4b5.21254.0,eval/samples_per_second,810,1776342076.5235076,3.565999984741211,scalar
events.out.tfevents.1776294211.15e97987a4b5.21254.0,eval/samples_per_second,820,1776342669.802113,3.6570000648498535,scalar
events.out.tfevents.1776294211.15e97987a4b5.21254.0,eval/samples_per_second,830,1776343258.590784,3.63700008392334,scalar
events.out.tfevents.1776294211.15e97987a4b5.21254.0,eval/samples_per_second,840,1776343856.2310362,3.6559998989105225,scalar
events.out.tfevents.1776294211.15e97987a4b5.21254.0,eval/samples_per_second,850,1776344442.9644573,3.6600000858306885,scalar
events.out.tfevents.1776294211.15e97987a4b5.21254.0,eval/samples_per_second,860,1776345030.5544674,3.6579999923706055,scalar
events.out.tfevents.1776294211.15e97987a4b5.21254.0,eval/samples_per_second,870,1776345634.6833062,3.6449999809265137,scalar
events.out.tfevents.1776294211.15e97987a4b5.21254.0,eval/samples_per_second,880,1776346223.0542815,3.6619999408721924,scalar
events.out.tfevents.1776294211.15e97987a4b5.21254.0,eval/samples_per_second,890,1776346822.698497,3.5810000896453857,scalar
events.out.tfevents.1776294211.15e97987a4b5.21254.0,eval/samples_per_second,900,1776347417.0645018,3.6510000228881836,scalar
events.out.tfevents.1776294211.15e97987a4b5.21254.0,eval/samples_per_second,910,1776348006.117142,2.806999921798706,scalar
events.out.tfevents.1776294211.15e97987a4b5.21254.0,eval/samples_per_second,920,1776348603.4740617,3.563999891281128,scalar
events.out.tfevents.1776294211.15e97987a4b5.21254.0,eval/samples_per_second,930,1776349201.0721366,3.6649999618530273,scalar
events.out.tfevents.1776294211.15e97987a4b5.21254.0,eval/samples_per_second,940,1776349798.0785115,3.6449999809265137,scalar
events.out.tfevents.1776294211.15e97987a4b5.21254.0,eval/samples_per_second,950,1776350390.191145,3.6530001163482666,scalar
events.out.tfevents.1776294211.15e97987a4b5.21254.0,eval/samples_per_second,960,1776350978.4974174,3.6470000743865967,scalar
events.out.tfevents.1776294211.15e97987a4b5.21254.0,eval/samples_per_second,970,1776351576.9630275,3.5409998893737793,scalar
events.out.tfevents.1776294211.15e97987a4b5.21254.0,eval/samples_per_second,980,1776352169.2340279,3.6459999084472656,scalar
events.out.tfevents.1776294211.15e97987a4b5.21254.0,eval/samples_per_second,990,1776352765.932345,3.635999917984009,scalar
events.out.tfevents.1776294211.15e97987a4b5.21254.0,eval/samples_per_second,1000,1776353364.4533389,3.6419999599456787,scalar
events.out.tfevents.1776294211.15e97987a4b5.21254.0,eval/samples_per_second,1010,1776353961.427367,3.6510000228881836,scalar
events.out.tfevents.1776294211.15e97987a4b5.21254.0,eval/samples_per_second,1020,1776354542.2757468,3.6500000953674316,scalar
events.out.tfevents.1776294211.15e97987a4b5.21254.0,eval/samples_per_second,1030,1776355135.1460268,3.6589999198913574,scalar
events.out.tfevents.1776294211.15e97987a4b5.21254.0,eval/samples_per_second,1040,1776355710.138425,3.6570000648498535,scalar
events.out.tfevents.1776294211.15e97987a4b5.21254.0,eval/samples_per_second,1050,1776356303.0391543,3.634000062942505,scalar
events.out.tfevents.1776294211.15e97987a4b5.21254.0,eval/samples_per_second,1060,1776356893.1060598,3.6429998874664307,scalar
events.out.tfevents.1776294211.15e97987a4b5.21254.0,eval/samples_per_second,1070,1776357479.3401592,3.6480000019073486,scalar
events.out.tfevents.1776294211.15e97987a4b5.21254.0,eval/samples_per_second,1080,1776358065.9833596,3.6449999809265137,scalar
events.out.tfevents.1776294211.15e97987a4b5.21254.0,eval/samples_per_second,1090,1776358657.196252,3.6500000953674316,scalar
events.out.tfevents.1776294211.15e97987a4b5.21254.0,eval/samples_per_second,1100,1776359249.6938164,3.63700008392334,scalar
events.out.tfevents.1776294211.15e97987a4b5.21254.0,eval/samples_per_second,1110,1776359841.023783,3.638000011444092,scalar
events.out.tfevents.1776294211.15e97987a4b5.21254.0,eval/samples_per_second,1120,1776360432.7390778,3.6630001068115234,scalar
events.out.tfevents.1776294211.15e97987a4b5.21254.0,eval/samples_per_second,1130,1776361038.0559351,3.6559998989105225,scalar
events.out.tfevents.1776294211.15e97987a4b5.21254.0,eval/samples_per_second,1140,1776361629.3524787,3.6470000743865967,scalar
events.out.tfevents.1776294211.15e97987a4b5.21254.0,eval/samples_per_second,1150,1776362224.9083538,3.638000011444092,scalar
events.out.tfevents.1776294211.15e97987a4b5.21254.0,eval/samples_per_second,1160,1776362814.791398,3.638000011444092,scalar
events.out.tfevents.1776294211.15e97987a4b5.21254.0,eval/samples_per_second,1170,1776363410.3171387,3.63700008392334,scalar
events.out.tfevents.1776294211.15e97987a4b5.21254.0,eval/samples_per_second,1180,1776364000.9281483,3.631999969482422,scalar
events.out.tfevents.1776294211.15e97987a4b5.21254.0,eval/samples_per_second,1190,1776364592.9440196,3.6480000019073486,scalar
events.out.tfevents.1776294211.15e97987a4b5.21254.0,eval/samples_per_second,1200,1776365185.5415177,3.6659998893737793,scalar
events.out.tfevents.1776294211.15e97987a4b5.21254.0,eval/samples_per_second,1210,1776365779.6447814,3.6480000019073486,scalar
events.out.tfevents.1776294211.15e97987a4b5.21254.0,eval/samples_per_second,1220,1776366372.1519792,3.6570000648498535,scalar
events.out.tfevents.1776294211.15e97987a4b5.21254.0,eval/samples_per_second,1230,1776366962.4930365,3.6419999599456787,scalar
events.out.tfevents.1776294211.15e97987a4b5.21254.0,eval/samples_per_second,1240,1776367549.8325965,3.6559998989105225,scalar
events.out.tfevents.1776294211.15e97987a4b5.21254.0,eval/samples_per_second,1250,1776368145.998305,3.6449999809265137,scalar
events.out.tfevents.1776294211.15e97987a4b5.21254.0,eval/samples_per_second,1260,1776368737.1080015,3.6459999084472656,scalar
events.out.tfevents.1776294211.15e97987a4b5.21254.0,eval/samples_per_second,1270,1776369333.3575642,3.496999979019165,scalar
events.out.tfevents.1776294211.15e97987a4b5.21254.0,eval/samples_per_second,1280,1776369922.802854,3.635999917984009,scalar
events.out.tfevents.1776294211.15e97987a4b5.21254.0,eval/samples_per_second,1290,1776370515.6814437,3.6410000324249268,scalar
events.out.tfevents.1776294211.15e97987a4b5.21254.0,eval/samples_per_second,1295,1776370768.2458382,3.5869998931884766,scalar
events.out.tfevents.1776294211.15e97987a4b5.21254.0,eval/steps_per_second,10,1776294800.5820842,3.6630001068115234,scalar
events.out.tfevents.1776294211.15e97987a4b5.21254.0,eval/steps_per_second,20,1776295394.6198475,3.6679999828338623,scalar
events.out.tfevents.1776294211.15e97987a4b5.21254.0,eval/steps_per_second,30,1776295979.3581722,3.6740000247955322,scalar
events.out.tfevents.1776294211.15e97987a4b5.21254.0,eval/steps_per_second,40,1776296570.6687627,3.6519999504089355,scalar
events.out.tfevents.1776294211.15e97987a4b5.21254.0,eval/steps_per_second,50,1776297165.195392,3.6510000228881836,scalar
events.out.tfevents.1776294211.15e97987a4b5.21254.0,eval/steps_per_second,60,1776297760.1387804,3.6659998893737793,scalar
events.out.tfevents.1776294211.15e97987a4b5.21254.0,eval/steps_per_second,70,1776298347.7576842,3.6559998989105225,scalar
events.out.tfevents.1776294211.15e97987a4b5.21254.0,eval/steps_per_second,80,1776298929.9889984,3.6679999828338623,scalar
events.out.tfevents.1776294211.15e97987a4b5.21254.0,eval/steps_per_second,90,1776299513.1667635,3.6659998893737793,scalar
events.out.tfevents.1776294211.15e97987a4b5.21254.0,eval/steps_per_second,100,1776300099.6215587,3.6710000038146973,scalar
events.out.tfevents.1776294211.15e97987a4b5.21254.0,eval/steps_per_second,110,1776300696.3721986,3.6449999809265137,scalar
events.out.tfevents.1776294211.15e97987a4b5.21254.0,eval/steps_per_second,120,1776301283.4618273,3.6480000019073486,scalar
events.out.tfevents.1776294211.15e97987a4b5.21254.0,eval/steps_per_second,130,1776301871.1856563,3.6530001163482666,scalar
events.out.tfevents.1776294211.15e97987a4b5.21254.0,eval/steps_per_second,140,1776302459.0400696,3.635999917984009,scalar
events.out.tfevents.1776294211.15e97987a4b5.21254.0,eval/steps_per_second,150,1776303047.1108441,3.6730000972747803,scalar
events.out.tfevents.1776294211.15e97987a4b5.21254.0,eval/steps_per_second,160,1776303636.8792226,3.6670000553131104,scalar
events.out.tfevents.1776294211.15e97987a4b5.21254.0,eval/steps_per_second,170,1776304222.370382,3.6689999103546143,scalar
events.out.tfevents.1776294211.15e97987a4b5.21254.0,eval/steps_per_second,180,1776304818.9515882,3.6570000648498535,scalar
events.out.tfevents.1776294211.15e97987a4b5.21254.0,eval/steps_per_second,190,1776305415.1269035,3.6519999504089355,scalar
events.out.tfevents.1776294211.15e97987a4b5.21254.0,eval/steps_per_second,200,1776306013.08932,3.6480000019073486,scalar
events.out.tfevents.1776294211.15e97987a4b5.21254.0,eval/steps_per_second,210,1776306603.6478477,3.6659998893737793,scalar
events.out.tfevents.1776294211.15e97987a4b5.21254.0,eval/steps_per_second,220,1776307198.5431762,3.6679999828338623,scalar
events.out.tfevents.1776294211.15e97987a4b5.21254.0,eval/steps_per_second,230,1776307785.1321166,3.6510000228881836,scalar
events.out.tfevents.1776294211.15e97987a4b5.21254.0,eval/steps_per_second,240,1776308379.82372,3.6510000228881836,scalar
events.out.tfevents.1776294211.15e97987a4b5.21254.0,eval/steps_per_second,250,1776308967.2423086,3.6480000019073486,scalar
events.out.tfevents.1776294211.15e97987a4b5.21254.0,eval/steps_per_second,260,1776309532.4968026,3.6630001068115234,scalar
events.out.tfevents.1776294211.15e97987a4b5.21254.0,eval/steps_per_second,270,1776310123.584912,3.6559998989105225,scalar
events.out.tfevents.1776294211.15e97987a4b5.21254.0,eval/steps_per_second,280,1776310717.1699026,3.6579999923706055,scalar
events.out.tfevents.1776294211.15e97987a4b5.21254.0,eval/steps_per_second,290,1776311310.1730027,3.6549999713897705,scalar
events.out.tfevents.1776294211.15e97987a4b5.21254.0,eval/steps_per_second,300,1776311903.3782449,3.638000011444092,scalar
events.out.tfevents.1776294211.15e97987a4b5.21254.0,eval/steps_per_second,310,1776312487.8250844,3.6549999713897705,scalar
events.out.tfevents.1776294211.15e97987a4b5.21254.0,eval/steps_per_second,320,1776313081.1070983,3.6549999713897705,scalar
events.out.tfevents.1776294211.15e97987a4b5.21254.0,eval/steps_per_second,330,1776313671.891457,3.6500000953674316,scalar
events.out.tfevents.1776294211.15e97987a4b5.21254.0,eval/steps_per_second,340,1776314263.8688831,3.6489999294281006,scalar
events.out.tfevents.1776294211.15e97987a4b5.21254.0,eval/steps_per_second,350,1776314860.353711,3.486999988555908,scalar
events.out.tfevents.1776294211.15e97987a4b5.21254.0,eval/steps_per_second,360,1776315443.7422113,3.6440000534057617,scalar
events.out.tfevents.1776294211.15e97987a4b5.21254.0,eval/steps_per_second,370,1776316038.1729267,3.631999969482422,scalar
events.out.tfevents.1776294211.15e97987a4b5.21254.0,eval/steps_per_second,380,1776316625.1870859,3.628000020980835,scalar
events.out.tfevents.1776294211.15e97987a4b5.21254.0,eval/steps_per_second,390,1776317221.026449,3.3410000801086426,scalar
events.out.tfevents.1776294211.15e97987a4b5.21254.0,eval/steps_per_second,400,1776317813.8288248,3.638000011444092,scalar
events.out.tfevents.1776294211.15e97987a4b5.21254.0,eval/steps_per_second,410,1776318404.1147692,3.6579999923706055,scalar
events.out.tfevents.1776294211.15e97987a4b5.21254.0,eval/steps_per_second,420,1776318995.959705,3.48799991607666,scalar
events.out.tfevents.1776294211.15e97987a4b5.21254.0,eval/steps_per_second,430,1776319586.1457808,3.6649999618530273,scalar
events.out.tfevents.1776294211.15e97987a4b5.21254.0,eval/steps_per_second,440,1776320175.5192528,3.6419999599456787,scalar
events.out.tfevents.1776294211.15e97987a4b5.21254.0,eval/steps_per_second,450,1776320773.384973,3.638000011444092,scalar
events.out.tfevents.1776294211.15e97987a4b5.21254.0,eval/steps_per_second,460,1776321361.9338021,3.6619999408721924,scalar
events.out.tfevents.1776294211.15e97987a4b5.21254.0,eval/steps_per_second,470,1776321958.0907936,3.6440000534057617,scalar
events.out.tfevents.1776294211.15e97987a4b5.21254.0,eval/steps_per_second,480,1776322548.5724823,3.6500000953674316,scalar
events.out.tfevents.1776294211.15e97987a4b5.21254.0,eval/steps_per_second,490,1776323143.3975797,3.6530001163482666,scalar
events.out.tfevents.1776294211.15e97987a4b5.21254.0,eval/steps_per_second,500,1776323743.3708408,3.6549999713897705,scalar
events.out.tfevents.1776294211.15e97987a4b5.21254.0,eval/steps_per_second,510,1776324330.604286,3.6679999828338623,scalar
events.out.tfevents.1776294211.15e97987a4b5.21254.0,eval/steps_per_second,520,1776324900.6446877,3.6579999923706055,scalar
events.out.tfevents.1776294211.15e97987a4b5.21254.0,eval/steps_per_second,530,1776325488.4103093,3.546999931335449,scalar
events.out.tfevents.1776294211.15e97987a4b5.21254.0,eval/steps_per_second,540,1776326085.2941334,3.6530001163482666,scalar
events.out.tfevents.1776294211.15e97987a4b5.21254.0,eval/steps_per_second,550,1776326682.3486886,3.6640000343322754,scalar
events.out.tfevents.1776294211.15e97987a4b5.21254.0,eval/steps_per_second,560,1776327276.2316997,3.6470000743865967,scalar
events.out.tfevents.1776294211.15e97987a4b5.21254.0,eval/steps_per_second,570,1776327876.378776,3.6710000038146973,scalar
events.out.tfevents.1776294211.15e97987a4b5.21254.0,eval/steps_per_second,580,1776328467.57778,3.6610000133514404,scalar
events.out.tfevents.1776294211.15e97987a4b5.21254.0,eval/steps_per_second,590,1776329062.760982,3.5789999961853027,scalar
events.out.tfevents.1776294211.15e97987a4b5.21254.0,eval/steps_per_second,600,1776329657.0753014,3.6619999408721924,scalar
events.out.tfevents.1776294211.15e97987a4b5.21254.0,eval/steps_per_second,610,1776330253.3683069,3.6579999923706055,scalar
events.out.tfevents.1776294211.15e97987a4b5.21254.0,eval/steps_per_second,620,1776330840.5370598,3.6470000743865967,scalar
events.out.tfevents.1776294211.15e97987a4b5.21254.0,eval/steps_per_second,630,1776331433.383362,3.6710000038146973,scalar
events.out.tfevents.1776294211.15e97987a4b5.21254.0,eval/steps_per_second,640,1776332030.1540737,3.6459999084472656,scalar
events.out.tfevents.1776294211.15e97987a4b5.21254.0,eval/steps_per_second,650,1776332626.4420831,3.6579999923706055,scalar
events.out.tfevents.1776294211.15e97987a4b5.21254.0,eval/steps_per_second,660,1776333209.4984388,3.6530001163482666,scalar
events.out.tfevents.1776294211.15e97987a4b5.21254.0,eval/steps_per_second,670,1776333794.8321662,3.6570000648498535,scalar
events.out.tfevents.1776294211.15e97987a4b5.21254.0,eval/steps_per_second,680,1776334387.54592,3.6659998893737793,scalar
events.out.tfevents.1776294211.15e97987a4b5.21254.0,eval/steps_per_second,690,1776334981.1909704,3.6570000648498535,scalar
events.out.tfevents.1776294211.15e97987a4b5.21254.0,eval/steps_per_second,700,1776335571.3379402,3.5820000171661377,scalar
events.out.tfevents.1776294211.15e97987a4b5.21254.0,eval/steps_per_second,710,1776336169.2602942,3.6489999294281006,scalar
events.out.tfevents.1776294211.15e97987a4b5.21254.0,eval/steps_per_second,720,1776336758.2744415,3.6500000953674316,scalar
events.out.tfevents.1776294211.15e97987a4b5.21254.0,eval/steps_per_second,730,1776337349.982565,3.6549999713897705,scalar
events.out.tfevents.1776294211.15e97987a4b5.21254.0,eval/steps_per_second,740,1776337950.342549,3.6610000133514404,scalar
events.out.tfevents.1776294211.15e97987a4b5.21254.0,eval/steps_per_second,750,1776338538.544675,3.6630001068115234,scalar
events.out.tfevents.1776294211.15e97987a4b5.21254.0,eval/steps_per_second,760,1776339128.735252,3.6480000019073486,scalar
events.out.tfevents.1776294211.15e97987a4b5.21254.0,eval/steps_per_second,770,1776339724.4714282,3.6519999504089355,scalar
events.out.tfevents.1776294211.15e97987a4b5.21254.0,eval/steps_per_second,780,1776340294.3080115,3.6649999618530273,scalar
events.out.tfevents.1776294211.15e97987a4b5.21254.0,eval/steps_per_second,790,1776340891.476818,3.632999897003174,scalar
events.out.tfevents.1776294211.15e97987a4b5.21254.0,eval/steps_per_second,800,1776341479.6459477,3.6429998874664307,scalar
events.out.tfevents.1776294211.15e97987a4b5.21254.0,eval/steps_per_second,810,1776342076.5235124,3.565999984741211,scalar
events.out.tfevents.1776294211.15e97987a4b5.21254.0,eval/steps_per_second,820,1776342669.8021176,3.6570000648498535,scalar
events.out.tfevents.1776294211.15e97987a4b5.21254.0,eval/steps_per_second,830,1776343258.5907886,3.63700008392334,scalar
events.out.tfevents.1776294211.15e97987a4b5.21254.0,eval/steps_per_second,840,1776343856.231041,3.6559998989105225,scalar
events.out.tfevents.1776294211.15e97987a4b5.21254.0,eval/steps_per_second,850,1776344442.9644623,3.6600000858306885,scalar
events.out.tfevents.1776294211.15e97987a4b5.21254.0,eval/steps_per_second,860,1776345030.5544722,3.6579999923706055,scalar
events.out.tfevents.1776294211.15e97987a4b5.21254.0,eval/steps_per_second,870,1776345634.6833107,3.6449999809265137,scalar
events.out.tfevents.1776294211.15e97987a4b5.21254.0,eval/steps_per_second,880,1776346223.054287,3.6619999408721924,scalar
events.out.tfevents.1776294211.15e97987a4b5.21254.0,eval/steps_per_second,890,1776346822.6985016,3.5810000896453857,scalar
events.out.tfevents.1776294211.15e97987a4b5.21254.0,eval/steps_per_second,900,1776347417.0645065,3.6510000228881836,scalar
events.out.tfevents.1776294211.15e97987a4b5.21254.0,eval/steps_per_second,910,1776348006.117147,2.806999921798706,scalar
events.out.tfevents.1776294211.15e97987a4b5.21254.0,eval/steps_per_second,920,1776348603.4740667,3.563999891281128,scalar
events.out.tfevents.1776294211.15e97987a4b5.21254.0,eval/steps_per_second,930,1776349201.0721416,3.6649999618530273,scalar
events.out.tfevents.1776294211.15e97987a4b5.21254.0,eval/steps_per_second,940,1776349798.078516,3.6449999809265137,scalar
events.out.tfevents.1776294211.15e97987a4b5.21254.0,eval/steps_per_second,950,1776350390.1911497,3.6530001163482666,scalar
events.out.tfevents.1776294211.15e97987a4b5.21254.0,eval/steps_per_second,960,1776350978.497422,3.6470000743865967,scalar
events.out.tfevents.1776294211.15e97987a4b5.21254.0,eval/steps_per_second,970,1776351576.963032,3.5409998893737793,scalar
events.out.tfevents.1776294211.15e97987a4b5.21254.0,eval/steps_per_second,980,1776352169.2340329,3.6459999084472656,scalar
events.out.tfevents.1776294211.15e97987a4b5.21254.0,eval/steps_per_second,990,1776352765.9323497,3.635999917984009,scalar
events.out.tfevents.1776294211.15e97987a4b5.21254.0,eval/steps_per_second,1000,1776353364.453344,3.6419999599456787,scalar
events.out.tfevents.1776294211.15e97987a4b5.21254.0,eval/steps_per_second,1010,1776353961.4273717,3.6510000228881836,scalar
events.out.tfevents.1776294211.15e97987a4b5.21254.0,eval/steps_per_second,1020,1776354542.2757516,3.6500000953674316,scalar
events.out.tfevents.1776294211.15e97987a4b5.21254.0,eval/steps_per_second,1030,1776355135.1460319,3.6589999198913574,scalar
events.out.tfevents.1776294211.15e97987a4b5.21254.0,eval/steps_per_second,1040,1776355710.1384296,3.6570000648498535,scalar
events.out.tfevents.1776294211.15e97987a4b5.21254.0,eval/steps_per_second,1050,1776356303.039159,3.634000062942505,scalar
events.out.tfevents.1776294211.15e97987a4b5.21254.0,eval/steps_per_second,1060,1776356893.1060648,3.6429998874664307,scalar
events.out.tfevents.1776294211.15e97987a4b5.21254.0,eval/steps_per_second,1070,1776357479.340164,3.6480000019073486,scalar
events.out.tfevents.1776294211.15e97987a4b5.21254.0,eval/steps_per_second,1080,1776358065.983364,3.6449999809265137,scalar
events.out.tfevents.1776294211.15e97987a4b5.21254.0,eval/steps_per_second,1090,1776358657.196257,3.6500000953674316,scalar
events.out.tfevents.1776294211.15e97987a4b5.21254.0,eval/steps_per_second,1100,1776359249.6938217,3.63700008392334,scalar
events.out.tfevents.1776294211.15e97987a4b5.21254.0,eval/steps_per_second,1110,1776359841.0237877,3.638000011444092,scalar
events.out.tfevents.1776294211.15e97987a4b5.21254.0,eval/steps_per_second,1120,1776360432.7390826,3.6630001068115234,scalar
events.out.tfevents.1776294211.15e97987a4b5.21254.0,eval/steps_per_second,1130,1776361038.0559404,3.6559998989105225,scalar
events.out.tfevents.1776294211.15e97987a4b5.21254.0,eval/steps_per_second,1140,1776361629.3524833,3.6470000743865967,scalar
events.out.tfevents.1776294211.15e97987a4b5.21254.0,eval/steps_per_second,1150,1776362224.9083586,3.638000011444092,scalar
events.out.tfevents.1776294211.15e97987a4b5.21254.0,eval/steps_per_second,1160,1776362814.791403,3.638000011444092,scalar
events.out.tfevents.1776294211.15e97987a4b5.21254.0,eval/steps_per_second,1170,1776363410.3171434,3.63700008392334,scalar
events.out.tfevents.1776294211.15e97987a4b5.21254.0,eval/steps_per_second,1180,1776364000.928153,3.631999969482422,scalar
events.out.tfevents.1776294211.15e97987a4b5.21254.0,eval/steps_per_second,1190,1776364592.944024,3.6480000019073486,scalar
events.out.tfevents.1776294211.15e97987a4b5.21254.0,eval/steps_per_second,1200,1776365185.5415223,3.6659998893737793,scalar
events.out.tfevents.1776294211.15e97987a4b5.21254.0,eval/steps_per_second,1210,1776365779.6447861,3.6480000019073486,scalar
events.out.tfevents.1776294211.15e97987a4b5.21254.0,eval/steps_per_second,1220,1776366372.151984,3.6570000648498535,scalar
events.out.tfevents.1776294211.15e97987a4b5.21254.0,eval/steps_per_second,1230,1776366962.4930418,3.6419999599456787,scalar
events.out.tfevents.1776294211.15e97987a4b5.21254.0,eval/steps_per_second,1240,1776367549.8326008,3.6559998989105225,scalar
events.out.tfevents.1776294211.15e97987a4b5.21254.0,eval/steps_per_second,1250,1776368145.9983094,3.6449999809265137,scalar
events.out.tfevents.1776294211.15e97987a4b5.21254.0,eval/steps_per_second,1260,1776368737.1080067,3.6459999084472656,scalar
events.out.tfevents.1776294211.15e97987a4b5.21254.0,eval/steps_per_second,1270,1776369333.3575692,3.496999979019165,scalar
events.out.tfevents.1776294211.15e97987a4b5.21254.0,eval/steps_per_second,1280,1776369922.80287,3.635999917984009,scalar
events.out.tfevents.1776294211.15e97987a4b5.21254.0,eval/steps_per_second,1290,1776370515.6814482,3.6410000324249268,scalar
events.out.tfevents.1776294211.15e97987a4b5.21254.0,eval/steps_per_second,1295,1776370768.245843,3.5869998931884766,scalar
events.out.tfevents.1776294211.15e97987a4b5.21254.0,eval/entropy,10,1776294800.5820887,1.2864141464233398,scalar
events.out.tfevents.1776294211.15e97987a4b5.21254.0,eval/entropy,20,1776295394.6198523,1.919661045074463,scalar
events.out.tfevents.1776294211.15e97987a4b5.21254.0,eval/entropy,30,1776295979.3581772,1.607251524925232,scalar
events.out.tfevents.1776294211.15e97987a4b5.21254.0,eval/entropy,40,1776296570.6687672,0.5157392024993896,scalar
events.out.tfevents.1776294211.15e97987a4b5.21254.0,eval/entropy,50,1776297165.1953967,0.28234583139419556,scalar
events.out.tfevents.1776294211.15e97987a4b5.21254.0,eval/entropy,60,1776297760.1387854,0.2495078295469284,scalar
events.out.tfevents.1776294211.15e97987a4b5.21254.0,eval/entropy,70,1776298347.7576888,0.23422206938266754,scalar
events.out.tfevents.1776294211.15e97987a4b5.21254.0,eval/entropy,80,1776298929.9890027,0.223246231675148,scalar
events.out.tfevents.1776294211.15e97987a4b5.21254.0,eval/entropy,90,1776299513.166768,0.21803060173988342,scalar
events.out.tfevents.1776294211.15e97987a4b5.21254.0,eval/entropy,100,1776300099.6215632,0.20985348522663116,scalar
events.out.tfevents.1776294211.15e97987a4b5.21254.0,eval/entropy,110,1776300696.372203,0.20258168876171112,scalar
events.out.tfevents.1776294211.15e97987a4b5.21254.0,eval/entropy,120,1776301283.4618323,0.20222660899162292,scalar
events.out.tfevents.1776294211.15e97987a4b5.21254.0,eval/entropy,130,1776301871.1856608,0.20928868651390076,scalar
events.out.tfevents.1776294211.15e97987a4b5.21254.0,eval/entropy,140,1776302459.0400739,0.19619092345237732,scalar
events.out.tfevents.1776294211.15e97987a4b5.21254.0,eval/entropy,150,1776303047.1108487,0.19712558388710022,scalar
events.out.tfevents.1776294211.15e97987a4b5.21254.0,eval/entropy,160,1776303636.879227,0.19693171977996826,scalar
events.out.tfevents.1776294211.15e97987a4b5.21254.0,eval/entropy,170,1776304222.3703864,0.19222687184810638,scalar
events.out.tfevents.1776294211.15e97987a4b5.21254.0,eval/entropy,180,1776304818.9515932,0.19493640959262848,scalar
events.out.tfevents.1776294211.15e97987a4b5.21254.0,eval/entropy,190,1776305415.1269083,0.192466601729393,scalar
events.out.tfevents.1776294211.15e97987a4b5.21254.0,eval/entropy,200,1776306013.0893242,0.20087352395057678,scalar
events.out.tfevents.1776294211.15e97987a4b5.21254.0,eval/entropy,210,1776306603.6478527,0.2009495496749878,scalar
events.out.tfevents.1776294211.15e97987a4b5.21254.0,eval/entropy,220,1776307198.5431802,0.19350682199001312,scalar
events.out.tfevents.1776294211.15e97987a4b5.21254.0,eval/entropy,230,1776307785.1321223,0.19122867286205292,scalar
events.out.tfevents.1776294211.15e97987a4b5.21254.0,eval/entropy,240,1776308379.823724,0.200447678565979,scalar
events.out.tfevents.1776294211.15e97987a4b5.21254.0,eval/entropy,250,1776308967.242313,0.19388525187969208,scalar
events.out.tfevents.1776294211.15e97987a4b5.21254.0,eval/entropy,260,1776309532.4968066,0.20459966361522675,scalar
events.out.tfevents.1776294211.15e97987a4b5.21254.0,eval/entropy,270,1776310123.5849168,0.1975284218788147,scalar
events.out.tfevents.1776294211.15e97987a4b5.21254.0,eval/entropy,280,1776310717.1699069,0.19662849605083466,scalar
events.out.tfevents.1776294211.15e97987a4b5.21254.0,eval/entropy,290,1776311310.1730072,0.19674095511436462,scalar
events.out.tfevents.1776294211.15e97987a4b5.21254.0,eval/entropy,300,1776311903.3782496,0.19836919009685516,scalar
events.out.tfevents.1776294211.15e97987a4b5.21254.0,eval/entropy,310,1776312487.8250887,0.19876915216445923,scalar
events.out.tfevents.1776294211.15e97987a4b5.21254.0,eval/entropy,320,1776313081.1071029,0.19146248698234558,scalar
events.out.tfevents.1776294211.15e97987a4b5.21254.0,eval/entropy,330,1776313671.8914616,0.20345044136047363,scalar
events.out.tfevents.1776294211.15e97987a4b5.21254.0,eval/entropy,340,1776314263.8688877,0.19786964356899261,scalar
events.out.tfevents.1776294211.15e97987a4b5.21254.0,eval/entropy,350,1776314860.3537154,0.19623927772045135,scalar
events.out.tfevents.1776294211.15e97987a4b5.21254.0,eval/entropy,360,1776315443.7422159,0.19921991229057312,scalar
events.out.tfevents.1776294211.15e97987a4b5.21254.0,eval/entropy,370,1776316038.1729314,0.1984824240207672,scalar
events.out.tfevents.1776294211.15e97987a4b5.21254.0,eval/entropy,380,1776316625.1870904,0.1990443766117096,scalar
events.out.tfevents.1776294211.15e97987a4b5.21254.0,eval/entropy,390,1776317221.026453,0.19926461577415466,scalar
events.out.tfevents.1776294211.15e97987a4b5.21254.0,eval/entropy,400,1776317813.8288288,0.1995944082736969,scalar
events.out.tfevents.1776294211.15e97987a4b5.21254.0,eval/entropy,410,1776318404.1147735,0.19890309870243073,scalar
events.out.tfevents.1776294211.15e97987a4b5.21254.0,eval/entropy,420,1776318995.9597092,0.20249788463115692,scalar
events.out.tfevents.1776294211.15e97987a4b5.21254.0,eval/entropy,430,1776319586.1457856,0.19795767962932587,scalar
events.out.tfevents.1776294211.15e97987a4b5.21254.0,eval/entropy,440,1776320175.5192575,0.19881990551948547,scalar
events.out.tfevents.1776294211.15e97987a4b5.21254.0,eval/entropy,450,1776320773.3849773,0.19787341356277466,scalar
events.out.tfevents.1776294211.15e97987a4b5.21254.0,eval/entropy,460,1776321361.9338067,0.19243347644805908,scalar
events.out.tfevents.1776294211.15e97987a4b5.21254.0,eval/entropy,470,1776321958.090798,0.18909341096878052,scalar
events.out.tfevents.1776294211.15e97987a4b5.21254.0,eval/entropy,480,1776322548.5724869,0.19740988314151764,scalar
events.out.tfevents.1776294211.15e97987a4b5.21254.0,eval/entropy,490,1776323143.3975842,0.19235561788082123,scalar
events.out.tfevents.1776294211.15e97987a4b5.21254.0,eval/entropy,500,1776323743.3708456,0.19622905552387238,scalar
events.out.tfevents.1776294211.15e97987a4b5.21254.0,eval/entropy,510,1776324330.604291,0.19825483858585358,scalar
events.out.tfevents.1776294211.15e97987a4b5.21254.0,eval/entropy,520,1776324900.6446924,0.20452888309955597,scalar
events.out.tfevents.1776294211.15e97987a4b5.21254.0,eval/entropy,530,1776325488.4103146,0.20585371553897858,scalar
events.out.tfevents.1776294211.15e97987a4b5.21254.0,eval/entropy,540,1776326085.2941384,0.19979660212993622,scalar
events.out.tfevents.1776294211.15e97987a4b5.21254.0,eval/entropy,550,1776326682.3486936,0.19008532166481018,scalar
events.out.tfevents.1776294211.15e97987a4b5.21254.0,eval/entropy,560,1776327276.2317042,0.19156640768051147,scalar
events.out.tfevents.1776294211.15e97987a4b5.21254.0,eval/entropy,570,1776327876.378781,0.191513791680336,scalar
events.out.tfevents.1776294211.15e97987a4b5.21254.0,eval/entropy,580,1776328467.5777845,0.18796306848526,scalar
events.out.tfevents.1776294211.15e97987a4b5.21254.0,eval/entropy,590,1776329062.7609863,0.18639105558395386,scalar
events.out.tfevents.1776294211.15e97987a4b5.21254.0,eval/entropy,600,1776329657.0753055,0.19096902012825012,scalar
events.out.tfevents.1776294211.15e97987a4b5.21254.0,eval/entropy,610,1776330253.368311,0.18950578570365906,scalar
events.out.tfevents.1776294211.15e97987a4b5.21254.0,eval/entropy,620,1776330840.537065,0.18822109699249268,scalar
events.out.tfevents.1776294211.15e97987a4b5.21254.0,eval/entropy,630,1776331433.383367,0.19154801964759827,scalar
events.out.tfevents.1776294211.15e97987a4b5.21254.0,eval/entropy,640,1776332030.1540787,0.19412128627300262,scalar
events.out.tfevents.1776294211.15e97987a4b5.21254.0,eval/entropy,650,1776332626.4420877,0.18877741694450378,scalar
events.out.tfevents.1776294211.15e97987a4b5.21254.0,eval/entropy,660,1776333209.4984438,0.1892225295305252,scalar
events.out.tfevents.1776294211.15e97987a4b5.21254.0,eval/entropy,670,1776333794.8321712,0.18510112166404724,scalar
events.out.tfevents.1776294211.15e97987a4b5.21254.0,eval/entropy,680,1776334387.5459247,0.18729637563228607,scalar
events.out.tfevents.1776294211.15e97987a4b5.21254.0,eval/entropy,690,1776334981.190975,0.18871226906776428,scalar
events.out.tfevents.1776294211.15e97987a4b5.21254.0,eval/entropy,700,1776335571.337945,0.1848118007183075,scalar
events.out.tfevents.1776294211.15e97987a4b5.21254.0,eval/entropy,710,1776336169.2602983,0.18735946714878082,scalar
events.out.tfevents.1776294211.15e97987a4b5.21254.0,eval/entropy,720,1776336758.2744462,0.18976187705993652,scalar
events.out.tfevents.1776294211.15e97987a4b5.21254.0,eval/entropy,730,1776337349.9825687,0.19097402691841125,scalar
events.out.tfevents.1776294211.15e97987a4b5.21254.0,eval/entropy,740,1776337950.342554,0.18549978733062744,scalar
events.out.tfevents.1776294211.15e97987a4b5.21254.0,eval/entropy,750,1776338538.5446794,0.18850645422935486,scalar
events.out.tfevents.1776294211.15e97987a4b5.21254.0,eval/entropy,760,1776339128.7352564,0.18574213981628418,scalar
events.out.tfevents.1776294211.15e97987a4b5.21254.0,eval/entropy,770,1776339724.4714327,0.18882519006729126,scalar
events.out.tfevents.1776294211.15e97987a4b5.21254.0,eval/entropy,780,1776340294.3080173,0.19139966368675232,scalar
events.out.tfevents.1776294211.15e97987a4b5.21254.0,eval/entropy,790,1776340891.4768226,0.18896649777889252,scalar
events.out.tfevents.1776294211.15e97987a4b5.21254.0,eval/entropy,800,1776341479.6459522,0.19045650959014893,scalar
events.out.tfevents.1776294211.15e97987a4b5.21254.0,eval/entropy,810,1776342076.523517,0.19045229256153107,scalar
events.out.tfevents.1776294211.15e97987a4b5.21254.0,eval/entropy,820,1776342669.8021224,0.18864455819129944,scalar
events.out.tfevents.1776294211.15e97987a4b5.21254.0,eval/entropy,830,1776343258.5907934,0.18780499696731567,scalar
events.out.tfevents.1776294211.15e97987a4b5.21254.0,eval/entropy,840,1776343856.2310455,0.18271653354167938,scalar
events.out.tfevents.1776294211.15e97987a4b5.21254.0,eval/entropy,850,1776344442.964467,0.18519145250320435,scalar
events.out.tfevents.1776294211.15e97987a4b5.21254.0,eval/entropy,860,1776345030.5544763,0.18884137272834778,scalar
events.out.tfevents.1776294211.15e97987a4b5.21254.0,eval/entropy,870,1776345634.6833158,0.18806800246238708,scalar
events.out.tfevents.1776294211.15e97987a4b5.21254.0,eval/entropy,880,1776346223.0542912,0.1887592375278473,scalar
events.out.tfevents.1776294211.15e97987a4b5.21254.0,eval/entropy,890,1776346822.6985056,0.18736159801483154,scalar
events.out.tfevents.1776294211.15e97987a4b5.21254.0,eval/entropy,900,1776347417.064511,0.1885536164045334,scalar
events.out.tfevents.1776294211.15e97987a4b5.21254.0,eval/entropy,910,1776348006.117151,0.18730944395065308,scalar
events.out.tfevents.1776294211.15e97987a4b5.21254.0,eval/entropy,920,1776348603.4740713,0.18814997375011444,scalar
events.out.tfevents.1776294211.15e97987a4b5.21254.0,eval/entropy,930,1776349201.0721457,0.1887846291065216,scalar
events.out.tfevents.1776294211.15e97987a4b5.21254.0,eval/entropy,940,1776349798.0785205,0.1844945251941681,scalar
events.out.tfevents.1776294211.15e97987a4b5.21254.0,eval/entropy,950,1776350390.1911542,0.18613621592521667,scalar
events.out.tfevents.1776294211.15e97987a4b5.21254.0,eval/entropy,960,1776350978.4974263,0.187102809548378,scalar
events.out.tfevents.1776294211.15e97987a4b5.21254.0,eval/entropy,970,1776351576.9630363,0.18361565470695496,scalar
events.out.tfevents.1776294211.15e97987a4b5.21254.0,eval/entropy,980,1776352169.2340374,0.18634697794914246,scalar
events.out.tfevents.1776294211.15e97987a4b5.21254.0,eval/entropy,990,1776352765.932355,0.18284094333648682,scalar
events.out.tfevents.1776294211.15e97987a4b5.21254.0,eval/entropy,1000,1776353364.4533486,0.18453212082386017,scalar
events.out.tfevents.1776294211.15e97987a4b5.21254.0,eval/entropy,1010,1776353961.427376,0.18616648018360138,scalar
events.out.tfevents.1776294211.15e97987a4b5.21254.0,eval/entropy,1020,1776354542.2757564,0.18551005423069,scalar
events.out.tfevents.1776294211.15e97987a4b5.21254.0,eval/entropy,1030,1776355135.1460366,0.18880212306976318,scalar
events.out.tfevents.1776294211.15e97987a4b5.21254.0,eval/entropy,1040,1776355710.1384344,0.18545450270175934,scalar
events.out.tfevents.1776294211.15e97987a4b5.21254.0,eval/entropy,1050,1776356303.0391636,0.1839514821767807,scalar
events.out.tfevents.1776294211.15e97987a4b5.21254.0,eval/entropy,1060,1776356893.1060693,0.1842060387134552,scalar
events.out.tfevents.1776294211.15e97987a4b5.21254.0,eval/entropy,1070,1776357479.340168,0.18434402346611023,scalar
events.out.tfevents.1776294211.15e97987a4b5.21254.0,eval/entropy,1080,1776358065.9833684,0.1849900782108307,scalar
events.out.tfevents.1776294211.15e97987a4b5.21254.0,eval/entropy,1090,1776358657.1962612,0.1844986528158188,scalar
events.out.tfevents.1776294211.15e97987a4b5.21254.0,eval/entropy,1100,1776359249.6938267,0.18615508079528809,scalar
events.out.tfevents.1776294211.15e97987a4b5.21254.0,eval/entropy,1110,1776359841.0237923,0.18326435983181,scalar
events.out.tfevents.1776294211.15e97987a4b5.21254.0,eval/entropy,1120,1776360432.7390869,0.18540191650390625,scalar
events.out.tfevents.1776294211.15e97987a4b5.21254.0,eval/entropy,1130,1776361038.0559447,0.18514636158943176,scalar
events.out.tfevents.1776294211.15e97987a4b5.21254.0,eval/entropy,1140,1776361629.3524883,0.1858779788017273,scalar
events.out.tfevents.1776294211.15e97987a4b5.21254.0,eval/entropy,1150,1776362224.9083638,0.18307051062583923,scalar
events.out.tfevents.1776294211.15e97987a4b5.21254.0,eval/entropy,1160,1776362814.791407,0.1858031004667282,scalar
events.out.tfevents.1776294211.15e97987a4b5.21254.0,eval/entropy,1170,1776363410.3171477,0.18506857752799988,scalar
events.out.tfevents.1776294211.15e97987a4b5.21254.0,eval/entropy,1180,1776364000.9281578,0.18532979488372803,scalar
events.out.tfevents.1776294211.15e97987a4b5.21254.0,eval/entropy,1190,1776364592.9440284,0.18395644426345825,scalar
events.out.tfevents.1776294211.15e97987a4b5.21254.0,eval/entropy,1200,1776365185.5415266,0.1836526244878769,scalar
events.out.tfevents.1776294211.15e97987a4b5.21254.0,eval/entropy,1210,1776365779.6447904,0.1829785853624344,scalar
events.out.tfevents.1776294211.15e97987a4b5.21254.0,eval/entropy,1220,1776366372.151988,0.18283547461032867,scalar
events.out.tfevents.1776294211.15e97987a4b5.21254.0,eval/entropy,1230,1776366962.493046,0.18420392274856567,scalar
events.out.tfevents.1776294211.15e97987a4b5.21254.0,eval/entropy,1240,1776367549.8326051,0.18426665663719177,scalar
events.out.tfevents.1776294211.15e97987a4b5.21254.0,eval/entropy,1250,1776368145.9983134,0.18316301703453064,scalar
events.out.tfevents.1776294211.15e97987a4b5.21254.0,eval/entropy,1260,1776368737.1080115,0.18377023935317993,scalar
events.out.tfevents.1776294211.15e97987a4b5.21254.0,eval/entropy,1270,1776369333.3575742,0.1827658861875534,scalar
events.out.tfevents.1776294211.15e97987a4b5.21254.0,eval/entropy,1280,1776369922.8028743,0.18301664292812347,scalar
events.out.tfevents.1776294211.15e97987a4b5.21254.0,eval/entropy,1290,1776370515.6814523,0.18378177285194397,scalar
events.out.tfevents.1776294211.15e97987a4b5.21254.0,eval/entropy,1295,1776370768.2458472,0.18303874135017395,scalar
events.out.tfevents.1776294211.15e97987a4b5.21254.0,eval/num_tokens,10,1776294800.5820932,548761.0,scalar
events.out.tfevents.1776294211.15e97987a4b5.21254.0,eval/num_tokens,20,1776295394.6198683,1097538.0,scalar
events.out.tfevents.1776294211.15e97987a4b5.21254.0,eval/num_tokens,30,1776295979.3581815,1646311.0,scalar
events.out.tfevents.1776294211.15e97987a4b5.21254.0,eval/num_tokens,40,1776296570.6687715,2195076.0,scalar
events.out.tfevents.1776294211.15e97987a4b5.21254.0,eval/num_tokens,50,1776297165.1954012,2743860.0,scalar
events.out.tfevents.1776294211.15e97987a4b5.21254.0,eval/num_tokens,60,1776297760.13879,3292649.0,scalar
events.out.tfevents.1776294211.15e97987a4b5.21254.0,eval/num_tokens,70,1776298347.7576933,3841461.0,scalar
events.out.tfevents.1776294211.15e97987a4b5.21254.0,eval/num_tokens,80,1776298929.9890065,4390242.0,scalar
events.out.tfevents.1776294211.15e97987a4b5.21254.0,eval/num_tokens,90,1776299513.1667724,4939040.0,scalar
events.out.tfevents.1776294211.15e97987a4b5.21254.0,eval/num_tokens,100,1776300099.6215672,5487838.0,scalar
events.out.tfevents.1776294211.15e97987a4b5.21254.0,eval/num_tokens,110,1776300696.3722074,6036613.0,scalar
events.out.tfevents.1776294211.15e97987a4b5.21254.0,eval/num_tokens,120,1776301283.4618366,6585381.0,scalar
events.out.tfevents.1776294211.15e97987a4b5.21254.0,eval/num_tokens,130,1776301871.1856651,7134162.0,scalar
events.out.tfevents.1776294211.15e97987a4b5.21254.0,eval/num_tokens,140,1776302459.0400782,7682953.0,scalar
events.out.tfevents.1776294211.15e97987a4b5.21254.0,eval/num_tokens,150,1776303047.110853,8231737.0,scalar
events.out.tfevents.1776294211.15e97987a4b5.21254.0,eval/num_tokens,160,1776303636.879231,8780516.0,scalar
events.out.tfevents.1776294211.15e97987a4b5.21254.0,eval/num_tokens,170,1776304222.3703904,9329318.0,scalar
events.out.tfevents.1776294211.15e97987a4b5.21254.0,eval/num_tokens,180,1776304818.9515975,9878090.0,scalar
events.out.tfevents.1776294211.15e97987a4b5.21254.0,eval/num_tokens,190,1776305415.1269128,10426889.0,scalar
events.out.tfevents.1776294211.15e97987a4b5.21254.0,eval/num_tokens,200,1776306013.0893283,10975661.0,scalar
events.out.tfevents.1776294211.15e97987a4b5.21254.0,eval/num_tokens,210,1776306603.6478684,11524459.0,scalar
events.out.tfevents.1776294211.15e97987a4b5.21254.0,eval/num_tokens,220,1776307198.5431843,12073261.0,scalar
events.out.tfevents.1776294211.15e97987a4b5.21254.0,eval/num_tokens,230,1776307785.1321273,12622033.0,scalar
events.out.tfevents.1776294211.15e97987a4b5.21254.0,eval/num_tokens,240,1776308379.8237278,13170810.0,scalar
events.out.tfevents.1776294211.15e97987a4b5.21254.0,eval/num_tokens,250,1776308967.2423172,13719601.0,scalar
events.out.tfevents.1776294211.15e97987a4b5.21254.0,eval/num_tokens,260,1776309532.4968107,14220367.0,scalar
events.out.tfevents.1776294211.15e97987a4b5.21254.0,eval/num_tokens,270,1776310123.5849206,14769150.0,scalar
events.out.tfevents.1776294211.15e97987a4b5.21254.0,eval/num_tokens,280,1776310717.1699114,15317925.0,scalar
events.out.tfevents.1776294211.15e97987a4b5.21254.0,eval/num_tokens,290,1776311310.1730113,15866701.0,scalar
events.out.tfevents.1776294211.15e97987a4b5.21254.0,eval/num_tokens,300,1776311903.3782547,16415482.0,scalar
events.out.tfevents.1776294211.15e97987a4b5.21254.0,eval/num_tokens,310,1776312487.8250926,16964272.0,scalar
events.out.tfevents.1776294211.15e97987a4b5.21254.0,eval/num_tokens,320,1776313081.1071072,17513056.0,scalar
events.out.tfevents.1776294211.15e97987a4b5.21254.0,eval/num_tokens,330,1776313671.8914661,18061840.0,scalar
events.out.tfevents.1776294211.15e97987a4b5.21254.0,eval/num_tokens,340,1776314263.8688917,18610648.0,scalar
events.out.tfevents.1776294211.15e97987a4b5.21254.0,eval/num_tokens,350,1776314860.3537197,19159424.0,scalar
events.out.tfevents.1776294211.15e97987a4b5.21254.0,eval/num_tokens,360,1776315443.7422206,19708204.0,scalar
events.out.tfevents.1776294211.15e97987a4b5.21254.0,eval/num_tokens,370,1776316038.1729355,20256992.0,scalar
events.out.tfevents.1776294211.15e97987a4b5.21254.0,eval/num_tokens,380,1776316625.1870944,20805790.0,scalar
events.out.tfevents.1776294211.15e97987a4b5.21254.0,eval/num_tokens,390,1776317221.0264573,21354552.0,scalar
events.out.tfevents.1776294211.15e97987a4b5.21254.0,eval/num_tokens,400,1776317813.8288333,21903314.0,scalar
events.out.tfevents.1776294211.15e97987a4b5.21254.0,eval/num_tokens,410,1776318404.1147776,22452096.0,scalar
events.out.tfevents.1776294211.15e97987a4b5.21254.0,eval/num_tokens,420,1776318995.959713,23000882.0,scalar
events.out.tfevents.1776294211.15e97987a4b5.21254.0,eval/num_tokens,430,1776319586.14579,23549678.0,scalar
events.out.tfevents.1776294211.15e97987a4b5.21254.0,eval/num_tokens,440,1776320175.5192616,24098456.0,scalar
events.out.tfevents.1776294211.15e97987a4b5.21254.0,eval/num_tokens,450,1776320773.3849812,24647270.0,scalar
events.out.tfevents.1776294211.15e97987a4b5.21254.0,eval/num_tokens,460,1776321361.9338107,25196044.0,scalar
events.out.tfevents.1776294211.15e97987a4b5.21254.0,eval/num_tokens,470,1776321958.090802,25744824.0,scalar
events.out.tfevents.1776294211.15e97987a4b5.21254.0,eval/num_tokens,480,1776322548.572491,26293608.0,scalar
events.out.tfevents.1776294211.15e97987a4b5.21254.0,eval/num_tokens,490,1776323143.3975885,26842372.0,scalar
events.out.tfevents.1776294211.15e97987a4b5.21254.0,eval/num_tokens,500,1776323743.3708498,27391164.0,scalar
events.out.tfevents.1776294211.15e97987a4b5.21254.0,eval/num_tokens,510,1776324330.6042953,27939952.0,scalar
events.out.tfevents.1776294211.15e97987a4b5.21254.0,eval/num_tokens,520,1776324900.644697,28440734.0,scalar
events.out.tfevents.1776294211.15e97987a4b5.21254.0,eval/num_tokens,530,1776325488.4103193,28989504.0,scalar
events.out.tfevents.1776294211.15e97987a4b5.21254.0,eval/num_tokens,540,1776326085.2941427,29538268.0,scalar
events.out.tfevents.1776294211.15e97987a4b5.21254.0,eval/num_tokens,550,1776326682.348698,30087052.0,scalar
events.out.tfevents.1776294211.15e97987a4b5.21254.0,eval/num_tokens,560,1776327276.2317088,30635820.0,scalar
events.out.tfevents.1776294211.15e97987a4b5.21254.0,eval/num_tokens,570,1776327876.3787858,31184616.0,scalar
events.out.tfevents.1776294211.15e97987a4b5.21254.0,eval/num_tokens,580,1776328467.5777888,31733400.0,scalar
events.out.tfevents.1776294211.15e97987a4b5.21254.0,eval/num_tokens,590,1776329062.7609904,32282176.0,scalar
events.out.tfevents.1776294211.15e97987a4b5.21254.0,eval/num_tokens,600,1776329657.0753095,32830952.0,scalar
events.out.tfevents.1776294211.15e97987a4b5.21254.0,eval/num_tokens,610,1776330253.3683155,33379724.0,scalar
events.out.tfevents.1776294211.15e97987a4b5.21254.0,eval/num_tokens,620,1776330840.5370693,33928496.0,scalar
events.out.tfevents.1776294211.15e97987a4b5.21254.0,eval/num_tokens,630,1776331433.3833716,34477288.0,scalar
events.out.tfevents.1776294211.15e97987a4b5.21254.0,eval/num_tokens,640,1776332030.1540833,35026072.0,scalar
events.out.tfevents.1776294211.15e97987a4b5.21254.0,eval/num_tokens,650,1776332626.442092,35574856.0,scalar
events.out.tfevents.1776294211.15e97987a4b5.21254.0,eval/num_tokens,660,1776333209.4984484,36123656.0,scalar
events.out.tfevents.1776294211.15e97987a4b5.21254.0,eval/num_tokens,670,1776333794.8321753,36672460.0,scalar
events.out.tfevents.1776294211.15e97987a4b5.21254.0,eval/num_tokens,680,1776334387.5459285,37221240.0,scalar
events.out.tfevents.1776294211.15e97987a4b5.21254.0,eval/num_tokens,690,1776334981.190979,37770036.0,scalar
events.out.tfevents.1776294211.15e97987a4b5.21254.0,eval/num_tokens,700,1776335571.3379498,38318836.0,scalar
events.out.tfevents.1776294211.15e97987a4b5.21254.0,eval/num_tokens,710,1776336169.2603025,38867608.0,scalar
events.out.tfevents.1776294211.15e97987a4b5.21254.0,eval/num_tokens,720,1776336758.274451,39416408.0,scalar
events.out.tfevents.1776294211.15e97987a4b5.21254.0,eval/num_tokens,730,1776337349.9825728,39965188.0,scalar
events.out.tfevents.1776294211.15e97987a4b5.21254.0,eval/num_tokens,740,1776337950.3425586,40513972.0,scalar
events.out.tfevents.1776294211.15e97987a4b5.21254.0,eval/num_tokens,750,1776338538.5446837,41062752.0,scalar
events.out.tfevents.1776294211.15e97987a4b5.21254.0,eval/num_tokens,760,1776339128.735261,41611540.0,scalar
events.out.tfevents.1776294211.15e97987a4b5.21254.0,eval/num_tokens,770,1776339724.4714367,42160328.0,scalar
events.out.tfevents.1776294211.15e97987a4b5.21254.0,eval/num_tokens,780,1776340294.3080218,42661088.0,scalar
events.out.tfevents.1776294211.15e97987a4b5.21254.0,eval/num_tokens,790,1776340891.4768264,43209848.0,scalar
events.out.tfevents.1776294211.15e97987a4b5.21254.0,eval/num_tokens,800,1776341479.6459565,43758648.0,scalar
events.out.tfevents.1776294211.15e97987a4b5.21254.0,eval/num_tokens,810,1776342076.523521,44307464.0,scalar
events.out.tfevents.1776294211.15e97987a4b5.21254.0,eval/num_tokens,820,1776342669.8021264,44856240.0,scalar
events.out.tfevents.1776294211.15e97987a4b5.21254.0,eval/num_tokens,830,1776343258.590798,45405020.0,scalar
events.out.tfevents.1776294211.15e97987a4b5.21254.0,eval/num_tokens,840,1776343856.2310493,45953816.0,scalar
events.out.tfevents.1776294211.15e97987a4b5.21254.0,eval/num_tokens,850,1776344442.9644713,46502576.0,scalar
events.out.tfevents.1776294211.15e97987a4b5.21254.0,eval/num_tokens,860,1776345030.5544806,47051348.0,scalar
events.out.tfevents.1776294211.15e97987a4b5.21254.0,eval/num_tokens,870,1776345634.6833203,47600120.0,scalar
events.out.tfevents.1776294211.15e97987a4b5.21254.0,eval/num_tokens,880,1776346223.0542958,48148912.0,scalar
events.out.tfevents.1776294211.15e97987a4b5.21254.0,eval/num_tokens,890,1776346822.6985095,48697704.0,scalar
events.out.tfevents.1776294211.15e97987a4b5.21254.0,eval/num_tokens,900,1776347417.064515,49246472.0,scalar
events.out.tfevents.1776294211.15e97987a4b5.21254.0,eval/num_tokens,910,1776348006.117155,49795288.0,scalar
events.out.tfevents.1776294211.15e97987a4b5.21254.0,eval/num_tokens,920,1776348603.474075,50344064.0,scalar
events.out.tfevents.1776294211.15e97987a4b5.21254.0,eval/num_tokens,930,1776349201.0721495,50892820.0,scalar
events.out.tfevents.1776294211.15e97987a4b5.21254.0,eval/num_tokens,940,1776349798.0785246,51441620.0,scalar
events.out.tfevents.1776294211.15e97987a4b5.21254.0,eval/num_tokens,950,1776350390.1911583,51990396.0,scalar
events.out.tfevents.1776294211.15e97987a4b5.21254.0,eval/num_tokens,960,1776350978.49743,52539172.0,scalar
events.out.tfevents.1776294211.15e97987a4b5.21254.0,eval/num_tokens,970,1776351576.9630404,53087960.0,scalar
events.out.tfevents.1776294211.15e97987a4b5.21254.0,eval/num_tokens,980,1776352169.2340424,53636744.0,scalar
events.out.tfevents.1776294211.15e97987a4b5.21254.0,eval/num_tokens,990,1776352765.9323592,54185532.0,scalar
events.out.tfevents.1776294211.15e97987a4b5.21254.0,eval/num_tokens,1000,1776353364.4533532,54734324.0,scalar
events.out.tfevents.1776294211.15e97987a4b5.21254.0,eval/num_tokens,1010,1776353961.4273806,55283136.0,scalar
events.out.tfevents.1776294211.15e97987a4b5.21254.0,eval/num_tokens,1020,1776354542.2757604,55831928.0,scalar
events.out.tfevents.1776294211.15e97987a4b5.21254.0,eval/num_tokens,1030,1776355135.1460412,56380680.0,scalar
events.out.tfevents.1776294211.15e97987a4b5.21254.0,eval/num_tokens,1040,1776355710.138439,56881440.0,scalar
events.out.tfevents.1776294211.15e97987a4b5.21254.0,eval/num_tokens,1050,1776356303.039168,57430200.0,scalar
events.out.tfevents.1776294211.15e97987a4b5.21254.0,eval/num_tokens,1060,1776356893.1060736,57978968.0,scalar
events.out.tfevents.1776294211.15e97987a4b5.21254.0,eval/num_tokens,1070,1776357479.340172,58527756.0,scalar
events.out.tfevents.1776294211.15e97987a4b5.21254.0,eval/num_tokens,1080,1776358065.9833724,59076552.0,scalar
events.out.tfevents.1776294211.15e97987a4b5.21254.0,eval/num_tokens,1090,1776358657.1962655,59625336.0,scalar
events.out.tfevents.1776294211.15e97987a4b5.21254.0,eval/num_tokens,1100,1776359249.693831,60174112.0,scalar
events.out.tfevents.1776294211.15e97987a4b5.21254.0,eval/num_tokens,1110,1776359841.0237968,60722912.0,scalar
events.out.tfevents.1776294211.15e97987a4b5.21254.0,eval/num_tokens,1120,1776360432.739091,61271708.0,scalar
events.out.tfevents.1776294211.15e97987a4b5.21254.0,eval/num_tokens,1130,1776361038.055949,61820500.0,scalar
events.out.tfevents.1776294211.15e97987a4b5.21254.0,eval/num_tokens,1140,1776361629.3524923,62369280.0,scalar
events.out.tfevents.1776294211.15e97987a4b5.21254.0,eval/num_tokens,1150,1776362224.9083679,62918052.0,scalar
events.out.tfevents.1776294211.15e97987a4b5.21254.0,eval/num_tokens,1160,1776362814.7914114,63466844.0,scalar
events.out.tfevents.1776294211.15e97987a4b5.21254.0,eval/num_tokens,1170,1776363410.317152,64015636.0,scalar
events.out.tfevents.1776294211.15e97987a4b5.21254.0,eval/num_tokens,1180,1776364000.9281619,64564436.0,scalar
events.out.tfevents.1776294211.15e97987a4b5.21254.0,eval/num_tokens,1190,1776364592.9440324,65113232.0,scalar
events.out.tfevents.1776294211.15e97987a4b5.21254.0,eval/num_tokens,1200,1776365185.5415306,65662016.0,scalar
events.out.tfevents.1776294211.15e97987a4b5.21254.0,eval/num_tokens,1210,1776365779.6447952,66210804.0,scalar
events.out.tfevents.1776294211.15e97987a4b5.21254.0,eval/num_tokens,1220,1776366372.1519918,66759568.0,scalar
events.out.tfevents.1776294211.15e97987a4b5.21254.0,eval/num_tokens,1230,1776366962.49305,67308368.0,scalar
events.out.tfevents.1776294211.15e97987a4b5.21254.0,eval/num_tokens,1240,1776367549.8326092,67857160.0,scalar
events.out.tfevents.1776294211.15e97987a4b5.21254.0,eval/num_tokens,1250,1776368145.9983175,68405944.0,scalar
events.out.tfevents.1776294211.15e97987a4b5.21254.0,eval/num_tokens,1260,1776368737.1080155,68954720.0,scalar
events.out.tfevents.1776294211.15e97987a4b5.21254.0,eval/num_tokens,1270,1776369333.3575783,69503480.0,scalar
events.out.tfevents.1776294211.15e97987a4b5.21254.0,eval/num_tokens,1280,1776369922.8028784,70052280.0,scalar
events.out.tfevents.1776294211.15e97987a4b5.21254.0,eval/num_tokens,1290,1776370515.681456,70601056.0,scalar
events.out.tfevents.1776294211.15e97987a4b5.21254.0,eval/num_tokens,1295,1776370768.245852,70827424.0,scalar
events.out.tfevents.1776294211.15e97987a4b5.21254.0,eval/mean_token_accuracy,10,1776294800.5820982,0.6502769589424133,scalar
events.out.tfevents.1776294211.15e97987a4b5.21254.0,eval/mean_token_accuracy,20,1776295394.6198723,0.7900184988975525,scalar
events.out.tfevents.1776294211.15e97987a4b5.21254.0,eval/mean_token_accuracy,30,1776295979.3581855,0.8670289516448975,scalar
events.out.tfevents.1776294211.15e97987a4b5.21254.0,eval/mean_token_accuracy,40,1776296570.668776,0.8792751431465149,scalar
events.out.tfevents.1776294211.15e97987a4b5.21254.0,eval/mean_token_accuracy,50,1776297165.1954055,0.8848800659179688,scalar
events.out.tfevents.1776294211.15e97987a4b5.21254.0,eval/mean_token_accuracy,60,1776297760.1387942,0.8893511295318604,scalar
events.out.tfevents.1776294211.15e97987a4b5.21254.0,eval/mean_token_accuracy,70,1776298347.7576973,0.8930204510688782,scalar
events.out.tfevents.1776294211.15e97987a4b5.21254.0,eval/mean_token_accuracy,80,1776298929.9890103,0.8956911563873291,scalar
events.out.tfevents.1776294211.15e97987a4b5.21254.0,eval/mean_token_accuracy,90,1776299513.1667767,0.8953571319580078,scalar
events.out.tfevents.1776294211.15e97987a4b5.21254.0,eval/mean_token_accuracy,100,1776300099.6215713,0.8978602886199951,scalar
events.out.tfevents.1776294211.15e97987a4b5.21254.0,eval/mean_token_accuracy,110,1776300696.3722117,0.8997621536254883,scalar
events.out.tfevents.1776294211.15e97987a4b5.21254.0,eval/mean_token_accuracy,120,1776301283.4618404,0.8998950719833374,scalar
events.out.tfevents.1776294211.15e97987a4b5.21254.0,eval/mean_token_accuracy,130,1776301871.1856692,0.9008949995040894,scalar
events.out.tfevents.1776294211.15e97987a4b5.21254.0,eval/mean_token_accuracy,140,1776302459.0400825,0.9018620848655701,scalar
events.out.tfevents.1776294211.15e97987a4b5.21254.0,eval/mean_token_accuracy,150,1776303047.110869,0.904231607913971,scalar
events.out.tfevents.1776294211.15e97987a4b5.21254.0,eval/mean_token_accuracy,160,1776303636.8792353,0.904998242855072,scalar
events.out.tfevents.1776294211.15e97987a4b5.21254.0,eval/mean_token_accuracy,170,1776304222.3703947,0.9041988253593445,scalar
events.out.tfevents.1776294211.15e97987a4b5.21254.0,eval/mean_token_accuracy,180,1776304818.9516017,0.9050659537315369,scalar
events.out.tfevents.1776294211.15e97987a4b5.21254.0,eval/mean_token_accuracy,190,1776305415.126917,0.905699610710144,scalar
events.out.tfevents.1776294211.15e97987a4b5.21254.0,eval/mean_token_accuracy,200,1776306013.0893328,0.9055994153022766,scalar
events.out.tfevents.1776294211.15e97987a4b5.21254.0,eval/mean_token_accuracy,210,1776306603.6478724,0.9039300680160522,scalar
events.out.tfevents.1776294211.15e97987a4b5.21254.0,eval/mean_token_accuracy,220,1776307198.5431883,0.9064331650733948,scalar
events.out.tfevents.1776294211.15e97987a4b5.21254.0,eval/mean_token_accuracy,230,1776307785.1321313,0.9062315821647644,scalar
events.out.tfevents.1776294211.15e97987a4b5.21254.0,eval/mean_token_accuracy,240,1776308379.8237314,0.9076015949249268,scalar
events.out.tfevents.1776294211.15e97987a4b5.21254.0,eval/mean_token_accuracy,250,1776308967.2423215,0.9074682593345642,scalar
events.out.tfevents.1776294211.15e97987a4b5.21254.0,eval/mean_token_accuracy,260,1776309532.4968145,0.9068337082862854,scalar
events.out.tfevents.1776294211.15e97987a4b5.21254.0,eval/mean_token_accuracy,270,1776310123.5849247,0.9075003862380981,scalar
events.out.tfevents.1776294211.15e97987a4b5.21254.0,eval/mean_token_accuracy,280,1776310717.1699154,0.9073012471199036,scalar
events.out.tfevents.1776294211.15e97987a4b5.21254.0,eval/mean_token_accuracy,290,1776311310.173015,0.909034788608551,scalar
events.out.tfevents.1776294211.15e97987a4b5.21254.0,eval/mean_token_accuracy,300,1776311903.378259,0.9090678691864014,scalar
events.out.tfevents.1776294211.15e97987a4b5.21254.0,eval/mean_token_accuracy,310,1776312487.8250964,0.9088354706764221,scalar
events.out.tfevents.1776294211.15e97987a4b5.21254.0,eval/mean_token_accuracy,320,1776313081.107111,0.9089677929878235,scalar
events.out.tfevents.1776294211.15e97987a4b5.21254.0,eval/mean_token_accuracy,330,1776313671.8914707,0.9094693064689636,scalar
events.out.tfevents.1776294211.15e97987a4b5.21254.0,eval/mean_token_accuracy,340,1776314263.868896,0.9098697304725647,scalar
events.out.tfevents.1776294211.15e97987a4b5.21254.0,eval/mean_token_accuracy,350,1776314860.3537238,0.9084363579750061,scalar
events.out.tfevents.1776294211.15e97987a4b5.21254.0,eval/mean_token_accuracy,360,1776315443.7422247,0.9105716943740845,scalar
events.out.tfevents.1776294211.15e97987a4b5.21254.0,eval/mean_token_accuracy,370,1776316038.1729393,0.9081346392631531,scalar
events.out.tfevents.1776294211.15e97987a4b5.21254.0,eval/mean_token_accuracy,380,1776316625.187099,0.9101033806800842,scalar
events.out.tfevents.1776294211.15e97987a4b5.21254.0,eval/mean_token_accuracy,390,1776317221.0264614,0.9111022353172302,scalar
events.out.tfevents.1776294211.15e97987a4b5.21254.0,eval/mean_token_accuracy,400,1776317813.8288372,0.9105361700057983,scalar
events.out.tfevents.1776294211.15e97987a4b5.21254.0,eval/mean_token_accuracy,410,1776318404.1147814,0.909702479839325,scalar
events.out.tfevents.1776294211.15e97987a4b5.21254.0,eval/mean_token_accuracy,420,1776318995.9597173,0.910903811454773,scalar
events.out.tfevents.1776294211.15e97987a4b5.21254.0,eval/mean_token_accuracy,430,1776319586.1457944,0.9103025197982788,scalar
events.out.tfevents.1776294211.15e97987a4b5.21254.0,eval/mean_token_accuracy,440,1776320175.5192657,0.9116712808609009,scalar
events.out.tfevents.1776294211.15e97987a4b5.21254.0,eval/mean_token_accuracy,450,1776320773.384985,0.9114366769790649,scalar
events.out.tfevents.1776294211.15e97987a4b5.21254.0,eval/mean_token_accuracy,460,1776321361.9338145,0.9096692800521851,scalar
events.out.tfevents.1776294211.15e97987a4b5.21254.0,eval/mean_token_accuracy,470,1776321958.090806,0.9116036891937256,scalar
events.out.tfevents.1776294211.15e97987a4b5.21254.0,eval/mean_token_accuracy,480,1776322548.5724955,0.9116700887680054,scalar
events.out.tfevents.1776294211.15e97987a4b5.21254.0,eval/mean_token_accuracy,490,1776323143.3975928,0.9111701846122742,scalar
events.out.tfevents.1776294211.15e97987a4b5.21254.0,eval/mean_token_accuracy,500,1776323743.370854,0.9115375876426697,scalar
events.out.tfevents.1776294211.15e97987a4b5.21254.0,eval/mean_token_accuracy,510,1776324330.6042998,0.9111356735229492,scalar
events.out.tfevents.1776294211.15e97987a4b5.21254.0,eval/mean_token_accuracy,520,1776324900.6447012,0.9120385646820068,scalar
events.out.tfevents.1776294211.15e97987a4b5.21254.0,eval/mean_token_accuracy,530,1776325488.4103236,0.9122055172920227,scalar
events.out.tfevents.1776294211.15e97987a4b5.21254.0,eval/mean_token_accuracy,540,1776326085.2941468,0.9122380614280701,scalar
events.out.tfevents.1776294211.15e97987a4b5.21254.0,eval/mean_token_accuracy,550,1776326682.348702,0.9130048155784607,scalar
events.out.tfevents.1776294211.15e97987a4b5.21254.0,eval/mean_token_accuracy,560,1776327276.2317126,0.9121046662330627,scalar
events.out.tfevents.1776294211.15e97987a4b5.21254.0,eval/mean_token_accuracy,570,1776327876.37879,0.9132053256034851,scalar
events.out.tfevents.1776294211.15e97987a4b5.21254.0,eval/mean_token_accuracy,580,1776328467.5777931,0.9132393598556519,scalar
events.out.tfevents.1776294211.15e97987a4b5.21254.0,eval/mean_token_accuracy,590,1776329062.760995,0.9124048352241516,scalar
events.out.tfevents.1776294211.15e97987a4b5.21254.0,eval/mean_token_accuracy,600,1776329657.0753136,0.9122720956802368,scalar
events.out.tfevents.1776294211.15e97987a4b5.21254.0,eval/mean_token_accuracy,610,1776330253.3683195,0.9127721190452576,scalar
events.out.tfevents.1776294211.15e97987a4b5.21254.0,eval/mean_token_accuracy,620,1776330840.5370734,0.9127046465873718,scalar
events.out.tfevents.1776294211.15e97987a4b5.21254.0,eval/mean_token_accuracy,630,1776331433.383376,0.9132723808288574,scalar
events.out.tfevents.1776294211.15e97987a4b5.21254.0,eval/mean_token_accuracy,640,1776332030.1540873,0.9119046926498413,scalar
events.out.tfevents.1776294211.15e97987a4b5.21254.0,eval/mean_token_accuracy,650,1776332626.4420962,0.9130047559738159,scalar
events.out.tfevents.1776294211.15e97987a4b5.21254.0,eval/mean_token_accuracy,660,1776333209.4984524,0.9123724102973938,scalar
events.out.tfevents.1776294211.15e97987a4b5.21254.0,eval/mean_token_accuracy,670,1776333794.8321798,0.9129716753959656,scalar
events.out.tfevents.1776294211.15e97987a4b5.21254.0,eval/mean_token_accuracy,680,1776334387.5459325,0.913206160068512,scalar
events.out.tfevents.1776294211.15e97987a4b5.21254.0,eval/mean_token_accuracy,690,1776334981.1909828,0.912939190864563,scalar
events.out.tfevents.1776294211.15e97987a4b5.21254.0,eval/mean_token_accuracy,700,1776335571.337954,0.9133721590042114,scalar
events.out.tfevents.1776294211.15e97987a4b5.21254.0,eval/mean_token_accuracy,710,1776336169.2603064,0.9138733148574829,scalar
events.out.tfevents.1776294211.15e97987a4b5.21254.0,eval/mean_token_accuracy,720,1776336758.274455,0.9143081903457642,scalar
events.out.tfevents.1776294211.15e97987a4b5.21254.0,eval/mean_token_accuracy,730,1776337349.9825768,0.9138414859771729,scalar
events.out.tfevents.1776294211.15e97987a4b5.21254.0,eval/mean_token_accuracy,740,1776337950.342563,0.912738561630249,scalar
events.out.tfevents.1776294211.15e97987a4b5.21254.0,eval/mean_token_accuracy,750,1776338538.544688,0.9142743945121765,scalar
events.out.tfevents.1776294211.15e97987a4b5.21254.0,eval/mean_token_accuracy,760,1776339128.7352655,0.9136402606964111,scalar
events.out.tfevents.1776294211.15e97987a4b5.21254.0,eval/mean_token_accuracy,770,1776339724.4714408,0.9132061004638672,scalar
events.out.tfevents.1776294211.15e97987a4b5.21254.0,eval/mean_token_accuracy,780,1776340294.308026,0.9139068722724915,scalar
events.out.tfevents.1776294211.15e97987a4b5.21254.0,eval/mean_token_accuracy,790,1776340891.4768305,0.9144064784049988,scalar
events.out.tfevents.1776294211.15e97987a4b5.21254.0,eval/mean_token_accuracy,800,1776341479.6459608,0.9140731692314148,scalar
events.out.tfevents.1776294211.15e97987a4b5.21254.0,eval/mean_token_accuracy,810,1776342076.5235252,0.9153077006340027,scalar
events.out.tfevents.1776294211.15e97987a4b5.21254.0,eval/mean_token_accuracy,820,1776342669.8021302,0.9143404364585876,scalar
events.out.tfevents.1776294211.15e97987a4b5.21254.0,eval/mean_token_accuracy,830,1776343258.590802,0.9148415923118591,scalar
events.out.tfevents.1776294211.15e97987a4b5.21254.0,eval/mean_token_accuracy,840,1776343856.2310534,0.9148734211921692,scalar
events.out.tfevents.1776294211.15e97987a4b5.21254.0,eval/mean_token_accuracy,850,1776344442.9644752,0.9140401482582092,scalar
events.out.tfevents.1776294211.15e97987a4b5.21254.0,eval/mean_token_accuracy,860,1776345030.5544848,0.9137066006660461,scalar
events.out.tfevents.1776294211.15e97987a4b5.21254.0,eval/mean_token_accuracy,870,1776345634.6833243,0.9149407744407654,scalar
events.out.tfevents.1776294211.15e97987a4b5.21254.0,eval/mean_token_accuracy,880,1776346223.0542998,0.9145742654800415,scalar
events.out.tfevents.1776294211.15e97987a4b5.21254.0,eval/mean_token_accuracy,890,1776346822.6985137,0.9135727882385254,scalar
events.out.tfevents.1776294211.15e97987a4b5.21254.0,eval/mean_token_accuracy,900,1776347417.0645192,0.9153072834014893,scalar
events.out.tfevents.1776294211.15e97987a4b5.21254.0,eval/mean_token_accuracy,910,1776348006.1171591,0.9151089191436768,scalar
events.out.tfevents.1776294211.15e97987a4b5.21254.0,eval/mean_token_accuracy,920,1776348603.4740794,0.9140403866767883,scalar
events.out.tfevents.1776294211.15e97987a4b5.21254.0,eval/mean_token_accuracy,930,1776349201.0721533,0.913873016834259,scalar
events.out.tfevents.1776294211.15e97987a4b5.21254.0,eval/mean_token_accuracy,940,1776349798.0785291,0.9150069952011108,scalar
events.out.tfevents.1776294211.15e97987a4b5.21254.0,eval/mean_token_accuracy,950,1776350390.1911623,0.9157407879829407,scalar
events.out.tfevents.1776294211.15e97987a4b5.21254.0,eval/mean_token_accuracy,960,1776350978.4974341,0.9148737788200378,scalar
events.out.tfevents.1776294211.15e97987a4b5.21254.0,eval/mean_token_accuracy,970,1776351576.9630444,0.9154420495033264,scalar
events.out.tfevents.1776294211.15e97987a4b5.21254.0,eval/mean_token_accuracy,980,1776352169.2340465,0.9150755405426025,scalar
events.out.tfevents.1776294211.15e97987a4b5.21254.0,eval/mean_token_accuracy,990,1776352765.9323635,0.9153070449829102,scalar
events.out.tfevents.1776294211.15e97987a4b5.21254.0,eval/mean_token_accuracy,1000,1776353364.4533572,0.9151748418807983,scalar
events.out.tfevents.1776294211.15e97987a4b5.21254.0,eval/mean_token_accuracy,1010,1776353961.4273849,0.9146406650543213,scalar
events.out.tfevents.1776294211.15e97987a4b5.21254.0,eval/mean_token_accuracy,1020,1776354542.2757642,0.9159417152404785,scalar
events.out.tfevents.1776294211.15e97987a4b5.21254.0,eval/mean_token_accuracy,1030,1776355135.1460454,0.9150083065032959,scalar
events.out.tfevents.1776294211.15e97987a4b5.21254.0,eval/mean_token_accuracy,1040,1776355710.1384432,0.9152412414550781,scalar
events.out.tfevents.1776294211.15e97987a4b5.21254.0,eval/mean_token_accuracy,1050,1776356303.0391726,0.9149746298789978,scalar
events.out.tfevents.1776294211.15e97987a4b5.21254.0,eval/mean_token_accuracy,1060,1776356893.1060777,0.9154740571975708,scalar
events.out.tfevents.1776294211.15e97987a4b5.21254.0,eval/mean_token_accuracy,1070,1776357479.3401756,0.9152746200561523,scalar
events.out.tfevents.1776294211.15e97987a4b5.21254.0,eval/mean_token_accuracy,1080,1776358065.9833767,0.9148737788200378,scalar
events.out.tfevents.1776294211.15e97987a4b5.21254.0,eval/mean_token_accuracy,1090,1776358657.1962698,0.9154075384140015,scalar
events.out.tfevents.1776294211.15e97987a4b5.21254.0,eval/mean_token_accuracy,1100,1776359249.693835,0.9161747694015503,scalar
events.out.tfevents.1776294211.15e97987a4b5.21254.0,eval/mean_token_accuracy,1110,1776359841.0238008,0.9159414768218994,scalar
events.out.tfevents.1776294211.15e97987a4b5.21254.0,eval/mean_token_accuracy,1120,1776360432.739095,0.9152072072029114,scalar
events.out.tfevents.1776294211.15e97987a4b5.21254.0,eval/mean_token_accuracy,1130,1776361038.0559535,0.9150404334068298,scalar
events.out.tfevents.1776294211.15e97987a4b5.21254.0,eval/mean_token_accuracy,1140,1776361629.3524964,0.9156408309936523,scalar
events.out.tfevents.1776294211.15e97987a4b5.21254.0,eval/mean_token_accuracy,1150,1776362224.9083717,0.915941596031189,scalar
events.out.tfevents.1776294211.15e97987a4b5.21254.0,eval/mean_token_accuracy,1160,1776362814.7914157,0.9160414338111877,scalar
events.out.tfevents.1776294211.15e97987a4b5.21254.0,eval/mean_token_accuracy,1170,1776363410.317156,0.9157410264015198,scalar
events.out.tfevents.1776294211.15e97987a4b5.21254.0,eval/mean_token_accuracy,1180,1776364000.9281662,0.9155747890472412,scalar
events.out.tfevents.1776294211.15e97987a4b5.21254.0,eval/mean_token_accuracy,1190,1776364592.9440362,0.9156423211097717,scalar
events.out.tfevents.1776294211.15e97987a4b5.21254.0,eval/mean_token_accuracy,1200,1776365185.541535,0.9164754152297974,scalar
events.out.tfevents.1776294211.15e97987a4b5.21254.0,eval/mean_token_accuracy,1210,1776365779.6447997,0.9153079390525818,scalar
events.out.tfevents.1776294211.15e97987a4b5.21254.0,eval/mean_token_accuracy,1220,1776366372.1519957,0.915908932685852,scalar
events.out.tfevents.1776294211.15e97987a4b5.21254.0,eval/mean_token_accuracy,1230,1776366962.4930542,0.9158416986465454,scalar
events.out.tfevents.1776294211.15e97987a4b5.21254.0,eval/mean_token_accuracy,1240,1776367549.8326132,0.9161758422851562,scalar
events.out.tfevents.1776294211.15e97987a4b5.21254.0,eval/mean_token_accuracy,1250,1776368145.9983218,0.9157086610794067,scalar
events.out.tfevents.1776294211.15e97987a4b5.21254.0,eval/mean_token_accuracy,1260,1776368737.10802,0.9154418706893921,scalar
events.out.tfevents.1776294211.15e97987a4b5.21254.0,eval/mean_token_accuracy,1270,1776369333.3575823,0.9155082702636719,scalar
events.out.tfevents.1776294211.15e97987a4b5.21254.0,eval/mean_token_accuracy,1280,1776369922.8028827,0.9153406620025635,scalar
events.out.tfevents.1776294211.15e97987a4b5.21254.0,eval/mean_token_accuracy,1290,1776370515.68146,0.9161751866340637,scalar
events.out.tfevents.1776294211.15e97987a4b5.21254.0,eval/mean_token_accuracy,1295,1776370768.2458682,0.9161088466644287,scalar
events.out.tfevents.1776294211.15e97987a4b5.21254.0,train/train_runtime,1295,1776370798.138963,76586.8515625,scalar
events.out.tfevents.1776294211.15e97987a4b5.21254.0,train/train_samples_per_second,1295,1776370798.138991,1.0789999961853027,scalar
events.out.tfevents.1776294211.15e97987a4b5.21254.0,train/train_steps_per_second,1295,1776370798.1389978,0.017000000923871994,scalar
events.out.tfevents.1776294211.15e97987a4b5.21254.0,train/total_flos,1295,1776370798.139003,1.8591068993628406e+18,scalar
events.out.tfevents.1776294211.15e97987a4b5.21254.0,train/train_loss,1295,1776370798.1390078,0.23243474960327148,scalar
events.out.tfevents.1776410801.613f842a7ad8.13245.0,train/loss,5,1776411097.2755234,1.4939714670181274,scalar
events.out.tfevents.1776410801.613f842a7ad8.13245.0,train/loss,10,1776411389.238543,0.7377508282661438,scalar
events.out.tfevents.1776410801.613f842a7ad8.13245.0,train/loss,15,1776411699.0086915,0.40597978234291077,scalar
events.out.tfevents.1776410801.613f842a7ad8.13245.0,train/loss,20,1776411993.622598,0.3410739302635193,scalar
events.out.tfevents.1776410801.613f842a7ad8.13245.0,train/loss,25,1776412302.3610823,0.3069261908531189,scalar
events.out.tfevents.1776410801.613f842a7ad8.13245.0,train/loss,30,1776412621.907581,0.2942435145378113,scalar
events.out.tfevents.1776410801.613f842a7ad8.13245.0,train/loss,35,1776412927.9525888,0.286446750164032,scalar
events.out.tfevents.1776410801.613f842a7ad8.13245.0,train/loss,40,1776413218.7799654,0.280503511428833,scalar
events.out.tfevents.1776410801.613f842a7ad8.13245.0,train/loss,45,1776413528.0246942,0.27792122960090637,scalar
events.out.tfevents.1776410801.613f842a7ad8.13245.0,train/loss,50,1776413821.5611024,0.2727433443069458,scalar
events.out.tfevents.1776410801.613f842a7ad8.13245.0,train/loss,55,1776414160.8838086,0.2684882581233978,scalar
events.out.tfevents.1776410801.613f842a7ad8.13245.0,train/loss,60,1776414457.9481618,0.26583775877952576,scalar
events.out.tfevents.1776410801.613f842a7ad8.13245.0,train/loss,65,1776414766.5103006,0.2641826570034027,scalar
events.out.tfevents.1776410801.613f842a7ad8.13245.0,train/loss,70,1776415061.3276002,0.26438039541244507,scalar
events.out.tfevents.1776410801.613f842a7ad8.13245.0,train/loss,75,1776415369.7782469,0.2614460289478302,scalar
events.out.tfevents.1776410801.613f842a7ad8.13245.0,train/loss,80,1776415687.4095771,0.25967735052108765,scalar
events.out.tfevents.1776410801.613f842a7ad8.13245.0,train/loss,85,1776415993.7898097,0.2561512291431427,scalar
events.out.tfevents.1776410801.613f842a7ad8.13245.0,train/loss,90,1776416299.5162518,0.2561019957065582,scalar
events.out.tfevents.1776410801.613f842a7ad8.13245.0,train/loss,95,1776416610.3625057,0.25447219610214233,scalar
events.out.tfevents.1776410801.613f842a7ad8.13245.0,train/loss,100,1776416905.0655224,0.2530610263347626,scalar
events.out.tfevents.1776410801.613f842a7ad8.13245.0,train/loss,105,1776417246.8273962,0.2520245909690857,scalar
events.out.tfevents.1776410801.613f842a7ad8.13245.0,train/loss,110,1776417538.5192487,0.2516927421092987,scalar
events.out.tfevents.1776410801.613f842a7ad8.13245.0,train/loss,115,1776417847.8113313,0.24957141280174255,scalar
events.out.tfevents.1776410801.613f842a7ad8.13245.0,train/loss,120,1776418141.271434,0.24996642768383026,scalar
events.out.tfevents.1776410801.613f842a7ad8.13245.0,train/loss,125,1776418452.9417858,0.25276103615760803,scalar
events.out.tfevents.1776410801.613f842a7ad8.13245.0,train/grad_norm,5,1776411097.2755516,2.765625,scalar
events.out.tfevents.1776410801.613f842a7ad8.13245.0,train/grad_norm,10,1776411389.2385669,1.390625,scalar
events.out.tfevents.1776410801.613f842a7ad8.13245.0,train/grad_norm,15,1776411699.008716,0.5546875,scalar
events.out.tfevents.1776410801.613f842a7ad8.13245.0,train/grad_norm,20,1776411993.6226225,0.453125,scalar
events.out.tfevents.1776410801.613f842a7ad8.13245.0,train/grad_norm,25,1776412302.361106,0.41796875,scalar
events.out.tfevents.1776410801.613f842a7ad8.13245.0,train/grad_norm,30,1776412621.9076056,0.306640625,scalar
events.out.tfevents.1776410801.613f842a7ad8.13245.0,train/grad_norm,35,1776412927.9526134,0.283203125,scalar
events.out.tfevents.1776410801.613f842a7ad8.13245.0,train/grad_norm,40,1776413218.7799904,0.30859375,scalar
events.out.tfevents.1776410801.613f842a7ad8.13245.0,train/grad_norm,45,1776413528.0247176,0.404296875,scalar
events.out.tfevents.1776410801.613f842a7ad8.13245.0,train/grad_norm,50,1776413821.5611255,0.404296875,scalar
events.out.tfevents.1776410801.613f842a7ad8.13245.0,train/grad_norm,55,1776414160.8838327,0.384765625,scalar
events.out.tfevents.1776410801.613f842a7ad8.13245.0,train/grad_norm,60,1776414457.9481857,0.5859375,scalar
events.out.tfevents.1776410801.613f842a7ad8.13245.0,train/grad_norm,65,1776414766.510324,0.359375,scalar
events.out.tfevents.1776410801.613f842a7ad8.13245.0,train/grad_norm,70,1776415061.3276253,0.400390625,scalar
events.out.tfevents.1776410801.613f842a7ad8.13245.0,train/grad_norm,75,1776415369.778272,0.4609375,scalar
events.out.tfevents.1776410801.613f842a7ad8.13245.0,train/grad_norm,80,1776415687.4096012,0.46875,scalar
events.out.tfevents.1776410801.613f842a7ad8.13245.0,train/grad_norm,85,1776415993.789834,0.384765625,scalar
events.out.tfevents.1776410801.613f842a7ad8.13245.0,train/grad_norm,90,1776416299.5162756,0.296875,scalar
events.out.tfevents.1776410801.613f842a7ad8.13245.0,train/grad_norm,95,1776416610.3625293,0.427734375,scalar
events.out.tfevents.1776410801.613f842a7ad8.13245.0,train/grad_norm,100,1776416905.0655444,0.2353515625,scalar
events.out.tfevents.1776410801.613f842a7ad8.13245.0,train/grad_norm,105,1776417246.827419,0.26953125,scalar
events.out.tfevents.1776410801.613f842a7ad8.13245.0,train/grad_norm,110,1776417538.5192726,0.25390625,scalar
events.out.tfevents.1776410801.613f842a7ad8.13245.0,train/grad_norm,115,1776417847.8113544,0.271484375,scalar
events.out.tfevents.1776410801.613f842a7ad8.13245.0,train/grad_norm,120,1776418141.2714598,0.26953125,scalar
events.out.tfevents.1776410801.613f842a7ad8.13245.0,train/grad_norm,125,1776418452.9418101,0.25390625,scalar
events.out.tfevents.1776410801.613f842a7ad8.13245.0,train/learning_rate,5,1776411097.2755597,9.999999747378752e-05,scalar
events.out.tfevents.1776410801.613f842a7ad8.13245.0,train/learning_rate,10,1776411389.2385738,9.586777014192194e-05,scalar
events.out.tfevents.1776410801.613f842a7ad8.13245.0,train/learning_rate,15,1776411699.008723,9.173553553409874e-05,scalar
events.out.tfevents.1776410801.613f842a7ad8.13245.0,train/learning_rate,20,1776411993.6226294,8.760330820223317e-05,scalar
events.out.tfevents.1776410801.613f842a7ad8.13245.0,train/learning_rate,25,1776412302.3611116,8.347107359440997e-05,scalar
events.out.tfevents.1776410801.613f842a7ad8.13245.0,train/learning_rate,30,1776412621.907612,7.93388462625444e-05,scalar
events.out.tfevents.1776410801.613f842a7ad8.13245.0,train/learning_rate,35,1776412927.9526198,7.52066116547212e-05,scalar
events.out.tfevents.1776410801.613f842a7ad8.13245.0,train/learning_rate,40,1776413218.7799964,7.107437704689801e-05,scalar
events.out.tfevents.1776410801.613f842a7ad8.13245.0,train/learning_rate,45,1776413528.0247235,6.694214971503243e-05,scalar
events.out.tfevents.1776410801.613f842a7ad8.13245.0,train/learning_rate,50,1776413821.5611413,6.280991510720924e-05,scalar
events.out.tfevents.1776410801.613f842a7ad8.13245.0,train/learning_rate,55,1776414160.8838387,5.867768413736485e-05,scalar
events.out.tfevents.1776410801.613f842a7ad8.13245.0,train/learning_rate,60,1776414457.9481928,5.4545453167520463e-05,scalar
events.out.tfevents.1776410801.613f842a7ad8.13245.0,train/learning_rate,65,1776414766.5103307,5.041322219767608e-05,scalar
events.out.tfevents.1776410801.613f842a7ad8.13245.0,train/learning_rate,70,1776415061.3276315,4.628099122783169e-05,scalar
events.out.tfevents.1776410801.613f842a7ad8.13245.0,train/learning_rate,75,1776415369.7782786,4.2148760257987306e-05,scalar
events.out.tfevents.1776410801.613f842a7ad8.13245.0,train/learning_rate,80,1776415687.4096074,3.801652928814292e-05,scalar
events.out.tfevents.1776410801.613f842a7ad8.13245.0,train/learning_rate,85,1776415993.7898402,3.3884298318298534e-05,scalar
events.out.tfevents.1776410801.613f842a7ad8.13245.0,train/learning_rate,90,1776416299.5162823,2.9752065529464744e-05,scalar
events.out.tfevents.1776410801.613f842a7ad8.13245.0,train/learning_rate,95,1776416610.362536,2.5619834559620358e-05,scalar
events.out.tfevents.1776410801.613f842a7ad8.13245.0,train/learning_rate,100,1776416905.065551,2.1487603589775972e-05,scalar
events.out.tfevents.1776410801.613f842a7ad8.13245.0,train/learning_rate,105,1776417246.8274257,1.7355372619931586e-05,scalar
events.out.tfevents.1776410801.613f842a7ad8.13245.0,train/learning_rate,110,1776417538.519279,1.3223140740592498e-05,scalar
events.out.tfevents.1776410801.613f842a7ad8.13245.0,train/learning_rate,115,1776417847.811361,9.09090886125341e-06,scalar
events.out.tfevents.1776410801.613f842a7ad8.13245.0,train/learning_rate,120,1776418141.2714665,4.958677891409025e-06,scalar
events.out.tfevents.1776410801.613f842a7ad8.13245.0,train/learning_rate,125,1776418452.9418168,8.264462962870311e-07,scalar
events.out.tfevents.1776410801.613f842a7ad8.13245.0,train/entropy,5,1776411097.2755654,1.211854338645935,scalar
events.out.tfevents.1776410801.613f842a7ad8.13245.0,train/entropy,10,1776411389.2385793,1.7207530736923218,scalar
events.out.tfevents.1776410801.613f842a7ad8.13245.0,train/entropy,15,1776411699.0087285,1.73749577999115,scalar
events.out.tfevents.1776410801.613f842a7ad8.13245.0,train/entropy,20,1776411993.6226344,1.1618489027023315,scalar
events.out.tfevents.1776410801.613f842a7ad8.13245.0,train/entropy,25,1776412302.3611157,0.761319637298584,scalar
events.out.tfevents.1776410801.613f842a7ad8.13245.0,train/entropy,30,1776412621.9076169,0.5666582584381104,scalar
events.out.tfevents.1776410801.613f842a7ad8.13245.0,train/entropy,35,1776412927.9526255,0.5027841329574585,scalar
events.out.tfevents.1776410801.613f842a7ad8.13245.0,train/entropy,40,1776413218.7800019,0.4611760675907135,scalar
events.out.tfevents.1776410801.613f842a7ad8.13245.0,train/entropy,45,1776413528.0247288,0.44903308153152466,scalar
events.out.tfevents.1776410801.613f842a7ad8.13245.0,train/entropy,50,1776413821.561146,0.42865023016929626,scalar
events.out.tfevents.1776410801.613f842a7ad8.13245.0,train/entropy,55,1776414160.8838437,0.42248183488845825,scalar
events.out.tfevents.1776410801.613f842a7ad8.13245.0,train/entropy,60,1776414457.9481997,0.4118208885192871,scalar
events.out.tfevents.1776410801.613f842a7ad8.13245.0,train/entropy,65,1776414766.5103357,0.4094569981098175,scalar
events.out.tfevents.1776410801.613f842a7ad8.13245.0,train/entropy,70,1776415061.3276362,0.4048614799976349,scalar
events.out.tfevents.1776410801.613f842a7ad8.13245.0,train/entropy,75,1776415369.7782836,0.4126928746700287,scalar
events.out.tfevents.1776410801.613f842a7ad8.13245.0,train/entropy,80,1776415687.4096127,0.4007219672203064,scalar
events.out.tfevents.1776410801.613f842a7ad8.13245.0,train/entropy,85,1776415993.7898448,0.4044035077095032,scalar
events.out.tfevents.1776410801.613f842a7ad8.13245.0,train/entropy,90,1776416299.5162873,0.40608516335487366,scalar
events.out.tfevents.1776410801.613f842a7ad8.13245.0,train/entropy,95,1776416610.3625412,0.40154656767845154,scalar
events.out.tfevents.1776410801.613f842a7ad8.13245.0,train/entropy,100,1776416905.0655563,0.4057832360267639,scalar
events.out.tfevents.1776410801.613f842a7ad8.13245.0,train/entropy,105,1776417246.8274307,0.39607593417167664,scalar
events.out.tfevents.1776410801.613f842a7ad8.13245.0,train/entropy,110,1776417538.5192835,0.4006211459636688,scalar
events.out.tfevents.1776410801.613f842a7ad8.13245.0,train/entropy,115,1776417847.8113663,0.39684683084487915,scalar
events.out.tfevents.1776410801.613f842a7ad8.13245.0,train/entropy,120,1776418141.271472,0.3945549428462982,scalar
events.out.tfevents.1776410801.613f842a7ad8.13245.0,train/entropy,125,1776418452.941822,0.39847344160079956,scalar
events.out.tfevents.1776410801.613f842a7ad8.13245.0,train/num_tokens,5,1776411097.2755704,274407.0,scalar
events.out.tfevents.1776410801.613f842a7ad8.13245.0,train/num_tokens,10,1776411389.2385845,548807.0,scalar
events.out.tfevents.1776410801.613f842a7ad8.13245.0,train/num_tokens,15,1776411699.0087347,823189.0,scalar
events.out.tfevents.1776410801.613f842a7ad8.13245.0,train/num_tokens,20,1776411993.6226397,1097578.0,scalar
events.out.tfevents.1776410801.613f842a7ad8.13245.0,train/num_tokens,25,1776412302.3611197,1371977.0,scalar
events.out.tfevents.1776410801.613f842a7ad8.13245.0,train/num_tokens,30,1776412621.907622,1646375.0,scalar
events.out.tfevents.1776410801.613f842a7ad8.13245.0,train/num_tokens,35,1776412927.9526296,1920772.0,scalar
events.out.tfevents.1776410801.613f842a7ad8.13245.0,train/num_tokens,40,1776413218.780006,2195159.0,scalar
events.out.tfevents.1776410801.613f842a7ad8.13245.0,train/num_tokens,45,1776413528.024733,2469563.0,scalar
events.out.tfevents.1776410801.613f842a7ad8.13245.0,train/num_tokens,50,1776413821.5611506,2743954.0,scalar
events.out.tfevents.1776410801.613f842a7ad8.13245.0,train/num_tokens,55,1776414160.883848,3018341.0,scalar
events.out.tfevents.1776410801.613f842a7ad8.13245.0,train/num_tokens,60,1776414457.9482048,3292731.0,scalar
events.out.tfevents.1776410801.613f842a7ad8.13245.0,train/num_tokens,65,1776414766.5103405,3567131.0,scalar
events.out.tfevents.1776410801.613f842a7ad8.13245.0,train/num_tokens,70,1776415061.3276403,3841543.0,scalar
events.out.tfevents.1776410801.613f842a7ad8.13245.0,train/num_tokens,75,1776415369.7782884,4115931.0,scalar
events.out.tfevents.1776410801.613f842a7ad8.13245.0,train/num_tokens,80,1776415687.4096172,4390313.0,scalar
events.out.tfevents.1776410801.613f842a7ad8.13245.0,train/num_tokens,85,1776415993.7898495,4664708.0,scalar
events.out.tfevents.1776410801.613f842a7ad8.13245.0,train/num_tokens,90,1776416299.5162919,4939112.0,scalar
events.out.tfevents.1776410801.613f842a7ad8.13245.0,train/num_tokens,95,1776416610.3625457,5213507.0,scalar
events.out.tfevents.1776410801.613f842a7ad8.13245.0,train/num_tokens,100,1776416905.0655606,5487908.0,scalar
events.out.tfevents.1776410801.613f842a7ad8.13245.0,train/num_tokens,105,1776417246.827435,5762301.0,scalar
events.out.tfevents.1776410801.613f842a7ad8.13245.0,train/num_tokens,110,1776417538.5192878,6036708.0,scalar
events.out.tfevents.1776410801.613f842a7ad8.13245.0,train/num_tokens,115,1776417847.8113713,6311100.0,scalar
events.out.tfevents.1776410801.613f842a7ad8.13245.0,train/num_tokens,120,1776418141.2714763,6585487.0,scalar
events.out.tfevents.1776410801.613f842a7ad8.13245.0,train/num_tokens,125,1776418452.9418268,6859885.0,scalar
events.out.tfevents.1776410801.613f842a7ad8.13245.0,train/mean_token_accuracy,5,1776411097.2755754,0.6459782123565674,scalar
events.out.tfevents.1776410801.613f842a7ad8.13245.0,train/mean_token_accuracy,10,1776411389.2385893,0.7881660461425781,scalar
events.out.tfevents.1776410801.613f842a7ad8.13245.0,train/mean_token_accuracy,15,1776411699.008739,0.8608710765838623,scalar
events.out.tfevents.1776410801.613f842a7ad8.13245.0,train/mean_token_accuracy,20,1776411993.6226437,0.8720329999923706,scalar
events.out.tfevents.1776410801.613f842a7ad8.13245.0,train/mean_token_accuracy,25,1776412302.3611236,0.878716766834259,scalar
events.out.tfevents.1776410801.613f842a7ad8.13245.0,train/mean_token_accuracy,30,1776412621.9076273,0.8817446231842041,scalar
events.out.tfevents.1776410801.613f842a7ad8.13245.0,train/mean_token_accuracy,35,1776412927.9526336,0.8841572403907776,scalar
events.out.tfevents.1776410801.613f842a7ad8.13245.0,train/mean_token_accuracy,40,1776413218.7800097,0.8867836594581604,scalar
events.out.tfevents.1776410801.613f842a7ad8.13245.0,train/mean_token_accuracy,45,1776413528.0247378,0.8871433734893799,scalar
events.out.tfevents.1776410801.613f842a7ad8.13245.0,train/mean_token_accuracy,50,1776413821.5611548,0.8890069723129272,scalar
events.out.tfevents.1776410801.613f842a7ad8.13245.0,train/mean_token_accuracy,55,1776414160.8838518,0.890891432762146,scalar
events.out.tfevents.1776410801.613f842a7ad8.13245.0,train/mean_token_accuracy,60,1776414457.9482095,0.8918997049331665,scalar
events.out.tfevents.1776410801.613f842a7ad8.13245.0,train/mean_token_accuracy,65,1776414766.5103445,0.8927597999572754,scalar
events.out.tfevents.1776410801.613f842a7ad8.13245.0,train/mean_token_accuracy,70,1776415061.327644,0.8921823501586914,scalar
events.out.tfevents.1776410801.613f842a7ad8.13245.0,train/mean_token_accuracy,75,1776415369.778293,0.8938744068145752,scalar
events.out.tfevents.1776410801.613f842a7ad8.13245.0,train/mean_token_accuracy,80,1776415687.4096215,0.8943765759468079,scalar
events.out.tfevents.1776410801.613f842a7ad8.13245.0,train/mean_token_accuracy,85,1776415993.789854,0.8954259157180786,scalar
events.out.tfevents.1776410801.613f842a7ad8.13245.0,train/mean_token_accuracy,90,1776416299.5162961,0.8954519629478455,scalar
events.out.tfevents.1776410801.613f842a7ad8.13245.0,train/mean_token_accuracy,95,1776416610.3625498,0.8963434100151062,scalar
events.out.tfevents.1776410801.613f842a7ad8.13245.0,train/mean_token_accuracy,100,1776416905.0655649,0.896691083908081,scalar
events.out.tfevents.1776410801.613f842a7ad8.13245.0,train/mean_token_accuracy,105,1776417246.8274388,0.8970255851745605,scalar
events.out.tfevents.1776410801.613f842a7ad8.13245.0,train/mean_token_accuracy,110,1776417538.5192916,0.8968557715415955,scalar
events.out.tfevents.1776410801.613f842a7ad8.13245.0,train/mean_token_accuracy,115,1776417847.8113766,0.8980461955070496,scalar
events.out.tfevents.1776410801.613f842a7ad8.13245.0,train/mean_token_accuracy,120,1776418141.271481,0.8980122804641724,scalar
events.out.tfevents.1776410801.613f842a7ad8.13245.0,train/mean_token_accuracy,125,1776418452.9418314,0.896178662776947,scalar
events.out.tfevents.1776410801.613f842a7ad8.13245.0,train/epoch,5,1776411097.27558,0.20000000298023224,scalar
events.out.tfevents.1776410801.613f842a7ad8.13245.0,train/epoch,10,1776411389.2385936,0.4000000059604645,scalar
events.out.tfevents.1776410801.613f842a7ad8.13245.0,train/epoch,10,1776411403.0670805,0.4000000059604645,scalar
events.out.tfevents.1776410801.613f842a7ad8.13245.0,train/epoch,15,1776411699.0087435,0.6000000238418579,scalar
events.out.tfevents.1776410801.613f842a7ad8.13245.0,train/epoch,20,1776411993.622648,0.800000011920929,scalar
events.out.tfevents.1776410801.613f842a7ad8.13245.0,train/epoch,20,1776412007.481715,0.800000011920929,scalar
events.out.tfevents.1776410801.613f842a7ad8.13245.0,train/epoch,25,1776412302.3611276,1.0,scalar
events.out.tfevents.1776410801.613f842a7ad8.13245.0,train/epoch,30,1776412621.907633,1.2000000476837158,scalar
events.out.tfevents.1776410801.613f842a7ad8.13245.0,train/epoch,30,1776412635.7295787,1.2000000476837158,scalar
events.out.tfevents.1776410801.613f842a7ad8.13245.0,train/epoch,35,1776412927.952638,1.399999976158142,scalar
events.out.tfevents.1776410801.613f842a7ad8.13245.0,train/epoch,40,1776413218.7800136,1.600000023841858,scalar
events.out.tfevents.1776410801.613f842a7ad8.13245.0,train/epoch,40,1776413232.946563,1.600000023841858,scalar
events.out.tfevents.1776410801.613f842a7ad8.13245.0,train/epoch,45,1776413528.0247426,1.7999999523162842,scalar
events.out.tfevents.1776410801.613f842a7ad8.13245.0,train/epoch,50,1776413821.561159,2.0,scalar
events.out.tfevents.1776410801.613f842a7ad8.13245.0,train/epoch,50,1776413835.4226005,2.0,scalar
events.out.tfevents.1776410801.613f842a7ad8.13245.0,train/epoch,55,1776414160.8838556,2.200000047683716,scalar
events.out.tfevents.1776410801.613f842a7ad8.13245.0,train/epoch,60,1776414457.9482143,2.4000000953674316,scalar
events.out.tfevents.1776410801.613f842a7ad8.13245.0,train/epoch,60,1776414471.745474,2.4000000953674316,scalar
events.out.tfevents.1776410801.613f842a7ad8.13245.0,train/epoch,65,1776414766.5103488,2.5999999046325684,scalar
events.out.tfevents.1776410801.613f842a7ad8.13245.0,train/epoch,70,1776415061.3276477,2.799999952316284,scalar
events.out.tfevents.1776410801.613f842a7ad8.13245.0,train/epoch,70,1776415075.2135518,2.799999952316284,scalar
events.out.tfevents.1776410801.613f842a7ad8.13245.0,train/epoch,75,1776415369.7782972,3.0,scalar
events.out.tfevents.1776410801.613f842a7ad8.13245.0,train/epoch,80,1776415687.4096258,3.200000047683716,scalar
events.out.tfevents.1776410801.613f842a7ad8.13245.0,train/epoch,80,1776415701.2633047,3.200000047683716,scalar
events.out.tfevents.1776410801.613f842a7ad8.13245.0,train/epoch,85,1776415993.7898583,3.4000000953674316,scalar
events.out.tfevents.1776410801.613f842a7ad8.13245.0,train/epoch,90,1776416299.516301,3.5999999046325684,scalar
events.out.tfevents.1776410801.613f842a7ad8.13245.0,train/epoch,90,1776416313.4020343,3.5999999046325684,scalar
events.out.tfevents.1776410801.613f842a7ad8.13245.0,train/epoch,95,1776416610.3625538,3.799999952316284,scalar
events.out.tfevents.1776410801.613f842a7ad8.13245.0,train/epoch,100,1776416905.0655687,4.0,scalar
events.out.tfevents.1776410801.613f842a7ad8.13245.0,train/epoch,100,1776416918.969078,4.0,scalar
events.out.tfevents.1776410801.613f842a7ad8.13245.0,train/epoch,105,1776417246.8274426,4.199999809265137,scalar
events.out.tfevents.1776410801.613f842a7ad8.13245.0,train/epoch,110,1776417538.5192952,4.400000095367432,scalar
events.out.tfevents.1776410801.613f842a7ad8.13245.0,train/epoch,110,1776417552.3733256,4.400000095367432,scalar
events.out.tfevents.1776410801.613f842a7ad8.13245.0,train/epoch,115,1776417847.811381,4.599999904632568,scalar
events.out.tfevents.1776410801.613f842a7ad8.13245.0,train/epoch,120,1776418141.2714853,4.800000190734863,scalar
events.out.tfevents.1776410801.613f842a7ad8.13245.0,train/epoch,120,1776418155.1496618,4.800000190734863,scalar
events.out.tfevents.1776410801.613f842a7ad8.13245.0,train/epoch,125,1776418452.9418354,5.0,scalar
events.out.tfevents.1776410801.613f842a7ad8.13245.0,train/epoch,125,1776418466.7566369,5.0,scalar
events.out.tfevents.1776410801.613f842a7ad8.13245.0,train/epoch,125,1776418495.4591591,5.0,scalar
events.out.tfevents.1776410801.613f842a7ad8.13245.0,eval/loss,10,1776411403.0670278,0.4752195477485657,scalar
events.out.tfevents.1776410801.613f842a7ad8.13245.0,eval/loss,20,1776412007.4816644,0.31991416215896606,scalar
events.out.tfevents.1776410801.613f842a7ad8.13245.0,eval/loss,30,1776412635.7295287,0.29390788078308105,scalar
events.out.tfevents.1776410801.613f842a7ad8.13245.0,eval/loss,40,1776413232.9465115,0.2835845649242401,scalar
events.out.tfevents.1776410801.613f842a7ad8.13245.0,eval/loss,50,1776413835.4225514,0.27752238512039185,scalar
events.out.tfevents.1776410801.613f842a7ad8.13245.0,eval/loss,60,1776414471.7454228,0.27215325832366943,scalar
events.out.tfevents.1776410801.613f842a7ad8.13245.0,eval/loss,70,1776415075.213501,0.26883184909820557,scalar
events.out.tfevents.1776410801.613f842a7ad8.13245.0,eval/loss,80,1776415701.2632537,0.2648333013057709,scalar
events.out.tfevents.1776410801.613f842a7ad8.13245.0,eval/loss,90,1776416313.401986,0.2633030116558075,scalar
events.out.tfevents.1776410801.613f842a7ad8.13245.0,eval/loss,100,1776416918.96903,0.26151254773139954,scalar
events.out.tfevents.1776410801.613f842a7ad8.13245.0,eval/loss,110,1776417552.3732758,0.2596234381198883,scalar
events.out.tfevents.1776410801.613f842a7ad8.13245.0,eval/loss,120,1776418155.14961,0.2590530514717102,scalar
events.out.tfevents.1776410801.613f842a7ad8.13245.0,eval/loss,125,1776418466.7565842,0.2586367130279541,scalar
events.out.tfevents.1776410801.613f842a7ad8.13245.0,eval/runtime,10,1776411403.0670536,13.827199935913086,scalar
events.out.tfevents.1776410801.613f842a7ad8.13245.0,eval/runtime,20,1776412007.481687,13.857799530029297,scalar
events.out.tfevents.1776410801.613f842a7ad8.13245.0,eval/runtime,30,1776412635.7295494,13.820699691772461,scalar
events.out.tfevents.1776410801.613f842a7ad8.13245.0,eval/runtime,40,1776413232.9465349,14.165300369262695,scalar
events.out.tfevents.1776410801.613f842a7ad8.13245.0,eval/runtime,50,1776413835.4225714,13.860199928283691,scalar
events.out.tfevents.1776410801.613f842a7ad8.13245.0,eval/runtime,60,1776414471.7454464,13.795999526977539,scalar
events.out.tfevents.1776410801.613f842a7ad8.13245.0,eval/runtime,70,1776415075.213523,13.884599685668945,scalar
events.out.tfevents.1776410801.613f842a7ad8.13245.0,eval/runtime,80,1776415701.2632768,13.852399826049805,scalar
events.out.tfevents.1776410801.613f842a7ad8.13245.0,eval/runtime,90,1776416313.4020057,13.884400367736816,scalar
events.out.tfevents.1776410801.613f842a7ad8.13245.0,eval/runtime,100,1776416918.9690502,13.902299880981445,scalar
events.out.tfevents.1776410801.613f842a7ad8.13245.0,eval/runtime,110,1776417552.373298,13.852800369262695,scalar
events.out.tfevents.1776410801.613f842a7ad8.13245.0,eval/runtime,120,1776418155.149633,13.876899719238281,scalar
events.out.tfevents.1776410801.613f842a7ad8.13245.0,eval/runtime,125,1776418466.7566087,13.81350040435791,scalar
events.out.tfevents.1776410801.613f842a7ad8.13245.0,eval/samples_per_second,10,1776411403.0670598,3.615999937057495,scalar
events.out.tfevents.1776410801.613f842a7ad8.13245.0,eval/samples_per_second,20,1776412007.4816935,3.6080000400543213,scalar
events.out.tfevents.1776410801.613f842a7ad8.13245.0,eval/samples_per_second,30,1776412635.729556,3.618000030517578,scalar
events.out.tfevents.1776410801.613f842a7ad8.13245.0,eval/samples_per_second,40,1776413232.9465415,3.5299999713897705,scalar
events.out.tfevents.1776410801.613f842a7ad8.13245.0,eval/samples_per_second,50,1776413835.4225774,3.6070001125335693,scalar
events.out.tfevents.1776410801.613f842a7ad8.13245.0,eval/samples_per_second,60,1776414471.745453,3.624000072479248,scalar
events.out.tfevents.1776410801.613f842a7ad8.13245.0,eval/samples_per_second,70,1776415075.2135293,3.6010000705718994,scalar
events.out.tfevents.1776410801.613f842a7ad8.13245.0,eval/samples_per_second,80,1776415701.2632833,3.6089999675750732,scalar
events.out.tfevents.1776410801.613f842a7ad8.13245.0,eval/samples_per_second,90,1776416313.4020123,3.6010000705718994,scalar
events.out.tfevents.1776410801.613f842a7ad8.13245.0,eval/samples_per_second,100,1776416918.9690564,3.5969998836517334,scalar
events.out.tfevents.1776410801.613f842a7ad8.13245.0,eval/samples_per_second,110,1776417552.3733041,3.6089999675750732,scalar
events.out.tfevents.1776410801.613f842a7ad8.13245.0,eval/samples_per_second,120,1776418155.1496391,3.6029999256134033,scalar
events.out.tfevents.1776410801.613f842a7ad8.13245.0,eval/samples_per_second,125,1776418466.7566152,3.619999885559082,scalar
events.out.tfevents.1776410801.613f842a7ad8.13245.0,eval/steps_per_second,10,1776411403.0670643,3.615999937057495,scalar
events.out.tfevents.1776410801.613f842a7ad8.13245.0,eval/steps_per_second,20,1776412007.4816983,3.6080000400543213,scalar
events.out.tfevents.1776410801.613f842a7ad8.13245.0,eval/steps_per_second,30,1776412635.7295613,3.618000030517578,scalar
events.out.tfevents.1776410801.613f842a7ad8.13245.0,eval/steps_per_second,40,1776413232.9465468,3.5299999713897705,scalar
events.out.tfevents.1776410801.613f842a7ad8.13245.0,eval/steps_per_second,50,1776413835.4225826,3.6070001125335693,scalar
events.out.tfevents.1776410801.613f842a7ad8.13245.0,eval/steps_per_second,60,1776414471.7454576,3.624000072479248,scalar
events.out.tfevents.1776410801.613f842a7ad8.13245.0,eval/steps_per_second,70,1776415075.2135344,3.6010000705718994,scalar
events.out.tfevents.1776410801.613f842a7ad8.13245.0,eval/steps_per_second,80,1776415701.2632883,3.6089999675750732,scalar
events.out.tfevents.1776410801.613f842a7ad8.13245.0,eval/steps_per_second,90,1776416313.4020174,3.6010000705718994,scalar
events.out.tfevents.1776410801.613f842a7ad8.13245.0,eval/steps_per_second,100,1776416918.9690614,3.5969998836517334,scalar
events.out.tfevents.1776410801.613f842a7ad8.13245.0,eval/steps_per_second,110,1776417552.3733091,3.6089999675750732,scalar
events.out.tfevents.1776410801.613f842a7ad8.13245.0,eval/steps_per_second,120,1776418155.1496441,3.6029999256134033,scalar
events.out.tfevents.1776410801.613f842a7ad8.13245.0,eval/steps_per_second,125,1776418466.7566204,3.619999885559082,scalar
events.out.tfevents.1776410801.613f842a7ad8.13245.0,eval/entropy,10,1776411403.0670686,1.8223614692687988,scalar
events.out.tfevents.1776410801.613f842a7ad8.13245.0,eval/entropy,20,1776412007.4817028,0.8775345087051392,scalar
events.out.tfevents.1776410801.613f842a7ad8.13245.0,eval/entropy,30,1776412635.7295666,0.5187698006629944,scalar
events.out.tfevents.1776410801.613f842a7ad8.13245.0,eval/entropy,40,1776413232.9465508,0.44921019673347473,scalar
events.out.tfevents.1776410801.613f842a7ad8.13245.0,eval/entropy,50,1776413835.422587,0.4263060390949249,scalar
events.out.tfevents.1776410801.613f842a7ad8.13245.0,eval/entropy,60,1776414471.7454622,0.4115890562534332,scalar
events.out.tfevents.1776410801.613f842a7ad8.13245.0,eval/entropy,70,1776415075.2135394,0.41279542446136475,scalar
events.out.tfevents.1776410801.613f842a7ad8.13245.0,eval/entropy,80,1776415701.2632928,0.4124751091003418,scalar
events.out.tfevents.1776410801.613f842a7ad8.13245.0,eval/entropy,90,1776416313.402022,0.4076613485813141,scalar
events.out.tfevents.1776410801.613f842a7ad8.13245.0,eval/entropy,100,1776416918.969066,0.40445709228515625,scalar
events.out.tfevents.1776410801.613f842a7ad8.13245.0,eval/entropy,110,1776417552.373314,0.4030958116054535,scalar
events.out.tfevents.1776410801.613f842a7ad8.13245.0,eval/entropy,120,1776418155.149649,0.40064147114753723,scalar
events.out.tfevents.1776410801.613f842a7ad8.13245.0,eval/entropy,125,1776418466.756625,0.40065813064575195,scalar
events.out.tfevents.1776410801.613f842a7ad8.13245.0,eval/num_tokens,10,1776411403.0670729,548807.0,scalar
events.out.tfevents.1776410801.613f842a7ad8.13245.0,eval/num_tokens,20,1776412007.481707,1097578.0,scalar
events.out.tfevents.1776410801.613f842a7ad8.13245.0,eval/num_tokens,30,1776412635.7295706,1646375.0,scalar
events.out.tfevents.1776410801.613f842a7ad8.13245.0,eval/num_tokens,40,1776413232.946555,2195159.0,scalar
events.out.tfevents.1776410801.613f842a7ad8.13245.0,eval/num_tokens,50,1776413835.4225912,2743954.0,scalar
events.out.tfevents.1776410801.613f842a7ad8.13245.0,eval/num_tokens,60,1776414471.745466,3292731.0,scalar
events.out.tfevents.1776410801.613f842a7ad8.13245.0,eval/num_tokens,70,1776415075.2135437,3841543.0,scalar
events.out.tfevents.1776410801.613f842a7ad8.13245.0,eval/num_tokens,80,1776415701.2632968,4390313.0,scalar
events.out.tfevents.1776410801.613f842a7ad8.13245.0,eval/num_tokens,90,1776416313.4020257,4939112.0,scalar
events.out.tfevents.1776410801.613f842a7ad8.13245.0,eval/num_tokens,100,1776416918.9690702,5487908.0,scalar
events.out.tfevents.1776410801.613f842a7ad8.13245.0,eval/num_tokens,110,1776417552.373318,6036708.0,scalar
events.out.tfevents.1776410801.613f842a7ad8.13245.0,eval/num_tokens,120,1776418155.1496532,6585487.0,scalar
events.out.tfevents.1776410801.613f842a7ad8.13245.0,eval/num_tokens,125,1776418466.756629,6859885.0,scalar
events.out.tfevents.1776410801.613f842a7ad8.13245.0,eval/mean_token_accuracy,10,1776411403.0670767,0.8453823328018188,scalar
events.out.tfevents.1776410801.613f842a7ad8.13245.0,eval/mean_token_accuracy,20,1776412007.4817111,0.8759726881980896,scalar
events.out.tfevents.1776410801.613f842a7ad8.13245.0,eval/mean_token_accuracy,30,1776412635.7295747,0.881709635257721,scalar
events.out.tfevents.1776410801.613f842a7ad8.13245.0,eval/mean_token_accuracy,40,1776413232.946559,0.8846122622489929,scalar
events.out.tfevents.1776410801.613f842a7ad8.13245.0,eval/mean_token_accuracy,50,1776413835.4225957,0.8864482641220093,scalar
events.out.tfevents.1776410801.613f842a7ad8.13245.0,eval/mean_token_accuracy,60,1776414471.7454703,0.8890489935874939,scalar
events.out.tfevents.1776410801.613f842a7ad8.13245.0,eval/mean_token_accuracy,70,1776415075.2135477,0.8896825313568115,scalar
events.out.tfevents.1776410801.613f842a7ad8.13245.0,eval/mean_token_accuracy,80,1776415701.263301,0.892552375793457,scalar
events.out.tfevents.1776410801.613f842a7ad8.13245.0,eval/mean_token_accuracy,90,1776416313.40203,0.8926180005073547,scalar
events.out.tfevents.1776410801.613f842a7ad8.13245.0,eval/mean_token_accuracy,100,1776416918.9690742,0.8940866589546204,scalar
events.out.tfevents.1776410801.613f842a7ad8.13245.0,eval/mean_token_accuracy,110,1776417552.3733218,0.8942193388938904,scalar
events.out.tfevents.1776410801.613f842a7ad8.13245.0,eval/mean_token_accuracy,120,1776418155.1496575,0.8944193124771118,scalar
events.out.tfevents.1776410801.613f842a7ad8.13245.0,eval/mean_token_accuracy,125,1776418466.7566328,0.8947539925575256,scalar
events.out.tfevents.1776410801.613f842a7ad8.13245.0,train/train_runtime,125,1776418495.4590971,7693.98681640625,scalar
events.out.tfevents.1776410801.613f842a7ad8.13245.0,train/train_samples_per_second,125,1776418495.4591272,1.0399999618530273,scalar
events.out.tfevents.1776410801.613f842a7ad8.13245.0,train/train_steps_per_second,125,1776418495.459146,0.01600000075995922,scalar
events.out.tfevents.1776410801.613f842a7ad8.13245.0,train/total_flos,125,1776418495.4591513,1.8005633340224307e+17,scalar
events.out.tfevents.1776410801.613f842a7ad8.13245.0,train/train_loss,125,1776418495.459155,0.3422950208187103,scalar
