run_file,tag,step,wall_time,value,type
events.out.tfevents.1770456721.15f3a867024b.5912.0,train/loss,5,1770456953.4815912,1.3146847486495972,scalar
events.out.tfevents.1770456721.15f3a867024b.5912.0,train/loss,10,1770457179.6462572,0.8589979410171509,scalar
events.out.tfevents.1770456721.15f3a867024b.5912.0,train/loss,15,1770457431.2965517,0.4024977684020996,scalar
events.out.tfevents.1770456721.15f3a867024b.5912.0,train/loss,20,1770457654.271368,0.2839831113815307,scalar
events.out.tfevents.1770456721.15f3a867024b.5912.0,train/loss,25,1770457907.1047304,0.2504646778106689,scalar
events.out.tfevents.1770456721.15f3a867024b.5912.0,train/loss,30,1770458129.6030176,0.2361479550600052,scalar
events.out.tfevents.1770456721.15f3a867024b.5912.0,train/loss,35,1770458384.0667446,0.2353489696979522,scalar
events.out.tfevents.1770456721.15f3a867024b.5912.0,train/loss,40,1770458608.5790625,0.2390460968017578,scalar
events.out.tfevents.1770456721.15f3a867024b.5912.0,train/loss,45,1770458858.6563518,0.2210598438978195,scalar
events.out.tfevents.1770456721.15f3a867024b.5912.0,train/loss,50,1770459083.0256546,0.2233312875032425,scalar
events.out.tfevents.1770456721.15f3a867024b.5912.0,train/loss,55,1770459334.3733597,0.2212020605802536,scalar
events.out.tfevents.1770456721.15f3a867024b.5912.0,train/loss,60,1770459558.1964655,0.2184261381626129,scalar
events.out.tfevents.1770456721.15f3a867024b.5912.0,train/loss,65,1770459808.3474915,0.2185422629117965,scalar
events.out.tfevents.1770456721.15f3a867024b.5912.0,train/loss,70,1770460033.8683984,0.2195474356412887,scalar
events.out.tfevents.1770456721.15f3a867024b.5912.0,train/loss,75,1770460283.3627498,0.2154448330402374,scalar
events.out.tfevents.1770456721.15f3a867024b.5912.0,train/loss,80,1770460507.537528,0.2143401652574539,scalar
events.out.tfevents.1770456721.15f3a867024b.5912.0,train/loss,85,1770460758.327808,0.2123849093914032,scalar
events.out.tfevents.1770456721.15f3a867024b.5912.0,train/loss,90,1770460982.3619795,0.2106693238019943,scalar
events.out.tfevents.1770456721.15f3a867024b.5912.0,train/loss,95,1770461232.7383466,0.2104065865278244,scalar
events.out.tfevents.1770456721.15f3a867024b.5912.0,train/loss,100,1770461457.2633092,0.2130257338285446,scalar
events.out.tfevents.1770456721.15f3a867024b.5912.0,train/loss,105,1770461709.8447273,0.2094931602478027,scalar
events.out.tfevents.1770456721.15f3a867024b.5912.0,train/loss,110,1770461941.443648,0.217874214053154,scalar
events.out.tfevents.1770456721.15f3a867024b.5912.0,train/loss,115,1770462201.7543004,0.2055823355913162,scalar
events.out.tfevents.1770456721.15f3a867024b.5912.0,train/loss,120,1770462431.384795,0.2111635953187942,scalar
events.out.tfevents.1770456721.15f3a867024b.5912.0,train/loss,125,1770462690.235616,0.2072877436876297,scalar
events.out.tfevents.1770456721.15f3a867024b.5912.0,train/loss,130,1770462920.927894,0.2041758000850677,scalar
events.out.tfevents.1770456721.15f3a867024b.5912.0,train/loss,135,1770463178.829161,0.2026118487119674,scalar
events.out.tfevents.1770456721.15f3a867024b.5912.0,train/loss,140,1770463408.0495698,0.2073169648647308,scalar
events.out.tfevents.1770456721.15f3a867024b.5912.0,train/loss,145,1770463681.802044,0.2039152681827545,scalar
events.out.tfevents.1770456721.15f3a867024b.5912.0,train/loss,150,1770463912.1427662,0.2010743916034698,scalar
events.out.tfevents.1770456721.15f3a867024b.5912.0,train/loss,155,1770464177.730131,0.2081925421953201,scalar
events.out.tfevents.1770456721.15f3a867024b.5912.0,train/loss,160,1770464407.1960316,0.2002031356096267,scalar
events.out.tfevents.1770456721.15f3a867024b.5912.0,train/loss,165,1770464666.5794482,0.2024281919002533,scalar
events.out.tfevents.1770456721.15f3a867024b.5912.0,train/loss,170,1770464897.0071564,0.1972192823886871,scalar
events.out.tfevents.1770456721.15f3a867024b.5912.0,train/loss,175,1770465158.5105853,0.2012659758329391,scalar
events.out.tfevents.1770456721.15f3a867024b.5912.0,train/loss,180,1770465390.773244,0.2054037749767303,scalar
events.out.tfevents.1770456721.15f3a867024b.5912.0,train/loss,185,1770465650.138748,0.1973603069782257,scalar
events.out.tfevents.1770456721.15f3a867024b.5912.0,train/loss,190,1770465885.3518927,0.2101427018642425,scalar
events.out.tfevents.1770456721.15f3a867024b.5912.0,train/loss,195,1770466143.5628448,0.1944909840822219,scalar
events.out.tfevents.1770456721.15f3a867024b.5912.0,train/loss,200,1770466373.179732,0.1924192458391189,scalar
events.out.tfevents.1770456721.15f3a867024b.5912.0,train/loss,205,1770466632.1827462,0.2008647471666336,scalar
events.out.tfevents.1770456721.15f3a867024b.5912.0,train/loss,210,1770466862.617557,0.1942974478006363,scalar
events.out.tfevents.1770456721.15f3a867024b.5912.0,train/loss,215,1770467121.0929952,0.1912513673305511,scalar
events.out.tfevents.1770456721.15f3a867024b.5912.0,train/loss,220,1770467351.5052836,0.1994849741458892,scalar
events.out.tfevents.1770456721.15f3a867024b.5912.0,train/loss,225,1770467610.012817,0.1944954693317413,scalar
events.out.tfevents.1770456721.15f3a867024b.5912.0,train/loss,230,1770467840.1670277,0.1940324008464813,scalar
events.out.tfevents.1770456721.15f3a867024b.5912.0,train/loss,235,1770468099.7944586,0.194033607840538,scalar
events.out.tfevents.1770456721.15f3a867024b.5912.0,train/loss,240,1770468329.4492006,0.1925053298473358,scalar
events.out.tfevents.1770456721.15f3a867024b.5912.0,train/loss,245,1770468588.1623485,0.1966970860958099,scalar
events.out.tfevents.1770456721.15f3a867024b.5912.0,train/loss,250,1770468815.8518298,0.1980471312999725,scalar
events.out.tfevents.1770456721.15f3a867024b.5912.0,train/loss,255,1770469075.6166804,0.1976775377988815,scalar
events.out.tfevents.1770456721.15f3a867024b.5912.0,train/loss,260,1770469306.8683448,0.1910097897052765,scalar
events.out.tfevents.1770456721.15f3a867024b.5912.0,train/loss,265,1770469565.4512322,0.1940034478902816,scalar
events.out.tfevents.1770456721.15f3a867024b.5912.0,train/loss,270,1770469795.736164,0.1923851072788238,scalar
events.out.tfevents.1770456721.15f3a867024b.5912.0,train/loss,275,1770470055.8534544,0.1982483565807342,scalar
events.out.tfevents.1770456721.15f3a867024b.5912.0,train/loss,280,1770470285.3110278,0.1893338114023208,scalar
events.out.tfevents.1770456721.15f3a867024b.5912.0,train/loss,285,1770470558.0755315,0.1939647197723388,scalar
events.out.tfevents.1770456721.15f3a867024b.5912.0,train/loss,290,1770470782.8469155,0.1909000873565673,scalar
events.out.tfevents.1770456721.15f3a867024b.5912.0,train/loss,295,1770471033.506697,0.1891652643680572,scalar
events.out.tfevents.1770456721.15f3a867024b.5912.0,train/loss,300,1770471258.2113004,0.1912333369255066,scalar
events.out.tfevents.1770456721.15f3a867024b.5912.0,train/loss,305,1770471508.5576086,0.1880768537521362,scalar
events.out.tfevents.1770456721.15f3a867024b.5912.0,train/loss,310,1770471733.8144534,0.1942357271909713,scalar
events.out.tfevents.1770456721.15f3a867024b.5912.0,train/loss,315,1770471984.371913,0.1879544854164123,scalar
events.out.tfevents.1770456721.15f3a867024b.5912.0,train/loss,320,1770472208.3416033,0.1905377954244613,scalar
events.out.tfevents.1770456721.15f3a867024b.5912.0,train/loss,325,1770472459.9114292,0.1925942599773407,scalar
events.out.tfevents.1770456721.15f3a867024b.5912.0,train/loss,330,1770472685.138819,0.1898913383483886,scalar
events.out.tfevents.1770456721.15f3a867024b.5912.0,train/loss,335,1770472935.887575,0.1945545971393585,scalar
events.out.tfevents.1770456721.15f3a867024b.5912.0,train/loss,340,1770473161.2586007,0.1904042363166809,scalar
events.out.tfevents.1770456721.15f3a867024b.5912.0,train/loss,345,1770473411.951099,0.1859557628631591,scalar
events.out.tfevents.1770456721.15f3a867024b.5912.0,train/loss,350,1770473641.089748,0.1936618387699127,scalar
events.out.tfevents.1770456721.15f3a867024b.5912.0,train/loss,355,1770473895.3805895,0.1914305239915847,scalar
events.out.tfevents.1770456721.15f3a867024b.5912.0,train/loss,360,1770474124.026425,0.1863150745630264,scalar
events.out.tfevents.1770456721.15f3a867024b.5912.0,train/loss,365,1770474380.1183689,0.1939113587141037,scalar
events.out.tfevents.1770456721.15f3a867024b.5912.0,train/loss,370,1770474605.021485,0.1860709637403488,scalar
events.out.tfevents.1770456721.15f3a867024b.5912.0,train/loss,375,1770474854.5586846,0.1828997433185577,scalar
events.out.tfevents.1770456721.15f3a867024b.5912.0,train/loss,380,1770475079.792269,0.1842412501573562,scalar
events.out.tfevents.1770456721.15f3a867024b.5912.0,train/loss,385,1770475330.8467152,0.1910657286643982,scalar
events.out.tfevents.1770456721.15f3a867024b.5912.0,train/loss,390,1770475555.1092372,0.1839340180158615,scalar
events.out.tfevents.1770456721.15f3a867024b.5912.0,train/loss,395,1770475804.5889554,0.1855296194553375,scalar
events.out.tfevents.1770456721.15f3a867024b.5912.0,train/loss,400,1770476029.1002848,0.1865987330675125,scalar
events.out.tfevents.1770456721.15f3a867024b.5912.0,train/loss,405,1770476280.784613,0.1924109756946563,scalar
events.out.tfevents.1770456721.15f3a867024b.5912.0,train/loss,410,1770476505.2671993,0.1844728291034698,scalar
events.out.tfevents.1770456721.15f3a867024b.5912.0,train/loss,415,1770476754.3590157,0.1829256862401962,scalar
events.out.tfevents.1770456721.15f3a867024b.5912.0,train/loss,420,1770476978.8999605,0.1853922605514526,scalar
events.out.tfevents.1770456721.15f3a867024b.5912.0,train/grad_norm,5,1770456953.4816394,2.828125,scalar
events.out.tfevents.1770456721.15f3a867024b.5912.0,train/grad_norm,10,1770457179.646305,2.796875,scalar
events.out.tfevents.1770456721.15f3a867024b.5912.0,train/grad_norm,15,1770457431.2965946,0.68359375,scalar
events.out.tfevents.1770456721.15f3a867024b.5912.0,train/grad_norm,20,1770457654.2714193,0.470703125,scalar
events.out.tfevents.1770456721.15f3a867024b.5912.0,train/grad_norm,25,1770457907.1047726,0.490234375,scalar
events.out.tfevents.1770456721.15f3a867024b.5912.0,train/grad_norm,30,1770458129.6030629,0.380859375,scalar
events.out.tfevents.1770456721.15f3a867024b.5912.0,train/grad_norm,35,1770458384.066789,0.322265625,scalar
events.out.tfevents.1770456721.15f3a867024b.5912.0,train/grad_norm,40,1770458608.5791054,0.234375,scalar
events.out.tfevents.1770456721.15f3a867024b.5912.0,train/grad_norm,45,1770458858.656397,0.30859375,scalar
events.out.tfevents.1770456721.15f3a867024b.5912.0,train/grad_norm,50,1770459083.025697,0.310546875,scalar
events.out.tfevents.1770456721.15f3a867024b.5912.0,train/grad_norm,55,1770459334.3734052,0.2216796875,scalar
events.out.tfevents.1770456721.15f3a867024b.5912.0,train/grad_norm,60,1770459558.196511,0.32421875,scalar
events.out.tfevents.1770456721.15f3a867024b.5912.0,train/grad_norm,65,1770459808.3475432,0.29296875,scalar
events.out.tfevents.1770456721.15f3a867024b.5912.0,train/grad_norm,70,1770460033.8684416,0.296875,scalar
events.out.tfevents.1770456721.15f3a867024b.5912.0,train/grad_norm,75,1770460283.3627942,0.2333984375,scalar
events.out.tfevents.1770456721.15f3a867024b.5912.0,train/grad_norm,80,1770460507.5375717,0.3046875,scalar
events.out.tfevents.1770456721.15f3a867024b.5912.0,train/grad_norm,85,1770460758.3278508,0.2060546875,scalar
events.out.tfevents.1770456721.15f3a867024b.5912.0,train/grad_norm,90,1770460982.3620229,0.2197265625,scalar
events.out.tfevents.1770456721.15f3a867024b.5912.0,train/grad_norm,95,1770461232.7383928,0.236328125,scalar
events.out.tfevents.1770456721.15f3a867024b.5912.0,train/grad_norm,100,1770461457.2633524,0.244140625,scalar
events.out.tfevents.1770456721.15f3a867024b.5912.0,train/grad_norm,105,1770461709.8447716,0.216796875,scalar
events.out.tfevents.1770456721.15f3a867024b.5912.0,train/grad_norm,110,1770461941.4436996,0.2265625,scalar
events.out.tfevents.1770456721.15f3a867024b.5912.0,train/grad_norm,115,1770462201.7543435,0.296875,scalar
events.out.tfevents.1770456721.15f3a867024b.5912.0,train/grad_norm,120,1770462431.384839,0.2578125,scalar
events.out.tfevents.1770456721.15f3a867024b.5912.0,train/grad_norm,125,1770462690.2356613,0.26953125,scalar
events.out.tfevents.1770456721.15f3a867024b.5912.0,train/grad_norm,130,1770462920.9279454,0.2294921875,scalar
events.out.tfevents.1770456721.15f3a867024b.5912.0,train/grad_norm,135,1770463178.829218,0.26171875,scalar
events.out.tfevents.1770456721.15f3a867024b.5912.0,train/grad_norm,140,1770463408.0496128,0.24609375,scalar
events.out.tfevents.1770456721.15f3a867024b.5912.0,train/grad_norm,145,1770463681.8020878,0.203125,scalar
events.out.tfevents.1770456721.15f3a867024b.5912.0,train/grad_norm,150,1770463912.1428092,0.2734375,scalar
events.out.tfevents.1770456721.15f3a867024b.5912.0,train/grad_norm,155,1770464177.730206,0.201171875,scalar
events.out.tfevents.1770456721.15f3a867024b.5912.0,train/grad_norm,160,1770464407.1960754,0.2373046875,scalar
events.out.tfevents.1770456721.15f3a867024b.5912.0,train/grad_norm,165,1770464666.579507,0.248046875,scalar
events.out.tfevents.1770456721.15f3a867024b.5912.0,train/grad_norm,170,1770464897.007213,0.16796875,scalar
events.out.tfevents.1770456721.15f3a867024b.5912.0,train/grad_norm,175,1770465158.510634,0.173828125,scalar
events.out.tfevents.1770456721.15f3a867024b.5912.0,train/grad_norm,180,1770465390.7732856,0.1767578125,scalar
events.out.tfevents.1770456721.15f3a867024b.5912.0,train/grad_norm,185,1770465650.138796,0.166015625,scalar
events.out.tfevents.1770456721.15f3a867024b.5912.0,train/grad_norm,190,1770465885.351943,0.21484375,scalar
events.out.tfevents.1770456721.15f3a867024b.5912.0,train/grad_norm,195,1770466143.562888,0.1767578125,scalar
events.out.tfevents.1770456721.15f3a867024b.5912.0,train/grad_norm,200,1770466373.179776,0.1689453125,scalar
events.out.tfevents.1770456721.15f3a867024b.5912.0,train/grad_norm,205,1770466632.182788,0.1943359375,scalar
events.out.tfevents.1770456721.15f3a867024b.5912.0,train/grad_norm,210,1770466862.6176002,0.2041015625,scalar
events.out.tfevents.1770456721.15f3a867024b.5912.0,train/grad_norm,215,1770467121.0930474,0.216796875,scalar
events.out.tfevents.1770456721.15f3a867024b.5912.0,train/grad_norm,220,1770467351.5053277,0.20703125,scalar
events.out.tfevents.1770456721.15f3a867024b.5912.0,train/grad_norm,225,1770467610.0128586,0.2236328125,scalar
events.out.tfevents.1770456721.15f3a867024b.5912.0,train/grad_norm,230,1770467840.1670735,0.271484375,scalar
events.out.tfevents.1770456721.15f3a867024b.5912.0,train/grad_norm,235,1770468099.7945027,0.2890625,scalar
events.out.tfevents.1770456721.15f3a867024b.5912.0,train/grad_norm,240,1770468329.4492528,0.318359375,scalar
events.out.tfevents.1770456721.15f3a867024b.5912.0,train/grad_norm,245,1770468588.1623893,0.2177734375,scalar
events.out.tfevents.1770456721.15f3a867024b.5912.0,train/grad_norm,250,1770468815.851874,0.177734375,scalar
events.out.tfevents.1770456721.15f3a867024b.5912.0,train/grad_norm,255,1770469075.6167252,0.166015625,scalar
events.out.tfevents.1770456721.15f3a867024b.5912.0,train/grad_norm,260,1770469306.868388,0.19140625,scalar
events.out.tfevents.1770456721.15f3a867024b.5912.0,train/grad_norm,265,1770469565.4512727,0.2021484375,scalar
events.out.tfevents.1770456721.15f3a867024b.5912.0,train/grad_norm,270,1770469795.7362132,0.16796875,scalar
events.out.tfevents.1770456721.15f3a867024b.5912.0,train/grad_norm,275,1770470055.8534982,0.1982421875,scalar
events.out.tfevents.1770456721.15f3a867024b.5912.0,train/grad_norm,280,1770470285.3110702,0.1962890625,scalar
events.out.tfevents.1770456721.15f3a867024b.5912.0,train/grad_norm,285,1770470558.0755749,0.279296875,scalar
events.out.tfevents.1770456721.15f3a867024b.5912.0,train/grad_norm,290,1770470782.8469584,0.236328125,scalar
events.out.tfevents.1770456721.15f3a867024b.5912.0,train/grad_norm,295,1770471033.5067396,0.341796875,scalar
events.out.tfevents.1770456721.15f3a867024b.5912.0,train/grad_norm,300,1770471258.211343,0.23828125,scalar
events.out.tfevents.1770456721.15f3a867024b.5912.0,train/grad_norm,305,1770471508.557651,0.265625,scalar
events.out.tfevents.1770456721.15f3a867024b.5912.0,train/grad_norm,310,1770471733.8144965,0.236328125,scalar
events.out.tfevents.1770456721.15f3a867024b.5912.0,train/grad_norm,315,1770471984.3719552,0.23046875,scalar
events.out.tfevents.1770456721.15f3a867024b.5912.0,train/grad_norm,320,1770472208.3416555,0.361328125,scalar
events.out.tfevents.1770456721.15f3a867024b.5912.0,train/grad_norm,325,1770472459.911475,0.2294921875,scalar
events.out.tfevents.1770456721.15f3a867024b.5912.0,train/grad_norm,330,1770472685.1388638,0.203125,scalar
events.out.tfevents.1770456721.15f3a867024b.5912.0,train/grad_norm,335,1770472935.8876357,0.205078125,scalar
events.out.tfevents.1770456721.15f3a867024b.5912.0,train/grad_norm,340,1770473161.2586434,0.1943359375,scalar
events.out.tfevents.1770456721.15f3a867024b.5912.0,train/grad_norm,345,1770473411.9511552,0.2158203125,scalar
events.out.tfevents.1770456721.15f3a867024b.5912.0,train/grad_norm,350,1770473641.0897942,0.2138671875,scalar
events.out.tfevents.1770456721.15f3a867024b.5912.0,train/grad_norm,355,1770473895.3806365,0.1953125,scalar
events.out.tfevents.1770456721.15f3a867024b.5912.0,train/grad_norm,360,1770474124.026477,0.2021484375,scalar
events.out.tfevents.1770456721.15f3a867024b.5912.0,train/grad_norm,365,1770474380.1184125,0.1826171875,scalar
events.out.tfevents.1770456721.15f3a867024b.5912.0,train/grad_norm,370,1770474605.02153,0.2060546875,scalar
events.out.tfevents.1770456721.15f3a867024b.5912.0,train/grad_norm,375,1770474854.55873,0.19921875,scalar
events.out.tfevents.1770456721.15f3a867024b.5912.0,train/grad_norm,380,1770475079.7923112,0.1875,scalar
events.out.tfevents.1770456721.15f3a867024b.5912.0,train/grad_norm,385,1770475330.8467636,0.1923828125,scalar
events.out.tfevents.1770456721.15f3a867024b.5912.0,train/grad_norm,390,1770475555.109279,0.1806640625,scalar
events.out.tfevents.1770456721.15f3a867024b.5912.0,train/grad_norm,395,1770475804.5890002,0.171875,scalar
events.out.tfevents.1770456721.15f3a867024b.5912.0,train/grad_norm,400,1770476029.1003284,0.1875,scalar
events.out.tfevents.1770456721.15f3a867024b.5912.0,train/grad_norm,405,1770476280.784659,0.16015625,scalar
events.out.tfevents.1770456721.15f3a867024b.5912.0,train/grad_norm,410,1770476505.2672586,0.181640625,scalar
events.out.tfevents.1770456721.15f3a867024b.5912.0,train/grad_norm,415,1770476754.359058,0.18359375,scalar
events.out.tfevents.1770456721.15f3a867024b.5912.0,train/grad_norm,420,1770476978.900004,0.1826171875,scalar
events.out.tfevents.1770456721.15f3a867024b.5912.0,train/learning_rate,5,1770456953.4816587,6.153846334200352e-05,scalar
events.out.tfevents.1770456721.15f3a867024b.5912.0,train/learning_rate,10,1770457179.6463213,0.0001384615316055,scalar
events.out.tfevents.1770456721.15f3a867024b.5912.0,train/learning_rate,15,1770457431.296611,0.0001995122001972,scalar
events.out.tfevents.1770456721.15f3a867024b.5912.0,train/learning_rate,20,1770457654.2714355,0.0001970731682376,scalar
events.out.tfevents.1770456721.15f3a867024b.5912.0,train/learning_rate,25,1770457907.1047895,0.00019463415083,scalar
events.out.tfevents.1770456721.15f3a867024b.5912.0,train/learning_rate,30,1770458129.6030786,0.0001921951188705,scalar
events.out.tfevents.1770456721.15f3a867024b.5912.0,train/learning_rate,35,1770458384.0668044,0.0001897561014629,scalar
events.out.tfevents.1770456721.15f3a867024b.5912.0,train/learning_rate,40,1770458608.5791216,0.0001873170695034,scalar
events.out.tfevents.1770456721.15f3a867024b.5912.0,train/learning_rate,45,1770458858.6564136,0.0001848780520958,scalar
events.out.tfevents.1770456721.15f3a867024b.5912.0,train/learning_rate,50,1770459083.025714,0.0001824390201363,scalar
events.out.tfevents.1770456721.15f3a867024b.5912.0,train/learning_rate,55,1770459334.3734226,0.0001800000027287,scalar
events.out.tfevents.1770456721.15f3a867024b.5912.0,train/learning_rate,60,1770459558.1965272,0.0001775609707692,scalar
events.out.tfevents.1770456721.15f3a867024b.5912.0,train/learning_rate,65,1770459808.3475664,0.0001751219533616,scalar
events.out.tfevents.1770456721.15f3a867024b.5912.0,train/learning_rate,70,1770460033.868458,0.0001726829214021,scalar
events.out.tfevents.1770456721.15f3a867024b.5912.0,train/learning_rate,75,1770460283.3628109,0.0001702439039945,scalar
events.out.tfevents.1770456721.15f3a867024b.5912.0,train/learning_rate,80,1770460507.5375872,0.000167804872035,scalar
events.out.tfevents.1770456721.15f3a867024b.5912.0,train/learning_rate,85,1770460758.327868,0.0001653658546274,scalar
events.out.tfevents.1770456721.15f3a867024b.5912.0,train/learning_rate,90,1770460982.3620398,0.0001629268226679,scalar
events.out.tfevents.1770456721.15f3a867024b.5912.0,train/learning_rate,95,1770461232.738409,0.0001604878052603,scalar
events.out.tfevents.1770456721.15f3a867024b.5912.0,train/learning_rate,100,1770461457.2633684,0.0001580487733008,scalar
events.out.tfevents.1770456721.15f3a867024b.5912.0,train/learning_rate,105,1770461709.844788,0.0001556097558932,scalar
events.out.tfevents.1770456721.15f3a867024b.5912.0,train/learning_rate,110,1770461941.4437258,0.0001531707384856,scalar
events.out.tfevents.1770456721.15f3a867024b.5912.0,train/learning_rate,115,1770462201.7543595,0.0001507317065261,scalar
events.out.tfevents.1770456721.15f3a867024b.5912.0,train/learning_rate,120,1770462431.3848553,0.0001482926891185,scalar
events.out.tfevents.1770456721.15f3a867024b.5912.0,train/learning_rate,125,1770462690.2356777,0.000145853657159,scalar
events.out.tfevents.1770456721.15f3a867024b.5912.0,train/learning_rate,130,1770462920.9279692,0.0001434146397514,scalar
events.out.tfevents.1770456721.15f3a867024b.5912.0,train/learning_rate,135,1770463178.829236,0.0001409756077919,scalar
events.out.tfevents.1770456721.15f3a867024b.5912.0,train/learning_rate,140,1770463408.0496297,0.0001385365903843,scalar
events.out.tfevents.1770456721.15f3a867024b.5912.0,train/learning_rate,145,1770463681.8021042,0.0001360975584248,scalar
events.out.tfevents.1770456721.15f3a867024b.5912.0,train/learning_rate,150,1770463912.142825,0.0001336585410172,scalar
events.out.tfevents.1770456721.15f3a867024b.5912.0,train/learning_rate,155,1770464177.7302244,0.0001312195090577,scalar
events.out.tfevents.1770456721.15f3a867024b.5912.0,train/learning_rate,160,1770464407.1960914,0.0001287804916501,scalar
events.out.tfevents.1770456721.15f3a867024b.5912.0,train/learning_rate,165,1770464666.5795307,0.0001263414596905,scalar
events.out.tfevents.1770456721.15f3a867024b.5912.0,train/learning_rate,170,1770464897.0072308,0.0001239024422829,scalar
events.out.tfevents.1770456721.15f3a867024b.5912.0,train/learning_rate,175,1770465158.5106585,0.0001214634175994,scalar
events.out.tfevents.1770456721.15f3a867024b.5912.0,train/learning_rate,180,1770465390.7733033,0.0001190243929158,scalar
events.out.tfevents.1770456721.15f3a867024b.5912.0,train/learning_rate,185,1770465650.1388128,0.0001165853682323,scalar
events.out.tfevents.1770456721.15f3a867024b.5912.0,train/learning_rate,190,1770465885.3519678,0.0001141463435487,scalar
events.out.tfevents.1770456721.15f3a867024b.5912.0,train/learning_rate,195,1770466143.5629048,0.0001117073188652,scalar
events.out.tfevents.1770456721.15f3a867024b.5912.0,train/learning_rate,200,1770466373.1797926,0.0001092682941816,scalar
events.out.tfevents.1770456721.15f3a867024b.5912.0,train/learning_rate,205,1770466632.1828036,0.0001068292694981,scalar
events.out.tfevents.1770456721.15f3a867024b.5912.0,train/learning_rate,210,1770466862.6176164,0.0001043902448145,scalar
events.out.tfevents.1770456721.15f3a867024b.5912.0,train/learning_rate,215,1770467121.0930722,0.000101951220131,scalar
events.out.tfevents.1770456721.15f3a867024b.5912.0,train/learning_rate,220,1770467351.5053449,9.951219544745982e-05,scalar
events.out.tfevents.1770456721.15f3a867024b.5912.0,train/learning_rate,225,1770467610.012874,9.707317076390608e-05,scalar
events.out.tfevents.1770456721.15f3a867024b.5912.0,train/learning_rate,230,1770467840.1670902,9.463414608035237e-05,scalar
events.out.tfevents.1770456721.15f3a867024b.5912.0,train/learning_rate,235,1770468099.794519,9.219512139679864e-05,scalar
events.out.tfevents.1770456721.15f3a867024b.5912.0,train/learning_rate,240,1770468329.4492702,8.975609671324492e-05,scalar
events.out.tfevents.1770456721.15f3a867024b.5912.0,train/learning_rate,245,1770468588.1624048,8.731707202969119e-05,scalar
events.out.tfevents.1770456721.15f3a867024b.5912.0,train/learning_rate,250,1770468815.851891,8.487804734613746e-05,scalar
events.out.tfevents.1770456721.15f3a867024b.5912.0,train/learning_rate,255,1770469075.6167414,8.243902266258374e-05,scalar
events.out.tfevents.1770456721.15f3a867024b.5912.0,train/learning_rate,260,1770469306.8684046,7.999999797903001e-05,scalar
events.out.tfevents.1770456721.15f3a867024b.5912.0,train/learning_rate,265,1770469565.4512897,7.756097329547629e-05,scalar
events.out.tfevents.1770456721.15f3a867024b.5912.0,train/learning_rate,270,1770469795.7362468,7.512194861192256e-05,scalar
events.out.tfevents.1770456721.15f3a867024b.5912.0,train/learning_rate,275,1770470055.853514,7.268292392836884e-05,scalar
events.out.tfevents.1770456721.15f3a867024b.5912.0,train/learning_rate,280,1770470285.311087,7.024389924481511e-05,scalar
events.out.tfevents.1770456721.15f3a867024b.5912.0,train/learning_rate,285,1770470558.0755904,6.780487456126139e-05,scalar
events.out.tfevents.1770456721.15f3a867024b.5912.0,train/learning_rate,290,1770470782.846975,6.536585715366527e-05,scalar
events.out.tfevents.1770456721.15f3a867024b.5912.0,train/learning_rate,295,1770471033.5067563,6.292683247011155e-05,scalar
events.out.tfevents.1770456721.15f3a867024b.5912.0,train/learning_rate,300,1770471258.2113593,6.0487804148579016e-05,scalar
events.out.tfevents.1770456721.15f3a867024b.5912.0,train/learning_rate,305,1770471508.5576687,5.804877946502529e-05,scalar
events.out.tfevents.1770456721.15f3a867024b.5912.0,train/learning_rate,310,1770471733.8145134,5.5609754781471565e-05,scalar
events.out.tfevents.1770456721.15f3a867024b.5912.0,train/learning_rate,315,1770471984.3719711,5.317073009791784e-05,scalar
events.out.tfevents.1770456721.15f3a867024b.5912.0,train/learning_rate,320,1770472208.3416798,5.073170905234292e-05,scalar
events.out.tfevents.1770456721.15f3a867024b.5912.0,train/learning_rate,325,1770472459.911492,4.82926843687892e-05,scalar
events.out.tfevents.1770456721.15f3a867024b.5912.0,train/learning_rate,330,1770472685.1388805,4.585365968523547e-05,scalar
events.out.tfevents.1770456721.15f3a867024b.5912.0,train/learning_rate,335,1770472935.8876605,4.341463500168175e-05,scalar
events.out.tfevents.1770456721.15f3a867024b.5912.0,train/learning_rate,340,1770473161.2586594,4.097561031812802e-05,scalar
events.out.tfevents.1770456721.15f3a867024b.5912.0,train/learning_rate,345,1770473411.9511728,3.853658563457429e-05,scalar
events.out.tfevents.1770456721.15f3a867024b.5912.0,train/learning_rate,350,1770473641.08981,3.609756095102057e-05,scalar
events.out.tfevents.1770456721.15f3a867024b.5912.0,train/learning_rate,355,1770473895.380654,3.365853626746684e-05,scalar
events.out.tfevents.1770456721.15f3a867024b.5912.0,train/learning_rate,360,1770474124.0264952,3.121951158391312e-05,scalar
events.out.tfevents.1770456721.15f3a867024b.5912.0,train/learning_rate,365,1770474380.118429,2.8780486900359392e-05,scalar
events.out.tfevents.1770456721.15f3a867024b.5912.0,train/learning_rate,370,1770474605.021546,2.634146403579507e-05,scalar
events.out.tfevents.1770456721.15f3a867024b.5912.0,train/learning_rate,375,1770474854.5587468,2.3902439352241345e-05,scalar
events.out.tfevents.1770456721.15f3a867024b.5912.0,train/learning_rate,380,1770475079.792328,2.146341466868762e-05,scalar
events.out.tfevents.1770456721.15f3a867024b.5912.0,train/learning_rate,385,1770475330.8467877,1.902438998513389e-05,scalar
events.out.tfevents.1770456721.15f3a867024b.5912.0,train/learning_rate,390,1770475555.1092956,1.658536530158017e-05,scalar
events.out.tfevents.1770456721.15f3a867024b.5912.0,train/learning_rate,395,1770475804.5890164,1.4146341527521145e-05,scalar
events.out.tfevents.1770456721.15f3a867024b.5912.0,train/learning_rate,400,1770476029.1003456,1.170731684396742e-05,scalar
events.out.tfevents.1770456721.15f3a867024b.5912.0,train/learning_rate,405,1770476280.7846751,9.268293069908395e-06,scalar
events.out.tfevents.1770456721.15f3a867024b.5912.0,train/learning_rate,410,1770476505.267276,6.82926838635467e-06,scalar
events.out.tfevents.1770456721.15f3a867024b.5912.0,train/learning_rate,415,1770476754.3590744,4.390243702800944e-06,scalar
events.out.tfevents.1770456721.15f3a867024b.5912.0,train/learning_rate,420,1770476978.90002,1.95121947399457e-06,scalar
events.out.tfevents.1770456721.15f3a867024b.5912.0,train/entropy,5,1770456953.4816737,0.990435779094696,scalar
events.out.tfevents.1770456721.15f3a867024b.5912.0,train/entropy,10,1770457179.6463358,1.2465054988861084,scalar
events.out.tfevents.1770456721.15f3a867024b.5912.0,train/entropy,15,1770457431.2966251,1.6752359867095947,scalar
events.out.tfevents.1770456721.15f3a867024b.5912.0,train/entropy,20,1770457654.271449,1.5812536478042605,scalar
events.out.tfevents.1770456721.15f3a867024b.5912.0,train/entropy,25,1770457907.104803,0.4260565936565399,scalar
events.out.tfevents.1770456721.15f3a867024b.5912.0,train/entropy,30,1770458129.6030917,0.1999953538179397,scalar
events.out.tfevents.1770456721.15f3a867024b.5912.0,train/entropy,35,1770458384.0668182,0.1853768825531005,scalar
events.out.tfevents.1770456721.15f3a867024b.5912.0,train/entropy,40,1770458608.579135,0.1842987686395645,scalar
events.out.tfevents.1770456721.15f3a867024b.5912.0,train/entropy,45,1770458858.6564262,0.17242531478405,scalar
events.out.tfevents.1770456721.15f3a867024b.5912.0,train/entropy,50,1770459083.0257275,0.1727721542119979,scalar
events.out.tfevents.1770456721.15f3a867024b.5912.0,train/entropy,55,1770459334.3734367,0.1725989580154419,scalar
events.out.tfevents.1770456721.15f3a867024b.5912.0,train/entropy,60,1770459558.196542,0.170433908700943,scalar
events.out.tfevents.1770456721.15f3a867024b.5912.0,train/entropy,65,1770459808.3475814,0.1722503155469894,scalar
events.out.tfevents.1770456721.15f3a867024b.5912.0,train/entropy,70,1770460033.868471,0.170006662607193,scalar
events.out.tfevents.1770456721.15f3a867024b.5912.0,train/entropy,75,1770460283.362825,0.1697761565446853,scalar
events.out.tfevents.1770456721.15f3a867024b.5912.0,train/entropy,80,1770460507.5376008,0.164461463689804,scalar
events.out.tfevents.1770456721.15f3a867024b.5912.0,train/entropy,85,1770460758.327882,0.1706785857677459,scalar
events.out.tfevents.1770456721.15f3a867024b.5912.0,train/entropy,90,1770460982.362054,0.1662774682044983,scalar
events.out.tfevents.1770456721.15f3a867024b.5912.0,train/entropy,95,1770461232.7384222,0.1687100231647491,scalar
events.out.tfevents.1770456721.15f3a867024b.5912.0,train/entropy,100,1770461457.2633815,0.1687501221895218,scalar
events.out.tfevents.1770456721.15f3a867024b.5912.0,train/entropy,105,1770461709.844802,0.1682164072990417,scalar
events.out.tfevents.1770456721.15f3a867024b.5912.0,train/entropy,110,1770461941.4437432,0.1725082248449325,scalar
events.out.tfevents.1770456721.15f3a867024b.5912.0,train/entropy,115,1770462201.7543738,0.166975513100624,scalar
events.out.tfevents.1770456721.15f3a867024b.5912.0,train/entropy,120,1770462431.3848689,0.1651541590690612,scalar
events.out.tfevents.1770456721.15f3a867024b.5912.0,train/entropy,125,1770462690.2356908,0.1649895012378692,scalar
events.out.tfevents.1770456721.15f3a867024b.5912.0,train/entropy,130,1770462920.9279847,0.1657740473747253,scalar
events.out.tfevents.1770456721.15f3a867024b.5912.0,train/entropy,135,1770463178.82925,0.160740241408348,scalar
events.out.tfevents.1770456721.15f3a867024b.5912.0,train/entropy,140,1770463408.0496438,0.1694132685661316,scalar
events.out.tfevents.1770456721.15f3a867024b.5912.0,train/entropy,145,1770463681.802118,0.163877785205841,scalar
events.out.tfevents.1770456721.15f3a867024b.5912.0,train/entropy,150,1770463912.142839,0.1596137136220932,scalar
events.out.tfevents.1770456721.15f3a867024b.5912.0,train/entropy,155,1770464177.730238,0.166558101773262,scalar
events.out.tfevents.1770456721.15f3a867024b.5912.0,train/entropy,160,1770464407.1961043,0.1600589156150818,scalar
events.out.tfevents.1770456721.15f3a867024b.5912.0,train/entropy,165,1770464666.5795448,0.1604926437139511,scalar
events.out.tfevents.1770456721.15f3a867024b.5912.0,train/entropy,170,1770464897.0072443,0.1584931313991546,scalar
events.out.tfevents.1770456721.15f3a867024b.5912.0,train/entropy,175,1770465158.5106783,0.164688691496849,scalar
events.out.tfevents.1770456721.15f3a867024b.5912.0,train/entropy,180,1770465390.773317,0.1662046164274215,scalar
events.out.tfevents.1770456721.15f3a867024b.5912.0,train/entropy,185,1770465650.1388257,0.1604073494672775,scalar
events.out.tfevents.1770456721.15f3a867024b.5912.0,train/entropy,190,1770465885.3519847,0.1693161129951477,scalar
events.out.tfevents.1770456721.15f3a867024b.5912.0,train/entropy,195,1770466143.562919,0.1559206396341323,scalar
events.out.tfevents.1770456721.15f3a867024b.5912.0,train/entropy,200,1770466373.1798065,0.1525547802448272,scalar
events.out.tfevents.1770456721.15f3a867024b.5912.0,train/entropy,205,1770466632.1828167,0.1607814282178878,scalar
events.out.tfevents.1770456721.15f3a867024b.5912.0,train/entropy,210,1770466862.6176298,0.1550984382629394,scalar
events.out.tfevents.1770456721.15f3a867024b.5912.0,train/entropy,215,1770467121.0930874,0.1525404006242752,scalar
events.out.tfevents.1770456721.15f3a867024b.5912.0,train/entropy,220,1770467351.5053587,0.1591620594263076,scalar
events.out.tfevents.1770456721.15f3a867024b.5912.0,train/entropy,225,1770467610.0128868,0.1559279710054397,scalar
events.out.tfevents.1770456721.15f3a867024b.5912.0,train/entropy,230,1770467840.167104,0.1565970480442047,scalar
events.out.tfevents.1770456721.15f3a867024b.5912.0,train/entropy,235,1770468099.794533,0.1549565643072128,scalar
events.out.tfevents.1770456721.15f3a867024b.5912.0,train/entropy,240,1770468329.4492843,0.1551470160484314,scalar
events.out.tfevents.1770456721.15f3a867024b.5912.0,train/entropy,245,1770468588.1624172,0.1586232334375381,scalar
events.out.tfevents.1770456721.15f3a867024b.5912.0,train/entropy,250,1770468815.8519046,0.157952219247818,scalar
events.out.tfevents.1770456721.15f3a867024b.5912.0,train/entropy,255,1770469075.6167543,0.1610257029533386,scalar
events.out.tfevents.1770456721.15f3a867024b.5912.0,train/entropy,260,1770469306.8684194,0.156152069568634,scalar
events.out.tfevents.1770456721.15f3a867024b.5912.0,train/entropy,265,1770469565.451303,0.1579048037528991,scalar
events.out.tfevents.1770456721.15f3a867024b.5912.0,train/entropy,270,1770469795.7362676,0.154762402176857,scalar
events.out.tfevents.1770456721.15f3a867024b.5912.0,train/entropy,275,1770470055.853527,0.1620036363601684,scalar
events.out.tfevents.1770456721.15f3a867024b.5912.0,train/entropy,280,1770470285.3111007,0.1523025631904602,scalar
events.out.tfevents.1770456721.15f3a867024b.5912.0,train/entropy,285,1770470558.075604,0.1565383076667785,scalar
events.out.tfevents.1770456721.15f3a867024b.5912.0,train/entropy,290,1770470782.8469892,0.156110405921936,scalar
events.out.tfevents.1770456721.15f3a867024b.5912.0,train/entropy,295,1770471033.506771,0.1536745131015777,scalar
events.out.tfevents.1770456721.15f3a867024b.5912.0,train/entropy,300,1770471258.2113726,0.1547268033027649,scalar
events.out.tfevents.1770456721.15f3a867024b.5912.0,train/entropy,305,1770471508.5576828,0.1545838564634323,scalar
events.out.tfevents.1770456721.15f3a867024b.5912.0,train/entropy,310,1770471733.8145263,0.1559311300516128,scalar
events.out.tfevents.1770456721.15f3a867024b.5912.0,train/entropy,315,1770471984.3719847,0.1546506732702255,scalar
events.out.tfevents.1770456721.15f3a867024b.5912.0,train/entropy,320,1770472208.3416977,0.1538603454828262,scalar
events.out.tfevents.1770456721.15f3a867024b.5912.0,train/entropy,325,1770472459.9115057,0.1541128009557724,scalar
events.out.tfevents.1770456721.15f3a867024b.5912.0,train/entropy,330,1770472685.1388948,0.1566614359617233,scalar
events.out.tfevents.1770456721.15f3a867024b.5912.0,train/entropy,335,1770472935.8876836,0.156720831990242,scalar
events.out.tfevents.1770456721.15f3a867024b.5912.0,train/entropy,340,1770473161.2586732,0.1547194719314575,scalar
events.out.tfevents.1770456721.15f3a867024b.5912.0,train/entropy,345,1770473411.951187,0.1522558033466339,scalar
events.out.tfevents.1770456721.15f3a867024b.5912.0,train/entropy,350,1770473641.0898235,0.1566766053438186,scalar
events.out.tfevents.1770456721.15f3a867024b.5912.0,train/entropy,355,1770473895.3806674,0.1548792570829391,scalar
events.out.tfevents.1770456721.15f3a867024b.5912.0,train/entropy,360,1770474124.0265093,0.1525744646787643,scalar
events.out.tfevents.1770456721.15f3a867024b.5912.0,train/entropy,365,1770474380.1184423,0.1582894474267959,scalar
events.out.tfevents.1770456721.15f3a867024b.5912.0,train/entropy,370,1770474605.02156,0.1524398028850555,scalar
events.out.tfevents.1770456721.15f3a867024b.5912.0,train/entropy,375,1770474854.5587606,0.1496985107660293,scalar
events.out.tfevents.1770456721.15f3a867024b.5912.0,train/entropy,380,1770475079.792341,0.1492543518543243,scalar
events.out.tfevents.1770456721.15f3a867024b.5912.0,train/entropy,385,1770475330.846808,0.1547228991985321,scalar
events.out.tfevents.1770456721.15f3a867024b.5912.0,train/entropy,390,1770475555.1093085,0.1526120007038116,scalar
events.out.tfevents.1770456721.15f3a867024b.5912.0,train/entropy,395,1770475804.5890296,0.1510717570781707,scalar
events.out.tfevents.1770456721.15f3a867024b.5912.0,train/entropy,400,1770476029.10036,0.1524028480052948,scalar
events.out.tfevents.1770456721.15f3a867024b.5912.0,train/entropy,405,1770476280.7846882,0.1574289351701736,scalar
events.out.tfevents.1770456721.15f3a867024b.5912.0,train/entropy,410,1770476505.2672896,0.1512403488159179,scalar
events.out.tfevents.1770456721.15f3a867024b.5912.0,train/entropy,415,1770476754.3590884,0.1500369608402252,scalar
events.out.tfevents.1770456721.15f3a867024b.5912.0,train/entropy,420,1770476978.9000337,0.1496966928243637,scalar
events.out.tfevents.1770456721.15f3a867024b.5912.0,train/entropy,423,1770477153.5496786,0.1496128886938095,scalar
events.out.tfevents.1770456721.15f3a867024b.5912.0,train/num_tokens,5,1770456953.4816873,156433.0,scalar
events.out.tfevents.1770456721.15f3a867024b.5912.0,train/num_tokens,10,1770457179.6463497,311793.0,scalar
events.out.tfevents.1770456721.15f3a867024b.5912.0,train/num_tokens,15,1770457431.2966392,467991.0,scalar
events.out.tfevents.1770456721.15f3a867024b.5912.0,train/num_tokens,20,1770457654.2714615,623770.0,scalar
events.out.tfevents.1770456721.15f3a867024b.5912.0,train/num_tokens,25,1770457907.1048152,779127.0,scalar
events.out.tfevents.1770456721.15f3a867024b.5912.0,train/num_tokens,30,1770458129.6031036,934465.0,scalar
events.out.tfevents.1770456721.15f3a867024b.5912.0,train/num_tokens,35,1770458384.0668302,1091083.0,scalar
events.out.tfevents.1770456721.15f3a867024b.5912.0,train/num_tokens,40,1770458608.5791638,1247703.0,scalar
events.out.tfevents.1770456721.15f3a867024b.5912.0,train/num_tokens,45,1770458858.6564386,1403061.0,scalar
events.out.tfevents.1770456721.15f3a867024b.5912.0,train/num_tokens,50,1770459083.0257394,1559260.0,scalar
events.out.tfevents.1770456721.15f3a867024b.5912.0,train/num_tokens,55,1770459334.3734496,1715696.0,scalar
events.out.tfevents.1770456721.15f3a867024b.5912.0,train/num_tokens,60,1770459558.196555,1870951.0,scalar
events.out.tfevents.1770456721.15f3a867024b.5912.0,train/num_tokens,65,1770459808.3475938,2026731.0,scalar
events.out.tfevents.1770456721.15f3a867024b.5912.0,train/num_tokens,70,1770460033.8684838,2183349.0,scalar
events.out.tfevents.1770456721.15f3a867024b.5912.0,train/num_tokens,75,1770460283.3628373,2338708.0,scalar
events.out.tfevents.1770456721.15f3a867024b.5912.0,train/num_tokens,80,1770460507.537613,2494485.0,scalar
events.out.tfevents.1770456721.15f3a867024b.5912.0,train/num_tokens,85,1770460758.327895,2650915.0,scalar
events.out.tfevents.1770456721.15f3a867024b.5912.0,train/num_tokens,90,1770460982.3620665,2806264.0,scalar
events.out.tfevents.1770456721.15f3a867024b.5912.0,train/num_tokens,95,1770461232.7384346,2962464.0,scalar
events.out.tfevents.1770456721.15f3a867024b.5912.0,train/num_tokens,100,1770461457.263394,3119079.0,scalar
events.out.tfevents.1770456721.15f3a867024b.5912.0,train/num_tokens,105,1770461709.844814,3275935.0,scalar
events.out.tfevents.1770456721.15f3a867024b.5912.0,train/num_tokens,110,1770461941.4437566,3432525.0,scalar
events.out.tfevents.1770456721.15f3a867024b.5912.0,train/num_tokens,115,1770462201.7543857,3588725.0,scalar
events.out.tfevents.1770456721.15f3a867024b.5912.0,train/num_tokens,120,1770462431.3848808,3744923.0,scalar
events.out.tfevents.1770456721.15f3a867024b.5912.0,train/num_tokens,125,1770462690.2357032,3901122.0,scalar
events.out.tfevents.1770456721.15f3a867024b.5912.0,train/num_tokens,130,1770462920.9279976,4056901.0,scalar
events.out.tfevents.1770456721.15f3a867024b.5912.0,train/num_tokens,135,1770463178.8292634,4212252.0,scalar
events.out.tfevents.1770456721.15f3a867024b.5912.0,train/num_tokens,140,1770463408.049656,4368682.0,scalar
events.out.tfevents.1770456721.15f3a867024b.5912.0,train/num_tokens,145,1770463681.8021307,4513220.0,scalar
events.out.tfevents.1770456721.15f3a867024b.5912.0,train/num_tokens,150,1770463912.1428514,4669000.0,scalar
events.out.tfevents.1770456721.15f3a867024b.5912.0,train/num_tokens,155,1770464177.7302508,4825588.0,scalar
events.out.tfevents.1770456721.15f3a867024b.5912.0,train/num_tokens,160,1770464407.1961167,4980945.0,scalar
events.out.tfevents.1770456721.15f3a867024b.5912.0,train/num_tokens,165,1770464666.5795574,5137382.0,scalar
events.out.tfevents.1770456721.15f3a867024b.5912.0,train/num_tokens,170,1770464897.0072565,5293160.0,scalar
events.out.tfevents.1770456721.15f3a867024b.5912.0,train/num_tokens,175,1770465158.5106916,5450430.0,scalar
events.out.tfevents.1770456721.15f3a867024b.5912.0,train/num_tokens,180,1770465390.7733295,5607701.0,scalar
events.out.tfevents.1770456721.15f3a867024b.5912.0,train/num_tokens,185,1770465650.138838,5763480.0,scalar
events.out.tfevents.1770456721.15f3a867024b.5912.0,train/num_tokens,190,1770465885.3519974,5922432.0,scalar
events.out.tfevents.1770456721.15f3a867024b.5912.0,train/num_tokens,195,1770466143.5629318,6077788.0,scalar
events.out.tfevents.1770456721.15f3a867024b.5912.0,train/num_tokens,200,1770466373.1798189,6233146.0,scalar
events.out.tfevents.1770456721.15f3a867024b.5912.0,train/num_tokens,205,1770466632.1828284,6389343.0,scalar
events.out.tfevents.1770456721.15f3a867024b.5912.0,train/num_tokens,210,1770466862.617642,6544703.0,scalar
events.out.tfevents.1770456721.15f3a867024b.5912.0,train/num_tokens,215,1770467121.0931003,6700058.0,scalar
events.out.tfevents.1770456721.15f3a867024b.5912.0,train/num_tokens,220,1770467351.5053716,6856252.0,scalar
events.out.tfevents.1770456721.15f3a867024b.5912.0,train/num_tokens,225,1770467610.0128984,7011605.0,scalar
events.out.tfevents.1770456721.15f3a867024b.5912.0,train/num_tokens,230,1770467840.1671166,7166958.0,scalar
events.out.tfevents.1770456721.15f3a867024b.5912.0,train/num_tokens,235,1770468099.7945454,7322737.0,scalar
events.out.tfevents.1770456721.15f3a867024b.5912.0,train/num_tokens,240,1770468329.449297,7478097.0,scalar
events.out.tfevents.1770456721.15f3a867024b.5912.0,train/num_tokens,245,1770468588.162429,7633455.0,scalar
events.out.tfevents.1770456721.15f3a867024b.5912.0,train/num_tokens,250,1770468815.8519168,7790074.0,scalar
events.out.tfevents.1770456721.15f3a867024b.5912.0,train/num_tokens,255,1770469075.616767,7946272.0,scalar
events.out.tfevents.1770456721.15f3a867024b.5912.0,train/num_tokens,260,1770469306.868432,8102709.0,scalar
events.out.tfevents.1770456721.15f3a867024b.5912.0,train/num_tokens,265,1770469565.4513156,8258062.0,scalar
events.out.tfevents.1770456721.15f3a867024b.5912.0,train/num_tokens,270,1770469795.7362802,8413414.0,scalar
events.out.tfevents.1770456721.15f3a867024b.5912.0,train/num_tokens,275,1770470055.853539,8570034.0,scalar
events.out.tfevents.1770456721.15f3a867024b.5912.0,train/num_tokens,280,1770470285.3111129,8725292.0,scalar
events.out.tfevents.1770456721.15f3a867024b.5912.0,train/num_tokens,285,1770470558.075616,8869840.0,scalar
events.out.tfevents.1770456721.15f3a867024b.5912.0,train/num_tokens,290,1770470782.8470013,9026039.0,scalar
events.out.tfevents.1770456721.15f3a867024b.5912.0,train/num_tokens,295,1770471033.5067844,9182659.0,scalar
events.out.tfevents.1770456721.15f3a867024b.5912.0,train/num_tokens,300,1770471258.211386,9338439.0,scalar
events.out.tfevents.1770456721.15f3a867024b.5912.0,train/num_tokens,305,1770471508.5576954,9494213.0,scalar
events.out.tfevents.1770456721.15f3a867024b.5912.0,train/num_tokens,310,1770471733.8145382,9651253.0,scalar
events.out.tfevents.1770456721.15f3a867024b.5912.0,train/num_tokens,315,1770471984.3719966,9807449.0,scalar
events.out.tfevents.1770456721.15f3a867024b.5912.0,train/num_tokens,320,1770472208.34171,9962801.0,scalar
events.out.tfevents.1770456721.15f3a867024b.5912.0,train/num_tokens,325,1770472459.911518,10119233.0,scalar
events.out.tfevents.1770456721.15f3a867024b.5912.0,train/num_tokens,330,1770472685.1389077,10274491.0,scalar
events.out.tfevents.1770456721.15f3a867024b.5912.0,train/num_tokens,335,1770472935.8877032,10430270.0,scalar
events.out.tfevents.1770456721.15f3a867024b.5912.0,train/num_tokens,340,1770473161.258686,10586042.0,scalar
events.out.tfevents.1770456721.15f3a867024b.5912.0,train/num_tokens,345,1770473411.9511993,10741390.0,scalar
events.out.tfevents.1770456721.15f3a867024b.5912.0,train/num_tokens,350,1770473641.089836,10898660.0,scalar
events.out.tfevents.1770456721.15f3a867024b.5912.0,train/num_tokens,355,1770473895.3806808,11054860.0,scalar
events.out.tfevents.1770456721.15f3a867024b.5912.0,train/num_tokens,360,1770474124.026522,11211057.0,scalar
events.out.tfevents.1770456721.15f3a867024b.5912.0,train/num_tokens,365,1770474380.1184545,11368090.0,scalar
events.out.tfevents.1770456721.15f3a867024b.5912.0,train/num_tokens,370,1770474605.0215726,11523870.0,scalar
events.out.tfevents.1770456721.15f3a867024b.5912.0,train/num_tokens,375,1770474854.5587735,11679227.0,scalar
events.out.tfevents.1770456721.15f3a867024b.5912.0,train/num_tokens,380,1770475079.792354,11835663.0,scalar
events.out.tfevents.1770456721.15f3a867024b.5912.0,train/num_tokens,385,1770475330.8468227,11992095.0,scalar
events.out.tfevents.1770456721.15f3a867024b.5912.0,train/num_tokens,390,1770475555.1093204,12147870.0,scalar
events.out.tfevents.1770456721.15f3a867024b.5912.0,train/num_tokens,395,1770475804.5890417,12303228.0,scalar
events.out.tfevents.1770456721.15f3a867024b.5912.0,train/num_tokens,400,1770476029.1003733,12458585.0,scalar
events.out.tfevents.1770456721.15f3a867024b.5912.0,train/num_tokens,405,1770476280.7847006,12615862.0,scalar
events.out.tfevents.1770456721.15f3a867024b.5912.0,train/num_tokens,410,1770476505.2673025,12771619.0,scalar
events.out.tfevents.1770456721.15f3a867024b.5912.0,train/num_tokens,415,1770476754.3591013,12927393.0,scalar
events.out.tfevents.1770456721.15f3a867024b.5912.0,train/num_tokens,420,1770476978.9000468,13082744.0,scalar
events.out.tfevents.1770456721.15f3a867024b.5912.0,train/num_tokens,423,1770477153.549691,13164306.0,scalar
events.out.tfevents.1770456721.15f3a867024b.5912.0,train/mean_token_accuracy,5,1770456953.4817002,0.7067021131515503,scalar
events.out.tfevents.1770456721.15f3a867024b.5912.0,train/mean_token_accuracy,10,1770457179.6463614,0.7806627154350281,scalar
events.out.tfevents.1770456721.15f3a867024b.5912.0,train/mean_token_accuracy,15,1770457431.2966516,0.8808218836784363,scalar
events.out.tfevents.1770456721.15f3a867024b.5912.0,train/mean_token_accuracy,20,1770457654.2714732,0.9005424380302429,scalar
events.out.tfevents.1770456721.15f3a867024b.5912.0,train/mean_token_accuracy,25,1770457907.1048272,0.9049586057662964,scalar
events.out.tfevents.1770456721.15f3a867024b.5912.0,train/mean_token_accuracy,30,1770458129.603115,0.9077141880989076,scalar
events.out.tfevents.1770456721.15f3a867024b.5912.0,train/mean_token_accuracy,35,1770458384.0668416,0.9094477295875548,scalar
events.out.tfevents.1770456721.15f3a867024b.5912.0,train/mean_token_accuracy,40,1770458608.5791838,0.9061700701713562,scalar
events.out.tfevents.1770456721.15f3a867024b.5912.0,train/mean_token_accuracy,45,1770458858.65645,0.9126561880111694,scalar
events.out.tfevents.1770456721.15f3a867024b.5912.0,train/mean_token_accuracy,50,1770459083.0257514,0.9109832644462584,scalar
events.out.tfevents.1770456721.15f3a867024b.5912.0,train/mean_token_accuracy,55,1770459334.373461,0.9127797484397888,scalar
events.out.tfevents.1770456721.15f3a867024b.5912.0,train/mean_token_accuracy,60,1770459558.196566,0.9130226969718932,scalar
events.out.tfevents.1770456721.15f3a867024b.5912.0,train/mean_token_accuracy,65,1770459808.3476057,0.9126724004745485,scalar
events.out.tfevents.1770456721.15f3a867024b.5912.0,train/mean_token_accuracy,70,1770460033.8684962,0.9122976064682008,scalar
events.out.tfevents.1770456721.15f3a867024b.5912.0,train/mean_token_accuracy,75,1770460283.3628492,0.9137000441551208,scalar
events.out.tfevents.1770456721.15f3a867024b.5912.0,train/mean_token_accuracy,80,1770460507.5376253,0.9142532348632812,scalar
events.out.tfevents.1770456721.15f3a867024b.5912.0,train/mean_token_accuracy,85,1770460758.327907,0.9152796268463136,scalar
events.out.tfevents.1770456721.15f3a867024b.5912.0,train/mean_token_accuracy,90,1770460982.3620784,0.916024088859558,scalar
events.out.tfevents.1770456721.15f3a867024b.5912.0,train/mean_token_accuracy,95,1770461232.738446,0.9158811569213868,scalar
events.out.tfevents.1770456721.15f3a867024b.5912.0,train/mean_token_accuracy,100,1770461457.2634056,0.914944350719452,scalar
events.out.tfevents.1770456721.15f3a867024b.5912.0,train/mean_token_accuracy,105,1770461709.8448255,0.9167132377624512,scalar
events.out.tfevents.1770456721.15f3a867024b.5912.0,train/mean_token_accuracy,110,1770461941.443769,0.9121851921081544,scalar
events.out.tfevents.1770456721.15f3a867024b.5912.0,train/mean_token_accuracy,115,1770462201.7543993,0.916007161140442,scalar
events.out.tfevents.1770456721.15f3a867024b.5912.0,train/mean_token_accuracy,120,1770462431.3848932,0.9149349927902222,scalar
events.out.tfevents.1770456721.15f3a867024b.5912.0,train/mean_token_accuracy,125,1770462690.235715,0.9170652627944946,scalar
events.out.tfevents.1770456721.15f3a867024b.5912.0,train/mean_token_accuracy,130,1770462920.92801,0.9177315831184388,scalar
events.out.tfevents.1770456721.15f3a867024b.5912.0,train/mean_token_accuracy,135,1770463178.8292756,0.917147934436798,scalar
events.out.tfevents.1770456721.15f3a867024b.5912.0,train/mean_token_accuracy,140,1770463408.0496674,0.9170480966567992,scalar
events.out.tfevents.1770456721.15f3a867024b.5912.0,train/mean_token_accuracy,145,1770463681.8021543,0.9173623919487,scalar
events.out.tfevents.1770456721.15f3a867024b.5912.0,train/mean_token_accuracy,150,1770463912.1428642,0.9179381728172302,scalar
events.out.tfevents.1770456721.15f3a867024b.5912.0,train/mean_token_accuracy,155,1770464177.7302628,0.9164108037948608,scalar
events.out.tfevents.1770456721.15f3a867024b.5912.0,train/mean_token_accuracy,160,1770464407.1961286,0.9190021753311156,scalar
events.out.tfevents.1770456721.15f3a867024b.5912.0,train/mean_token_accuracy,165,1770464666.579569,0.9182839393615724,scalar
events.out.tfevents.1770456721.15f3a867024b.5912.0,train/mean_token_accuracy,170,1770464897.0072682,0.9202203750610352,scalar
events.out.tfevents.1770456721.15f3a867024b.5912.0,train/mean_token_accuracy,175,1770465158.5107036,0.918404221534729,scalar
events.out.tfevents.1770456721.15f3a867024b.5912.0,train/mean_token_accuracy,180,1770465390.7733414,0.916686475276947,scalar
events.out.tfevents.1770456721.15f3a867024b.5912.0,train/mean_token_accuracy,185,1770465650.1388495,0.919579803943634,scalar
events.out.tfevents.1770456721.15f3a867024b.5912.0,train/mean_token_accuracy,190,1770465885.3520093,0.9151430726051332,scalar
events.out.tfevents.1770456721.15f3a867024b.5912.0,train/mean_token_accuracy,195,1770466143.5629432,0.9202716946601868,scalar
events.out.tfevents.1770456721.15f3a867024b.5912.0,train/mean_token_accuracy,200,1770466373.17983,0.9217292070388794,scalar
events.out.tfevents.1770456721.15f3a867024b.5912.0,train/mean_token_accuracy,205,1770466632.1828406,0.9188860058784484,scalar
events.out.tfevents.1770456721.15f3a867024b.5912.0,train/mean_token_accuracy,210,1770466862.6176538,0.9208800792694092,scalar
events.out.tfevents.1770456721.15f3a867024b.5912.0,train/mean_token_accuracy,215,1770467121.093113,0.92148095369339,scalar
events.out.tfevents.1770456721.15f3a867024b.5912.0,train/mean_token_accuracy,220,1770467351.5053835,0.9191511273384094,scalar
events.out.tfevents.1770456721.15f3a867024b.5912.0,train/mean_token_accuracy,225,1770467610.0129097,0.9210323095321656,scalar
events.out.tfevents.1770456721.15f3a867024b.5912.0,train/mean_token_accuracy,230,1770467840.1671283,0.9205766320228576,scalar
events.out.tfevents.1770456721.15f3a867024b.5912.0,train/mean_token_accuracy,235,1770468099.7945569,0.9211808443069458,scalar
events.out.tfevents.1770456721.15f3a867024b.5912.0,train/mean_token_accuracy,240,1770468329.449309,0.9215988516807556,scalar
events.out.tfevents.1770456721.15f3a867024b.5912.0,train/mean_token_accuracy,245,1770468588.1624403,0.9208084344863892,scalar
events.out.tfevents.1770456721.15f3a867024b.5912.0,train/mean_token_accuracy,250,1770468815.851929,0.9191614389419556,scalar
events.out.tfevents.1770456721.15f3a867024b.5912.0,train/mean_token_accuracy,255,1770469075.616779,0.9203258156776428,scalar
events.out.tfevents.1770456721.15f3a867024b.5912.0,train/mean_token_accuracy,260,1770469306.8684444,0.9212663769721984,scalar
events.out.tfevents.1770456721.15f3a867024b.5912.0,train/mean_token_accuracy,265,1770469565.4513276,0.9215413331985474,scalar
events.out.tfevents.1770456721.15f3a867024b.5912.0,train/mean_token_accuracy,270,1770469795.736292,0.9208571910858154,scalar
events.out.tfevents.1770456721.15f3a867024b.5912.0,train/mean_token_accuracy,275,1770470055.853551,0.9190002679824828,scalar
events.out.tfevents.1770456721.15f3a867024b.5912.0,train/mean_token_accuracy,280,1770470285.3111248,0.9222959280014038,scalar
events.out.tfevents.1770456721.15f3a867024b.5912.0,train/mean_token_accuracy,285,1770470558.0756276,0.9220123291015624,scalar
events.out.tfevents.1770456721.15f3a867024b.5912.0,train/mean_token_accuracy,290,1770470782.847014,0.9220121502876282,scalar
events.out.tfevents.1770456721.15f3a867024b.5912.0,train/mean_token_accuracy,295,1770471033.5067966,0.9234883189201356,scalar
events.out.tfevents.1770456721.15f3a867024b.5912.0,train/mean_token_accuracy,300,1770471258.2113984,0.921932816505432,scalar
events.out.tfevents.1770456721.15f3a867024b.5912.0,train/mean_token_accuracy,305,1770471508.5577075,0.9225947260856628,scalar
events.out.tfevents.1770456721.15f3a867024b.5912.0,train/mean_token_accuracy,310,1770471733.8145492,0.9201990962028505,scalar
events.out.tfevents.1770456721.15f3a867024b.5912.0,train/mean_token_accuracy,315,1770471984.372008,0.9239247441291808,scalar
events.out.tfevents.1770456721.15f3a867024b.5912.0,train/mean_token_accuracy,320,1770472208.3417218,0.921891987323761,scalar
events.out.tfevents.1770456721.15f3a867024b.5912.0,train/mean_token_accuracy,325,1770472459.9115307,0.9209438562393188,scalar
events.out.tfevents.1770456721.15f3a867024b.5912.0,train/mean_token_accuracy,330,1770472685.1389198,0.9222351908683776,scalar
events.out.tfevents.1770456721.15f3a867024b.5912.0,train/mean_token_accuracy,335,1770472935.887716,0.921057403087616,scalar
events.out.tfevents.1770456721.15f3a867024b.5912.0,train/mean_token_accuracy,340,1770473161.258698,0.922422170639038,scalar
events.out.tfevents.1770456721.15f3a867024b.5912.0,train/mean_token_accuracy,345,1770473411.951211,0.923992156982422,scalar
events.out.tfevents.1770456721.15f3a867024b.5912.0,train/mean_token_accuracy,350,1770473641.0898476,0.9215455651283264,scalar
events.out.tfevents.1770456721.15f3a867024b.5912.0,train/mean_token_accuracy,355,1770473895.3806932,0.9216769933700562,scalar
events.out.tfevents.1770456721.15f3a867024b.5912.0,train/mean_token_accuracy,360,1770474124.026534,0.923291563987732,scalar
events.out.tfevents.1770456721.15f3a867024b.5912.0,train/mean_token_accuracy,365,1770474380.1184666,0.92120361328125,scalar
events.out.tfevents.1770456721.15f3a867024b.5912.0,train/mean_token_accuracy,370,1770474605.0215845,0.9238148331642152,scalar
events.out.tfevents.1770456721.15f3a867024b.5912.0,train/mean_token_accuracy,375,1770474854.558785,0.92436683177948,scalar
events.out.tfevents.1770456721.15f3a867024b.5912.0,train/mean_token_accuracy,380,1770475079.7923658,0.9249499440193176,scalar
events.out.tfevents.1770456721.15f3a867024b.5912.0,train/mean_token_accuracy,385,1770475330.8468342,0.9225167632102966,scalar
events.out.tfevents.1770456721.15f3a867024b.5912.0,train/mean_token_accuracy,390,1770475555.1093323,0.9238795042037964,scalar
events.out.tfevents.1770456721.15f3a867024b.5912.0,train/mean_token_accuracy,395,1770475804.5890532,0.9243062138557434,scalar
events.out.tfevents.1770456721.15f3a867024b.5912.0,train/mean_token_accuracy,400,1770476029.1003854,0.9227189421653748,scalar
events.out.tfevents.1770456721.15f3a867024b.5912.0,train/mean_token_accuracy,405,1770476280.784713,0.9215364456176758,scalar
events.out.tfevents.1770456721.15f3a867024b.5912.0,train/mean_token_accuracy,410,1770476505.267315,0.9249480962753296,scalar
events.out.tfevents.1770456721.15f3a867024b.5912.0,train/mean_token_accuracy,415,1770476754.3591137,0.9249292612075806,scalar
events.out.tfevents.1770456721.15f3a867024b.5912.0,train/mean_token_accuracy,420,1770476978.9000585,0.9240729212760924,scalar
events.out.tfevents.1770456721.15f3a867024b.5912.0,train/mean_token_accuracy,423,1770477153.5497024,0.9249120950698853,scalar
events.out.tfevents.1770456721.15f3a867024b.5912.0,train/epoch,5,1770456953.4817123,0.0355555564165115,scalar
events.out.tfevents.1770456721.15f3a867024b.5912.0,train/epoch,10,1770457179.6463728,0.071111112833023,scalar
events.out.tfevents.1770456721.15f3a867024b.5912.0,train/epoch,10,1770457205.2186916,0.071111112833023,scalar
events.out.tfevents.1770456721.15f3a867024b.5912.0,train/epoch,15,1770457431.2966626,0.1066666692495346,scalar
events.out.tfevents.1770456721.15f3a867024b.5912.0,train/epoch,20,1770457654.2714846,0.1422222256660461,scalar
events.out.tfevents.1770456721.15f3a867024b.5912.0,train/epoch,20,1770457679.805005,0.1422222256660461,scalar
events.out.tfevents.1770456721.15f3a867024b.5912.0,train/epoch,25,1770457907.1048384,0.1777777820825576,scalar
events.out.tfevents.1770456721.15f3a867024b.5912.0,train/epoch,30,1770458129.6031277,0.2133333384990692,scalar
events.out.tfevents.1770456721.15f3a867024b.5912.0,train/epoch,30,1770458155.1161723,0.2133333384990692,scalar
events.out.tfevents.1770456721.15f3a867024b.5912.0,train/epoch,35,1770458384.066853,0.2488888949155807,scalar
events.out.tfevents.1770456721.15f3a867024b.5912.0,train/epoch,40,1770458608.5792036,0.2844444513320923,scalar
events.out.tfevents.1770456721.15f3a867024b.5912.0,train/epoch,40,1770458634.2264044,0.2844444513320923,scalar
events.out.tfevents.1770456721.15f3a867024b.5912.0,train/epoch,45,1770458858.6564617,0.3199999928474426,scalar
events.out.tfevents.1770456721.15f3a867024b.5912.0,train/epoch,50,1770459083.0257623,0.3555555641651153,scalar
events.out.tfevents.1770456721.15f3a867024b.5912.0,train/epoch,50,1770459108.57417,0.3555555641651153,scalar
events.out.tfevents.1770456721.15f3a867024b.5912.0,train/epoch,55,1770459334.3734727,0.3911111056804657,scalar
events.out.tfevents.1770456721.15f3a867024b.5912.0,train/epoch,60,1770459558.1965768,0.4266666769981384,scalar
events.out.tfevents.1770456721.15f3a867024b.5912.0,train/epoch,60,1770459583.7776256,0.4266666769981384,scalar
events.out.tfevents.1770456721.15f3a867024b.5912.0,train/epoch,65,1770459808.347617,0.4622222185134887,scalar
events.out.tfevents.1770456721.15f3a867024b.5912.0,train/epoch,70,1770460033.8685076,0.4977777898311615,scalar
events.out.tfevents.1770456721.15f3a867024b.5912.0,train/epoch,70,1770460059.4288406,0.4977777898311615,scalar
events.out.tfevents.1770456721.15f3a867024b.5912.0,train/epoch,75,1770460283.3628604,0.5333333611488342,scalar
events.out.tfevents.1770456721.15f3a867024b.5912.0,train/epoch,80,1770460507.5376368,0.5688889026641846,scalar
events.out.tfevents.1770456721.15f3a867024b.5912.0,train/epoch,80,1770460533.013411,0.5688889026641846,scalar
events.out.tfevents.1770456721.15f3a867024b.5912.0,train/epoch,85,1770460758.3279183,0.6044444441795349,scalar
events.out.tfevents.1770456721.15f3a867024b.5912.0,train/epoch,90,1770460982.3620896,0.6399999856948853,scalar
events.out.tfevents.1770456721.15f3a867024b.5912.0,train/epoch,90,1770461007.948956,0.6399999856948853,scalar
events.out.tfevents.1770456721.15f3a867024b.5912.0,train/epoch,95,1770461232.7384577,0.6755555272102356,scalar
events.out.tfevents.1770456721.15f3a867024b.5912.0,train/epoch,100,1770461457.263417,0.7111111283302307,scalar
events.out.tfevents.1770456721.15f3a867024b.5912.0,train/epoch,100,1770461482.8273404,0.7111111283302307,scalar
events.out.tfevents.1770456721.15f3a867024b.5912.0,train/epoch,105,1770461709.8448372,0.746666669845581,scalar
events.out.tfevents.1770456721.15f3a867024b.5912.0,train/epoch,110,1770461941.4437814,0.7822222113609314,scalar
events.out.tfevents.1770456721.15f3a867024b.5912.0,train/epoch,110,1770461967.0584545,0.7822222113609314,scalar
events.out.tfevents.1770456721.15f3a867024b.5912.0,train/epoch,115,1770462201.7544105,0.8177777528762817,scalar
events.out.tfevents.1770456721.15f3a867024b.5912.0,train/epoch,120,1770462431.3849044,0.8533333539962769,scalar
events.out.tfevents.1770456721.15f3a867024b.5912.0,train/epoch,120,1770462456.9485304,0.8533333539962769,scalar
events.out.tfevents.1770456721.15f3a867024b.5912.0,train/epoch,125,1770462690.235726,0.8888888955116272,scalar
events.out.tfevents.1770456721.15f3a867024b.5912.0,train/epoch,130,1770462920.9280212,0.9244444370269777,scalar
events.out.tfevents.1770456721.15f3a867024b.5912.0,train/epoch,130,1770462946.535852,0.9244444370269777,scalar
events.out.tfevents.1770456721.15f3a867024b.5912.0,train/epoch,135,1770463178.829287,0.959999978542328,scalar
events.out.tfevents.1770456721.15f3a867024b.5912.0,train/epoch,140,1770463408.0496788,0.995555579662323,scalar
events.out.tfevents.1770456721.15f3a867024b.5912.0,train/epoch,140,1770463433.5536497,0.995555579662323,scalar
events.out.tfevents.1770456721.15f3a867024b.5912.0,train/epoch,145,1770463681.802168,1.0284444093704224,scalar
events.out.tfevents.1770456721.15f3a867024b.5912.0,train/epoch,150,1770463912.1428757,1.0640000104904177,scalar
events.out.tfevents.1770456721.15f3a867024b.5912.0,train/epoch,150,1770463937.787335,1.0640000104904177,scalar
events.out.tfevents.1770456721.15f3a867024b.5912.0,train/epoch,155,1770464177.7302742,1.0995556116104126,scalar
events.out.tfevents.1770456721.15f3a867024b.5912.0,train/epoch,160,1770464407.19614,1.1351110935211182,scalar
events.out.tfevents.1770456721.15f3a867024b.5912.0,train/epoch,160,1770464432.799114,1.1351110935211182,scalar
events.out.tfevents.1770456721.15f3a867024b.5912.0,train/epoch,165,1770464666.5795813,1.1706666946411133,scalar
events.out.tfevents.1770456721.15f3a867024b.5912.0,train/epoch,170,1770464897.00728,1.2062221765518188,scalar
events.out.tfevents.1770456721.15f3a867024b.5912.0,train/epoch,170,1770464922.588519,1.2062221765518188,scalar
events.out.tfevents.1770456721.15f3a867024b.5912.0,train/epoch,175,1770465158.5107155,1.241777777671814,scalar
events.out.tfevents.1770456721.15f3a867024b.5912.0,train/epoch,180,1770465390.7733536,1.277333378791809,scalar
events.out.tfevents.1770456721.15f3a867024b.5912.0,train/epoch,180,1770465416.416242,1.277333378791809,scalar
events.out.tfevents.1770456721.15f3a867024b.5912.0,train/epoch,185,1770465650.1388605,1.3128888607025146,scalar
events.out.tfevents.1770456721.15f3a867024b.5912.0,train/epoch,190,1770465885.3520212,1.3484444618225098,scalar
events.out.tfevents.1770456721.15f3a867024b.5912.0,train/epoch,190,1770465910.9096503,1.3484444618225098,scalar
events.out.tfevents.1770456721.15f3a867024b.5912.0,train/epoch,195,1770466143.562955,1.383999943733215,scalar
events.out.tfevents.1770456721.15f3a867024b.5912.0,train/epoch,200,1770466373.1798415,1.4195555448532104,scalar
events.out.tfevents.1770456721.15f3a867024b.5912.0,train/epoch,200,1770466398.6903152,1.4195555448532104,scalar
events.out.tfevents.1770456721.15f3a867024b.5912.0,train/epoch,205,1770466632.1828518,1.4551111459732056,scalar
events.out.tfevents.1770456721.15f3a867024b.5912.0,train/epoch,210,1770466862.6176655,1.4906666278839111,scalar
events.out.tfevents.1770456721.15f3a867024b.5912.0,train/epoch,210,1770466888.2164643,1.4906666278839111,scalar
events.out.tfevents.1770456721.15f3a867024b.5912.0,train/epoch,215,1770467121.0931249,1.5262222290039062,scalar
events.out.tfevents.1770456721.15f3a867024b.5912.0,train/epoch,220,1770467351.5053957,1.5617778301239014,scalar
events.out.tfevents.1770456721.15f3a867024b.5912.0,train/epoch,220,1770467377.084191,1.5617778301239014,scalar
events.out.tfevents.1770456721.15f3a867024b.5912.0,train/epoch,225,1770467610.01292,1.597333312034607,scalar
events.out.tfevents.1770456721.15f3a867024b.5912.0,train/epoch,230,1770467840.1671393,1.632888913154602,scalar
events.out.tfevents.1770456721.15f3a867024b.5912.0,train/epoch,230,1770467865.7110612,1.632888913154602,scalar
events.out.tfevents.1770456721.15f3a867024b.5912.0,train/epoch,235,1770468099.7945683,1.6684443950653076,scalar
events.out.tfevents.1770456721.15f3a867024b.5912.0,train/epoch,240,1770468329.449322,1.7039999961853027,scalar
events.out.tfevents.1770456721.15f3a867024b.5912.0,train/epoch,240,1770468355.01602,1.7039999961853027,scalar
events.out.tfevents.1770456721.15f3a867024b.5912.0,train/epoch,245,1770468588.1624515,1.739555597305298,scalar
events.out.tfevents.1770456721.15f3a867024b.5912.0,train/epoch,250,1770468815.8519402,1.7751110792160034,scalar
events.out.tfevents.1770456721.15f3a867024b.5912.0,train/epoch,250,1770468841.47268,1.7751110792160034,scalar
events.out.tfevents.1770456721.15f3a867024b.5912.0,train/epoch,255,1770469075.6167912,1.8106666803359983,scalar
events.out.tfevents.1770456721.15f3a867024b.5912.0,train/epoch,260,1770469306.868456,1.8462222814559937,scalar
events.out.tfevents.1770456721.15f3a867024b.5912.0,train/epoch,260,1770469332.508711,1.8462222814559937,scalar
events.out.tfevents.1770456721.15f3a867024b.5912.0,train/epoch,265,1770469565.4513395,1.8817777633666992,scalar
events.out.tfevents.1770456721.15f3a867024b.5912.0,train/epoch,270,1770469795.7363036,1.9173333644866943,scalar
events.out.tfevents.1770456721.15f3a867024b.5912.0,train/epoch,270,1770469821.390532,1.9173333644866943,scalar
events.out.tfevents.1770456721.15f3a867024b.5912.0,train/epoch,275,1770470055.853562,1.9528888463974,scalar
events.out.tfevents.1770456721.15f3a867024b.5912.0,train/epoch,280,1770470285.3111367,1.988444447517395,scalar
events.out.tfevents.1770456721.15f3a867024b.5912.0,train/epoch,280,1770470310.9503598,1.988444447517395,scalar
events.out.tfevents.1770456721.15f3a867024b.5912.0,train/epoch,285,1770470558.0756383,2.0213332176208496,scalar
events.out.tfevents.1770456721.15f3a867024b.5912.0,train/epoch,290,1770470782.8470254,2.0568888187408447,scalar
events.out.tfevents.1770456721.15f3a867024b.5912.0,train/epoch,290,1770470808.4542058,2.0568888187408447,scalar
events.out.tfevents.1770456721.15f3a867024b.5912.0,train/epoch,295,1770471033.506808,2.09244441986084,scalar
events.out.tfevents.1770456721.15f3a867024b.5912.0,train/epoch,300,1770471258.2114103,2.128000020980835,scalar
events.out.tfevents.1770456721.15f3a867024b.5912.0,train/epoch,300,1770471283.7972472,2.128000020980835,scalar
events.out.tfevents.1770456721.15f3a867024b.5912.0,train/epoch,305,1770471508.5577192,2.16355562210083,scalar
events.out.tfevents.1770456721.15f3a867024b.5912.0,train/epoch,310,1770471733.81456,2.199111223220825,scalar
events.out.tfevents.1770456721.15f3a867024b.5912.0,train/epoch,310,1770471759.4266374,2.199111223220825,scalar
events.out.tfevents.1770456721.15f3a867024b.5912.0,train/epoch,315,1770471984.37202,2.234666585922241,scalar
events.out.tfevents.1770456721.15f3a867024b.5912.0,train/epoch,320,1770472208.3417332,2.2702221870422363,scalar
events.out.tfevents.1770456721.15f3a867024b.5912.0,train/epoch,320,1770472233.9483998,2.2702221870422363,scalar
events.out.tfevents.1770456721.15f3a867024b.5912.0,train/epoch,325,1770472459.9115424,2.3057777881622314,scalar
events.out.tfevents.1770456721.15f3a867024b.5912.0,train/epoch,330,1770472685.1389318,2.3413333892822266,scalar
events.out.tfevents.1770456721.15f3a867024b.5912.0,train/epoch,330,1770472710.8450687,2.3413333892822266,scalar
events.out.tfevents.1770456721.15f3a867024b.5912.0,train/epoch,335,1770472935.8877275,2.3768889904022217,scalar
events.out.tfevents.1770456721.15f3a867024b.5912.0,train/epoch,340,1770473161.2587094,2.4124443531036377,scalar
events.out.tfevents.1770456721.15f3a867024b.5912.0,train/epoch,340,1770473186.9696884,2.4124443531036377,scalar
events.out.tfevents.1770456721.15f3a867024b.5912.0,train/epoch,345,1770473411.9512222,2.447999954223633,scalar
events.out.tfevents.1770456721.15f3a867024b.5912.0,train/epoch,350,1770473641.0898588,2.483555555343628,scalar
events.out.tfevents.1770456721.15f3a867024b.5912.0,train/epoch,350,1770473666.977077,2.483555555343628,scalar
events.out.tfevents.1770456721.15f3a867024b.5912.0,train/epoch,355,1770473895.3807054,2.519111156463623,scalar
events.out.tfevents.1770456721.15f3a867024b.5912.0,train/epoch,360,1770474124.0265458,2.554666757583618,scalar
events.out.tfevents.1770456721.15f3a867024b.5912.0,train/epoch,360,1770474150.0304496,2.554666757583618,scalar
events.out.tfevents.1770456721.15f3a867024b.5912.0,train/epoch,365,1770474380.1184778,2.590222120285034,scalar
events.out.tfevents.1770456721.15f3a867024b.5912.0,train/epoch,370,1770474605.0215964,2.6257777214050293,scalar
events.out.tfevents.1770456721.15f3a867024b.5912.0,train/epoch,370,1770474630.6047597,2.6257777214050293,scalar
events.out.tfevents.1770456721.15f3a867024b.5912.0,train/epoch,375,1770474854.5587966,2.6613333225250244,scalar
events.out.tfevents.1770456721.15f3a867024b.5912.0,train/epoch,380,1770475079.7923777,2.6968889236450195,scalar
events.out.tfevents.1770456721.15f3a867024b.5912.0,train/epoch,380,1770475105.4196017,2.6968889236450195,scalar
events.out.tfevents.1770456721.15f3a867024b.5912.0,train/epoch,385,1770475330.8468456,2.732444524765014,scalar
events.out.tfevents.1770456721.15f3a867024b.5912.0,train/epoch,390,1770475555.1093435,2.7679998874664307,scalar
events.out.tfevents.1770456721.15f3a867024b.5912.0,train/epoch,390,1770475580.798249,2.7679998874664307,scalar
events.out.tfevents.1770456721.15f3a867024b.5912.0,train/epoch,395,1770475804.5890644,2.803555488586426,scalar
events.out.tfevents.1770456721.15f3a867024b.5912.0,train/epoch,400,1770476029.1003978,2.839111089706421,scalar
events.out.tfevents.1770456721.15f3a867024b.5912.0,train/epoch,400,1770476054.7725496,2.839111089706421,scalar
events.out.tfevents.1770456721.15f3a867024b.5912.0,train/epoch,405,1770476280.7847252,2.874666690826416,scalar
events.out.tfevents.1770456721.15f3a867024b.5912.0,train/epoch,410,1770476505.267326,2.910222291946411,scalar
events.out.tfevents.1770456721.15f3a867024b.5912.0,train/epoch,410,1770476530.910308,2.910222291946411,scalar
events.out.tfevents.1770456721.15f3a867024b.5912.0,train/epoch,415,1770476754.359125,2.9457778930664062,scalar
events.out.tfevents.1770456721.15f3a867024b.5912.0,train/epoch,420,1770476978.9000702,2.9813332557678223,scalar
events.out.tfevents.1770456721.15f3a867024b.5912.0,train/epoch,420,1770477004.6315374,2.9813332557678223,scalar
events.out.tfevents.1770456721.15f3a867024b.5912.0,train/epoch,423,1770477153.5497143,3.0,scalar
events.out.tfevents.1770456721.15f3a867024b.5912.0,eval/loss,10,1770457205.2185743,0.510277271270752,scalar
events.out.tfevents.1770456721.15f3a867024b.5912.0,eval/loss,20,1770457679.8048854,0.2600356340408325,scalar
events.out.tfevents.1770456721.15f3a867024b.5912.0,eval/loss,30,1770458155.1160398,0.2383410632610321,scalar
events.out.tfevents.1770456721.15f3a867024b.5912.0,eval/loss,40,1770458634.2262847,0.2301367372274398,scalar
events.out.tfevents.1770456721.15f3a867024b.5912.0,eval/loss,50,1770459108.5740385,0.2234905362129211,scalar
events.out.tfevents.1770456721.15f3a867024b.5912.0,eval/loss,60,1770459583.7775056,0.2202949076890945,scalar
events.out.tfevents.1770456721.15f3a867024b.5912.0,eval/loss,70,1770460059.4287248,0.2177827954292297,scalar
events.out.tfevents.1770456721.15f3a867024b.5912.0,eval/loss,80,1770460533.0132904,0.2141866236925125,scalar
events.out.tfevents.1770456721.15f3a867024b.5912.0,eval/loss,90,1770461007.9488294,0.2138344794511795,scalar
events.out.tfevents.1770456721.15f3a867024b.5912.0,eval/loss,100,1770461482.82718,0.2120528221130371,scalar
events.out.tfevents.1770456721.15f3a867024b.5912.0,eval/loss,110,1770461967.0583382,0.2097546160221099,scalar
events.out.tfevents.1770456721.15f3a867024b.5912.0,eval/loss,120,1770462456.9484112,0.2086958885192871,scalar
events.out.tfevents.1770456721.15f3a867024b.5912.0,eval/loss,130,1770462946.5357294,0.2093278765678405,scalar
events.out.tfevents.1770456721.15f3a867024b.5912.0,eval/loss,140,1770463433.553534,0.2086418271064758,scalar
events.out.tfevents.1770456721.15f3a867024b.5912.0,eval/loss,150,1770463937.7871108,0.2066319435834884,scalar
events.out.tfevents.1770456721.15f3a867024b.5912.0,eval/loss,160,1770464432.798996,0.2051114439964294,scalar
events.out.tfevents.1770456721.15f3a867024b.5912.0,eval/loss,170,1770464922.5883975,0.2044233381748199,scalar
events.out.tfevents.1770456721.15f3a867024b.5912.0,eval/loss,180,1770465416.4160874,0.203765332698822,scalar
events.out.tfevents.1770456721.15f3a867024b.5912.0,eval/loss,190,1770465910.9094758,0.2025341838598251,scalar
events.out.tfevents.1770456721.15f3a867024b.5912.0,eval/loss,200,1770466398.690181,0.2015577554702758,scalar
events.out.tfevents.1770456721.15f3a867024b.5912.0,eval/loss,210,1770466888.2163453,0.2016203552484512,scalar
events.out.tfevents.1770456721.15f3a867024b.5912.0,eval/loss,220,1770467377.0840597,0.2018754631280899,scalar
events.out.tfevents.1770456721.15f3a867024b.5912.0,eval/loss,230,1770467865.710937,0.1998067647218704,scalar
events.out.tfevents.1770456721.15f3a867024b.5912.0,eval/loss,240,1770468355.015903,0.1997502446174621,scalar
events.out.tfevents.1770456721.15f3a867024b.5912.0,eval/loss,250,1770468841.4725647,0.1990041881799698,scalar
events.out.tfevents.1770456721.15f3a867024b.5912.0,eval/loss,260,1770469332.508589,0.1983053237199783,scalar
events.out.tfevents.1770456721.15f3a867024b.5912.0,eval/loss,270,1770469821.390419,0.1986186206340789,scalar
events.out.tfevents.1770456721.15f3a867024b.5912.0,eval/loss,280,1770470310.9502418,0.1977999061346054,scalar
events.out.tfevents.1770456721.15f3a867024b.5912.0,eval/loss,290,1770470808.454069,0.1980179846286773,scalar
events.out.tfevents.1770456721.15f3a867024b.5912.0,eval/loss,300,1770471283.797113,0.1973960846662521,scalar
events.out.tfevents.1770456721.15f3a867024b.5912.0,eval/loss,310,1770471759.4265194,0.1964966803789138,scalar
events.out.tfevents.1770456721.15f3a867024b.5912.0,eval/loss,320,1770472233.9482825,0.1956843584775924,scalar
events.out.tfevents.1770456721.15f3a867024b.5912.0,eval/loss,330,1770472710.8449504,0.1959480345249176,scalar
events.out.tfevents.1770456721.15f3a867024b.5912.0,eval/loss,340,1770473186.969526,0.194690927863121,scalar
events.out.tfevents.1770456721.15f3a867024b.5912.0,eval/loss,350,1770473666.9769568,0.1957984417676925,scalar
events.out.tfevents.1770456721.15f3a867024b.5912.0,eval/loss,360,1770474150.0303278,0.1945458799600601,scalar
events.out.tfevents.1770456721.15f3a867024b.5912.0,eval/loss,370,1770474630.6046426,0.1941439658403396,scalar
events.out.tfevents.1770456721.15f3a867024b.5912.0,eval/loss,380,1770475105.4194782,0.1938691288232803,scalar
events.out.tfevents.1770456721.15f3a867024b.5912.0,eval/loss,390,1770475580.7980964,0.1932100653648376,scalar
events.out.tfevents.1770456721.15f3a867024b.5912.0,eval/loss,400,1770476054.772432,0.1934854090213775,scalar
events.out.tfevents.1770456721.15f3a867024b.5912.0,eval/loss,410,1770476530.9101624,0.1932315081357956,scalar
events.out.tfevents.1770456721.15f3a867024b.5912.0,eval/loss,420,1770477004.6314116,0.1932613551616668,scalar
events.out.tfevents.1770456721.15f3a867024b.5912.0,eval/runtime,10,1770457205.2186143,25.569700241088867,scalar
events.out.tfevents.1770456721.15f3a867024b.5912.0,eval/runtime,20,1770457679.804927,25.5310001373291,scalar
events.out.tfevents.1770456721.15f3a867024b.5912.0,eval/runtime,30,1770458155.1160803,25.510499954223636,scalar
events.out.tfevents.1770456721.15f3a867024b.5912.0,eval/runtime,40,1770458634.2263286,25.64459991455078,scalar
events.out.tfevents.1770456721.15f3a867024b.5912.0,eval/runtime,50,1770459108.5740776,25.54599952697754,scalar
events.out.tfevents.1770456721.15f3a867024b.5912.0,eval/runtime,60,1770459583.7775476,25.57859992980957,scalar
events.out.tfevents.1770456721.15f3a867024b.5912.0,eval/runtime,70,1770460059.4287665,25.557899475097656,scalar
events.out.tfevents.1770456721.15f3a867024b.5912.0,eval/runtime,80,1770460533.0133305,25.47330093383789,scalar
events.out.tfevents.1770456721.15f3a867024b.5912.0,eval/runtime,90,1770461007.9488766,25.58429908752441,scalar
events.out.tfevents.1770456721.15f3a867024b.5912.0,eval/runtime,100,1770461482.82725,25.561399459838867,scalar
events.out.tfevents.1770456721.15f3a867024b.5912.0,eval/runtime,110,1770461967.0583785,25.612199783325195,scalar
events.out.tfevents.1770456721.15f3a867024b.5912.0,eval/runtime,120,1770462456.948451,25.56110000610352,scalar
events.out.tfevents.1770456721.15f3a867024b.5912.0,eval/runtime,130,1770462946.535775,25.605300903320312,scalar
events.out.tfevents.1770456721.15f3a867024b.5912.0,eval/runtime,140,1770463433.5535736,25.501399993896484,scalar
events.out.tfevents.1770456721.15f3a867024b.5912.0,eval/runtime,150,1770463937.7871895,25.64179992675781,scalar
events.out.tfevents.1770456721.15f3a867024b.5912.0,eval/runtime,160,1770464432.7990365,25.600500106811523,scalar
events.out.tfevents.1770456721.15f3a867024b.5912.0,eval/runtime,170,1770464922.5884392,25.578800201416016,scalar
events.out.tfevents.1770456721.15f3a867024b.5912.0,eval/runtime,180,1770465416.4161549,25.640499114990234,scalar
events.out.tfevents.1770456721.15f3a867024b.5912.0,eval/runtime,190,1770465910.9095335,25.555099487304688,scalar
events.out.tfevents.1770456721.15f3a867024b.5912.0,eval/runtime,200,1770466398.690241,25.507999420166016,scalar
events.out.tfevents.1770456721.15f3a867024b.5912.0,eval/runtime,210,1770466888.216388,25.596399307250977,scalar
events.out.tfevents.1770456721.15f3a867024b.5912.0,eval/runtime,220,1770467377.0840998,25.5762996673584,scalar
events.out.tfevents.1770456721.15f3a867024b.5912.0,eval/runtime,230,1770467865.7109778,25.541400909423828,scalar
events.out.tfevents.1770456721.15f3a867024b.5912.0,eval/runtime,240,1770468355.015942,25.56419944763184,scalar
events.out.tfevents.1770456721.15f3a867024b.5912.0,eval/runtime,250,1770468841.4726048,25.618200302124023,scalar
events.out.tfevents.1770456721.15f3a867024b.5912.0,eval/runtime,260,1770469332.5086308,25.637800216674805,scalar
events.out.tfevents.1770456721.15f3a867024b.5912.0,eval/runtime,270,1770469821.390459,25.65180015563965,scalar
events.out.tfevents.1770456721.15f3a867024b.5912.0,eval/runtime,280,1770470310.9502828,25.636699676513672,scalar
events.out.tfevents.1770456721.15f3a867024b.5912.0,eval/runtime,290,1770470808.4541123,25.60460090637207,scalar
events.out.tfevents.1770456721.15f3a867024b.5912.0,eval/runtime,300,1770471283.7971635,25.583200454711918,scalar
events.out.tfevents.1770456721.15f3a867024b.5912.0,eval/runtime,310,1770471759.4265602,25.609399795532227,scalar
events.out.tfevents.1770456721.15f3a867024b.5912.0,eval/runtime,320,1770472233.9483235,25.60409927368164,scalar
events.out.tfevents.1770456721.15f3a867024b.5912.0,eval/runtime,330,1770472710.8449914,25.70369911193848,scalar
events.out.tfevents.1770456721.15f3a867024b.5912.0,eval/runtime,340,1770473186.9695747,25.70840072631836,scalar
events.out.tfevents.1770456721.15f3a867024b.5912.0,eval/runtime,350,1770473666.976998,25.884599685668945,scalar
events.out.tfevents.1770456721.15f3a867024b.5912.0,eval/runtime,360,1770474150.0303702,26.00119972229004,scalar
events.out.tfevents.1770456721.15f3a867024b.5912.0,eval/runtime,370,1770474630.6046846,25.580699920654297,scalar
events.out.tfevents.1770456721.15f3a867024b.5912.0,eval/runtime,380,1770475105.41952,25.62470054626465,scalar
events.out.tfevents.1770456721.15f3a867024b.5912.0,eval/runtime,390,1770475580.7981386,25.686500549316406,scalar
events.out.tfevents.1770456721.15f3a867024b.5912.0,eval/runtime,400,1770476054.772472,25.669700622558597,scalar
events.out.tfevents.1770456721.15f3a867024b.5912.0,eval/runtime,410,1770476530.910211,25.640600204467773,scalar
events.out.tfevents.1770456721.15f3a867024b.5912.0,eval/runtime,420,1770477004.6314523,25.728900909423828,scalar
events.out.tfevents.1770456721.15f3a867024b.5912.0,eval/samples_per_second,10,1770457205.2186303,1.955000042915344,scalar
events.out.tfevents.1770456721.15f3a867024b.5912.0,eval/samples_per_second,20,1770457679.8049436,1.9579999446868896,scalar
events.out.tfevents.1770456721.15f3a867024b.5912.0,eval/samples_per_second,30,1770458155.1160965,1.9600000381469729,scalar
events.out.tfevents.1770456721.15f3a867024b.5912.0,eval/samples_per_second,40,1770458634.226345,1.950000047683716,scalar
events.out.tfevents.1770456721.15f3a867024b.5912.0,eval/samples_per_second,50,1770459108.5740948,1.9570000171661377,scalar
events.out.tfevents.1770456721.15f3a867024b.5912.0,eval/samples_per_second,60,1770459583.7775638,1.955000042915344,scalar
events.out.tfevents.1770456721.15f3a867024b.5912.0,eval/samples_per_second,70,1770460059.4287822,1.955999970436096,scalar
events.out.tfevents.1770456721.15f3a867024b.5912.0,eval/samples_per_second,80,1770460533.013347,1.963000059127808,scalar
events.out.tfevents.1770456721.15f3a867024b.5912.0,eval/samples_per_second,90,1770461007.9488938,1.9539999961853027,scalar
events.out.tfevents.1770456721.15f3a867024b.5912.0,eval/samples_per_second,100,1770461482.827277,1.955999970436096,scalar
events.out.tfevents.1770456721.15f3a867024b.5912.0,eval/samples_per_second,110,1770461967.058395,1.9520000219345093,scalar
events.out.tfevents.1770456721.15f3a867024b.5912.0,eval/samples_per_second,120,1770462456.9484675,1.955999970436096,scalar
events.out.tfevents.1770456721.15f3a867024b.5912.0,eval/samples_per_second,130,1770462946.5357916,1.9529999494552608,scalar
events.out.tfevents.1770456721.15f3a867024b.5912.0,eval/samples_per_second,140,1770463433.5535896,1.9609999656677248,scalar
events.out.tfevents.1770456721.15f3a867024b.5912.0,eval/samples_per_second,150,1770463937.7872343,1.950000047683716,scalar
events.out.tfevents.1770456721.15f3a867024b.5912.0,eval/samples_per_second,160,1770464432.7990537,1.9529999494552608,scalar
events.out.tfevents.1770456721.15f3a867024b.5912.0,eval/samples_per_second,170,1770464922.5884566,1.955000042915344,scalar
events.out.tfevents.1770456721.15f3a867024b.5912.0,eval/samples_per_second,180,1770465416.416174,1.950000047683716,scalar
events.out.tfevents.1770456721.15f3a867024b.5912.0,eval/samples_per_second,190,1770465910.909557,1.9570000171661377,scalar
events.out.tfevents.1770456721.15f3a867024b.5912.0,eval/samples_per_second,200,1770466398.6902573,1.9600000381469729,scalar
events.out.tfevents.1770456721.15f3a867024b.5912.0,eval/samples_per_second,210,1770466888.216405,1.9529999494552608,scalar
events.out.tfevents.1770456721.15f3a867024b.5912.0,eval/samples_per_second,220,1770467377.0841167,1.955000042915344,scalar
events.out.tfevents.1770456721.15f3a867024b.5912.0,eval/samples_per_second,230,1770467865.710995,1.9579999446868896,scalar
events.out.tfevents.1770456721.15f3a867024b.5912.0,eval/samples_per_second,240,1770468355.015959,1.955999970436096,scalar
events.out.tfevents.1770456721.15f3a867024b.5912.0,eval/samples_per_second,250,1770468841.4726207,1.9520000219345093,scalar
events.out.tfevents.1770456721.15f3a867024b.5912.0,eval/samples_per_second,260,1770469332.5086513,1.950000047683716,scalar
events.out.tfevents.1770456721.15f3a867024b.5912.0,eval/samples_per_second,270,1770469821.3904746,1.9490000009536743,scalar
events.out.tfevents.1770456721.15f3a867024b.5912.0,eval/samples_per_second,280,1770470310.950299,1.950000047683716,scalar
events.out.tfevents.1770456721.15f3a867024b.5912.0,eval/samples_per_second,290,1770470808.4541297,1.9529999494552608,scalar
events.out.tfevents.1770456721.15f3a867024b.5912.0,eval/samples_per_second,300,1770471283.7971804,1.9539999961853027,scalar
events.out.tfevents.1770456721.15f3a867024b.5912.0,eval/samples_per_second,310,1770471759.426577,1.9520000219345093,scalar
events.out.tfevents.1770456721.15f3a867024b.5912.0,eval/samples_per_second,320,1770472233.948341,1.9529999494552608,scalar
events.out.tfevents.1770456721.15f3a867024b.5912.0,eval/samples_per_second,330,1770472710.845008,1.9450000524520876,scalar
events.out.tfevents.1770456721.15f3a867024b.5912.0,eval/samples_per_second,340,1770473186.9695988,1.9450000524520876,scalar
events.out.tfevents.1770456721.15f3a867024b.5912.0,eval/samples_per_second,350,1770473666.9770143,1.932000041007996,scalar
events.out.tfevents.1770456721.15f3a867024b.5912.0,eval/samples_per_second,360,1770474150.0303876,1.9229999780654907,scalar
events.out.tfevents.1770456721.15f3a867024b.5912.0,eval/samples_per_second,370,1770474630.604701,1.955000042915344,scalar
events.out.tfevents.1770456721.15f3a867024b.5912.0,eval/samples_per_second,380,1770475105.419538,1.950999975204468,scalar
events.out.tfevents.1770456721.15f3a867024b.5912.0,eval/samples_per_second,390,1770475580.7981768,1.9470000267028809,scalar
events.out.tfevents.1770456721.15f3a867024b.5912.0,eval/samples_per_second,400,1770476054.7724884,1.9479999542236328,scalar
events.out.tfevents.1770456721.15f3a867024b.5912.0,eval/samples_per_second,410,1770476530.910243,1.950000047683716,scalar
events.out.tfevents.1770456721.15f3a867024b.5912.0,eval/samples_per_second,420,1770477004.6314692,1.9429999589920044,scalar
events.out.tfevents.1770456721.15f3a867024b.5912.0,eval/steps_per_second,10,1770457205.218644,1.955000042915344,scalar
events.out.tfevents.1770456721.15f3a867024b.5912.0,eval/steps_per_second,20,1770457679.8049572,1.9579999446868896,scalar
events.out.tfevents.1770456721.15f3a867024b.5912.0,eval/steps_per_second,30,1770458155.1161103,1.9600000381469729,scalar
events.out.tfevents.1770456721.15f3a867024b.5912.0,eval/steps_per_second,40,1770458634.2263582,1.950000047683716,scalar
events.out.tfevents.1770456721.15f3a867024b.5912.0,eval/steps_per_second,50,1770459108.5741088,1.9570000171661377,scalar
events.out.tfevents.1770456721.15f3a867024b.5912.0,eval/steps_per_second,60,1770459583.7775776,1.955000042915344,scalar
events.out.tfevents.1770456721.15f3a867024b.5912.0,eval/steps_per_second,70,1770460059.428795,1.955999970436096,scalar
events.out.tfevents.1770456721.15f3a867024b.5912.0,eval/steps_per_second,80,1770460533.0133607,1.963000059127808,scalar
events.out.tfevents.1770456721.15f3a867024b.5912.0,eval/steps_per_second,90,1770461007.948908,1.9539999961853027,scalar
events.out.tfevents.1770456721.15f3a867024b.5912.0,eval/steps_per_second,100,1770461482.8272915,1.955999970436096,scalar
events.out.tfevents.1770456721.15f3a867024b.5912.0,eval/steps_per_second,110,1770461967.0584085,1.9520000219345093,scalar
events.out.tfevents.1770456721.15f3a867024b.5912.0,eval/steps_per_second,120,1770462456.9484818,1.955999970436096,scalar
events.out.tfevents.1770456721.15f3a867024b.5912.0,eval/steps_per_second,130,1770462946.5358057,1.9529999494552608,scalar
events.out.tfevents.1770456721.15f3a867024b.5912.0,eval/steps_per_second,140,1770463433.5536036,1.9609999656677248,scalar
events.out.tfevents.1770456721.15f3a867024b.5912.0,eval/steps_per_second,150,1770463937.7872558,1.950000047683716,scalar
events.out.tfevents.1770456721.15f3a867024b.5912.0,eval/steps_per_second,160,1770464432.7990675,1.9529999494552608,scalar
events.out.tfevents.1770456721.15f3a867024b.5912.0,eval/steps_per_second,170,1770464922.5884714,1.955000042915344,scalar
events.out.tfevents.1770456721.15f3a867024b.5912.0,eval/steps_per_second,180,1770465416.4161942,1.950000047683716,scalar
events.out.tfevents.1770456721.15f3a867024b.5912.0,eval/steps_per_second,190,1770465910.9095778,1.9570000171661377,scalar
events.out.tfevents.1770456721.15f3a867024b.5912.0,eval/steps_per_second,200,1770466398.69027,1.9600000381469729,scalar
events.out.tfevents.1770456721.15f3a867024b.5912.0,eval/steps_per_second,210,1770466888.216418,1.9529999494552608,scalar
events.out.tfevents.1770456721.15f3a867024b.5912.0,eval/steps_per_second,220,1770467377.0841298,1.955000042915344,scalar
events.out.tfevents.1770456721.15f3a867024b.5912.0,eval/steps_per_second,230,1770467865.71101,1.9579999446868896,scalar
events.out.tfevents.1770456721.15f3a867024b.5912.0,eval/steps_per_second,240,1770468355.015973,1.955999970436096,scalar
events.out.tfevents.1770456721.15f3a867024b.5912.0,eval/steps_per_second,250,1770468841.4726338,1.9520000219345093,scalar
events.out.tfevents.1770456721.15f3a867024b.5912.0,eval/steps_per_second,260,1770469332.508665,1.950000047683716,scalar
events.out.tfevents.1770456721.15f3a867024b.5912.0,eval/steps_per_second,270,1770469821.390488,1.9490000009536743,scalar
events.out.tfevents.1770456721.15f3a867024b.5912.0,eval/steps_per_second,280,1770470310.9503126,1.950000047683716,scalar
events.out.tfevents.1770456721.15f3a867024b.5912.0,eval/steps_per_second,290,1770470808.4541566,1.9529999494552608,scalar
events.out.tfevents.1770456721.15f3a867024b.5912.0,eval/steps_per_second,300,1770471283.7971945,1.9539999961853027,scalar
events.out.tfevents.1770456721.15f3a867024b.5912.0,eval/steps_per_second,310,1770471759.4265912,1.9520000219345093,scalar
events.out.tfevents.1770456721.15f3a867024b.5912.0,eval/steps_per_second,320,1770472233.9483542,1.9529999494552608,scalar
events.out.tfevents.1770456721.15f3a867024b.5912.0,eval/steps_per_second,330,1770472710.845022,1.9450000524520876,scalar
events.out.tfevents.1770456721.15f3a867024b.5912.0,eval/steps_per_second,340,1770473186.9696188,1.9450000524520876,scalar
events.out.tfevents.1770456721.15f3a867024b.5912.0,eval/steps_per_second,350,1770473666.9770288,1.932000041007996,scalar
events.out.tfevents.1770456721.15f3a867024b.5912.0,eval/steps_per_second,360,1770474150.030402,1.9229999780654907,scalar
events.out.tfevents.1770456721.15f3a867024b.5912.0,eval/steps_per_second,370,1770474630.604715,1.955000042915344,scalar
events.out.tfevents.1770456721.15f3a867024b.5912.0,eval/steps_per_second,380,1770475105.4195526,1.950999975204468,scalar
events.out.tfevents.1770456721.15f3a867024b.5912.0,eval/steps_per_second,390,1770475580.7981956,1.9470000267028809,scalar
events.out.tfevents.1770456721.15f3a867024b.5912.0,eval/steps_per_second,400,1770476054.7725022,1.9479999542236328,scalar
events.out.tfevents.1770456721.15f3a867024b.5912.0,eval/steps_per_second,410,1770476530.91026,1.950000047683716,scalar
events.out.tfevents.1770456721.15f3a867024b.5912.0,eval/steps_per_second,420,1770477004.6314833,1.9429999589920044,scalar
events.out.tfevents.1770456721.15f3a867024b.5912.0,eval/entropy,10,1770457205.2186568,1.5654785633087158,scalar
events.out.tfevents.1770456721.15f3a867024b.5912.0,eval/entropy,20,1770457679.8049695,0.7310138940811157,scalar
events.out.tfevents.1770456721.15f3a867024b.5912.0,eval/entropy,30,1770458155.116123,0.1975018233060836,scalar
events.out.tfevents.1770456721.15f3a867024b.5912.0,eval/entropy,40,1770458634.2263706,0.1759802252054214,scalar
events.out.tfevents.1770456721.15f3a867024b.5912.0,eval/entropy,50,1770459108.5741217,0.1739701032638549,scalar
events.out.tfevents.1770456721.15f3a867024b.5912.0,eval/entropy,60,1770459583.7775905,0.1670478582382202,scalar
events.out.tfevents.1770456721.15f3a867024b.5912.0,eval/entropy,70,1770460059.4288073,0.1638242453336715,scalar
events.out.tfevents.1770456721.15f3a867024b.5912.0,eval/entropy,80,1770460533.0133762,0.1696197092533111,scalar
events.out.tfevents.1770456721.15f3a867024b.5912.0,eval/entropy,90,1770461007.9489207,0.1701161414384842,scalar
events.out.tfevents.1770456721.15f3a867024b.5912.0,eval/entropy,100,1770461482.8273044,0.1717234402894973,scalar
events.out.tfevents.1770456721.15f3a867024b.5912.0,eval/entropy,110,1770461967.0584204,0.1679356545209884,scalar
events.out.tfevents.1770456721.15f3a867024b.5912.0,eval/entropy,120,1770462456.948495,0.1666774004697799,scalar
events.out.tfevents.1770456721.15f3a867024b.5912.0,eval/entropy,130,1770462946.5358186,0.1617016196250915,scalar
events.out.tfevents.1770456721.15f3a867024b.5912.0,eval/entropy,140,1770463433.5536156,0.1650438606739044,scalar
events.out.tfevents.1770456721.15f3a867024b.5912.0,eval/entropy,150,1770463937.7872765,0.1676474213600158,scalar
events.out.tfevents.1770456721.15f3a867024b.5912.0,eval/entropy,160,1770464432.7990797,0.1609887927770614,scalar
events.out.tfevents.1770456721.15f3a867024b.5912.0,eval/entropy,170,1770464922.5884843,0.1647006869316101,scalar
events.out.tfevents.1770456721.15f3a867024b.5912.0,eval/entropy,180,1770465416.416208,0.1676985770463943,scalar
events.out.tfevents.1770456721.15f3a867024b.5912.0,eval/entropy,190,1770465910.9095988,0.1584905833005905,scalar
events.out.tfevents.1770456721.15f3a867024b.5912.0,eval/entropy,200,1770466398.6902816,0.1593435704708099,scalar
events.out.tfevents.1770456721.15f3a867024b.5912.0,eval/entropy,210,1770466888.216431,0.1599354594945907,scalar
events.out.tfevents.1770456721.15f3a867024b.5912.0,eval/entropy,220,1770467377.084155,0.15979865193367,scalar
events.out.tfevents.1770456721.15f3a867024b.5912.0,eval/entropy,230,1770467865.7110252,0.1588841080665588,scalar
events.out.tfevents.1770456721.15f3a867024b.5912.0,eval/entropy,240,1770468355.0159855,0.1607996374368667,scalar
events.out.tfevents.1770456721.15f3a867024b.5912.0,eval/entropy,250,1770468841.4726462,0.1611321866512298,scalar
events.out.tfevents.1770456721.15f3a867024b.5912.0,eval/entropy,260,1770469332.508678,0.1602055132389068,scalar
events.out.tfevents.1770456721.15f3a867024b.5912.0,eval/entropy,270,1770469821.3904996,0.158272698521614,scalar
events.out.tfevents.1770456721.15f3a867024b.5912.0,eval/entropy,280,1770470310.9503253,0.1577101051807403,scalar
events.out.tfevents.1770456721.15f3a867024b.5912.0,eval/entropy,290,1770470808.4541707,0.1595530807971954,scalar
events.out.tfevents.1770456721.15f3a867024b.5912.0,eval/entropy,300,1770471283.797207,0.1592501550912857,scalar
events.out.tfevents.1770456721.15f3a867024b.5912.0,eval/entropy,310,1770471759.4266036,0.1597432196140289,scalar
events.out.tfevents.1770456721.15f3a867024b.5912.0,eval/entropy,320,1770472233.948367,0.1574060320854187,scalar
events.out.tfevents.1770456721.15f3a867024b.5912.0,eval/entropy,330,1770472710.8450346,0.1553903520107269,scalar
events.out.tfevents.1770456721.15f3a867024b.5912.0,eval/entropy,340,1770473186.9696372,0.1572742760181427,scalar
events.out.tfevents.1770456721.15f3a867024b.5912.0,eval/entropy,350,1770473666.9770415,0.1517908126115799,scalar
events.out.tfevents.1770456721.15f3a867024b.5912.0,eval/entropy,360,1770474150.0304153,0.1536581814289093,scalar
events.out.tfevents.1770456721.15f3a867024b.5912.0,eval/entropy,370,1770474630.604727,0.1566534340381622,scalar
events.out.tfevents.1770456721.15f3a867024b.5912.0,eval/entropy,380,1770475105.4195657,0.1528918147087097,scalar
events.out.tfevents.1770456721.15f3a867024b.5912.0,eval/entropy,390,1770475580.798215,0.1558227688074112,scalar
events.out.tfevents.1770456721.15f3a867024b.5912.0,eval/entropy,400,1770476054.7725146,0.1548587828874588,scalar
events.out.tfevents.1770456721.15f3a867024b.5912.0,eval/entropy,410,1770476530.9102728,0.154247760772705,scalar
events.out.tfevents.1770456721.15f3a867024b.5912.0,eval/entropy,420,1770477004.631503,0.1541682481765747,scalar
events.out.tfevents.1770456721.15f3a867024b.5912.0,eval/num_tokens,10,1770457205.2186685,311793.0,scalar
events.out.tfevents.1770456721.15f3a867024b.5912.0,eval/num_tokens,20,1770457679.8049817,623770.0,scalar
events.out.tfevents.1770456721.15f3a867024b.5912.0,eval/num_tokens,30,1770458155.116135,934465.0,scalar
events.out.tfevents.1770456721.15f3a867024b.5912.0,eval/num_tokens,40,1770458634.2263825,1247703.0,scalar
events.out.tfevents.1770456721.15f3a867024b.5912.0,eval/num_tokens,50,1770459108.5741334,1559260.0,scalar
events.out.tfevents.1770456721.15f3a867024b.5912.0,eval/num_tokens,60,1770459583.777603,1870951.0,scalar
events.out.tfevents.1770456721.15f3a867024b.5912.0,eval/num_tokens,70,1770460059.4288187,2183349.0,scalar
events.out.tfevents.1770456721.15f3a867024b.5912.0,eval/num_tokens,80,1770460533.0133886,2494485.0,scalar
events.out.tfevents.1770456721.15f3a867024b.5912.0,eval/num_tokens,90,1770461007.9489331,2806264.0,scalar
events.out.tfevents.1770456721.15f3a867024b.5912.0,eval/num_tokens,100,1770461482.8273163,3119079.0,scalar
events.out.tfevents.1770456721.15f3a867024b.5912.0,eval/num_tokens,110,1770461967.0584323,3432525.0,scalar
events.out.tfevents.1770456721.15f3a867024b.5912.0,eval/num_tokens,120,1770462456.9485066,3744923.0,scalar
events.out.tfevents.1770456721.15f3a867024b.5912.0,eval/num_tokens,130,1770462946.5358305,4056901.0,scalar
events.out.tfevents.1770456721.15f3a867024b.5912.0,eval/num_tokens,140,1770463433.5536273,4368682.0,scalar
events.out.tfevents.1770456721.15f3a867024b.5912.0,eval/num_tokens,150,1770463937.7872963,4669000.0,scalar
events.out.tfevents.1770456721.15f3a867024b.5912.0,eval/num_tokens,160,1770464432.799091,4980945.0,scalar
events.out.tfevents.1770456721.15f3a867024b.5912.0,eval/num_tokens,170,1770464922.5884967,5293160.0,scalar
events.out.tfevents.1770456721.15f3a867024b.5912.0,eval/num_tokens,180,1770465416.4162197,5607701.0,scalar
events.out.tfevents.1770456721.15f3a867024b.5912.0,eval/num_tokens,190,1770465910.9096167,5922432.0,scalar
events.out.tfevents.1770456721.15f3a867024b.5912.0,eval/num_tokens,200,1770466398.6902928,6233146.0,scalar
events.out.tfevents.1770456721.15f3a867024b.5912.0,eval/num_tokens,210,1770466888.216442,6544703.0,scalar
events.out.tfevents.1770456721.15f3a867024b.5912.0,eval/num_tokens,220,1770467377.084169,6856252.0,scalar
events.out.tfevents.1770456721.15f3a867024b.5912.0,eval/num_tokens,230,1770467865.7110376,7166958.0,scalar
events.out.tfevents.1770456721.15f3a867024b.5912.0,eval/num_tokens,240,1770468355.0159976,7478097.0,scalar
events.out.tfevents.1770456721.15f3a867024b.5912.0,eval/num_tokens,250,1770468841.4726574,7790074.0,scalar
events.out.tfevents.1770456721.15f3a867024b.5912.0,eval/num_tokens,260,1770469332.5086892,8102709.0,scalar
events.out.tfevents.1770456721.15f3a867024b.5912.0,eval/num_tokens,270,1770469821.3905108,8413414.0,scalar
events.out.tfevents.1770456721.15f3a867024b.5912.0,eval/num_tokens,280,1770470310.9503362,8725292.0,scalar
events.out.tfevents.1770456721.15f3a867024b.5912.0,eval/num_tokens,290,1770470808.4541829,9026039.0,scalar
events.out.tfevents.1770456721.15f3a867024b.5912.0,eval/num_tokens,300,1770471283.7972186,9338439.0,scalar
events.out.tfevents.1770456721.15f3a867024b.5912.0,eval/num_tokens,310,1770471759.4266152,9651253.0,scalar
events.out.tfevents.1770456721.15f3a867024b.5912.0,eval/num_tokens,320,1770472233.9483786,9962801.0,scalar
events.out.tfevents.1770456721.15f3a867024b.5912.0,eval/num_tokens,330,1770472710.845046,10274491.0,scalar
events.out.tfevents.1770456721.15f3a867024b.5912.0,eval/num_tokens,340,1770473186.9696543,10586042.0,scalar
events.out.tfevents.1770456721.15f3a867024b.5912.0,eval/num_tokens,350,1770473666.9770536,10898660.0,scalar
events.out.tfevents.1770456721.15f3a867024b.5912.0,eval/num_tokens,360,1770474150.030427,11211057.0,scalar
events.out.tfevents.1770456721.15f3a867024b.5912.0,eval/num_tokens,370,1770474630.604738,11523870.0,scalar
events.out.tfevents.1770456721.15f3a867024b.5912.0,eval/num_tokens,380,1770475105.4195778,11835663.0,scalar
events.out.tfevents.1770456721.15f3a867024b.5912.0,eval/num_tokens,390,1770475580.7982266,12147870.0,scalar
events.out.tfevents.1770456721.15f3a867024b.5912.0,eval/num_tokens,400,1770476054.7725265,12458585.0,scalar
events.out.tfevents.1770456721.15f3a867024b.5912.0,eval/num_tokens,410,1770476530.9102848,12771619.0,scalar
events.out.tfevents.1770456721.15f3a867024b.5912.0,eval/num_tokens,420,1770477004.6315155,13082744.0,scalar
events.out.tfevents.1770456721.15f3a867024b.5912.0,eval/mean_token_accuracy,10,1770457205.2186804,0.8614193201065063,scalar
events.out.tfevents.1770456721.15f3a867024b.5912.0,eval/mean_token_accuracy,20,1770457679.8049936,0.9032551646232604,scalar
events.out.tfevents.1770456721.15f3a867024b.5912.0,eval/mean_token_accuracy,30,1770458155.11616,0.9073918461799622,scalar
events.out.tfevents.1770456721.15f3a867024b.5912.0,eval/mean_token_accuracy,40,1770458634.2263937,0.9082465767860411,scalar
events.out.tfevents.1770456721.15f3a867024b.5912.0,eval/mean_token_accuracy,50,1770459108.5741577,0.910469889640808,scalar
events.out.tfevents.1770456721.15f3a867024b.5912.0,eval/mean_token_accuracy,60,1770459583.7776146,0.9121800065040588,scalar
events.out.tfevents.1770456721.15f3a867024b.5912.0,eval/mean_token_accuracy,70,1770460059.4288297,0.912954807281494,scalar
events.out.tfevents.1770456721.15f3a867024b.5912.0,eval/mean_token_accuracy,80,1770460533.0134,0.9143607020378112,scalar
events.out.tfevents.1770456721.15f3a867024b.5912.0,eval/mean_token_accuracy,90,1770461007.9489448,0.914283573627472,scalar
events.out.tfevents.1770456721.15f3a867024b.5912.0,eval/mean_token_accuracy,100,1770461482.8273284,0.9154422283172609,scalar
events.out.tfevents.1770456721.15f3a867024b.5912.0,eval/mean_token_accuracy,110,1770461967.0584435,0.9156928062438964,scalar
events.out.tfevents.1770456721.15f3a867024b.5912.0,eval/mean_token_accuracy,120,1770462456.9485188,0.9156093597412108,scalar
events.out.tfevents.1770456721.15f3a867024b.5912.0,eval/mean_token_accuracy,130,1770462946.5358412,0.9149735569953918,scalar
events.out.tfevents.1770456721.15f3a867024b.5912.0,eval/mean_token_accuracy,140,1770463433.5536385,0.9151730537414552,scalar
events.out.tfevents.1770456721.15f3a867024b.5912.0,eval/mean_token_accuracy,150,1770463937.7873151,0.916200578212738,scalar
events.out.tfevents.1770456721.15f3a867024b.5912.0,eval/mean_token_accuracy,160,1770464432.7991028,0.9174743890762328,scalar
events.out.tfevents.1770456721.15f3a867024b.5912.0,eval/mean_token_accuracy,170,1770464922.588508,0.9174144268035888,scalar
events.out.tfevents.1770456721.15f3a867024b.5912.0,eval/mean_token_accuracy,180,1770465416.416231,0.9175441861152648,scalar
events.out.tfevents.1770456721.15f3a867024b.5912.0,eval/mean_token_accuracy,190,1770465910.9096334,0.918566644191742,scalar
events.out.tfevents.1770456721.15f3a867024b.5912.0,eval/mean_token_accuracy,200,1770466398.690304,0.9178435206413268,scalar
events.out.tfevents.1770456721.15f3a867024b.5912.0,eval/mean_token_accuracy,210,1770466888.2164536,0.9187690615653992,scalar
events.out.tfevents.1770456721.15f3a867024b.5912.0,eval/mean_token_accuracy,220,1770467377.08418,0.9179443717002868,scalar
events.out.tfevents.1770456721.15f3a867024b.5912.0,eval/mean_token_accuracy,230,1770467865.71105,0.9183026552200316,scalar
events.out.tfevents.1770456721.15f3a867024b.5912.0,eval/mean_token_accuracy,240,1770468355.0160089,0.9179825186729432,scalar
events.out.tfevents.1770456721.15f3a867024b.5912.0,eval/mean_token_accuracy,250,1770468841.4726691,0.918974995613098,scalar
events.out.tfevents.1770456721.15f3a867024b.5912.0,eval/mean_token_accuracy,260,1770469332.5087004,0.9187297821044922,scalar
events.out.tfevents.1770456721.15f3a867024b.5912.0,eval/mean_token_accuracy,270,1770469821.3905215,0.9192553758621216,scalar
events.out.tfevents.1770456721.15f3a867024b.5912.0,eval/mean_token_accuracy,280,1770470310.9503477,0.9186100363731384,scalar
events.out.tfevents.1770456721.15f3a867024b.5912.0,eval/mean_token_accuracy,290,1770470808.4541943,0.9187255501747132,scalar
events.out.tfevents.1770456721.15f3a867024b.5912.0,eval/mean_token_accuracy,300,1770471283.7972298,0.9198309183120728,scalar
events.out.tfevents.1770456721.15f3a867024b.5912.0,eval/mean_token_accuracy,310,1770471759.4266264,0.9191712737083436,scalar
events.out.tfevents.1770456721.15f3a867024b.5912.0,eval/mean_token_accuracy,320,1770472233.9483893,0.919318675994873,scalar
events.out.tfevents.1770456721.15f3a867024b.5912.0,eval/mean_token_accuracy,330,1770472710.8450575,0.919659435749054,scalar
events.out.tfevents.1770456721.15f3a867024b.5912.0,eval/mean_token_accuracy,340,1770473186.9696715,0.9200273752212524,scalar
events.out.tfevents.1770456721.15f3a867024b.5912.0,eval/mean_token_accuracy,350,1770473666.9770658,0.9192240238189696,scalar
events.out.tfevents.1770456721.15f3a867024b.5912.0,eval/mean_token_accuracy,360,1770474150.0304382,0.9206132292747498,scalar
events.out.tfevents.1770456721.15f3a867024b.5912.0,eval/mean_token_accuracy,370,1770474630.604749,0.920868754386902,scalar
events.out.tfevents.1770456721.15f3a867024b.5912.0,eval/mean_token_accuracy,380,1770475105.41959,0.9209147691726683,scalar
events.out.tfevents.1770456721.15f3a867024b.5912.0,eval/mean_token_accuracy,390,1770475580.798238,0.92058527469635,scalar
events.out.tfevents.1770456721.15f3a867024b.5912.0,eval/mean_token_accuracy,400,1770476054.7725382,0.9208967685699464,scalar
events.out.tfevents.1770456721.15f3a867024b.5912.0,eval/mean_token_accuracy,410,1770476530.910297,0.9212127327919006,scalar
events.out.tfevents.1770456721.15f3a867024b.5912.0,eval/mean_token_accuracy,420,1770477004.6315267,0.921128511428833,scalar
events.out.tfevents.1770456721.15f3a867024b.5912.0,train/train_runtime,423,1770477153.549573,20432.16796875,scalar
events.out.tfevents.1770456721.15f3a867024b.5912.0,train/train_samples_per_second,423,1770477153.549624,0.6610000133514404,scalar
events.out.tfevents.1770456721.15f3a867024b.5912.0,train/train_steps_per_second,423,1770477153.54964,0.0209999997168779,scalar
events.out.tfevents.1770456721.15f3a867024b.5912.0,train/total_flos,423,1770477153.5496535,3.4377426761311846e+17,scalar
events.out.tfevents.1770456721.15f3a867024b.5912.0,train/train_loss,423,1770477153.5496664,0.2248052507638931,scalar
